client_timestamp,x,y,button,state,window
1575290995.452,964,545,None,Move,browsing
1575290995.464,972,558,None,Move,browsing
1575290995.478,981,576,None,Move,browsing
1575290995.4889998,991,600,None,Move,browsing
1575290995.505,993,604,None,Move,browsing
1575290995.519,1000,621,None,Move,browsing
1575290995.531,1006,639,None,Move,browsing
1575290995.542,1008,651,None,Move,browsing
1575290995.553,1009,660,None,Move,browsing
1575290995.564,1009,665,None,Move,browsing
1575290995.575,1009,671,None,Move,browsing
1575290995.5879998,1009,675,None,Move,browsing
1575290995.599,1007,679,None,Move,browsing
1575290995.6139998,1001,686,None,Move,browsing
1575290995.629,995,696,None,Move,browsing
1575290995.641,987,709,None,Move,browsing
1575290995.657,978,721,None,Move,browsing
1575290995.67,967,731,None,Move,browsing
1575290995.6820002,951,742,None,Move,browsing
1575290995.694,933,755,None,Move,browsing
1575290995.706,909,769,None,Move,browsing
1575290995.717,873,782,None,Move,browsing
1575290995.729,833,794,None,Move,browsing
1575290995.74,778,804,None,Move,browsing
1575290995.7529998,731,807,None,Move,browsing
1575290995.7670002,656,804,None,Move,browsing
1575290995.779,605,792,None,Move,browsing
1575290995.791,570,781,None,Move,browsing
1575290995.803,540,771,None,Move,browsing
1575290995.8179998,504,757,None,Move,browsing
1575290995.83,475,739,None,Move,browsing
1575290995.843,434,711,None,Move,browsing
1575290995.857,403,674,None,Move,browsing
1575290995.87,375,614,None,Move,browsing
1575290995.881,368,594,None,Move,browsing
1575290995.893,358,561,None,Move,browsing
1575290995.907,358,531,None,Move,browsing
1575290995.919,373,477,None,Move,browsing
1575290995.931,397,437,None,Move,browsing
1575290995.9420002,444,384,None,Move,browsing
1575290995.954,483,346,None,Move,browsing
1575290995.965,557,295,None,Move,browsing
1575290995.976,602,266,None,Move,browsing
1575290995.9889998,646,244,None,Move,browsing
1575290995.998,674,226,None,Move,browsing
1575290996.008,708,207,None,Move,browsing
1575290996.018,754,191,None,Move,browsing
1575290996.034,781,174,None,Move,browsing
1575290996.0470002,822,159,None,Move,browsing
1575290996.059,845,148,None,Move,browsing
1575290996.073,877,140,None,Move,browsing
1575290996.084,927,131,None,Move,browsing
1575290996.096,947,131,None,Move,browsing
1575290996.107,983,135,None,Move,browsing
1575290996.1139998,1008,138,None,Move,browsing
1575290996.125,1026,142,None,Move,browsing
1575290996.1360002,1046,147,None,Move,browsing
1575290996.145,1075,157,None,Move,browsing
1575290996.157,1100,164,None,Move,browsing
1575290996.168,1114,168,None,Move,browsing
1575290996.18,1137,175,None,Move,browsing
1575290996.191,1160,182,None,Move,browsing
1575290996.205,1180,191,None,Move,browsing
1575290996.218,1196,202,None,Move,browsing
1575290996.229,1206,212,None,Move,browsing
1575290996.2429998,1217,232,None,Move,browsing
1575290996.2589998,1226,250,None,Move,browsing
1575290996.276,1225,273,None,Move,browsing
1575290996.288,1220,296,None,Move,browsing
1575290996.301,1213,319,None,Move,browsing
1575290996.312,1201,342,None,Move,browsing
1575290996.323,1186,376,None,Move,browsing
1575290996.333,1166,401,None,Move,browsing
1575290996.342,1136,438,None,Move,browsing
1575290996.353,1104,479,None,Move,browsing
1575290996.3620002,1067,526,None,Move,browsing
1575290996.3720002,1001,593,None,Move,browsing
1575290996.383,950,647,None,Move,browsing
1575290996.393,869,712,None,Move,browsing
1575290996.401,803,770,None,Move,browsing
1575290996.411,712,832,None,Move,browsing
1575290996.421,634,879,None,Move,browsing
1575290996.431,534,925,None,Move,browsing
1575290996.441,452,964,None,Move,browsing
1575290996.454,373,983,None,Move,browsing
1575290996.4629998,249,1013,None,Move,browsing
1575290996.4729998,127,1025,None,Move,browsing
1575290996.4829998,62,1032,None,Move,browsing
1575290996.4929998,-35,1032,None,Move,browsing
1575290996.504,-53,1030,None,Move,browsing
1575290996.515,-88,1019,None,Move,browsing
1575290996.526,-50,1010,None,Move,browsing
1575290996.5370002,-66,999,None,Move,browsing
1575290996.548,-23,992,None,Move,browsing
1575290996.559,-31,974,None,Move,browsing
1575290996.57,-27,947,None,Move,browsing
1575290996.581,-21,926,None,Move,browsing
1575290996.594,-23,846,None,Move,browsing
1575290996.6220002,36,700,None,Move,browsing
1575290996.6360002,104,592,None,Move,browsing
1575290996.647,152,513,None,Move,browsing
1575290996.661,233,444,None,Move,browsing
1575290996.673,375,352,None,Move,browsing
1575290996.684,492,292,None,Move,browsing
1575290996.696,634,248,None,Move,browsing
1575290996.71,775,208,None,Move,browsing
1575290996.7229998,867,180,None,Move,browsing
1575290996.742,1005,172,None,Move,browsing
1575290996.754,1135,172,None,Move,browsing
1575290996.7629998,1178,177,None,Move,browsing
1575290996.774,1244,188,None,Move,browsing
1575290996.785,1265,202,None,Move,browsing
1575290996.7970002,1288,213,None,Move,browsing
1575290996.8079998,1320,229,None,Move,browsing
1575290996.82,1336,245,None,Move,browsing
1575290996.83,1350,261,None,Move,browsing
1575290996.842,1361,281,None,Move,browsing
1575290996.853,1368,299,None,Move,browsing
1575290996.8639998,1372,319,None,Move,browsing
1575290996.875,1377,344,None,Move,browsing
1575290996.887,1377,367,None,Move,browsing
1575290996.899,1374,387,None,Move,browsing
1575290996.909,1370,409,None,Move,browsing
1575290996.919,1363,427,None,Move,browsing
1575290996.931,1354,445,None,Move,browsing
1575290996.9420002,1348,455,None,Move,browsing
1575290996.952,1337,473,None,Move,browsing
1575290996.962,1320,494,None,Move,browsing
1575290996.9729998,1306,517,None,Move,browsing
1575290996.9889998,1281,553,None,Move,browsing
1575290997.0010002,1244,600,None,Move,browsing
1575290997.015,1221,625,None,Move,browsing
1575290997.0270002,1188,671,None,Move,browsing
1575290997.0370002,1153,713,None,Move,browsing
1575290997.049,1116,760,None,Move,browsing
1575290997.055,1077,817,None,Move,browsing
1575290997.065,1047,853,None,Move,browsing
1575290997.073,1010,900,None,Move,browsing
1575290997.083,984,936,None,Move,browsing
1575290997.099,964,961,None,Move,browsing
1575290997.1139998,924,1000,None,Move,browsing
1575290997.13,895,1028,None,Move,browsing
1575290997.146,888,1034,None,Move,browsing
1575290997.16,880,1040,None,Move,browsing
1575290997.178,876,1042,None,Move,browsing
1575290997.1829998,864,1044,None,Move,browsing
1575290997.199,847,1044,None,Move,browsing
1575290997.214,805,1047,None,Move,browsing
1575290997.23,788,1049,None,Move,browsing
1575290997.246,762,1050,None,Move,browsing
1575290997.2610002,751,1050,None,Move,browsing
1575290997.2770002,737,1050,None,Move,browsing
1575290997.315,690,1013,None,Move,browsing
1575290997.33,652,936,None,Move,browsing
1575290997.346,617,859,None,Move,browsing
1575290997.3620002,594,784,None,Move,browsing
1575290997.377,597,758,None,Move,browsing
1575290997.3839998,605,726,None,Move,browsing
1575290997.399,650,648,None,Move,browsing
1575290997.415,699,599,None,Move,browsing
1575290997.431,769,541,None,Move,browsing
1575290997.965,826,499,None,Move,browsing
1575290997.985,887,467,None,Move,browsing
1575290998.0010002,1032,387,None,Move,browsing
1575290998.016,1089,352,None,Move,browsing
1575290998.032,1234,299,None,Move,browsing
1575290998.048,1329,265,None,Move,browsing
1575290998.063,1457,218,None,Move,browsing
1575290998.079,1505,199,None,Move,browsing
1575290998.086,1548,177,None,Move,browsing
1575290998.101,1611,159,None,Move,browsing
1575290998.117,1655,140,None,Move,browsing
1575290998.1320002,1673,134,None,Move,browsing
1575290998.1479998,1698,119,None,Move,browsing
1575290998.164,1716,105,None,Move,browsing
1575290998.179,1723,100,None,Move,browsing
1575290998.186,1728,97,None,Move,browsing
1575290998.204,1740,88,None,Move,browsing
1575290998.2129998,1744,85,None,Move,browsing
1575290998.22,1749,84,None,Move,browsing
1575290998.2270002,1755,82,None,Move,browsing
1575290998.231,1760,79,None,Move,browsing
1575290998.2470002,1769,76,None,Move,browsing
1575290998.262,1772,73,None,Move,browsing
1575290998.302,1774,73,None,Move,browsing
1575290998.3170002,1775,73,None,Move,browsing
1575290998.333,1789,66,None,Move,browsing
1575290998.3479998,1827,50,None,Move,browsing
1575290998.3639998,1883,28,None,Move,browsing
1575290998.38,1898,22,None,Move,browsing
1575290998.3860002,1911,16,None,Move,browsing
1575290998.4020002,1930,7,None,Move,browsing
1575290998.417,1926,0,None,Move,browsing
1575290998.4329998,1923,-4,None,Move,browsing
1575290998.449,1926,-2,None,Move,browsing
1575290998.464,1920,-1,None,Move,browsing
1575290998.481,1922,0,None,Move,browsing
1575290998.553,1917,0,None,Move,browsing
1575290998.561,1916,0,None,Move,browsing
1575290998.5679998,1914,0,None,Move,browsing
1575290998.575,1913,0,None,Move,browsing
1575290998.582,1912,1,None,Move,browsing
1575290998.59,1911,1,None,Move,browsing
1575290998.6,1908,3,None,Move,browsing
1575290998.607,1904,3,None,Move,browsing
1575290998.613,1903,4,None,Move,browsing
1575290998.619,1901,5,None,Move,browsing
1575290998.6260002,1900,5,None,Move,browsing
1575290998.6339998,1899,5,None,Move,browsing
1575290998.6420002,1898,5,None,Move,browsing
1575290998.649,1897,5,None,Move,browsing
1575290998.656,1895,8,None,Move,browsing
1575290998.663,1894,8,None,Move,browsing
1575290998.67,1892,8,None,Move,browsing
1575290998.679,1890,8,None,Move,browsing
1575290998.687,1889,8,None,Move,browsing
1575290998.694,1888,9,None,Move,browsing
1575290998.702,1887,9,None,Move,browsing
1575290998.708,1886,9,None,Move,browsing
1575290998.715,1884,9,None,Move,browsing
1575290998.724,1883,10,None,Move,browsing
1575290998.7329998,1883,11,None,Move,browsing
1575290998.7510002,1883,12,None,Move,browsing
1575290998.7589998,1882,12,None,Move,browsing
1575290998.795,1882,14,None,Move,browsing
1575290998.81,1881,14,None,Move,browsing
1575290998.839,1878,15,None,Move,browsing
1575290998.861,1878,16,None,Move,browsing
1575290998.8760002,1877,17,None,Move,browsing
1575290998.8979998,1877,20,None,Move,browsing
1575290998.913,1876,20,None,Move,browsing
1575290999.133,1876,21,None,Move,browsing
1575290999.141,1876,22,None,Move,browsing
1575290999.15,1876,23,None,Move,browsing
1575290999.159,1876,25,None,Move,browsing
1575290999.168,1876,26,None,Move,browsing
1575290999.1920002,1874,24,None,Move,browsing
1575290999.199,1874,23,None,Move,browsing
1575290999.206,1873,15,None,Move,browsing
1575290999.215,1873,13,None,Move,browsing
1575290999.224,1871,6,None,Move,browsing
1575290999.234,1871,2,None,Move,browsing
1575290999.242,1871,-1,None,Move,browsing
1575290999.2489998,1871,-1,None,Move,browsing
1575290999.2589998,1871,-1,None,Move,browsing
1575290999.7870002,1872,1,None,Move,browsing
1575290999.803,1873,4,None,Move,browsing
1575290999.8179998,1875,7,None,Move,browsing
1575290999.834,1877,13,None,Move,browsing
1575290999.849,1877,14,None,Move,browsing
1575290999.865,1877,15,None,Move,browsing
1575290999.903,1878,16,None,Move,browsing
1575290999.95,1879,16,None,Move,browsing
1575290999.9870002,1882,16,None,Move,browsing
1575291000.0029998,1883,16,None,Move,browsing
1575291000.103,1884,16,None,Move,browsing
1575291000.181,1884,17,None,Move,browsing
1575291000.61,1884,17,Left,Pressed,browsing
1575291000.7770002,1884,17,Left,Released,browsing
1575291002.234,1887,25,None,Move,browsing
1575291002.2489998,1903,56,None,Move,browsing
1575291002.265,1906,66,None,Move,browsing
1575291002.28,1908,73,None,Move,browsing
1575291002.296,1908,75,None,Move,browsing
1575291002.312,1908,78,None,Move,browsing
1575291002.4120002,1908,78,None,Move,browsing
1575291002.428,1908,76,None,Move,browsing
1575291002.434,1908,71,None,Move,browsing
1575291002.45,1905,60,None,Move,browsing
1575291002.465,1901,50,None,Move,browsing
1575291002.481,1899,45,None,Move,browsing
1575291002.4970002,1898,42,None,Move,browsing
1575291002.512,1897,39,None,Move,browsing
1575291002.534,1894,37,None,Move,browsing
1575291002.566,1893,37,None,Move,browsing
1575291002.581,1893,36,None,Move,browsing
1575291002.597,1892,34,None,Move,browsing
1575291002.613,1891,30,None,Move,browsing
1575291002.6279998,1889,23,None,Move,browsing
1575291002.635,1888,20,None,Move,browsing
1575291002.65,1885,12,None,Move,browsing
1575291002.666,1883,7,None,Move,browsing
1575291002.6820002,1883,4,None,Move,browsing
1575291002.7129998,1882,1,None,Move,browsing
1575291002.766,1881,1,None,Move,browsing
1575291002.851,1880,1,None,Move,browsing
1575291002.867,1880,2,None,Move,browsing
1575291002.8820002,1877,4,None,Move,browsing
1575291002.8979998,1875,7,None,Move,browsing
1575291002.913,1875,10,None,Move,browsing
1575291002.929,1875,12,None,Move,browsing
1575291002.936,1875,15,None,Move,browsing
1575291002.951,1875,17,None,Move,browsing
1575291002.967,1875,19,None,Move,browsing
1575291002.982,1875,22,None,Move,browsing
1575291003.014,1875,24,None,Move,browsing
1575291003.036,1875,25,None,Move,browsing
1575291003.194,1875,25,Left,Pressed,browsing
1575291003.336,1875,25,Left,Released,browsing
1575291005.272,1870,35,None,Move,browsing
1575291005.2870002,1859,70,None,Move,browsing
1575291005.303,1854,84,None,Move,browsing
1575291005.319,1846,114,None,Move,browsing
1575291005.334,1842,129,None,Move,browsing
1575291005.343,1838,141,None,Move,browsing
1575291005.3579998,1832,170,None,Move,browsing
1575291005.3739998,1828,191,None,Move,browsing
1575291005.39,1826,206,None,Move,browsing
1575291005.405,1817,241,None,Move,browsing
1575291005.421,1812,261,None,Move,browsing
1575291005.436,1797,297,None,Move,browsing
1575291005.4429998,1785,320,None,Move,browsing
1575291005.459,1767,351,None,Move,browsing
1575291005.474,1739,398,None,Move,browsing
1575291005.49,1695,464,None,Move,browsing
1575291005.505,1679,487,None,Move,browsing
1575291005.521,1626,572,None,Move,browsing
1575291005.5370002,1611,599,None,Move,browsing
1575291005.543,1594,622,None,Move,browsing
1575291005.559,1563,669,None,Move,browsing
1575291005.575,1552,687,None,Move,browsing
1575291005.59,1537,709,None,Move,browsing
1575291005.606,1533,716,None,Move,browsing
1575291005.621,1527,726,None,Move,browsing
1575291006.061,1511,753,None,Move,browsing
1575291006.073,1488,788,None,Move,office
1575291006.086,1476,814,None,Move,office
1575291006.09,1464,837,None,Move,office
1575291006.106,1453,861,None,Move,office
1575291006.121,1444,876,None,Move,office
1575291006.1360002,1436,886,None,Move,office
1575291006.157,1430,899,None,Move,office
1575291006.166,1425,906,None,Move,office
1575291006.1820002,1420,916,None,Move,office
1575291006.197,1419,917,None,Move,office
1575291006.2129998,1418,919,None,Move,office
1575291006.228,1415,921,None,Move,office
1575291006.238,1414,922,None,Move,office
1575291006.248,1412,923,None,Move,office
1575291006.258,1411,925,None,Move,office
1575291006.268,1410,926,None,Move,office
1575291006.2770002,1410,929,None,Move,office
1575291006.347,1410,927,None,Move,office
1575291006.357,1410,925,None,Move,office
1575291006.373,1410,923,None,Move,office
1575291006.3879998,1410,915,None,Move,office
1575291006.404,1410,867,None,Move,office
1575291006.42,1417,813,None,Move,office
1575291006.435,1428,741,None,Move,office
1575291006.457,1446,638,None,Move,office
1575291006.4729998,1457,598,None,Move,office
1575291006.4889998,1459,586,None,Move,office
1575291006.504,1460,576,None,Move,office
1575291006.52,1460,575,None,Move,office
1575291006.536,1460,574,None,Move,office
1575291011.07,1464,572,None,Move,office
1575291012.212,1473,566,None,Move,office
1575291012.281,1473,565,None,Move,office
1575291012.2970002,1473,565,None,Move,office
1575291012.312,1472,564,None,Move,office
1575291012.3660002,1472,563,None,Move,office
1575291012.381,1472,562,None,Move,office
1575291012.397,1471,561,None,Move,office
1575291012.428,1471,560,None,Move,office
1575291012.444,1470,556,None,Move,office
1575291012.45,1470,553,None,Move,office
1575291012.466,1470,547,None,Move,office
1575291012.482,1470,529,None,Move,office
1575291012.4970002,1483,530,None,Move,office
1575291012.5129998,1510,556,None,Move,office
1575291012.528,1526,556,None,Move,office
1575291012.544,1565,593,None,Move,office
1575291012.551,1577,537,None,Move,office
1575291012.566,1597,557,None,Move,office
1575291012.582,1637,597,None,Move,office
1575291012.597,1689,484,None,Move,office
1575291012.613,1715,508,None,Move,office
1575291012.629,1768,208,None,Move,office
1575291012.644,1789,237,None,Move,office
1575291012.651,1797,247,None,Move,office
1575291012.667,1852,14,None,Move,office
1575291012.6820002,1857,25,None,Move,office
1575291012.698,1891,1,None,Move,office
1575291012.7129998,1891,4,None,Move,office
1575291012.729,1891,8,None,Move,office
1575291012.745,1882,22,None,Move,office
1575291012.7510002,1873,35,None,Move,office
1575291012.7670002,1852,58,None,Move,office
1575291012.783,1866,26,None,Move,office
1575291012.798,1804,52,None,Move,office
1575291012.814,1735,76,None,Move,office
1575291012.829,1672,87,None,Move,office
1575291012.845,1885,1,None,Move,office
1575291012.8520002,1873,3,None,Move,office
1575291012.867,1830,7,None,Move,office
1575291012.883,1965,-907,None,Move,office
1575291012.8979998,1898,4,None,Move,office
1575291012.914,1886,7,None,Move,office
1575291012.93,1877,10,None,Move,office
1575291012.945,1917,0,None,Move,office
1575291012.952,1916,0,None,Move,office
1575291012.967,1913,3,None,Move,office
1575291012.9829998,1917,0,None,Move,office
1575291012.9989998,1914,2,None,Move,office
1575291013.014,1904,0,None,Move,office
1575291013.03,1907,-180,None,Move,office
1575291013.052,1905,-65,None,Move,office
1575291013.0679998,1899,-71,None,Move,office
1575291013.083,1895,-38,None,Move,office
1575291013.099,1888,-36,None,Move,office
1575291013.115,1866,-37,None,Move,office
1575291013.13,1861,-31,None,Move,office
1575291013.146,1851,-19,None,Move,office
1575291013.1520002,1851,-15,None,Move,office
1575291013.1720002,1835,-21,None,Move,office
1575291013.18,1830,-19,None,Move,office
1575291013.188,1828,-24,None,Move,office
1575291013.196,1827,-22,None,Move,office
1575291013.204,1827,-31,None,Move,office
1575291013.212,1825,-21,None,Move,office
1575291013.22,1822,-19,None,Move,office
1575291013.229,1822,-4,None,Move,office
1575291013.2329998,1822,-1,None,Move,office
1575291013.268,1822,-1,None,Move,office
1575291013.315,1806,0,None,Move,office
1575291013.33,1778,0,None,Move,office
1575291013.353,1685,-2,None,Move,office
1575291013.3679998,1576,-2,None,Move,office
1575291013.3839998,1506,-3,None,Move,office
1575291013.399,1450,0,None,Move,office
1575291013.415,1406,0,None,Move,office
1575291013.431,1369,1,None,Move,office
1575291013.446,1340,5,None,Move,office
1575291013.4529998,1323,7,None,Move,office
1575291013.469,1295,7,None,Move,office
1575291013.484,1269,9,None,Move,office
1575291013.5,1258,11,None,Move,office
1575291013.515,1247,11,None,Move,office
1575291013.531,1243,13,None,Move,office
1575291013.553,1235,16,None,Move,office
1575291013.569,1219,23,None,Move,office
1575291013.585,1194,40,None,Move,office
1575291013.6,1158,60,None,Move,office
1575291013.6160002,1127,75,None,Move,office
1575291013.631,1106,83,None,Move,office
1575291013.647,1095,86,None,Move,office
1575291013.654,1092,87,None,Move,office
1575291013.669,1089,91,None,Move,office
1575291013.685,1087,95,None,Move,office
1575291013.7,1075,120,None,Move,office
1575291013.716,1060,177,None,Move,office
1575291013.732,1057,203,None,Move,office
1575291013.7470002,1053,259,None,Move,office
1575291013.754,1053,276,None,Move,office
1575291013.769,1053,315,None,Move,office
1575291013.785,1054,352,None,Move,office
1575291013.801,1058,397,None,Move,office
1575291013.816,1061,461,None,Move,office
1575291013.832,1061,506,None,Move,office
1575291013.854,1056,547,None,Move,office
1575291013.87,1049,578,None,Move,office
1575291013.885,1033,618,None,Move,office
1575291013.901,1016,630,None,Move,office
1575291014.27,969,654,None,Move,office
1575291014.286,843,714,None,Move,office
1575291014.301,754,765,None,Move,office
1575291014.3170002,693,799,None,Move,office
1575291014.332,633,841,None,Move,office
1575291014.3479998,597,858,None,Move,office
1575291014.355,587,866,None,Move,office
1575291014.37,569,882,None,Move,office
1575291014.3860002,543,911,None,Move,office
1575291014.4020002,516,940,None,Move,office
1575291014.417,497,963,None,Move,office
1575291014.4329998,484,980,None,Move,office
1575291014.448,473,995,None,Move,office
1575291014.455,470,1000,None,Move,office
1575291014.471,467,1004,None,Move,office
1575291014.486,465,1007,None,Move,office
1575291014.502,465,1011,None,Move,office
1575291014.5170002,465,1013,None,Move,office
1575291014.533,467,1019,None,Move,office
1575291014.549,483,1028,None,Move,office
1575291014.555,496,1032,None,Move,office
1575291014.571,517,1042,None,Move,office
1575291014.587,536,1045,None,Move,office
1575291014.6020002,546,1045,None,Move,office
1575291014.6179998,559,1045,None,Move,office
1575291014.633,570,1045,None,Move,office
1575291014.656,580,1045,None,Move,office
1575291014.671,589,1045,None,Move,office
1575291014.687,593,1045,None,Move,office
1575291014.702,599,1045,None,Move,office
1575291014.718,602,1045,None,Move,office
1575291014.734,609,1045,None,Move,office
1575291014.7489998,618,1045,None,Move,office
1575291014.756,625,1045,None,Move,office
1575291014.771,632,1047,None,Move,office
1575291014.7870002,643,1047,None,Move,office
1575291014.803,655,1048,None,Move,office
1575291014.8179998,660,1048,None,Move,office
1575291014.834,662,1048,None,Move,office
1575291014.85,662,1049,None,Move,office
1575291015.072,662,1049,None,Move,office
1575291015.0879998,661,1049,None,Move,office
1575291015.103,659,1049,None,Move,office
1575291015.119,654,1049,None,Move,office
1575291015.135,651,1049,None,Move,office
1575291015.15,649,1049,None,Move,office
1575291015.157,648,1049,None,Move,office
1575291015.188,645,1049,None,Move,office
1575291015.288,644,1049,None,Move,office
1575291015.304,644,1051,None,Move,office
1575291015.319,642,1051,None,Move,office
1575291015.335,640,1051,None,Move,office
1575291015.3879998,639,1051,None,Move,office
1575291015.457,639,1052,None,Move,office
1575291015.921,639,1052,Right,Pressed,office
1575291015.9770002,639,1052,Right,Released,office
1575291017.14,636,1047,None,Move,file system
1575291017.161,633,1034,None,Move,file system
1575291017.163,632,1031,None,Move,file system
1575291017.179,630,1027,None,Move,file system
1575291017.194,630,1025,None,Move,file system
1575291017.21,630,1021,None,Move,file system
1575291017.2410002,630,1020,None,Move,file system
1575291017.262,630,1016,None,Move,file system
1575291017.2770002,630,1009,None,Move,file system
1575291017.293,630,1003,None,Move,file system
1575291017.309,630,998,None,Move,file system
1575291017.324,630,985,None,Move,file system
1575291017.34,630,977,None,Move,file system
1575291017.3620002,630,974,None,Move,file system
1575291017.3779998,630,970,None,Move,file system
1575291017.393,630,969,None,Move,file system
1575291017.409,630,962,None,Move,file system
1575291017.425,630,957,None,Move,file system
1575291017.44,630,948,None,Move,file system
1575291017.456,630,946,None,Move,file system
1575291017.563,630,945,None,Move,file system
1575291017.5779998,630,944,None,Move,file system
1575291017.61,630,942,None,Move,file system
1575291017.879,630,942,Left,Pressed,file system
1575291018.095,630,942,Left,Released,file system
1575291018.58,631,939,None,Move,file system
1575291018.596,632,939,None,Move,file system
1575291018.611,634,934,None,Move,file system
1575291018.627,634,931,None,Move,file system
1575291018.643,634,920,None,Move,file system
1575291018.658,634,912,None,Move,file system
1575291018.696,634,909,None,Move,file system
1575291018.712,632,886,None,Move,file system
1575291018.7270002,627,848,None,Move,file system
1575291018.7429998,618,810,None,Move,file system
1575291018.765,614,789,None,Move,file system
1575291018.781,612,788,None,Move,file system
1575291018.812,612,788,None,Move,file system
1575291018.8279998,613,789,None,Move,file system
1575291018.843,616,793,None,Move,file system
1575291018.859,617,794,None,Move,file system
1575291018.865,619,798,None,Move,file system
1575291018.881,621,805,None,Move,file system
1575291018.897,624,811,None,Move,file system
1575291018.9120002,626,816,None,Move,file system
1575291018.928,628,824,None,Move,file system
1575291018.944,629,828,None,Move,file system
1575291018.966,630,830,None,Move,file system
1575291018.981,630,833,None,Move,file system
1575291018.9970002,631,835,None,Move,file system
1575291019.0129998,631,837,None,Move,file system
1575291019.028,632,839,None,Move,file system
1575291019.044,632,847,None,Move,file system
1575291019.06,632,848,None,Move,file system
1575291019.066,633,850,None,Move,file system
1575291019.082,633,856,None,Move,file system
1575291019.097,634,868,None,Move,file system
1575291019.113,636,894,None,Move,file system
1575291019.129,639,937,None,Move,file system
1575291019.144,644,1086,None,Move,file system
1575291019.164,644,1156,None,Move,file system
1575291019.166,644,1152,None,Move,file system
1575291019.1820002,652,1126,None,Move,file system
1575291019.197,662,1096,None,Move,file system
1575291019.2129998,672,1099,None,Move,file system
1575291019.228,681,1102,None,Move,file system
1575291019.244,688,1106,None,Move,file system
1575291019.26,702,1142,None,Move,file system
1575291019.266,707,1133,None,Move,file system
1575291019.282,712,1132,None,Move,file system
1575291019.298,714,1128,None,Move,file system
1575291019.313,716,1125,None,Move,file system
1575291019.329,719,1140,None,Move,file system
1575291019.344,719,1165,None,Move,file system
1575291019.36,703,1227,None,Move,file system
1575291019.367,690,1262,None,Move,file system
1575291019.3820002,683,1197,None,Move,file system
1575291019.3979998,683,1228,None,Move,file system
1575291019.414,676,1213,None,Move,file system
1575291019.429,660,1225,None,Move,file system
1575291019.445,647,1217,None,Move,file system
1575291019.46,647,1197,None,Move,file system
1575291019.467,647,1208,None,Move,file system
1575291019.482,627,1234,None,Move,file system
1575291019.498,617,1209,None,Move,file system
1575291019.514,614,1188,None,Move,file system
1575291019.529,611,1168,None,Move,file system
1575291019.545,611,1148,None,Move,file system
1575291019.561,613,1145,None,Move,file system
1575291019.5670002,615,1141,None,Move,file system
1575291019.583,615,1168,None,Move,file system
1575291019.5979998,615,1184,None,Move,file system
1575291019.6139998,613,1180,None,Move,file system
1575291019.63,607,1209,None,Move,file system
1575291019.645,604,1205,None,Move,file system
1575291019.661,597,1209,None,Move,file system
1575291019.667,594,1197,None,Move,file system
1575291019.6829998,587,1249,None,Move,file system
1575291019.699,584,1228,None,Move,file system
1575291019.714,574,1193,None,Move,file system
1575291019.73,567,1197,None,Move,file system
1575291019.746,558,1181,None,Move,file system
1575291019.7610002,548,1194,None,Move,file system
1575291019.768,539,1181,None,Move,file system
1575291019.783,514,1187,None,Move,file system
1575291019.799,485,1186,None,Move,file system
1575291019.815,458,1179,None,Move,file system
1575291019.83,445,1182,None,Move,file system
1575291019.846,409,1160,None,Move,file system
1575291019.8679998,376,1150,None,Move,file system
1575291019.8839998,346,1163,None,Move,file system
1575291019.899,309,1121,None,Move,file system
1575291019.915,270,1115,None,Move,file system
1575291019.931,238,1103,None,Move,file system
1575291019.946,213,1096,None,Move,file system
1575291019.964,188,1095,None,Move,file system
1575291019.968,176,1094,None,Move,file system
1575291019.984,148,1096,None,Move,file system
1575291019.9989998,117,1097,None,Move,file system
1575291020.015,80,1098,None,Move,file system
1575291020.03,39,1097,None,Move,file system
1575291020.046,6,1094,None,Move,file system
1575291020.062,-9,1089,None,Move,file system
1575291020.0679998,-16,1089,None,Move,file system
1575291020.084,-15,1087,None,Move,file system
1575291020.099,-12,1084,None,Move,file system
1575291020.115,-13,1080,None,Move,file system
1575291020.131,-8,1079,None,Move,file system
1575291020.146,-9,1078,None,Move,file system
1575291020.1620002,-2,1077,None,Move,file system
1575291020.3,11,1066,None,Move,file system
1575291020.316,27,1044,None,Move,file system
1575291020.331,55,1025,None,Move,file system
1575291020.347,116,972,None,Move,file system
1575291020.363,204,881,None,Move,file system
1575291020.369,256,826,None,Move,file system
1575291020.385,431,624,None,Move,file system
1575291020.4,716,282,None,Move,file system
1575291020.416,1050,-132,None,Move,file system
1575291020.4320002,1458,-284,None,Move,file system
1575291020.447,1935,-328,None,Move,file system
1575291020.469,2122,-248,None,Move,file system
1575291020.485,2146,-272,None,Move,file system
1575291020.5010002,2125,-232,None,Move,file system
1575291020.516,2073,-167,None,Move,file system
1575291020.532,2084,-172,None,Move,file system
1575291020.5470002,2069,-164,None,Move,file system
1575291020.563,2073,-172,None,Move,file system
1575291020.57,2073,-179,None,Move,file system
1575291020.585,2106,-220,None,Move,file system
1575291020.601,2152,-244,None,Move,file system
1575291020.617,2224,-293,None,Move,file system
1575291020.6320002,2187,-242,None,Move,file system
1575291020.6479998,2151,-202,None,Move,file system
1575291020.67,2178,-200,None,Move,file system
1575291020.686,2150,-180,None,Move,file system
1575291020.701,2097,-124,None,Move,file system
1575291020.717,2096,-110,None,Move,file system
1575291020.732,2015,-51,None,Move,file system
1575291020.748,1949,-13,None,Move,file system
1575291020.764,1927,-2,None,Move,file system
1575291020.77,1934,-4,None,Move,file system
1575291020.802,1918,0,None,Move,file system
1575291023.191,1913,0,None,Move,file system
1575291023.214,1911,0,None,Move,file system
1575291023.221,1908,0,None,Move,file system
1575291023.228,1903,0,None,Move,file system
1575291023.231,1901,-2,None,Move,file system
1575291023.246,1892,-7,None,Move,file system
1575291023.262,1879,-17,None,Move,file system
1575291023.276,1875,-19,None,Move,file system
1575291023.292,1878,-14,None,Move,file system
1575291023.3070002,1893,-13,None,Move,file system
1575291023.323,1917,-16,None,Move,file system
1575291023.339,1932,-13,None,Move,file system
1575291023.354,1937,-6,None,Move,file system
1575291023.37,1934,-4,None,Move,file system
1575291023.3760002,1934,-6,None,Move,file system
1575291023.3920002,1933,-2,None,Move,file system
1575291023.408,1933,-2,None,Move,file system
1575291023.423,1933,0,None,Move,file system
1575291023.439,1933,0,None,Move,file system
1575291023.454,1928,0,None,Move,file system
1575291023.47,1933,0,None,Move,file system
1575291023.476,1931,0,None,Move,file system
1575291023.492,1927,0,None,Move,file system
1575291023.5070002,1925,-1,None,Move,file system
1575291023.539,1931,-2,None,Move,file system
1575291023.554,1925,0,None,Move,file system
1575291023.57,1926,0,None,Move,file system
1575291023.576,1923,0,None,Move,file system
1575291023.592,1922,3,None,Move,file system
1575291023.6079998,1919,6,None,Move,file system
1575291023.623,1919,8,None,Move,file system
1575291023.639,1911,21,None,Move,file system
1575291023.655,1882,55,None,Move,file system
1575291023.67,1832,98,None,Move,file system
1575291023.677,1805,125,None,Move,file system
1575291023.6920002,1719,204,None,Move,file system
1575291023.708,1633,283,None,Move,file system
1575291023.724,1537,365,None,Move,file system
1575291023.7389998,1457,439,None,Move,file system
1575291023.755,1378,505,None,Move,file system
1575291023.77,1333,543,None,Move,file system
1575291023.7770002,1312,559,None,Move,file system
1575291023.793,1265,592,None,Move,file system
1575291023.8079998,1234,614,None,Move,file system
1575291023.824,1177,643,None,Move,file system
1575291023.84,1142,654,None,Move,file system
1575291023.855,1121,660,None,Move,file system
1575291023.871,1102,666,None,Move,file system
1575291023.877,1091,668,None,Move,file system
1575291023.893,1062,668,None,Move,file system
1575291023.909,1040,668,None,Move,file system
1575291023.924,1026,668,None,Move,file system
1575291023.94,1016,667,None,Move,file system
1575291023.958,1003,663,None,Move,file system
1575291023.9770002,999,657,None,Move,file system
1575291023.9929998,996,639,None,Move,file system
1575291024.0089998,996,627,None,Move,file system
1575291024.031,998,612,None,Move,file system
1575291024.039,1000,605,None,Move,file system
1575291024.048,1001,600,None,Move,file system
1575291024.05,1003,596,None,Move,file system
1575291024.066,1008,588,None,Move,file system
1575291024.0779998,1010,585,None,Move,file system
1575291024.093,1014,575,None,Move,file system
1575291024.109,1022,564,None,Move,file system
1575291024.125,1033,551,None,Move,file system
1575291025.481,1048,550,None,Move,file system
1575291025.4970002,1068,547,None,Move,file system
1575291025.512,1110,547,None,Move,file system
1575291025.528,1155,547,None,Move,file system
1575291025.544,1167,547,None,Move,file system
1575291025.559,1173,548,None,Move,file system
1575291025.575,1187,550,None,Move,file system
1575291025.582,1189,550,None,Move,file system
1575291025.597,1192,550,None,Move,file system
1575291025.613,1194,550,None,Move,file system
1575291025.644,1197,550,None,Move,file system
1575291025.7129998,1198,550,None,Move,file system
1575291025.744,1200,550,None,Move,file system
1575291025.76,1201,550,None,Move,file system
1575291025.776,1205,548,None,Move,file system
1575291025.782,1212,545,None,Move,file system
1575291025.798,1221,540,None,Move,file system
1575291025.813,1232,535,None,Move,file system
1575291025.829,1244,531,None,Move,file system
1575291025.845,1250,531,None,Move,file system
1575291025.86,1257,531,None,Move,file system
1575291025.8760002,1263,529,None,Move,file system
1575291025.8820002,1265,529,None,Move,file system
1575291064.597,1260,533,None,Move,office
1575291064.617,1253,541,None,Move,office
1575291064.63,1238,552,None,Move,office
1575291064.64,1222,563,None,Move,office
1575291064.65,1204,575,None,Move,office
1575291064.66,1194,583,None,Move,office
1575291064.67,1186,590,None,Move,office
1575291064.68,1173,599,None,Move,office
1575291064.69,1160,608,None,Move,office
1575291064.708,1145,619,None,Move,office
1575291064.719,1135,627,None,Move,office
1575291064.731,1125,635,None,Move,office
1575291064.7410002,1115,641,None,Move,office
1575291064.7510002,1108,644,None,Move,office
1575291064.7610002,1105,647,None,Move,office
1575291064.771,1102,652,None,Move,office
1575291064.792,1097,654,None,Move,office
1575291064.802,1094,655,None,Move,office
1575291064.812,1091,658,None,Move,office
1575291064.822,1085,662,None,Move,office
1575291064.832,1080,666,None,Move,office
1575291064.842,1071,669,None,Move,office
1575291064.853,1059,677,None,Move,office
1575291064.863,1049,685,None,Move,office
1575291064.873,1031,696,None,Move,office
1575291064.891,1007,713,None,Move,office
1575291064.904,989,727,None,Move,office
1575291064.914,971,739,None,Move,office
1575291064.924,953,752,None,Move,office
1575291064.934,930,768,None,Move,office
1575291064.954,909,782,None,Move,office
1575291064.964,886,798,None,Move,office
1575291064.974,862,809,None,Move,office
1575291064.984,839,823,None,Move,office
1575291064.995,824,836,None,Move,office
1575291065.0029998,805,850,None,Move,office
1575291065.015,792,861,None,Move,office
1575291065.025,777,874,None,Move,office
1575291065.035,766,884,None,Move,office
1575291065.043,759,891,None,Move,office
1575291065.063,754,896,None,Move,office
1575291065.073,751,901,None,Move,office
1575291065.089,743,911,None,Move,office
1575291065.104,741,917,None,Move,office
1575291065.12,738,924,None,Move,office
1575291065.1360002,734,935,None,Move,office
1575291065.157,733,942,None,Move,office
1575291065.163,732,947,None,Move,office
1575291065.173,729,950,None,Move,office
1575291065.189,721,958,None,Move,office
1575291065.205,718,963,None,Move,office
1575291065.22,710,974,None,Move,office
1575291065.236,706,979,None,Move,office
1575291065.2510002,693,991,None,Move,office
1575291065.2670002,688,998,None,Move,office
1575291065.276,678,1004,None,Move,office
1575291065.286,669,1010,None,Move,office
1575291065.296,662,1017,None,Move,office
1575291065.316,658,1020,None,Move,office
1575291065.324,651,1023,None,Move,office
1575291065.336,646,1028,None,Move,office
1575291065.346,642,1031,None,Move,office
1575291065.357,639,1034,None,Move,office
1575291065.367,636,1037,None,Move,office
1575291065.375,633,1040,None,Move,office
1575291065.387,631,1043,None,Move,office
1575291065.397,630,1048,None,Move,office
1575291065.407,629,1049,None,Move,office
1575291065.417,627,1050,None,Move,office
1575291065.427,626,1051,None,Move,office
1575291065.445,623,1053,None,Move,office
1575291065.456,622,1054,None,Move,office
1575291065.466,622,1057,None,Move,office
1575291065.488,621,1058,None,Move,office
1575291065.498,621,1059,None,Move,office
1575291065.508,620,1060,None,Move,office
1575291065.519,620,1061,None,Move,office
1575291065.5370002,620,1063,None,Move,office
1575291065.774,620,1063,Left,Pressed,office
1575291066.002,620,1063,Left,Released,office
1575291071.5070002,641,1043,None,Move,development
1575291071.5229998,680,1008,None,Move,development
1575291071.539,693,995,None,Move,development
1575291071.554,700,989,None,Move,development
1575291071.579,707,984,None,Move,development
1575291071.597,714,981,None,Move,development
1575291071.637,720,981,None,Move,development
1575291071.66,728,987,None,Move,development
1575291071.68,743,998,None,Move,development
1575291071.7,763,1007,None,Move,development
1575291071.72,783,1012,None,Move,development
1575291071.731,811,1011,None,Move,development
1575291071.7410002,832,999,None,Move,development
1575291071.7610002,848,983,None,Move,development
1575291071.781,875,948,None,Move,development
1575291071.789,898,914,None,Move,development
1575291071.812,916,876,None,Move,development
1575291071.822,934,834,None,Move,development
1575291071.86,935,831,None,Move,development
1575291072.167,951,823,None,Move,development
1575291072.185,980,813,None,Move,development
1575291072.205,1003,806,None,Move,development
1575291072.217,1040,799,None,Move,development
1575291072.248,1047,797,None,Move,development
1575291072.276,1050,796,None,Move,development
1575291072.288,1053,796,None,Move,development
1575291072.3079998,1054,796,None,Move,development
1575291072.329,1055,796,None,Move,development
1575291072.339,1057,796,None,Move,development
1575291072.349,1058,796,None,Move,development
1575291072.39,1060,796,None,Move,development
1575291072.4,1061,796,None,Move,development
1575291072.41,1062,796,None,Move,development
1575291072.42,1065,796,None,Move,development
1575291072.44,1066,796,None,Move,development
1575291072.451,1067,796,None,Move,development
1575291072.469,1068,796,None,Move,development
1575291072.481,1075,792,None,Move,development
1575291072.5010002,1085,787,None,Move,development
1575291072.526,1100,782,None,Move,development
1575291072.542,1115,778,None,Move,development
1575291072.552,1124,776,None,Move,development
1575291072.562,1127,776,None,Move,development
1575291072.582,1128,776,None,Move,development
1575291072.592,1130,776,None,Move,development
1575291072.836,1130,776,Left,Pressed,development
1575291072.915,1130,776,Left,Released,development
1575291077.174,1136,773,None,Move,development
1575291077.197,1152,762,None,Move,development
1575291077.215,1182,747,None,Move,development
1575291077.225,1200,738,None,Move,development
1575291077.2270002,1215,730,None,Move,development
1575291077.255,1230,719,None,Move,development
1575291077.265,1243,713,None,Move,development
1575291077.276,1258,705,None,Move,development
1575291077.286,1270,699,None,Move,development
1575291077.296,1280,691,None,Move,development
1575291077.306,1288,685,None,Move,development
1575291077.316,1296,680,None,Move,development
1575291077.326,1303,677,None,Move,development
1575291077.336,1309,673,None,Move,development
1575291077.346,1314,668,None,Move,development
1575291077.357,1321,665,None,Move,development
1575291077.367,1324,664,None,Move,development
1575291077.369,1327,662,None,Move,development
1575291077.379,1331,661,None,Move,development
1575291077.389,1334,660,None,Move,development
1575291077.399,1337,659,None,Move,development
1575291077.409,1338,656,None,Move,development
1575291077.419,1341,655,None,Move,development
1575291077.429,1342,655,None,Move,development
1575291077.44,1343,655,None,Move,development
1575291077.45,1346,654,None,Move,development
1575291077.46,1347,654,None,Move,development
1575291077.47,1348,654,None,Move,development
1575291079.478,1338,649,None,Move,development
1575291079.4970002,1320,640,None,Move,development
1575291079.5089998,1296,631,None,Move,development
1575291079.519,1276,625,None,Move,development
1575291079.529,1255,615,None,Move,development
1575291079.539,1212,597,None,Move,development
1575291079.549,1189,585,None,Move,development
1575291079.56,1171,574,None,Move,development
1575291079.58,1156,565,None,Move,development
1575291079.59,1138,559,None,Move,development
1575291079.61,1127,557,None,Move,development
1575291079.62,1117,555,None,Move,development
1575291079.639,1102,553,None,Move,development
1575291079.651,1090,551,None,Move,development
1575291079.661,1084,549,None,Move,development
1575291079.671,1074,548,None,Move,development
1575291079.681,1071,547,None,Move,development
1575291079.691,1070,547,None,Move,development
1575291079.701,1067,547,None,Move,development
1575291079.711,1066,547,None,Move,development
1575291079.732,1065,547,None,Move,development
1575291080.083,1049,523,None,Move,development
1575291080.095,1022,496,None,Move,development
1575291080.105,997,476,None,Move,development
1575291080.1239998,947,449,None,Move,development
1575291080.1360002,920,435,None,Move,development
1575291080.158,889,422,None,Move,development
1575291080.167,860,415,None,Move,development
1575291080.187,834,406,None,Move,development
1575291080.197,827,404,None,Move,development
1575291080.207,823,404,None,Move,development
1575291080.2270002,822,404,None,Move,development
1575291080.2370002,821,404,None,Move,development
1575291080.2470002,820,404,None,Move,development
1575291081.391,828,403,None,Move,development
1575291081.431,846,396,None,Move,development
1575291081.444,867,390,None,Move,development
1575291081.474,885,385,None,Move,development
1575291081.504,899,383,None,Move,development
1575291081.533,906,381,None,Move,development
1575291081.545,912,380,None,Move,development
1575291081.565,918,378,None,Move,development
1575291081.575,920,378,None,Move,development
1575291081.91,933,379,None,Move,development
1575291081.93,955,381,None,Move,development
1575291081.96,975,381,None,Move,development
1575291081.98,986,381,None,Move,development
1575291081.998,992,381,None,Move,development
1575291082.026,999,380,None,Move,development
1575291082.039,1006,379,None,Move,development
1575291082.051,1009,378,None,Move,development
1575291082.072,1012,378,None,Move,development
1575291082.3760002,1003,362,None,Move,development
1575291082.416,987,338,None,Move,development
1575291082.445,973,325,None,Move,development
1575291082.465,963,317,None,Move,development
1575291082.4770002,957,310,None,Move,development
1575291082.495,947,300,None,Move,development
1575291082.5070002,931,279,None,Move,development
1575291082.5170002,919,261,None,Move,development
1575291082.536,916,258,None,Move,development
1575291082.5579998,915,256,None,Move,development
1575291082.5679998,914,255,None,Move,development
1575291082.5779998,912,254,None,Move,development
1575291082.599,912,252,None,Move,development
1575291082.619,911,250,None,Move,development
1575291082.629,906,230,None,Move,development
1575291082.639,905,227,None,Move,development
1575291082.649,903,223,None,Move,development
1575291082.659,902,222,None,Move,development
1575291082.669,900,220,None,Move,development
1575291082.679,899,219,None,Move,development
1575291082.7,898,215,None,Move,development
1575291082.71,885,192,None,Move,development
1575291082.73,876,176,None,Move,development
1575291082.74,865,158,None,Move,development
1575291082.75,859,148,None,Move,development
1575291082.771,852,139,None,Move,development
1575291082.791,851,138,None,Move,development
1575291082.832,850,137,None,Move,development
1575291082.842,836,113,None,Move,development
1575291082.8620002,832,106,None,Move,development
1575291082.8720002,827,101,None,Move,development
1575291082.8820002,822,91,None,Move,development
1575291082.9020002,820,88,None,Move,development
1575291082.9329998,820,87,None,Move,development
1575291082.9529998,820,85,None,Move,development
1575291082.994,820,84,None,Move,development
1575291083.014,820,83,None,Move,development
1575291083.036,819,82,None,Move,development
1575291083.048,818,82,None,Move,development
1575291083.054,816,82,None,Move,development
1575291083.065,815,80,None,Move,development
1575291083.083,815,79,None,Move,development
1575291083.095,814,77,None,Move,development
1575291083.105,814,75,None,Move,development
1575291083.135,812,74,None,Move,development
1575291083.145,811,73,None,Move,development
1575291083.156,809,70,None,Move,development
1575291083.166,806,67,None,Move,development
1575291083.1820002,801,64,None,Move,development
1575291083.194,800,61,None,Move,development
1575291083.212,799,60,None,Move,development
1575291083.228,798,60,None,Move,development
1575291083.873,798,60,Left,Pressed,development
1575291083.9770002,798,60,Left,Released,development
1575291084.644,807,67,None,Move,development
1575291084.655,825,81,None,Move,development
1575291084.673,841,97,None,Move,development
1575291084.6829998,857,113,None,Move,development
1575291084.695,873,131,None,Move,development
1575291084.715,887,149,None,Move,development
1575291084.725,903,163,None,Move,development
1575291084.735,916,179,None,Move,development
1575291084.756,932,195,None,Move,development
1575291084.766,945,208,None,Move,development
1575291084.776,958,217,None,Move,development
1575291084.786,969,228,None,Move,development
1575291084.796,973,235,None,Move,development
1575291084.816,978,243,None,Move,development
1575291084.826,986,250,None,Move,development
1575291084.88,994,258,None,Move,development
1575291084.891,1002,270,None,Move,development
1575291084.905,1008,282,None,Move,development
1575291084.925,1011,285,None,Move,development
1575291084.937,1012,287,None,Move,development
1575291084.957,1019,304,None,Move,development
1575291085.312,1026,330,None,Move,development
1575291085.322,1033,358,None,Move,development
1575291085.333,1040,384,None,Move,development
1575291085.343,1047,410,None,Move,development
1575291085.353,1054,438,None,Move,development
1575291085.363,1061,464,None,Move,development
1575291085.383,1065,486,None,Move,development
1575291085.391,1072,509,None,Move,development
1575291085.401,1076,529,None,Move,development
1575291085.416,1078,544,None,Move,development
1575291085.435,1082,554,None,Move,development
1575291085.444,1084,560,None,Move,development
1575291085.454,1084,566,None,Move,development
1575291085.464,1084,571,None,Move,development
1575291085.474,1084,573,None,Move,development
1575291085.484,1084,574,None,Move,development
1575291085.494,1084,576,None,Move,development
1575291085.504,1084,577,None,Move,development
1575291085.515,1084,578,None,Move,development
1575291085.535,1084,579,None,Move,development
1575291085.596,1084,581,None,Move,development
1575291085.615,1084,582,None,Move,development
1575291085.637,1084,583,None,Move,development
1575291085.647,1084,585,None,Move,development
1575291085.657,1084,587,None,Move,development
1575291085.667,1084,588,None,Move,development
1575291085.677,1084,589,None,Move,development
1575291085.698,1084,590,None,Move,development
1575291085.708,1084,591,None,Move,development
1575291085.728,1084,592,None,Move,development
1575291085.748,1084,593,None,Move,development
1575291085.758,1084,595,None,Move,development
1575291085.789,1084,596,None,Move,development
1575291085.85,1084,597,None,Move,development
1575291085.86,1084,598,None,Move,development
1575291085.87,1084,601,None,Move,development
1575291085.8879998,1084,602,None,Move,development
1575291085.8979998,1084,603,None,Move,development
1575291085.908,1084,605,None,Move,development
1575291085.92,1084,606,None,Move,development
1575291085.931,1084,607,None,Move,development
1575291085.9420002,1084,608,None,Move,development
1575291085.962,1085,609,None,Move,development
1575291085.972,1085,610,None,Move,development
1575291085.979,1085,611,None,Move,development
1575291085.9910002,1085,612,None,Move,development
1575291086.0010002,1085,613,None,Move,development
1575291086.0110002,1085,615,None,Move,development
1575291086.021,1085,616,None,Move,development
1575291086.0370002,1085,617,None,Move,development
1575291086.046,1085,618,None,Move,development
1575291086.053,1086,620,None,Move,development
1575291086.062,1086,621,None,Move,development
1575291086.717,1086,621,Left,Pressed,development
1575291086.78,1086,621,Left,Released,development
1575291089.293,1322,587,None,Move,development
1575291089.313,1347,585,None,Move,development
1575291089.323,1381,585,None,Move,development
1575291089.394,1400,585,None,Move,development
1575291089.405,1417,592,None,Move,development
1575291089.417,1437,596,None,Move,development
1575291089.475,1447,602,None,Move,development
1575291089.505,1453,609,None,Move,development
1575291089.564,1455,618,None,Move,development
1575291089.576,1459,636,None,Move,development
1575291089.586,1462,643,None,Move,development
1575291089.606,1464,655,None,Move,development
1575291089.627,1466,662,None,Move,development
1575291089.657,1466,664,None,Move,development
1575291090.032,1476,668,None,Move,development
1575291090.048,1517,682,None,Move,development
1575291090.063,1540,691,None,Move,development
1575291090.079,1560,700,None,Move,development
1575291090.095,1602,728,None,Move,development
1575291090.101,1623,744,None,Move,development
1575291090.117,1641,757,None,Move,development
1575291090.1320002,1670,781,None,Move,development
1575291090.1479998,1681,793,None,Move,development
1575291090.179,1686,798,None,Move,development
1575291090.224,1689,801,None,Move,development
1575291090.234,1690,802,None,Move,development
1575291090.283,1690,804,None,Move,development
1575291090.295,1690,805,None,Move,development
1575291091.803,1690,810,None,Move,development
1575291091.813,1690,817,None,Move,development
1575291091.833,1691,824,None,Move,development
1575291091.843,1691,830,None,Move,development
1575291091.861,1693,840,None,Move,development
1575291091.873,1693,845,None,Move,development
1575291091.8839998,1693,848,None,Move,development
1575291091.914,1695,850,None,Move,development
1575291091.9320002,1695,853,None,Move,development
1575291091.944,1697,857,None,Move,development
1575291091.968,1698,861,None,Move,development
1575291091.979,1698,864,None,Move,development
1575291092.021,1698,865,None,Move,development
1575291092.034,1699,866,None,Move,development
1575291092.055,1700,869,None,Move,development
1575291092.075,1702,873,None,Move,development
1575291092.085,1705,878,None,Move,development
1575291092.096,1706,884,None,Move,development
1575291092.106,1707,888,None,Move,development
1575291092.1260002,1708,892,None,Move,development
1575291092.1360002,1709,895,None,Move,development
1575291092.146,1711,901,None,Move,development
1575291092.16,1714,904,None,Move,development
1575291092.176,1715,908,None,Move,development
1575291092.197,1717,912,None,Move,development
1575291092.217,1719,915,None,Move,development
1575291092.2270002,1723,920,None,Move,development
1575291092.266,1723,923,None,Move,development
1575291092.278,1723,925,None,Move,development
1575291092.296,1724,926,None,Move,development
1575291092.298,1724,928,None,Move,development
1575291092.316,1726,931,None,Move,development
1575291092.357,1726,936,None,Move,development
1575291092.359,1726,940,None,Move,development
1575291092.377,1726,946,None,Move,development
1575291092.387,1726,949,None,Move,development
1575291092.399,1726,954,None,Move,development
1575291092.409,1726,957,None,Move,development
1575291092.43,1726,961,None,Move,development
1575291092.44,1726,963,None,Move,development
1575291092.46,1726,964,None,Move,development
1575291092.48,1726,967,None,Move,development
1575291092.49,1724,970,None,Move,development
1575291092.5010002,1724,971,None,Move,development
1575291092.5110002,1724,972,None,Move,development
1575291092.521,1723,973,None,Move,development
1575291092.531,1723,975,None,Move,development
1575291092.549,1722,976,None,Move,development
1575291092.561,1722,977,None,Move,development
1575291092.582,1721,980,None,Move,development
1575291092.6,1721,984,None,Move,development
1575291092.6220002,1718,985,None,Move,development
1575291092.6320002,1718,986,None,Move,development
1575291092.6520002,1718,988,None,Move,development
1575291092.671,1718,989,None,Move,development
1575291092.6829998,1718,990,None,Move,development
1575291092.7029998,1718,991,None,Move,development
1575291092.731,1718,992,None,Move,development
1575291092.754,1718,993,None,Move,development
1575291092.764,1718,995,None,Move,development
1575291092.774,1718,996,None,Move,development
1575291092.804,1718,998,None,Move,development
1575291092.863,1718,999,None,Move,development
1575291092.926,1718,1000,None,Move,development
1575291092.936,1718,1001,None,Move,development
1575291092.946,1718,1002,None,Move,development
1575291092.976,1718,1004,None,Move,development
1575291099.8170002,1718,1004,Left,Pressed,development
1575291099.918,1718,1004,Left,Released,development
1575291101.031,1704,992,None,Move,development
1575291101.0470002,1678,969,None,Move,development
1575291101.064,1638,941,None,Move,development
1575291101.074,1534,869,None,Move,development
1575291101.084,1498,839,None,Move,development
1575291101.094,1434,790,None,Move,development
1575291101.104,1382,756,None,Move,development
1575291101.113,1361,737,None,Move,development
1575291101.123,1343,724,None,Move,development
1575291101.125,1319,704,None,Move,development
1575291101.135,1296,695,None,Move,development
1575291101.143,1248,665,None,Move,development
1575291101.16,1235,659,None,Move,development
1575291101.166,1228,654,None,Move,development
1575291101.186,1218,646,None,Move,development
1575291101.194,1214,645,None,Move,development
1575291101.206,1213,645,None,Move,development
1575291101.216,1210,645,None,Move,development
1575291101.236,1209,645,None,Move,development
1575291102.197,1227,644,None,Move,development
1575291102.207,1250,641,None,Move,development
1575291102.218,1277,639,None,Move,development
1575291102.238,1305,636,None,Move,development
1575291102.248,1325,634,None,Move,development
1575291102.258,1350,632,None,Move,development
1575291102.266,1375,630,None,Move,development
1575291102.268,1400,630,None,Move,development
1575291102.278,1420,625,None,Move,development
1575291102.288,1435,623,None,Move,development
1575291102.2970002,1455,621,None,Move,development
1575291102.3070002,1469,619,None,Move,development
1575291102.309,1489,617,None,Move,development
1575291102.319,1506,615,None,Move,development
1575291102.327,1523,612,None,Move,development
1575291102.329,1532,611,None,Move,development
1575291102.337,1541,609,None,Move,development
1575291102.349,1548,608,None,Move,development
1575291102.359,1560,606,None,Move,development
1575291102.367,1566,604,None,Move,development
1575291102.369,1578,602,None,Move,development
1575291102.379,1584,600,None,Move,development
1575291102.389,1599,596,None,Move,development
1575291102.397,1608,594,None,Move,development
1575291102.4,1615,593,None,Move,development
1575291102.41,1627,587,None,Move,development
1575291102.42,1634,585,None,Move,development
1575291102.428,1641,582,None,Move,development
1575291102.438,1650,578,None,Move,development
1575291102.44,1660,574,None,Move,development
1575291102.458,1686,565,None,Move,development
1575291102.478,1707,551,None,Move,development
1575291102.488,1743,529,None,Move,development
1575291102.5010002,1770,514,None,Move,development
1575291102.519,1797,496,None,Move,development
1575291102.529,1818,484,None,Move,development
1575291102.541,1828,478,None,Move,development
1575291102.561,1831,475,None,Move,development
1575291102.59,1833,475,None,Move,development
1575291102.661,1832,475,None,Move,development
1575291102.673,1831,476,None,Move,development
1575291102.6929998,1830,476,None,Move,development
1575291102.714,1830,477,None,Move,development
1575291102.744,1830,478,None,Move,development
1575291102.764,1830,481,None,Move,development
1575291102.795,1833,488,None,Move,development
1575291102.805,1838,495,None,Move,development
1575291102.815,1843,500,None,Move,development
1575291102.835,1853,506,None,Move,development
1575291102.845,1861,511,None,Move,development
1575291102.865,1866,514,None,Move,development
1575291102.8860002,1869,516,None,Move,development
1575291102.906,1873,518,None,Move,development
1575291102.914,1874,520,None,Move,development
1575291102.926,1875,520,None,Move,development
1575291102.944,1876,520,None,Move,development
1575291102.956,1876,521,None,Move,development
1575291102.9870002,1876,522,None,Move,development
1575291103.0070002,1876,523,None,Move,development
1575291103.026,1876,525,None,Move,development
1575291103.038,1877,526,None,Move,development
1575291103.051,1880,527,None,Move,development
1575291103.0579998,1883,529,None,Move,development
1575291103.0779998,1886,530,None,Move,development
1575291103.0879998,1891,531,None,Move,development
1575291103.106,1895,531,None,Move,development
1575291103.1160002,1899,533,None,Move,development
1575291103.129,1902,533,None,Move,development
1575291103.139,1906,533,None,Move,development
1575291103.159,1907,533,None,Move,development
1575291103.2,1908,533,None,Move,development
1575291103.23,1910,533,None,Move,development
1575291103.281,1911,533,None,Move,development
1575291103.321,1913,533,None,Move,development
1575291103.36,1913,534,None,Move,development
1575291104.552,1913,534,Left,Pressed,development
1575291105.059,1913,537,None,Drag,development
1575291105.09,1912,540,None,Drag,development
1575291105.11,1911,541,None,Drag,development
1575291105.12,1910,542,None,Drag,development
1575291105.1279998,1907,544,None,Drag,development
1575291105.13,1906,545,None,Drag,development
1575291105.14,1906,546,None,Drag,development
1575291105.151,1905,547,None,Drag,development
1575291105.159,1905,549,None,Drag,development
1575291105.171,1905,552,None,Drag,development
1575291105.181,1905,553,None,Drag,development
1575291105.1920002,1905,555,None,Drag,development
1575291105.202,1905,556,None,Drag,development
1575291105.212,1905,557,None,Drag,development
1575291105.222,1905,560,None,Drag,development
1575291105.232,1905,562,None,Drag,development
1575291105.242,1905,563,None,Drag,development
1575291105.252,1905,565,None,Drag,development
1575291105.26,1905,566,None,Drag,development
1575291105.272,1905,567,None,Drag,development
1575291105.3739998,1905,568,None,Drag,development
1575291105.445,1905,569,None,Drag,development
1575291105.455,1905,570,None,Drag,development
1575291105.465,1905,572,None,Drag,development
1575291105.475,1905,573,None,Drag,development
1575291105.485,1905,575,None,Drag,development
1575291105.495,1905,578,None,Drag,development
1575291105.505,1905,581,None,Drag,development
1575291105.516,1905,586,None,Drag,development
1575291105.526,1905,590,None,Drag,development
1575291105.536,1905,595,None,Drag,development
1575291105.546,1905,599,None,Drag,development
1575291105.556,1905,604,None,Drag,development
1575291105.566,1905,609,None,Drag,development
1575291105.575,1905,613,None,Drag,development
1575291105.587,1905,618,None,Drag,development
1575291105.605,1903,624,None,Drag,development
1575291105.6160002,1901,630,None,Drag,development
1575291105.625,1900,636,None,Drag,development
1575291105.637,1898,643,None,Drag,development
1575291105.645,1896,649,None,Drag,development
1575291105.656,1895,654,None,Drag,development
1575291105.671,1892,665,None,Drag,development
1575291105.687,1892,669,None,Drag,development
1575291105.702,1890,676,None,Drag,development
1575291105.718,1890,684,None,Drag,development
1575291105.734,1890,694,None,Drag,development
1575291105.7489998,1890,701,None,Drag,development
1575291105.756,1890,707,None,Drag,development
1575291105.771,1890,714,None,Drag,development
1575291105.7870002,1890,723,None,Drag,development
1575291105.803,1887,745,None,Drag,development
1575291105.8179998,1885,763,None,Drag,development
1575291105.834,1885,768,None,Drag,development
1575291105.85,1885,778,None,Drag,development
1575291105.856,1885,783,None,Drag,development
1575291105.8720002,1883,787,None,Drag,development
1575291105.887,1881,800,None,Drag,development
1575291105.903,1880,811,None,Drag,development
1575291105.919,1878,822,None,Drag,development
1575291105.934,1878,830,None,Drag,development
1575291105.95,1878,833,None,Drag,development
1575291105.956,1878,838,None,Drag,development
1575291105.975,1878,841,None,Drag,development
1575291105.99,1878,847,None,Drag,development
1575291106.006,1878,853,None,Drag,development
1575291106.036,1878,861,None,Drag,development
1575291106.044,1876,870,None,Drag,development
1575291106.05,1876,874,None,Drag,development
1575291106.056,1876,878,None,Drag,development
1575291106.072,1876,885,None,Drag,development
1575291106.0879998,1876,892,None,Drag,development
1575291106.103,1876,897,None,Drag,development
1575291106.119,1876,904,None,Drag,development
1575291106.4020002,1876,910,None,Drag,development
1575291106.42,1876,915,None,Drag,development
1575291106.4320002,1875,926,None,Drag,development
1575291106.44,1875,932,None,Drag,development
1575291106.461,1875,946,None,Drag,development
1575291106.462,1875,950,None,Drag,development
1575291106.4729998,1875,953,None,Drag,development
1575291106.4829998,1875,956,None,Drag,development
1575291106.4929998,1875,959,None,Drag,development
1575291106.5029998,1875,963,None,Drag,development
1575291106.5129998,1875,964,None,Drag,development
1575291106.521,1875,965,None,Drag,development
1575291106.543,1875,966,None,Drag,development
1575291106.554,1875,970,None,Drag,development
1575291106.564,1875,973,None,Drag,development
1575291106.572,1875,974,None,Drag,development
1575291106.582,1875,977,None,Drag,development
1575291106.592,1875,980,None,Drag,development
1575291106.594,1875,983,None,Drag,development
1575291106.604,1875,985,None,Drag,development
1575291106.6139998,1875,988,None,Drag,development
1575291106.6239998,1875,991,None,Drag,development
1575291106.6339998,1875,994,None,Drag,development
1575291106.6420002,1875,995,None,Drag,development
1575291106.655,1875,999,None,Drag,development
1575291106.675,1875,1000,None,Drag,development
1575291106.685,1875,1002,None,Drag,development
1575291106.695,1875,1003,None,Drag,development
1575291106.716,1875,1004,None,Drag,development
1575291106.726,1875,1006,None,Drag,development
1575291106.736,1875,1009,None,Drag,development
1575291106.744,1875,1010,None,Drag,development
1575291106.764,1875,1011,None,Drag,development
1575291106.774,1875,1012,None,Drag,development
1575291106.7970002,1875,1013,None,Drag,development
1575291106.855,1875,1014,None,Drag,development
1575291107.179,1875,1014,Left,Released,development
1575291107.36,1867,1009,None,Move,development
1575291107.375,1848,995,None,Move,development
1575291107.3979998,1809,968,None,Move,development
1575291107.413,1761,939,None,Move,development
1575291107.429,1684,898,None,Move,development
1575291107.445,1550,847,None,Move,development
1575291107.46,1402,779,None,Move,development
1575291107.476,1275,740,None,Move,development
1575291107.498,1193,726,None,Move,development
1575291107.514,1107,715,None,Move,development
1575291107.529,1075,709,None,Move,development
1575291107.545,1051,707,None,Move,development
1575291107.56,1047,707,None,Move,development
1575291107.576,1038,707,None,Move,development
1575291107.592,1035,707,None,Move,development
1575291107.5979998,1034,707,None,Move,development
1575291107.899,1024,695,None,Move,development
1575291107.915,1011,679,None,Move,development
1575291107.93,993,661,None,Move,development
1575291107.946,988,657,None,Move,development
1575291107.9629998,965,638,None,Move,development
1575291107.979,941,612,None,Move,development
1575291107.9989998,920,589,None,Move,development
1575291108.015,902,571,None,Move,development
1575291108.03,896,565,None,Move,development
1575291108.046,888,561,None,Move,development
1575291108.062,885,557,None,Move,development
1575291108.077,884,556,None,Move,development
1575291108.093,876,539,None,Move,development
1575291108.099,871,535,None,Move,development
1575291108.115,853,506,None,Move,development
1575291108.131,847,500,None,Move,development
1575291108.146,844,499,None,Move,development
1575291108.1620002,842,496,None,Move,development
1575291108.177,840,494,None,Move,development
1575291108.2,838,492,None,Move,development
1575291108.2229998,829,477,None,Move,development
1575291108.231,826,474,None,Move,development
1575291108.231,824,473,None,Move,development
1575291108.2470002,823,472,None,Move,development
1575291108.262,822,468,None,Move,development
1575291108.502,822,467,None,Move,development
1575291108.512,822,468,None,Move,development
1575291108.5229998,822,469,None,Move,development
1575291108.543,822,471,None,Move,development
1575291108.563,822,473,None,Move,development
1575291108.573,822,474,None,Move,development
1575291108.583,822,475,None,Move,development
1575291108.6020002,822,477,None,Move,development
1575291108.6239998,822,478,None,Move,development
1575291108.665,822,479,None,Move,development
1575291108.6829998,822,480,None,Move,development
1575291108.705,822,481,None,Move,development
1575291108.716,822,483,None,Move,development
1575291108.726,819,483,None,Move,development
1575291108.736,819,485,None,Move,development
1575291108.746,819,487,None,Move,development
1575291108.756,818,488,None,Move,development
1575291108.786,818,489,None,Move,development
1575291108.8070002,818,490,None,Move,development
1575291108.837,817,491,None,Move,development
1575291108.847,816,491,None,Move,development
1575291108.867,815,491,None,Move,development
1575291108.897,815,492,None,Move,development
1575291108.908,815,494,None,Move,development
1575291108.926,815,495,None,Move,development
1575291108.928,815,495,Left,Pressed,development
1575291108.948,815,495,Left,Released,development
1575291109.589,803,495,None,Move,development
1575291109.605,792,495,None,Move,development
1575291109.621,769,497,None,Move,development
1575291109.6360002,754,499,None,Move,development
1575291109.6520002,739,499,None,Move,development
1575291109.674,714,499,None,Move,development
1575291109.69,681,499,None,Move,development
1575291109.705,666,499,None,Move,development
1575291109.721,659,499,None,Move,development
1575291109.7370002,652,499,None,Move,development
1575291109.752,646,499,None,Move,development
1575291109.768,641,499,None,Move,development
1575291109.774,633,498,None,Move,development
1575291109.79,619,494,None,Move,development
1575291109.806,612,494,None,Move,development
1575291109.821,601,494,None,Move,development
1575291109.837,594,494,None,Move,development
1575291109.853,593,494,None,Move,development
1575291109.8679998,591,494,None,Move,development
1575291109.875,589,494,None,Move,development
1575291109.89,587,494,None,Move,development
1575291109.9220002,583,494,None,Move,development
1575291109.9529998,582,494,None,Move,development
1575291109.975,581,494,None,Move,development
1575291110.106,580,494,None,Move,development
1575291110.175,580,494,Left,Pressed,development
1575291110.222,580,494,Left,Released,development
1575291110.708,592,493,None,Move,development
1575291110.7229998,631,493,None,Move,development
1575291110.7389998,704,493,None,Move,development
1575291110.755,743,494,None,Move,development
1575291110.77,783,498,None,Move,development
1575291110.7770002,802,501,None,Move,development
1575291110.793,829,505,None,Move,development
1575291110.8079998,847,508,None,Move,development
1575291110.824,864,518,None,Move,development
1575291110.839,877,523,None,Move,development
1575291110.855,883,526,None,Move,development
1575291110.871,887,528,None,Move,development
1575291110.877,887,529,None,Move,development
1575291110.893,887,533,None,Move,development
1575291110.908,887,537,None,Move,development
1575291110.924,887,541,None,Move,development
1575291110.94,884,548,None,Move,development
1575291110.955,881,554,None,Move,development
1575291110.971,878,559,None,Move,development
1575291110.9770002,875,561,None,Move,development
1575291110.9929998,875,563,None,Move,development
1575291111.0089998,875,566,None,Move,development
1575291111.025,874,568,None,Move,development
1575291111.033,874,569,None,Move,development
1575291111.04,874,572,None,Move,development
1575291111.0470002,874,573,None,Move,development
1575291111.051,874,574,None,Move,development
1575291111.0670002,874,578,None,Move,development
1575291111.0779998,874,582,None,Move,development
1575291111.093,874,585,None,Move,development
1575291111.109,874,588,None,Move,development
1575291111.14,874,590,None,Move,development
1575291111.209,874,590,None,Move,development
1575291111.224,874,589,None,Move,development
1575291111.256,874,588,None,Move,development
1575291111.294,874,586,None,Move,development
1575291111.34,874,585,None,Move,development
1575291111.391,874,583,None,Move,development
1575291111.399,874,581,None,Move,development
1575291111.411,874,580,None,Move,development
1575291111.421,877,579,None,Move,development
1575291111.429,878,578,None,Move,development
1575291111.431,879,578,None,Move,development
1575291111.441,882,575,None,Move,development
1575291111.451,883,574,None,Move,development
1575291111.461,885,570,None,Move,development
1575291111.471,887,569,None,Move,development
1575291111.479,887,568,None,Move,development
1575291111.481,887,566,None,Move,development
1575291111.492,887,565,None,Move,development
1575291111.502,887,564,None,Move,development
1575291111.51,887,563,None,Move,development
1575291111.522,887,562,None,Move,development
1575291111.532,887,561,None,Move,development
1575291111.542,890,557,None,Move,development
1575291111.552,890,555,None,Move,development
1575291111.562,890,554,None,Move,development
1575291111.593,888,554,None,Move,development
1575291111.603,887,554,None,Move,development
1575291111.613,886,554,None,Move,development
1575291111.623,884,554,None,Move,development
1575291111.641,884,554,None,Move,development
1575291111.6720002,884,556,None,Move,development
1575291111.674,884,556,Left,Pressed,development
1575291111.785,884,556,Left,Released,development
1575291121.299,890,545,None,Move,development
1575291121.309,896,530,None,Move,development
1575291121.319,908,509,None,Move,development
1575291121.33,912,497,None,Move,development
1575291121.34,920,484,None,Move,development
1575291121.35,924,477,None,Move,development
1575291121.3579998,929,469,None,Move,development
1575291121.3679998,935,462,None,Move,development
1575291121.3779998,940,455,None,Move,development
1575291121.39,944,448,None,Move,development
1575291121.4,946,445,None,Move,development
1575291121.419,947,443,None,Move,development
1575291121.429,950,439,None,Move,development
1575291121.431,953,434,None,Move,development
1575291121.441,960,429,None,Move,development
1575291121.451,963,427,None,Move,development
1575291121.4889998,966,424,None,Move,development
1575291121.51,967,423,None,Move,development
1575291121.521,967,422,None,Move,development
1575291121.725,967,422,Left,Pressed,development
1575291121.946,967,422,Left,Released,development
1575291123.539,990,422,None,Move,development
1575291123.5470002,1015,422,None,Move,development
1575291123.556,1053,422,None,Move,development
1575291123.563,1113,428,None,Move,development
1575291123.571,1166,431,None,Move,development
1575291123.579,1214,437,None,Move,development
1575291123.5879998,1301,440,None,Move,development
1575291123.5979998,1389,452,None,Move,development
1575291123.6079998,1471,459,None,Move,development
1575291123.617,1554,470,None,Move,development
1575291123.627,1640,498,None,Move,development
1575291123.637,1711,528,None,Move,development
1575291123.647,1776,557,None,Move,development
1575291123.656,1826,584,None,Move,development
1575291123.667,1864,619,None,Move,development
1575291123.678,1883,643,None,Move,development
1575291123.688,1902,657,None,Move,development
1575291123.697,1917,670,None,Move,development
1575291123.711,1925,683,None,Move,development
1575291123.721,1925,693,None,Move,development
1575291123.731,1921,702,None,Move,development
1575291123.771,1924,725,None,Move,development
1575291123.782,1913,748,None,Move,development
1575291123.834,1906,766,None,Move,development
1575291123.8520002,1902,775,None,Move,development
1575291123.879,1899,782,None,Move,development
1575291124.156,1888,798,None,Move,development
1575291124.17,1876,816,None,Move,development
1575291124.214,1870,823,None,Move,development
1575291124.322,1868,826,None,Move,development
1575291124.337,1867,827,None,Move,development
1575291124.3679998,1867,828,None,Move,development
1575291124.396,1867,829,None,Move,development
1575291124.429,1866,831,None,Move,development
1575291124.452,1865,834,None,Move,development
1575291124.476,1860,841,None,Move,development
1575291124.504,1854,851,None,Move,development
1575291124.574,1849,856,None,Move,development
1575291124.665,1849,858,None,Move,development
1575291124.742,1849,859,None,Move,development
1575291125.035,1842,872,None,Move,development
1575291125.061,1838,881,None,Move,development
1575291125.072,1834,891,None,Move,development
1575291125.1120002,1831,894,None,Move,development
1575291125.129,1830,899,None,Move,development
1575291125.169,1827,906,None,Move,development
1575291125.2229998,1826,909,None,Move,development
1575291125.469,1822,916,None,Move,development
1575291125.49,1818,923,None,Move,development
1575291125.562,1816,924,None,Move,development
1575291125.67,1816,925,None,Move,development
1575291125.696,1815,928,None,Move,development
1575291125.726,1814,931,None,Move,development
1575291125.793,1810,936,None,Move,development
1575291125.809,1805,947,None,Move,development
1575291125.856,1802,952,None,Move,development
1575291125.934,1802,953,None,Move,development
1575291125.996,1802,954,None,Move,development
1575291126.367,1798,959,None,Move,development
1575291126.3839998,1791,964,None,Move,development
1575291126.399,1787,969,None,Move,development
1575291126.415,1782,973,None,Move,development
1575291126.446,1777,976,None,Move,development
1575291126.462,1774,979,None,Move,development
1575291126.54,1771,982,None,Move,development
1575291126.627,1770,985,None,Move,development
1575291126.641,1769,987,None,Move,development
1575291126.663,1768,989,None,Move,development
1575291126.691,1766,990,None,Move,development
1575291126.728,1766,991,None,Move,development
1575291126.754,1766,994,None,Move,development
1575291126.791,1764,997,None,Move,development
1575291126.809,1764,1001,None,Move,development
1575291126.867,1764,1003,None,Move,development
1575291126.897,1764,1004,None,Move,development
1575291126.952,1764,1005,None,Move,development
1575291126.969,1764,1006,None,Move,development
1575291126.994,1764,1007,None,Move,development
1575291128.371,1764,1007,Left,Pressed,development
1575291128.4889998,1764,1007,Left,Released,development
1575291129.451,1759,996,None,Move,development
1575291129.46,1753,986,None,Move,development
1575291129.469,1750,983,None,Move,development
1575291129.479,1745,980,None,Move,development
1575291129.4889998,1742,974,None,Move,development
1575291129.5029998,1738,964,None,Move,development
1575291129.5129998,1732,955,None,Move,development
1575291129.522,1726,937,None,Move,development
1575291129.536,1714,913,None,Move,development
1575291129.546,1705,884,None,Move,development
1575291129.556,1693,866,None,Move,development
1575291129.5679998,1685,850,None,Move,development
1575291129.577,1677,835,None,Move,development
1575291129.586,1666,822,None,Move,development
1575291129.596,1660,807,None,Move,development
1575291129.606,1652,795,None,Move,development
1575291129.6160002,1643,777,None,Move,development
1575291129.6260002,1628,746,None,Move,development
1575291129.635,1621,723,None,Move,development
1575291129.646,1615,708,None,Move,development
1575291129.656,1613,699,None,Move,development
1575291129.665,1611,696,None,Move,development
1575291129.676,1610,695,None,Move,development
1575291129.686,1609,693,None,Move,development
1575291129.696,1608,691,None,Move,development
1575291129.706,1608,690,None,Move,development
1575291129.716,1608,688,None,Move,development
1575291129.73,1608,687,None,Move,development
1575291129.7389998,1608,686,None,Move,development
1575291129.7489998,1608,680,None,Move,development
1575291129.7570002,1608,670,None,Move,development
1575291129.7670002,1608,665,None,Move,development
1575291129.7770002,1609,663,None,Move,development
1575291129.788,1611,660,None,Move,development
1575291129.7970002,1613,657,None,Move,development
1575291129.8070002,1614,652,None,Move,development
1575291129.8179998,1617,651,None,Move,development
1575291129.829,1617,650,None,Move,development
1575291130.8679998,1631,646,None,Move,development
1575291130.8779998,1651,642,None,Move,development
1575291130.887,1673,637,None,Move,development
1575291130.899,1699,630,None,Move,development
1575291130.909,1716,625,None,Move,development
1575291130.92,1739,620,None,Move,development
1575291130.9329998,1761,616,None,Move,development
1575291130.9429998,1781,612,None,Move,development
1575291130.952,1798,610,None,Move,development
1575291130.962,1813,608,None,Move,development
1575291130.971,1828,606,None,Move,development
1575291130.98,1842,604,None,Move,development
1575291130.9889998,1854,602,None,Move,development
1575291130.996,1859,602,None,Move,development
1575291131.005,1863,602,None,Move,development
1575291131.0129998,1866,602,None,Move,development
1575291131.026,1867,602,None,Move,development
1575291131.049,1868,602,None,Move,development
1575291131.2429998,1869,601,None,Move,development
1575291131.2510002,1872,597,None,Move,development
1575291131.26,1880,583,None,Move,development
1575291131.27,1888,571,None,Move,development
1575291131.282,1890,566,None,Move,development
1575291131.293,1891,561,None,Move,development
1575291131.305,1893,558,None,Move,development
1575291131.313,1894,553,None,Move,development
1575291131.324,1898,541,None,Move,development
1575291131.334,1900,534,None,Move,development
1575291131.346,1900,532,None,Move,development
1575291131.3620002,1900,531,None,Move,development
1575291131.381,1900,530,None,Move,development
1575291131.394,1900,528,None,Move,development
1575291131.406,1901,526,None,Move,development
1575291131.416,1905,521,None,Move,development
1575291131.427,1908,516,None,Move,development
1575291131.439,1910,513,None,Move,development
1575291131.4529998,1911,512,None,Move,development
1575291131.464,1911,509,None,Move,development
1575291131.83,1911,509,Left,Pressed,development
1575291132.168,1909,513,None,Drag,development
1575291132.181,1906,518,None,Drag,development
1575291132.196,1902,524,None,Drag,development
1575291132.218,1900,529,None,Drag,development
1575291132.235,1899,534,None,Drag,development
1575291132.2570002,1898,538,None,Drag,development
1575291132.276,1896,542,None,Drag,development
1575291132.291,1896,546,None,Drag,development
1575291132.306,1896,550,None,Drag,development
1575291132.322,1896,555,None,Drag,development
1575291132.3379998,1896,558,None,Drag,development
1575291132.3520002,1896,560,None,Drag,development
1575291132.37,1896,561,None,Drag,development
1575291132.381,1896,563,None,Drag,development
1575291132.394,1894,564,None,Drag,development
1575291132.407,1894,566,None,Drag,development
1575291132.424,1894,567,None,Drag,development
1575291132.4429998,1894,568,None,Drag,development
1575291132.459,1894,569,None,Drag,development
1575291132.471,1894,570,None,Drag,development
1575291132.5070002,1894,572,None,Drag,development
1575291132.528,1894,573,None,Drag,development
1575291132.544,1894,574,None,Drag,development
1575291132.564,1894,575,None,Drag,development
1575291132.58,1894,577,None,Drag,development
1575291132.667,1894,578,None,Drag,development
1575291133.24,1894,578,None,Drag,development
1575291133.248,1894,575,None,Drag,development
1575291133.2570002,1894,572,None,Drag,development
1575291133.269,1894,568,None,Drag,development
1575291133.283,1894,567,None,Drag,development
1575291133.299,1894,566,None,Drag,development
1575291133.312,1895,563,None,Drag,development
1575291133.323,1895,562,None,Drag,development
1575291133.334,1895,561,None,Drag,development
1575291133.344,1895,559,None,Drag,development
1575291133.365,1895,558,None,Drag,development
1575291133.387,1895,557,None,Drag,development
1575291134.018,1895,557,Left,Released,development
1575291134.349,1881,555,None,Move,development
1575291134.354,1850,550,None,Move,development
1575291134.37,1755,545,None,Move,development
1575291134.396,1668,542,None,Move,development
1575291134.407,1627,542,None,Move,development
1575291134.418,1576,542,None,Move,development
1575291134.427,1545,542,None,Move,development
1575291134.437,1486,542,None,Move,development
1575291134.448,1461,542,None,Move,development
1575291134.458,1427,542,None,Move,development
1575291134.472,1407,542,None,Move,development
1575291134.481,1390,542,None,Move,development
1575291134.4929998,1379,542,None,Move,development
1575291134.504,1365,542,None,Move,development
1575291134.52,1351,542,None,Move,development
1575291134.548,1333,542,None,Move,development
1575291134.556,1324,543,None,Move,development
1575291134.569,1320,543,None,Move,development
1575291134.581,1313,543,None,Move,development
1575291134.592,1310,543,None,Move,development
1575291134.6020002,1307,543,None,Move,development
1575291134.6160002,1306,543,None,Move,development
1575291134.6279998,1305,543,None,Move,development
1575291134.639,1304,543,None,Move,development
1575291134.649,1303,543,None,Move,development
1575291134.6520002,1302,543,None,Move,development
1575291134.668,1300,543,None,Move,development
1575291134.681,1299,544,None,Move,development
1575291134.694,1297,544,None,Move,development
1575291134.701,1296,544,None,Move,development
1575291134.711,1295,544,None,Move,development
1575291134.724,1294,546,None,Move,development
1575291134.734,1292,546,None,Move,development
1575291134.744,1291,546,None,Move,development
1575291134.755,1287,546,None,Move,development
1575291134.765,1284,546,None,Move,development
1575291134.77,1281,546,None,Move,development
1575291134.794,1266,546,None,Move,development
1575291134.805,1261,546,None,Move,development
1575291134.815,1246,545,None,Move,development
1575291134.824,1240,545,None,Move,development
1575291134.834,1238,545,None,Move,development
1575291134.844,1236,545,None,Move,development
1575291134.853,1235,545,None,Move,development
1575291134.861,1234,545,None,Move,development
1575291134.8720002,1233,545,None,Move,development
1575291134.8820002,1230,545,None,Move,development
1575291134.894,1229,545,None,Move,development
1575291134.929,1229,545,None,Move,development
1575291135.332,1210,545,None,Move,development
1575291135.341,1182,545,None,Move,development
1575291135.35,1151,547,None,Move,development
1575291135.3579998,1123,550,None,Move,development
1575291135.3660002,1101,552,None,Move,development
1575291135.373,1066,554,None,Move,development
1575291135.38,1041,557,None,Move,development
1575291135.387,1018,559,None,Move,development
1575291135.395,999,559,None,Move,development
1575291135.4,984,561,None,Move,development
1575291135.41,970,561,None,Move,development
1575291135.417,953,563,None,Move,development
1575291135.4220002,944,563,None,Move,development
1575291135.438,924,567,None,Move,development
1575291135.4529998,904,567,None,Move,development
1575291135.469,901,567,None,Move,development
1575291135.4829998,899,567,None,Move,development
1575291135.4910002,898,567,None,Move,development
1575291135.4989998,897,567,None,Move,development
1575291135.5070002,895,567,None,Move,development
1575291135.516,893,567,None,Move,development
1575291135.525,892,567,None,Move,development
1575291135.794,893,565,None,Move,development
1575291135.81,896,561,None,Move,development
1575291135.826,904,555,None,Move,development
1575291135.841,910,550,None,Move,development
1575291135.857,914,546,None,Move,development
1575291135.8760002,918,544,None,Move,development
1575291135.883,918,543,None,Move,development
1575291136.5,928,543,None,Move,development
1575291136.51,947,543,None,Move,development
1575291136.519,967,543,None,Move,development
1575291136.5229998,992,543,None,Move,development
1575291136.538,1033,540,None,Move,development
1575291136.545,1064,540,None,Move,development
1575291136.554,1119,538,None,Move,development
1575291136.5570002,1178,534,None,Move,development
1575291136.573,1213,534,None,Move,development
1575291136.582,1270,534,None,Move,development
1575291136.591,1304,534,None,Move,development
1575291136.596,1373,534,None,Move,development
1575291136.611,1515,534,None,Move,development
1575291136.627,1578,534,None,Move,development
1575291136.643,1672,537,None,Move,development
1575291136.658,1770,537,None,Move,development
1575291136.676,1806,535,None,Move,development
1575291136.684,1829,533,None,Move,development
1575291136.69,1848,531,None,Move,development
1575291136.716,1886,524,None,Move,development
1575291136.7270002,1892,522,None,Move,development
1575291136.736,1896,522,None,Move,development
1575291136.748,1899,522,None,Move,development
1575291136.756,1900,522,None,Move,development
1575291136.766,1901,522,None,Move,development
1575291136.83,1901,523,None,Move,development
1575291136.845,1901,525,None,Move,development
1575291136.8479998,1901,526,None,Move,development
1575291136.87,1901,528,None,Move,development
1575291136.881,1901,529,None,Move,development
1575291136.89,1901,530,None,Move,development
1575291136.9,1900,531,None,Move,development
1575291136.91,1900,533,None,Move,development
1575291136.9120002,1900,534,None,Move,development
1575291136.928,1898,534,None,Move,development
1575291136.944,1898,535,None,Move,development
1575291137.054,1899,535,None,Move,development
1575291137.073,1900,535,None,Move,development
1575291137.076,1901,535,None,Move,development
1575291137.107,1904,535,None,Move,development
1575291137.117,1905,535,None,Move,development
1575291137.127,1907,535,None,Move,development
1575291137.139,1908,535,None,Move,development
1575291137.141,1909,535,None,Move,development
1575291137.1720002,1911,535,None,Move,development
1575291137.188,1914,535,None,Move,development
1575291137.219,1915,535,None,Move,development
1575291137.256,1916,535,None,Move,development
1575291137.291,1916,536,None,Move,development
1575291137.324,1916,538,None,Move,development
1575291137.418,1916,539,None,Move,development
1575291137.426,1916,540,None,Move,development
1575291137.748,1916,544,None,Move,development
1575291137.755,1916,548,None,Move,development
1575291137.7629998,1916,553,None,Move,development
1575291137.771,1914,562,None,Move,development
1575291137.778,1914,568,None,Move,development
1575291137.792,1912,583,None,Move,development
1575291137.794,1912,587,None,Move,development
1575291137.8070002,1912,594,None,Move,development
1575291137.815,1912,596,None,Move,development
1575291137.823,1912,599,None,Move,development
1575291137.83,1912,602,None,Move,development
1575291137.837,1912,604,None,Move,development
1575291137.846,1912,606,None,Move,development
1575291137.853,1912,607,None,Move,development
1575291137.863,1912,608,None,Move,development
1575291137.8720002,1912,611,None,Move,development
1575291137.88,1912,613,None,Move,development
1575291137.887,1912,614,None,Move,development
1575291137.895,1912,617,None,Move,development
1575291137.9020002,1912,620,None,Move,development
1575291137.91,1912,621,None,Move,development
1575291137.919,1912,622,None,Move,development
1575291137.927,1912,623,None,Move,development
1575291137.934,1912,625,None,Move,development
1575291137.94,1912,626,None,Move,development
1575291137.95,1912,628,None,Move,development
1575291137.957,1912,630,None,Move,development
1575291137.961,1912,631,None,Move,development
1575291137.98,1912,633,None,Move,development
1575291137.981,1912,634,None,Move,development
1575291137.994,1912,635,None,Move,development
1575291138.0029998,1912,637,None,Move,development
1575291138.0070002,1912,638,None,Move,development
1575291138.0270002,1912,642,None,Move,development
1575291138.036,1912,643,None,Move,development
1575291138.043,1912,644,None,Move,development
1575291138.051,1912,645,None,Move,development
1575291138.059,1912,647,None,Move,development
1575291138.0679998,1912,648,None,Move,development
1575291138.075,1913,649,None,Move,development
1575291138.084,1913,650,None,Move,development
1575291138.092,1913,653,None,Move,development
1575291138.101,1914,654,None,Move,development
1575291138.109,1914,655,None,Move,development
1575291138.1179998,1915,658,None,Move,development
1575291138.1260002,1917,661,None,Move,development
1575291138.127,1917,663,None,Move,development
1575291138.1520002,1917,671,None,Move,development
1575291138.16,1917,673,None,Move,development
1575291138.1620002,1917,674,None,Move,development
1575291138.179,1917,675,None,Move,development
1575291138.188,1917,677,None,Move,development
1575291138.198,1917,679,None,Move,development
1575291138.208,1917,680,None,Move,development
1575291138.219,1917,681,None,Move,development
1575291138.23,1917,682,None,Move,development
1575291138.2410002,1917,685,None,Move,development
1575291138.252,1917,686,None,Move,development
1575291138.266,1917,687,None,Move,development
1575291138.271,1917,688,None,Move,development
1575291138.292,1917,690,None,Move,development
1575291138.299,1917,691,None,Move,development
1575291138.323,1917,695,None,Move,development
1575291138.335,1917,696,None,Move,development
1575291138.3479998,1917,697,None,Move,development
1575291138.354,1917,698,None,Move,development
1575291138.369,1917,699,None,Move,development
1575291138.381,1917,700,None,Move,development
1575291138.395,1917,701,None,Move,development
1575291138.399,1917,702,None,Move,development
1575291138.416,1917,703,None,Move,development
1575291138.425,1917,704,None,Move,development
1575291138.438,1917,705,None,Move,development
1575291138.445,1917,706,None,Move,development
1575291138.457,1917,707,None,Move,development
1575291138.469,1917,710,None,Move,development
1575291138.835,1915,715,None,Move,development
1575291138.851,1911,730,None,Move,development
1575291138.867,1908,746,None,Move,development
1575291138.8820002,1906,755,None,Move,development
1575291138.904,1904,770,None,Move,development
1575291138.914,1904,775,None,Move,development
1575291138.924,1904,782,None,Move,development
1575291138.9329998,1904,786,None,Move,development
1575291138.9420002,1904,789,None,Move,development
1575291138.952,1904,792,None,Move,development
1575291138.962,1904,795,None,Move,development
1575291138.9629998,1904,796,None,Move,development
1575291138.98,1904,797,None,Move,development
1575291138.99,1904,800,None,Move,development
1575291139.01,1904,805,None,Move,development
1575291139.019,1904,807,None,Move,development
1575291139.0270002,1904,809,None,Move,development
1575291139.035,1904,812,None,Move,development
1575291139.044,1904,816,None,Move,development
1575291139.055,1904,819,None,Move,development
1575291139.066,1904,821,None,Move,development
1575291139.073,1904,825,None,Move,development
1575291139.089,1904,830,None,Move,development
1575291139.105,1904,833,None,Move,development
1575291139.115,1904,836,None,Move,development
1575291139.123,1904,837,None,Move,development
1575291139.1320002,1904,838,None,Move,development
1575291139.1479998,1904,840,None,Move,development
1575291139.163,1904,841,None,Move,development
1575291139.177,1904,843,None,Move,development
1575291139.187,1904,844,None,Move,development
1575291139.1929998,1904,846,None,Move,development
1575291139.205,1904,847,None,Move,development
1575291139.214,1904,848,None,Move,development
1575291139.226,1905,849,None,Move,development
1575291139.238,1905,851,None,Move,development
1575291139.248,1905,852,None,Move,development
1575291139.276,1905,853,None,Move,development
1575291139.298,1905,855,None,Move,development
1575291139.32,1905,857,None,Move,development
1575291139.33,1905,858,None,Move,development
1575291139.437,1905,859,None,Move,development
1575291139.495,1905,860,None,Move,development
1575291139.54,1905,861,None,Move,development
1575291139.5470002,1905,863,None,Move,development
1575291139.556,1905,864,None,Move,development
1575291139.566,1905,865,None,Move,development
1575291139.576,1905,868,None,Move,development
1575291139.583,1905,869,None,Move,development
1575291139.593,1905,870,None,Move,development
1575291139.6020002,1905,871,None,Move,development
1575291139.609,1905,873,None,Move,development
1575291139.625,1905,875,None,Move,development
1575291139.6339998,1905,876,None,Move,development
1575291139.6420002,1905,879,None,Move,development
1575291139.649,1905,880,None,Move,development
1575291139.716,1905,881,None,Move,development
1575291139.724,1905,882,None,Move,development
1575291139.734,1905,883,None,Move,development
1575291139.746,1905,885,None,Move,development
1575291139.7629998,1905,886,None,Move,development
1575291139.802,1905,887,None,Move,development
1575291139.869,1905,888,None,Move,development
1575291139.899,1905,891,None,Move,development
1575291139.915,1905,892,None,Move,development
1575291139.918,1905,893,None,Move,development
1575291139.934,1905,894,None,Move,development
1575291139.958,1905,896,None,Move,development
1575291139.967,1905,897,None,Move,development
1575291139.9989998,1905,898,None,Move,development
1575291140.014,1905,899,None,Move,development
1575291140.055,1905,900,None,Move,development
1575291140.071,1905,903,None,Move,development
1575291140.086,1905,904,None,Move,development
1575291140.1020002,1905,905,None,Move,development
1575291140.117,1905,908,None,Move,development
1575291140.133,1905,909,None,Move,development
1575291140.149,1905,911,None,Move,development
1575291140.166,1905,915,None,Move,development
1575291140.174,1905,916,None,Move,development
1575291140.1820002,1905,918,None,Move,development
1575291140.19,1905,919,None,Move,development
1575291140.201,1905,920,None,Move,development
1575291140.245,1905,921,None,Move,development
1575291140.26,1905,922,None,Move,development
1575291140.292,1905,924,None,Move,development
1575291140.3070002,1905,925,None,Move,development
1575291140.994,1905,923,None,Move,development
1575291141.0010002,1904,919,None,Move,development
1575291141.01,1904,916,None,Move,development
1575291141.018,1904,912,None,Move,development
1575291141.034,1903,906,None,Move,development
1575291141.05,1901,899,None,Move,development
1575291141.065,1898,893,None,Move,development
1575291141.081,1897,889,None,Move,development
1575291141.095,1897,888,None,Move,development
1575291141.1079998,1896,885,None,Move,development
1575291141.1160002,1896,884,None,Move,development
1575291141.1320002,1896,883,None,Move,development
1575291141.151,1895,880,None,Move,development
1575291141.16,1895,879,None,Move,development
1575291141.167,1893,878,None,Move,development
1575291141.174,1893,875,None,Move,development
1575291141.19,1893,873,None,Move,development
1575291141.205,1893,871,None,Move,development
1575291141.221,1893,869,None,Move,development
1575291141.2370002,1893,867,None,Move,development
1575291141.252,1893,863,None,Move,development
1575291141.268,1893,862,None,Move,development
1575291141.284,1893,859,None,Move,development
1575291141.305,1893,857,None,Move,development
1575291141.3070002,1893,856,None,Move,development
1575291141.357,1893,854,None,Move,development
1575291141.389,1893,852,None,Move,development
1575291142.016,1893,851,None,Move,development
1575291142.039,1893,848,None,Move,development
1575291142.051,1893,847,None,Move,development
1575291144.1620002,1883,837,None,Move,development
1575291144.178,1862,816,None,Move,development
1575291144.1929998,1820,773,None,Move,development
1575291144.209,1782,738,None,Move,development
1575291144.2270002,1759,726,None,Move,development
1575291144.238,1738,715,None,Move,development
1575291144.242,1721,706,None,Move,development
1575291144.258,1703,697,None,Move,development
1575291144.2729998,1654,675,None,Move,development
1575291144.289,1608,662,None,Move,development
1575291144.305,1593,656,None,Move,development
1575291144.327,1567,652,None,Move,development
1575291144.334,1561,650,None,Move,development
1575291144.3379998,1555,649,None,Move,development
1575291144.353,1542,646,None,Move,development
1575291144.3720002,1538,646,None,Move,development
1575291144.3820002,1531,646,None,Move,development
1575291144.39,1529,646,None,Move,development
1575291144.401,1528,646,None,Move,development
1575291144.409,1527,646,None,Move,development
1575291144.419,1526,646,None,Move,development
1575291144.429,1525,646,None,Move,development
1575291144.438,1523,646,None,Move,development
1575291144.7229998,1495,637,None,Move,development
1575291144.7389998,1421,618,None,Move,development
1575291144.754,1330,606,None,Move,development
1575291144.77,1243,598,None,Move,development
1575291144.778,1194,592,None,Move,development
1575291144.785,1166,590,None,Move,development
1575291144.79,1138,587,None,Move,development
1575291144.806,1076,583,None,Move,development
1575291144.816,1053,580,None,Move,development
1575291144.823,1033,578,None,Move,development
1575291144.831,1013,576,None,Move,development
1575291144.832,993,574,None,Move,development
1575291144.8479998,964,567,None,Move,development
1575291144.863,946,563,None,Move,development
1575291144.879,942,563,None,Move,development
1575291144.895,938,563,None,Move,development
1575291144.91,936,563,None,Move,development
1575291144.926,932,563,None,Move,development
1575291145.039,930,562,None,Move,development
1575291145.041,930,561,None,Move,development
1575291145.0570002,930,560,None,Move,development
1575291145.072,930,559,None,Move,development
1575291145.0879998,930,555,None,Move,development
1575291145.106,930,552,None,Move,development
1575291145.1139998,930,551,None,Move,development
1575291145.1220002,930,549,None,Move,development
1575291145.129,930,546,None,Move,development
1575291145.145,930,539,None,Move,development
1575291145.16,930,535,None,Move,development
1575291145.176,933,520,None,Move,development
1575291145.189,933,511,None,Move,development
1575291145.201,933,508,None,Move,development
1575291145.207,934,505,None,Move,development
1575291145.2229998,936,498,None,Move,development
1575291145.232,937,489,None,Move,development
1575291145.2429998,939,486,None,Move,development
1575291145.252,941,483,None,Move,development
1575291145.258,941,481,None,Move,development
1575291145.28,941,478,None,Move,development
1575291145.3839998,941,479,None,Move,development
1575291145.414,941,481,None,Move,development
1575291145.428,941,482,None,Move,development
1575291145.459,941,483,None,Move,development
1575291145.475,941,485,None,Move,development
1575291145.49,941,487,None,Move,development
1575291145.506,941,489,None,Move,development
1575291145.522,941,493,None,Move,development
1575291145.551,943,498,None,Move,development
1575291145.582,946,500,None,Move,development
1575291145.5979998,948,501,None,Move,development
1575291145.613,950,503,None,Move,development
1575291145.629,951,503,None,Move,development
1575291145.645,952,503,None,Move,development
1575291145.721,956,503,None,Move,development
1575291145.729,957,503,None,Move,development
1575291147.286,957,503,Right,Pressed,development
1575291147.411,957,503,Right,Released,development
1575291148.646,956,503,None,Move,development
1575291148.6620002,952,503,None,Move,development
1575291148.677,950,503,None,Move,development
1575291148.6929998,946,503,None,Move,development
1575291149.083,946,503,Right,Pressed,development
1575291149.13,946,503,Right,Released,development
1575291149.55,940,503,None,Move,development
1575291149.565,925,503,None,Move,development
1575291149.581,910,504,None,Move,development
1575291149.597,892,504,None,Move,development
1575291149.6120002,877,506,None,Move,development
1575291149.6279998,866,508,None,Move,development
1575291149.643,851,509,None,Move,development
1575291149.659,840,512,None,Move,development
1575291149.675,829,515,None,Move,development
1575291149.69,818,519,None,Move,development
1575291149.706,802,522,None,Move,development
1575291149.722,788,526,None,Move,development
1575291149.7370002,783,527,None,Move,development
1575291149.7529998,778,528,None,Move,development
1575291149.768,775,535,None,Move,development
1575291149.784,775,548,None,Move,development
1575291149.8,775,568,None,Move,development
1575291149.815,778,586,None,Move,development
1575291149.831,778,603,None,Move,development
1575291149.847,778,629,None,Move,development
1575291149.8620002,778,646,None,Move,development
1575291149.8779998,778,661,None,Move,development
1575291149.893,777,669,None,Move,development
1575291149.909,774,676,None,Move,development
1575291149.925,772,678,None,Move,development
1575291149.94,767,681,None,Move,development
1575291149.956,763,683,None,Move,development
1575291149.972,760,686,None,Move,development
1575291149.9870002,758,686,None,Move,development
1575291150.0029998,754,686,None,Move,development
1575291150.018,749,677,None,Move,development
1575291150.034,745,656,None,Move,development
1575291150.05,745,641,None,Move,development
1575291150.065,745,633,None,Move,development
1575291150.073,745,628,None,Move,development
1575291150.08,745,626,None,Move,development
1575291150.096,745,617,None,Move,development
1575291150.111,747,606,None,Move,development
1575291150.127,750,598,None,Move,development
1575291150.1420002,754,591,None,Move,development
1575291150.158,765,581,None,Move,development
1575291150.189,770,576,None,Move,development
1575291150.205,782,565,None,Move,development
1575291150.221,790,557,None,Move,development
1575291150.236,800,547,None,Move,development
1575291150.252,810,537,None,Move,development
1575291150.2670002,816,531,None,Move,development
1575291150.283,818,529,None,Move,development
1575291150.299,822,526,None,Move,development
1575291150.611,826,525,None,Move,development
1575291150.627,829,523,None,Move,development
1575291150.643,840,519,None,Move,development
1575291150.658,846,514,None,Move,development
1575291150.674,852,511,None,Move,development
1575291150.689,859,508,None,Move,development
1575291150.705,861,506,None,Move,development
1575291150.721,864,506,None,Move,development
1575291151.111,864,506,None,Move,development
1575291151.158,864,506,Left,Pressed,development
1575291151.221,864,506,Left,Released,development
1575291151.877,852,506,None,Move,development
1575291151.8920002,833,506,None,Move,development
1575291151.908,801,504,None,Move,development
1575291151.924,784,502,None,Move,development
1575291151.939,761,500,None,Move,development
1575291151.955,741,500,None,Move,development
1575291151.971,723,500,None,Move,development
1575291151.986,716,500,None,Move,development
1575291152.002,709,500,None,Move,development
1575291152.0170002,705,500,None,Move,development
1575291152.033,703,500,None,Move,development
1575291152.049,699,500,None,Move,development
1575291152.064,697,500,None,Move,development
1575291152.08,693,500,None,Move,development
1575291152.096,691,500,None,Move,development
1575291152.127,691,501,None,Move,development
1575291152.143,691,503,None,Move,development
1575291152.236,688,503,None,Move,development
1575291152.33,688,503,Right,Pressed,development
1575291152.361,688,503,Right,Released,development
1575291153.627,688,503,Left,Pressed,development
1575291153.705,688,503,Left,Released,development
1575291154.674,700,503,None,Move,development
1575291154.689,762,501,None,Move,development
1575291154.705,812,496,None,Move,development
1575291154.721,863,492,None,Move,development
1575291154.736,913,485,None,Move,development
1575291154.752,954,474,None,Move,development
1575291154.7670002,974,469,None,Move,development
1575291154.783,1012,460,None,Move,development
1575291154.799,1032,458,None,Move,development
1575291154.814,1045,458,None,Move,development
1575291154.83,1055,458,None,Move,development
1575291154.846,1058,458,None,Move,development
1575291154.861,1062,458,None,Move,development
1575291154.8920002,1063,458,None,Move,development
1575291154.924,1063,458,None,Move,development
1575291154.939,1063,461,None,Move,development
1575291155.002,1065,461,None,Move,development
1575291155.0170002,1067,461,None,Move,development
1575291155.033,1082,461,None,Move,development
1575291155.049,1091,463,None,Move,development
1575291155.064,1105,468,None,Move,development
1575291155.08,1110,475,None,Move,development
1575291155.096,1113,483,None,Move,development
1575291155.111,1113,489,None,Move,development
1575291155.127,1112,504,None,Move,development
1575291155.1420002,1104,522,None,Move,development
1575291155.158,1095,539,None,Move,development
1575291155.174,1084,556,None,Move,development
1575291155.189,1077,566,None,Move,development
1575291155.205,1071,573,None,Move,development
1575291155.221,1066,577,None,Move,development
1575291155.236,1063,579,None,Move,development
1575291155.252,1059,583,None,Move,development
1575291155.2670002,1058,584,None,Move,development
1575291155.283,1055,586,None,Move,development
1575291155.314,1055,587,None,Move,development
1575291155.361,1054,587,None,Move,development
1575291155.377,1053,587,None,Move,development
1575291155.3920002,1052,587,None,Move,development
1575291155.408,1049,587,None,Move,development
1575291155.424,1046,587,None,Move,development
1575291155.439,1044,587,None,Move,development
1575291155.7670002,1044,587,Left,Pressed,development
1575291155.83,1044,587,Left,Released,development
1575291156.1420002,1080,586,None,Move,development
1575291156.158,1200,586,None,Move,development
1575291156.174,1282,593,None,Move,development
1575291156.189,1365,604,None,Move,development
1575291156.205,1574,654,None,Move,development
1575291156.221,1636,667,None,Move,development
1575291156.236,1659,677,None,Move,development
1575291156.252,1689,698,None,Move,development
1575291156.2670002,1696,704,None,Move,development
1575291156.283,1709,717,None,Move,development
1575291156.299,1712,724,None,Move,development
1575291156.314,1715,729,None,Move,development
1575291156.33,1722,755,None,Move,development
1575291156.346,1722,770,None,Move,development
1575291156.361,1722,786,None,Move,development
1575291156.377,1711,821,None,Move,development
1575291156.3920002,1707,833,None,Move,development
1575291156.408,1701,844,None,Move,development
1575291156.424,1696,849,None,Move,development
1575291156.439,1690,855,None,Move,development
1575291156.455,1686,857,None,Move,development
1575291156.471,1684,862,None,Move,development
1575291156.486,1679,867,None,Move,development
1575291156.502,1675,874,None,Move,development
1575291156.5170002,1674,881,None,Move,development
1575291156.533,1675,899,None,Move,development
1575291156.549,1675,905,None,Move,development
1575291156.564,1693,948,None,Move,development
1575291156.58,1702,968,None,Move,development
1575291156.596,1707,988,None,Move,development
1575291156.611,1709,993,None,Move,development
1575291156.627,1709,997,None,Move,development
1575291156.924,1713,998,None,Move,development
1575291156.939,1717,1001,None,Move,development
1575291156.955,1720,1002,None,Move,development
1575291157.1420002,1720,1002,Left,Pressed,development
1575291157.408,1720,1002,Left,Released,development
1575291158.127,1698,982,None,Move,development
1575291158.1420002,1645,940,None,Move,development
1575291158.158,1590,895,None,Move,development
1575291158.174,1541,859,None,Move,development
1575291158.189,1514,847,None,Move,development
1575291158.205,1508,845,None,Move,development
1575291158.221,1507,845,None,Move,development
1575291158.236,1506,845,None,Move,development
1575291158.252,1503,845,None,Move,development
1575291159.111,1518,835,None,Move,development
1575291159.127,1536,824,None,Move,development
1575291159.1420002,1572,806,None,Move,development
1575291159.158,1602,789,None,Move,development
1575291159.174,1634,777,None,Move,development
1575291159.189,1646,774,None,Move,development
1575291159.205,1658,771,None,Move,development
1575291159.221,1665,768,None,Move,development
1575291159.236,1669,767,None,Move,development
1575291159.2670002,1669,767,None,Move,development
1575291159.283,1666,767,None,Move,development
1575291159.299,1610,779,None,Move,development
1575291159.322,1539,804,None,Move,development
1575291159.329,1470,829,None,Move,development
1575291159.335,1419,842,None,Move,development
1575291159.341,1371,861,None,Move,development
1575291159.345,1291,884,None,Move,development
1575291159.36,1188,913,None,Move,development
1575291159.3760002,1076,939,None,Move,development
1575291159.391,1027,953,None,Move,development
1575291159.407,1008,959,None,Move,development
1575291159.423,1001,962,None,Move,development
1575291159.438,996,963,None,Move,development
1575291159.8760002,993,963,None,Move,development
1575291159.891,988,963,None,Move,development
1575291159.907,983,965,None,Move,development
1575291159.923,981,965,None,Move,development
1575291159.938,978,965,None,Move,development
1575291160.016,978,966,None,Move,development
1575291160.032,978,967,None,Move,development
1575291160.048,978,968,None,Move,development
1575291160.063,978,971,None,Move,development
1575291160.079,978,981,None,Move,development
1575291160.095,975,992,None,Move,development
1575291160.11,973,1000,None,Move,development
1575291160.1260002,972,1004,None,Move,development
1575291160.141,971,1008,None,Move,development
1575291160.157,968,1011,None,Move,development
1575291160.188,968,1013,None,Move,development
1575291160.2510002,968,1014,None,Move,development
1575291160.579,968,1014,None,Move,development
1575291160.595,968,1014,None,Move,development
1575291160.61,970,1010,None,Move,development
1575291160.6260002,970,1008,None,Move,development
1575291160.641,971,1007,None,Move,development
1575291160.657,971,1005,None,Move,development
1575291160.688,972,1004,None,Move,development
1575291161.1260002,972,1004,Left,Pressed,development
1575291161.282,972,1004,Left,Released,development
1575291161.688,961,996,None,Move,development
1575291161.704,914,970,None,Move,development
1575291161.72,881,952,None,Move,development
1575291161.735,854,940,None,Move,development
1575291161.7510002,792,910,None,Move,development
1575291161.766,767,896,None,Move,development
1575291161.782,750,882,None,Move,development
1575291161.798,737,867,None,Move,development
1575291161.813,725,860,None,Move,development
1575291161.829,713,850,None,Move,development
1575291161.845,697,841,None,Move,development
1575291161.86,675,827,None,Move,development
1575291161.891,662,818,None,Move,development
1575291161.907,654,810,None,Move,development
1575291161.923,650,808,None,Move,development
1575291161.938,647,805,None,Move,development
1575291161.954,640,798,None,Move,development
1575291161.97,634,793,None,Move,development
1575291161.985,622,784,None,Move,development
1575291162.0010002,614,780,None,Move,development
1575291162.016,612,777,None,Move,development
1575291162.032,609,776,None,Move,development
1575291162.063,608,774,None,Move,development
1575291162.079,608,771,None,Move,development
1575291162.095,608,770,None,Move,development
1575291162.11,597,723,None,Move,development
1575291162.1260002,591,702,None,Move,development
1575291162.141,588,696,None,Move,development
1575291162.157,588,694,None,Move,development
1575291162.173,588,691,None,Move,development
1575291162.454,587,689,None,Move,development
1575291162.47,587,691,None,Move,development
1575291162.485,587,692,None,Move,development
1575291162.5010002,587,696,None,Move,development
1575291162.516,587,698,None,Move,development
1575291162.532,587,704,None,Move,development
1575291162.548,586,708,None,Move,development
1575291162.563,586,710,None,Move,development
1575291162.579,586,714,None,Move,development
1575291162.595,586,717,None,Move,development
1575291162.61,586,720,None,Move,development
1575291162.673,586,721,None,Move,development
1575291162.72,586,722,None,Move,development
1575291162.735,586,723,None,Move,development
1575291162.766,586,724,None,Move,development
1575291162.782,586,728,None,Move,development
1575291162.798,586,729,None,Move,development
1575291162.845,586,731,None,Move,development
1575291163.032,586,731,Left,Pressed,development
1575291163.1260002,586,731,Left,Released,development
1575291168.391,588,712,None,Move,development
1575291168.407,595,684,None,Move,development
1575291168.4220002,607,654,None,Move,development
1575291168.438,621,628,None,Move,development
1575291168.4529998,635,585,None,Move,development
1575291168.469,640,570,None,Move,development
1575291168.485,646,550,None,Move,development
1575291168.5,648,533,None,Move,development
1575291168.516,658,505,None,Move,development
1575291168.532,662,492,None,Move,development
1575291168.5470002,666,480,None,Move,development
1575291168.563,672,470,None,Move,development
1575291168.5779998,673,466,None,Move,development
1575291168.594,677,458,None,Move,development
1575291168.61,678,455,None,Move,development
1575291168.625,681,448,None,Move,development
1575291168.641,683,443,None,Move,development
1575291168.657,686,428,None,Move,development
1575291168.6720002,687,419,None,Move,development
1575291168.688,693,407,None,Move,development
1575291168.7029998,699,386,None,Move,development
1575291168.719,703,374,None,Move,development
1575291168.735,720,336,None,Move,development
1575291168.75,752,272,None,Move,development
1575291168.766,810,162,None,Move,development
1575291168.782,837,112,None,Move,development
1575291168.7970002,866,58,None,Move,development
1575291168.8279998,880,26,None,Move,development
1575291168.844,881,24,None,Move,development
1575291169.238,874,26,None,Move,development
1575291169.291,867,30,None,Move,development
1575291169.319,860,32,None,Move,development
1575291169.34,857,34,None,Move,development
1575291169.36,854,35,None,Move,development
1575291169.3760002,853,36,None,Move,development
1575291169.394,852,37,None,Move,development
1575291169.4320002,851,37,None,Move,development
1575291169.457,850,37,None,Move,development
1575291169.504,849,38,None,Move,development
1575291169.7389998,847,39,None,Move,development
1575291169.801,844,41,None,Move,development
1575291169.8170002,838,43,None,Move,development
1575291169.832,826,49,None,Move,development
1575291169.8479998,817,52,None,Move,development
1575291169.8639998,813,55,None,Move,development
1575291169.911,811,56,None,Move,development
1575291170.1920002,807,56,None,Move,development
1575291170.207,795,58,None,Move,development
1575291170.2229998,792,60,None,Move,development
1575291170.254,789,60,None,Move,development
1575291170.27,786,60,None,Move,development
1575291170.286,785,60,None,Move,development
1575291170.301,784,61,None,Move,development
1575291170.332,783,61,None,Move,development
1575291170.3479998,782,62,None,Move,development
1575291170.3639998,781,64,None,Move,development
1575291170.379,779,64,None,Move,development
1575291170.395,777,64,None,Move,development
1575291170.411,776,65,None,Move,development
1575291170.426,774,66,None,Move,development
1575291170.457,773,66,None,Move,development
1575291170.4729998,771,66,None,Move,development
1575291170.4889998,770,68,None,Move,development
1575291170.504,768,68,None,Move,development
1575291170.536,768,69,None,Move,development
1575291170.551,767,69,None,Move,development
1575291171.4770002,767,69,Left,Pressed,development
1575291171.5670002,767,69,Left,Released,development
1575291172.333,775,79,None,Move,development
1575291172.3639998,796,98,None,Move,development
1575291172.426,811,128,None,Move,development
1575291172.4420002,820,148,None,Move,development
1575291172.458,824,162,None,Move,development
1575291172.4889998,827,167,None,Move,development
1575291172.583,840,180,None,Move,development
1575291172.635,844,189,None,Move,development
1575291172.698,845,194,None,Move,development
1575291172.916,870,226,None,Move,development
1575291172.948,916,300,None,Move,development
1575291172.994,928,326,None,Move,development
1575291173.041,930,333,None,Move,development
1575291173.073,930,334,None,Move,development
1575291173.0879998,930,335,None,Move,development
1575291173.119,930,337,None,Move,development
1575291173.135,930,338,None,Move,development
1575291173.151,932,339,None,Move,development
1575291173.166,933,342,None,Move,development
1575291173.1820002,934,345,None,Move,development
1575291173.323,937,348,None,Move,development
1575291173.573,953,360,None,Move,development
1575291173.5879998,993,388,None,Move,development
1575291173.604,1016,402,None,Move,development
1575291173.619,1066,447,None,Move,development
1575291173.651,1090,486,None,Move,development
1575291173.666,1096,499,None,Move,development
1575291173.6820002,1100,511,None,Move,development
1575291173.698,1102,525,None,Move,development
1575291173.7129998,1102,531,None,Move,development
1575291173.729,1101,540,None,Move,development
1575291173.744,1099,545,None,Move,development
1575291173.76,1098,548,None,Move,development
1575291173.776,1098,553,None,Move,development
1575291173.791,1098,558,None,Move,development
1575291173.823,1097,559,None,Move,development
1575291173.8379998,1096,560,None,Move,development
1575291173.854,1082,544,None,Move,development
1575291173.869,1077,540,None,Move,development
1575291173.885,1076,537,None,Move,development
1575291173.901,1074,536,None,Move,development
1575291173.916,1073,536,None,Move,development
1575291173.948,1072,536,None,Move,development
1575291173.9629998,1071,539,None,Move,development
1575291173.979,1066,542,None,Move,development
1575291174.026,1059,560,None,Move,development
1575291174.104,1058,566,None,Move,development
1575291174.151,1058,567,None,Move,development
1575291174.4629998,1060,573,None,Move,development
1575291174.479,1062,578,None,Move,development
1575291174.494,1064,581,None,Move,development
1575291174.51,1064,586,None,Move,development
1575291174.5570002,1064,588,None,Move,development
1575291174.604,1064,590,None,Move,development
1575291174.619,1067,591,None,Move,development
1575291174.651,1067,593,None,Move,development
1575291174.666,1067,594,None,Move,development
1575291174.6820002,1068,595,None,Move,development
1575291174.7129998,1068,597,None,Move,development
1575291174.744,1068,599,None,Move,development
1575291174.76,1068,600,None,Move,development
1575291174.776,1068,602,None,Move,development
1575291174.791,1069,603,None,Move,development
1575291174.8070002,1069,604,None,Move,development
1575291174.823,1069,608,None,Move,development
1575291174.8379998,1070,611,None,Move,development
1575291174.869,1070,613,None,Move,development
1575291174.885,1070,614,None,Move,development
1575291174.916,1070,615,None,Move,development
1575291174.9320002,1070,616,None,Move,development
1575291174.948,1070,617,None,Move,development
1575291174.9629998,1070,619,None,Move,development
1575291175.119,1070,619,Left,Pressed,development
1575291175.151,1070,619,Left,Released,development
1575291182.153,1078,606,None,Move,development
1575291182.169,1095,582,None,Move,development
1575291182.185,1124,529,None,Move,development
1575291182.2,1151,480,None,Move,development
1575291182.231,1170,444,None,Move,development
1575291182.2470002,1191,412,None,Move,development
1575291182.2629998,1200,395,None,Move,development
1575291182.278,1207,384,None,Move,development
1575291182.294,1216,369,None,Move,development
1575291182.31,1219,365,None,Move,development
1575291182.325,1222,363,None,Move,development
1575291182.341,1224,359,None,Move,development
1575291186.309,1224,366,None,Move,development
1575291186.325,1224,400,None,Move,development
1575291186.34,1221,445,None,Move,development
1575291186.356,1218,476,None,Move,development
1575291186.371,1213,559,None,Move,development
1575291186.387,1213,584,None,Move,development
1575291186.403,1213,625,None,Move,development
1575291186.418,1219,660,None,Move,development
1575291186.434,1226,713,None,Move,development
1575291186.45,1230,731,None,Move,development
1575291186.465,1244,774,None,Move,development
1575291186.481,1248,792,None,Move,development
1575291186.496,1254,813,None,Move,development
1575291186.512,1259,832,None,Move,development
1575291186.528,1261,838,None,Move,development
1575291186.543,1261,847,None,Move,development
1575291186.559,1261,849,None,Move,development
1575291186.575,1261,852,None,Move,development
1575291186.59,1261,853,None,Move,development
1575291186.606,1261,856,None,Move,development
1575291186.621,1261,859,None,Move,development
1575291186.637,1263,873,None,Move,development
1575291186.653,1263,881,None,Move,development
1575291186.668,1263,907,None,Move,development
1575291186.684,1263,932,None,Move,development
1575291186.7,1263,945,None,Move,development
1575291186.715,1263,956,None,Move,development
1575291186.731,1261,967,None,Move,development
1575291186.746,1257,978,None,Move,development
1575291186.762,1252,1007,None,Move,development
1575291186.778,1248,1033,None,Move,development
1575291186.809,1245,1057,None,Move,development
1575291186.825,1239,1079,None,Move,development
1575291186.845,1236,1082,None,Move,development
1575291186.847,1235,1080,None,Move,development
1575291186.863,1233,1080,None,Move,development
1575291186.879,1232,1081,None,Move,development
1575291186.926,1230,1079,None,Move,development
1575291186.984,1229,1079,None,Move,development
1575291186.992,1228,1079,None,Move,development
1575291186.995,1227,1079,None,Move,development
1575291187.0110002,1216,1070,None,Move,development
1575291187.026,1207,1060,None,Move,development
1575291187.042,1196,1040,None,Move,development
1575291187.0579998,1176,1007,None,Move,development
1575291187.073,1161,982,None,Move,development
1575291187.089,1149,969,None,Move,development
1575291187.104,1140,955,None,Move,development
1575291187.12,1135,944,None,Move,development
1575291187.1360002,1131,933,None,Move,development
1575291187.151,1128,929,None,Move,development
1575291187.167,1128,927,None,Move,development
1575291187.37,1129,931,None,Move,development
1575291187.3860002,1132,938,None,Move,development
1575291187.401,1137,950,None,Move,development
1575291187.417,1140,957,None,Move,development
1575291187.4329998,1143,961,None,Move,development
1575291187.448,1145,965,None,Move,development
1575291187.464,1145,967,None,Move,development
1575291187.479,1146,967,None,Move,development
1575291187.526,1147,970,None,Move,development
1575291187.542,1150,971,None,Move,development
1575291187.5579998,1151,972,None,Move,development
1575291187.573,1154,973,None,Move,development
1575291187.592,1156,976,None,Move,development
1575291187.599,1158,978,None,Move,development
1575291187.606,1159,981,None,Move,development
1575291187.61,1160,984,None,Move,development
1575291187.6260002,1165,990,None,Move,development
1575291187.641,1167,993,None,Move,development
1575291187.657,1169,995,None,Move,development
1575291187.6720002,1169,999,None,Move,development
1575291187.688,1170,1001,None,Move,development
1575291187.704,1171,1003,None,Move,development
1575291187.719,1172,1005,None,Move,development
1575291187.735,1174,1012,None,Move,development
1575291187.7510002,1176,1014,None,Move,development
1575291187.766,1176,1015,None,Move,development
1575291187.782,1177,1019,None,Move,development
1575291187.7970002,1178,1021,None,Move,development
1575291187.813,1178,1022,None,Move,development
1575291187.829,1178,1025,None,Move,development
1575291187.938,1180,1027,None,Move,development
1575291187.954,1181,1027,None,Move,development
1575291187.985,1182,1027,None,Move,development
1575291188.032,1182,1026,None,Move,development
1575291188.0470002,1182,1025,None,Move,development
1575291188.063,1182,1023,None,Move,development
1575291188.079,1182,1021,None,Move,development
1575291188.094,1182,1020,None,Move,development
1575291188.1260002,1183,1017,None,Move,development
1575291188.141,1186,1017,None,Move,development
1575291188.157,1186,1014,None,Move,development
1575291188.188,1187,1014,None,Move,development
1575291188.219,1187,1011,None,Move,development
1575291188.2470002,1188,1010,None,Move,development
1575291188.255,1188,1009,None,Move,development
1575291188.262,1189,1009,None,Move,development
1575291188.276,1189,1008,None,Move,development
1575291188.284,1189,1007,None,Move,development
1575291188.285,1190,1007,None,Move,development
1575291188.301,1192,1005,None,Move,development
1575291188.316,1192,1004,None,Move,development
1575291188.379,1193,1004,None,Move,development
1575291188.394,1194,1002,None,Move,development
1575291190.031,1186,973,None,Move,development
1575291190.0470002,1179,953,None,Move,development
1575291190.063,1150,855,None,Move,development
1575291190.0779998,1125,758,None,Move,development
1575291190.094,1109,649,None,Move,development
1575291190.11,1092,546,None,Move,development
1575291190.125,1092,480,None,Move,development
1575291190.141,1092,430,None,Move,development
1575291190.156,1092,407,None,Move,development
1575291190.1720002,1092,397,None,Move,development
1575291190.2029998,1092,390,None,Move,development
1575291190.219,1092,386,None,Move,development
1575291190.516,1091,386,None,Move,development
1575291190.563,1092,386,Left,Pressed,development
1575291190.688,1092,386,Left,Released,development
1575291217.1279998,1075,382,None,Move,development
1575291217.144,1026,368,None,Move,development
1575291217.16,933,339,None,Move,development
1575291217.175,831,313,None,Move,development
1575291217.191,721,275,None,Move,development
1575291217.207,665,262,None,Move,development
1575291217.222,577,239,None,Move,development
1575291217.238,519,221,None,Move,development
1575291217.2529998,497,217,None,Move,development
1575291217.269,456,203,None,Move,development
1575291217.285,449,200,None,Move,development
1575291217.3,441,197,None,Move,development
1575291217.316,436,197,None,Move,development
1575291217.332,433,197,None,Move,development
1575291217.535,414,193,None,Move,development
1575291217.55,369,187,None,Move,development
1575291217.566,323,175,None,Move,development
1575291217.582,297,171,None,Move,development
1575291217.597,260,164,None,Move,development
1575291217.613,236,155,None,Move,development
1575291217.6279998,218,152,None,Move,development
1575291217.644,207,149,None,Move,development
1575291217.66,206,149,None,Move,development
1575291217.675,204,149,None,Move,development
1575291217.738,203,147,None,Move,development
1575291217.785,203,146,None,Move,development
1575291217.8,206,146,None,Move,development
1575291217.816,208,145,None,Move,development
1575291217.832,213,145,None,Move,development
1575291217.847,228,143,None,Move,development
1575291217.863,248,143,None,Move,development
1575291217.8779998,268,143,None,Move,development
1575291217.894,283,143,None,Move,development
1575291217.91,287,143,None,Move,development
1575291217.925,289,143,None,Move,development
1575291218.0029998,289,143,None,Move,development
1575291218.035,288,143,None,Move,development
1575291218.066,285,143,None,Move,development
1575291218.082,283,144,None,Move,development
1575291218.097,282,145,None,Move,development
1575291218.113,280,147,None,Move,development
1575291218.1279998,277,149,None,Move,development
1575291218.144,275,149,None,Move,development
1575291218.16,272,150,None,Move,development
1575291218.175,270,150,None,Move,development
1575291218.191,267,150,None,Move,development
1575291218.207,264,150,None,Move,development
1575291218.222,262,150,None,Move,development
1575291218.238,260,150,None,Move,development
1575291218.2529998,259,153,None,Move,development
1575291218.269,256,153,None,Move,development
1575291218.316,254,153,None,Move,development
1575291218.644,252,153,None,Move,development
1575291218.988,252,153,Left,Pressed,development
1575291219.113,252,153,Left,Released,development
1575291220.156,252,157,None,Move,development
1575291220.1720002,252,161,None,Move,development
1575291220.187,252,170,None,Move,development
1575291220.2029998,252,175,None,Move,development
1575291220.218,252,183,None,Move,development
1575291220.234,253,196,None,Move,development
1575291220.25,256,210,None,Move,development
1575291220.265,261,223,None,Move,development
1575291220.281,269,247,None,Move,development
1575291220.2970002,275,266,None,Move,development
1575291220.312,281,287,None,Move,development
1575291220.3279998,285,308,None,Move,development
1575291220.343,292,330,None,Move,development
1575291220.359,301,368,None,Move,development
1575291220.375,309,395,None,Move,development
1575291220.39,318,427,None,Move,development
1575291220.406,331,467,None,Move,development
1575291220.4220002,339,506,None,Move,development
1575291220.437,341,515,None,Move,development
1575291220.4529998,349,539,None,Move,development
1575291220.468,353,554,None,Move,development
1575291220.484,353,557,None,Move,development
1575291220.5,353,562,None,Move,development
1575291220.515,353,564,None,Move,development
1575291220.531,353,568,None,Move,development
1575291221.229,358,567,None,Move,development
1575291221.245,365,561,None,Move,development
1575291221.2610002,377,549,None,Move,development
1575291221.276,391,529,None,Move,development
1575291221.292,401,502,None,Move,development
1575291221.3070002,416,477,None,Move,development
1575291221.323,431,451,None,Move,development
1575291221.354,443,436,None,Move,development
1575291221.37,447,430,None,Move,development
1575291221.62,448,428,None,Move,development
1575291222.448,448,428,Right,Pressed,development
1575291222.573,448,428,Right,Released,development
1575291223.073,452,430,None,Move,development
1575291223.089,459,434,None,Move,development
1575291223.104,473,441,None,Move,development
1575291223.12,483,447,None,Move,development
1575291223.1360002,488,450,None,Move,development
1575291223.151,492,454,None,Move,development
1575291223.167,496,455,None,Move,development
1575291223.464,511,454,None,Move,development
1575291223.479,535,446,None,Move,development
1575291223.495,559,438,None,Move,development
1575291223.5110002,592,434,None,Move,development
1575291223.526,604,434,None,Move,development
1575291223.542,610,434,None,Move,development
1575291223.5570002,617,434,None,Move,development
1575291223.573,619,434,None,Move,development
1575291223.589,622,434,None,Move,development
1575291223.604,624,434,None,Move,development
1575291223.839,628,434,None,Move,development
1575291223.8860002,629,434,None,Move,development
1575291223.901,631,431,None,Move,development
1575291223.917,633,429,None,Move,development
1575291223.9320002,635,425,None,Move,development
1575291223.948,636,421,None,Move,development
1575291223.964,657,398,None,Move,development
1575291223.979,691,371,None,Move,development
1575291223.995,699,362,None,Move,development
1575291224.0110002,701,359,None,Move,development
1575291224.12,705,359,None,Move,development
1575291224.1360002,702,359,None,Move,development
1575291224.151,700,359,None,Move,development
1575291224.1820002,698,359,None,Move,development
1575291224.198,697,359,None,Move,development
1575291224.229,697,359,Left,Pressed,development
1575291224.354,697,359,Left,Released,development
1575291224.698,708,359,None,Move,development
1575291224.714,722,359,None,Move,development
1575291224.729,751,362,None,Move,development
1575291224.745,791,369,None,Move,development
1575291224.7610002,806,369,None,Move,development
1575291224.776,814,369,None,Move,development
1575291224.792,823,369,None,Move,development
1575291224.8070002,834,369,None,Move,development
1575291224.823,852,367,None,Move,development
1575291224.839,866,367,None,Move,development
1575291224.854,888,365,None,Move,development
1575291224.87,899,363,None,Move,development
1575291224.8860002,904,363,None,Move,development
1575291224.901,911,363,None,Move,development
1575291224.917,914,363,None,Move,development
1575291224.948,920,365,None,Move,development
1575291224.964,926,368,None,Move,development
1575291224.979,935,372,None,Move,development
1575291224.995,936,375,None,Move,development
1575291225.276,907,362,None,Move,development
1575291225.3070002,786,302,None,Move,development
1575291225.323,650,244,None,Move,development
1575291225.339,510,211,None,Move,development
1575291225.354,258,162,None,Move,development
1575291225.37,206,145,None,Move,development
1575291225.3860002,105,120,None,Move,development
1575291225.401,57,102,None,Move,development
1575291225.417,48,99,None,Move,development
1575291225.4320002,44,99,None,Move,development
1575291225.667,43,99,Left,Pressed,development
1575291225.854,43,99,Left,Released,development
1575291225.9320002,56,108,None,Move,development
1575291225.948,77,124,None,Move,development
1575291225.964,125,161,None,Move,development
1575291225.979,149,175,None,Move,development
1575291225.995,175,187,None,Move,development
1575291226.0110002,218,205,None,Move,development
1575291226.026,291,249,None,Move,development
1575291226.0570002,338,282,None,Move,development
1575291226.073,415,340,None,Move,development
1575291226.089,426,350,None,Move,development
1575291226.104,456,389,None,Move,development
1575291226.12,467,407,None,Move,development
1575291226.1360002,468,410,None,Move,development
1575291226.323,442,379,None,Move,development
1575291226.339,351,262,None,Move,development
1575291226.354,286,183,None,Move,development
1575291226.37,174,48,None,Move,development
1575291226.3860002,158,32,None,Move,development
1575291226.401,131,3,None,Move,development
1575291226.417,116,-8,None,Move,development
1575291226.4320002,110,-3,None,Move,development
1575291226.448,108,-1,None,Move,development
1575291226.464,104,0,None,Move,development
1575291226.5570002,104,0,None,Move,development
1575291226.573,104,1,None,Move,development
1575291226.6360002,109,6,None,Move,development
1575291226.651,114,10,None,Move,development
1575291226.667,127,28,None,Move,development
1575291226.6820002,139,54,None,Move,development
1575291226.698,142,61,None,Move,development
1575291226.714,142,66,None,Move,development
1575291226.729,142,69,None,Move,development
1575291226.745,142,71,None,Move,development
1575291226.854,142,72,None,Move,development
1575291226.87,140,66,None,Move,development
1575291226.8860002,137,57,None,Move,development
1575291226.901,134,55,None,Move,development
1575291226.917,121,44,None,Move,development
1575291226.9320002,114,39,None,Move,development
1575291226.948,102,31,None,Move,development
1575291226.964,97,28,None,Move,development
1575291226.979,93,27,None,Move,development
1575291226.9970002,89,27,None,Move,development
1575291227.004,86,27,None,Move,development
1575291227.012,85,27,None,Move,development
1575291227.019,81,27,None,Move,development
1575291227.026,80,27,None,Move,development
1575291227.042,76,27,None,Move,development
1575291227.0570002,74,27,None,Move,development
1575291227.104,73,26,None,Move,development
1575291227.401,73,26,Left,Pressed,development
1575291227.51,73,26,Left,Released,development
1575291228.167,83,35,None,Move,development
1575291228.1820002,102,48,None,Move,development
1575291228.198,138,73,None,Move,development
1575291228.2129998,174,98,None,Move,development
1575291228.229,208,118,None,Move,development
1575291228.245,236,138,None,Move,development
1575291228.26,261,154,None,Move,development
1575291228.276,294,183,None,Move,development
1575291228.292,307,198,None,Move,development
1575291228.3070002,318,207,None,Move,development
1575291228.323,323,211,None,Move,development
1575291228.3379998,328,216,None,Move,development
1575291228.354,330,217,None,Move,development
1575291228.37,330,218,None,Move,development
1575291228.495,331,218,None,Move,development
1575291228.51,343,197,None,Move,development
1575291228.526,356,168,None,Move,development
1575291228.542,364,158,None,Move,development
1575291228.5570002,372,148,None,Move,development
1575291228.573,383,138,None,Move,development
1575291228.5879998,385,137,None,Move,development
1575291228.854,386,137,None,Move,development
1575291228.87,386,139,None,Move,development
1575291228.885,386,141,None,Move,development
1575291228.901,386,143,None,Move,development
1575291228.917,386,145,None,Move,development
1575291228.948,386,146,None,Move,development
1575291228.9629998,386,148,None,Move,development
1575291228.995,386,150,None,Move,development
1575291229.792,392,151,None,Move,development
1575291229.8070002,409,151,None,Move,development
1575291229.823,425,154,None,Move,development
1575291229.8379998,438,156,None,Move,development
1575291229.87,445,158,None,Move,development
1575291229.885,455,158,None,Move,development
1575291229.901,460,160,None,Move,development
1575291229.917,463,160,None,Move,development
1575291229.9320002,466,160,None,Move,development
1575291229.948,475,160,None,Move,development
1575291229.9629998,486,160,None,Move,development
1575291229.979,497,164,None,Move,development
1575291229.995,511,168,None,Move,development
1575291230.01,516,169,None,Move,development
1575291230.026,519,169,None,Move,development
1575291230.042,525,170,None,Move,development
1575291230.0570002,526,171,None,Move,development
1575291230.073,528,172,None,Move,development
1575291230.0879998,531,174,None,Move,development
1575291230.104,536,178,None,Move,development
1575291230.12,538,180,None,Move,development
1575291230.135,541,180,None,Move,development
1575291230.151,543,183,None,Move,development
1575291231.0570002,544,190,None,Move,development
1575291231.073,543,202,None,Move,development
1575291231.0879998,541,222,None,Move,development
1575291231.104,541,242,None,Move,development
1575291231.12,541,257,None,Move,development
1575291231.135,541,270,None,Move,development
1575291231.151,541,284,None,Move,development
1575291231.167,541,295,None,Move,development
1575291231.1820002,541,310,None,Move,development
1575291231.198,541,319,None,Move,development
1575291231.2129998,541,325,None,Move,development
1575291231.229,541,327,None,Move,development
1575291231.245,541,329,None,Move,development
1575291231.276,541,332,None,Move,development
1575291231.292,541,336,None,Move,development
1575291231.3070002,541,338,None,Move,development
1575291231.323,541,348,None,Move,development
1575291231.3379998,540,354,None,Move,development
1575291231.354,540,361,None,Move,development
1575291231.37,538,366,None,Move,development
1575291231.385,537,375,None,Move,development
1575291231.401,537,383,None,Move,development
1575291231.417,537,393,None,Move,development
1575291231.4320002,537,398,None,Move,development
1575291231.448,537,405,None,Move,development
1575291231.4629998,537,412,None,Move,development
1575291231.479,537,421,None,Move,development
1575291231.495,537,428,None,Move,development
1575291231.51,537,439,None,Move,development
1575291231.526,537,450,None,Move,development
1575291231.542,537,465,None,Move,development
1575291231.5570002,537,470,None,Move,development
1575291231.573,537,483,None,Move,development
1575291231.5879998,537,486,None,Move,development
1575291231.604,537,491,None,Move,development
1575291231.62,537,495,None,Move,development
1575291231.635,537,497,None,Move,development
1575291231.651,537,499,None,Move,development
1575291231.667,537,502,None,Move,development
1575291231.6820002,537,506,None,Move,development
1575291232.87,537,500,None,Move,development
1575291232.885,537,486,None,Move,development
1575291232.901,537,466,None,Move,development
1575291232.917,537,449,None,Move,development
1575291232.9320002,537,437,None,Move,development
1575291232.948,537,408,None,Move,development
1575291232.9629998,537,393,None,Move,development
1575291232.979,539,383,None,Move,development
1575291232.995,540,373,None,Move,development
1575291233.01,544,358,None,Move,development
1575291233.026,546,341,None,Move,development
1575291233.042,546,309,None,Move,development
1575291233.0570002,547,295,None,Move,development
1575291233.073,547,286,None,Move,development
1575291233.0879998,547,281,None,Move,development
1575291233.104,547,277,None,Move,development
1575291233.12,547,274,None,Move,development
1575291233.135,552,262,None,Move,development
1575291233.151,554,253,None,Move,development
1575291233.167,554,237,None,Move,development
1575291233.1820002,554,230,None,Move,development
1575291233.198,554,227,None,Move,development
1575291233.2129998,554,224,None,Move,development
1575291233.229,554,222,None,Move,development
1575291233.245,556,213,None,Move,development
1575291233.26,557,204,None,Move,development
1575291233.292,559,188,None,Move,development
1575291233.3070002,559,182,None,Move,development
1575291233.323,559,179,None,Move,development
1575291233.3379998,559,176,None,Move,development
1575291233.354,559,174,None,Move,development
1575291233.37,559,172,None,Move,development
1575291233.385,563,156,None,Move,development
1575291233.401,563,147,None,Move,development
1575291233.417,563,144,None,Move,development
1575291233.667,563,143,Left,Pressed,development
1575291233.885,563,143,Left,Released,development
1575291234.073,563,143,None,Move,development
1575291234.0879998,563,146,None,Move,development
1575291234.104,559,149,None,Move,development
1575291234.12,558,152,None,Move,development
1575291234.135,557,155,None,Move,development
1575291234.167,554,158,None,Move,development
1575291234.198,554,159,None,Move,development
1575291234.2129998,554,160,None,Move,development
1575291234.276,552,160,None,Move,development
1575291234.3070002,550,160,None,Move,development
1575291234.323,549,160,None,Move,development
1575291234.37,549,160,Left,Pressed,development
1575291234.479,549,160,Left,Released,development
1575291234.885,579,178,None,Move,development
1575291234.901,652,224,None,Move,development
1575291234.917,809,309,None,Move,development
1575291234.9320002,984,419,None,Move,development
1575291234.948,1197,599,None,Move,development
1575291234.9629998,1255,650,None,Move,development
1575291234.979,1307,711,None,Move,development
1575291234.995,1329,739,None,Move,development
1575291235.01,1334,745,None,Move,development
1575291235.026,1334,748,None,Move,development
1575291235.042,1334,750,None,Move,development
1575291235.104,1333,754,None,Move,development
1575291235.12,1328,749,None,Move,development
1575291235.135,1314,740,None,Move,development
1575291235.151,1283,725,None,Move,development
1575291235.167,1262,717,None,Move,development
1575291235.1820002,1237,698,None,Move,development
1575291235.198,1211,672,None,Move,development
1575291235.2129998,1184,638,None,Move,development
1575291235.229,1160,609,None,Move,development
1575291235.245,1143,581,None,Move,development
1575291235.276,1133,555,None,Move,development
1575291235.292,1131,550,None,Move,development
1575291235.3070002,1131,545,None,Move,development
1575291235.323,1131,542,None,Move,development
1575291235.354,1131,541,None,Move,development
1575291235.385,1131,540,None,Move,development
1575291235.401,1131,539,None,Move,development
1575291235.417,1134,539,None,Move,development
1575291235.4320002,1135,539,None,Move,development
1575291235.479,1137,539,None,Move,development
1575291235.526,1137,539,None,Move,development
1575291235.542,1137,541,None,Move,development
1575291235.5570002,1139,544,None,Move,development
1575291235.573,1147,553,None,Move,development
1575291235.5879998,1161,564,None,Move,development
1575291235.604,1174,577,None,Move,development
1575291235.62,1178,581,None,Move,development
1575291235.635,1181,585,None,Move,development
1575291235.651,1181,587,None,Move,development
1575291235.729,1181,588,Left,Pressed,development
1575291235.854,1181,588,Left,Released,development
1575291235.9629998,1182,588,None,Move,development
1575291235.979,1184,584,None,Move,development
1575291235.995,1184,582,None,Move,development
1575291236.042,1184,580,None,Move,development
1575291236.0570002,1184,577,None,Move,development
1575291236.0879998,1184,576,None,Move,development
1575291236.104,1186,572,None,Move,development
1575291236.12,1187,570,None,Move,development
1575291236.135,1187,567,None,Move,development
1575291236.151,1187,562,None,Move,development
1575291236.167,1187,560,None,Move,development
1575291236.323,1187,560,Left,Pressed,development
1575291236.401,1187,560,Left,Released,development
1575291240.0470002,1206,561,None,Move,development
1575291240.062,1237,563,None,Move,development
1575291240.0779998,1315,572,None,Move,development
1575291240.094,1368,575,None,Move,development
1575291240.109,1411,581,None,Move,development
1575291240.125,1492,592,None,Move,development
1575291240.141,1578,616,None,Move,development
1575291240.156,1632,638,None,Move,development
1575291240.1720002,1655,647,None,Move,development
1575291240.187,1691,665,None,Move,development
1575291240.2029998,1708,676,None,Move,development
1575291240.219,1715,684,None,Move,development
1575291240.25,1717,689,None,Move,development
1575291240.266,1719,695,None,Move,development
1575291240.281,1719,698,None,Move,development
1575291244.173,1719,705,None,Move,development
1575291244.236,1721,717,None,Move,development
1575291244.2510002,1725,724,None,Move,development
1575291244.2670002,1729,736,None,Move,development
1575291244.283,1733,748,None,Move,development
1575291244.314,1735,754,None,Move,development
1575291244.329,1737,759,None,Move,development
1575291244.361,1738,762,None,Move,development
1575291244.3760002,1740,768,None,Move,development
1575291244.3920002,1742,775,None,Move,development
1575291244.408,1746,786,None,Move,development
1575291244.423,1748,793,None,Move,development
1575291244.439,1756,811,None,Move,development
1575291244.454,1759,817,None,Move,development
1575291244.47,1765,831,None,Move,development
1575291244.486,1766,837,None,Move,development
1575291244.5010002,1771,848,None,Move,development
1575291244.5170002,1778,860,None,Move,development
1575291244.533,1784,871,None,Move,development
1575291244.548,1789,877,None,Move,development
1575291244.564,1793,884,None,Move,development
1575291244.579,1799,893,None,Move,development
1575291244.595,1801,896,None,Move,development
1575291244.611,1806,903,None,Move,development
1575291244.6260002,1807,906,None,Move,development
1575291244.6420002,1807,908,None,Move,development
1575291245.033,1806,911,None,Move,development
1575291245.064,1805,916,None,Move,development
1575291245.1260002,1804,919,None,Move,development
1575291245.1829998,1804,925,None,Move,development
1575291245.198,1802,931,None,Move,development
1575291245.23,1802,936,None,Move,development
1575291245.245,1800,941,None,Move,development
1575291245.2610002,1798,947,None,Move,development
1575291245.2770002,1796,952,None,Move,development
1575291245.3079998,1794,953,None,Move,development
1575291245.323,1794,954,None,Move,development
1575291245.339,1794,955,None,Move,development
1575291245.355,1792,958,None,Move,development
1575291245.3860002,1791,960,None,Move,development
1575291245.417,1790,961,None,Move,development
1575291245.4329998,1789,962,None,Move,development
1575291245.48,1784,965,None,Move,development
1575291245.5110002,1783,966,None,Move,development
1575291245.5579998,1782,969,None,Move,development
1575291245.573,1781,969,None,Move,development
1575291245.62,1779,969,None,Move,development
1575291245.6360002,1779,970,None,Move,development
1575291245.667,1778,972,None,Move,development
1575291245.6829998,1777,973,None,Move,development
1575291245.698,1776,975,None,Move,development
1575291245.714,1776,977,None,Move,development
1575291245.745,1776,978,None,Move,development
1575291245.7770002,1776,979,None,Move,development
1575291245.792,1776,980,None,Move,development
1575291245.823,1776,981,None,Move,development
1575291245.839,1776,983,None,Move,development
1575291245.855,1775,984,None,Move,development
1575291245.87,1772,988,None,Move,development
1575291245.8860002,1771,989,None,Move,development
1575291245.917,1771,990,None,Move,development
1575291245.9329998,1771,991,None,Move,development
1575291245.948,1770,993,None,Move,development
1575291246.0579998,1770,996,None,Move,development
1575291246.073,1770,997,None,Move,development
1575291246.445,1770,997,Left,Pressed,development
1575291246.539,1770,997,Left,Released,development
1575291247.555,1767,990,None,Move,development
1575291247.758,1767,988,None,Move,development
1575291247.883,1766,988,None,Move,development
1575291247.914,1765,988,None,Move,development
1575291247.945,1764,987,None,Move,development
1575291247.976,1761,987,None,Move,development
1575291248.008,1760,986,None,Move,development
1575291248.039,1747,977,None,Move,development
1575291248.055,1712,959,None,Move,development
1575291248.07,1700,953,None,Move,development
1575291248.086,1650,923,None,Move,development
1575291248.101,1613,895,None,Move,development
1575291248.117,1594,882,None,Move,development
1575291248.133,1570,859,None,Move,development
1575291248.1479998,1560,851,None,Move,development
1575291248.195,1552,836,None,Move,development
1575291248.226,1552,833,None,Move,development
1575291248.242,1552,830,None,Move,development
1575291248.258,1560,812,None,Move,development
1575291248.305,1569,797,None,Move,development
1575291248.32,1572,794,None,Move,development
1575291248.351,1573,791,None,Move,development
1575291248.367,1573,790,None,Move,development
1575291251.082,1542,779,None,Move,development
1575291251.0979998,1514,772,None,Move,development
1575291251.113,1491,762,None,Move,development
1575291251.129,1443,743,None,Move,development
1575291251.145,1361,718,None,Move,development
1575291251.16,1279,684,None,Move,development
1575291251.176,1256,675,None,Move,development
1575291251.191,1217,657,None,Move,development
1575291251.207,1207,651,None,Move,development
1575291251.2229998,1189,643,None,Move,development
1575291251.238,1181,638,None,Move,development
1575291251.254,1165,631,None,Move,development
1575291251.27,1162,629,None,Move,development
1575291251.285,1156,623,None,Move,development
1575291251.301,1147,617,None,Move,development
1575291251.316,1142,610,None,Move,development
1575291251.332,1128,590,None,Move,development
1575291251.3479998,1110,576,None,Move,development
1575291251.363,1100,568,None,Move,development
1575291251.379,1080,554,None,Move,development
1575291251.395,1064,547,None,Move,development
1575291251.41,1053,537,None,Move,development
1575291251.426,1027,511,None,Move,development
1575291251.441,986,482,None,Move,development
1575291251.457,968,474,None,Move,development
1575291251.4729998,940,456,None,Move,development
1575291251.488,915,440,None,Move,development
1575291251.504,906,434,None,Move,development
1575291251.52,902,431,None,Move,development
1575291251.535,900,430,None,Move,development
1575291251.551,896,430,None,Move,development
1575291251.77,888,418,None,Move,development
1575291251.785,885,413,None,Move,development
1575291251.801,879,405,None,Move,development
1575291251.816,877,402,None,Move,development
1575291251.832,876,401,None,Move,development
1575291251.8479998,874,401,None,Move,development
1575291251.863,873,401,None,Move,development
1575291251.895,872,401,None,Move,development
1575291251.91,871,401,None,Move,development
1575291251.926,870,401,None,Move,development
1575291251.957,868,401,None,Move,development
1575291251.9729998,867,401,None,Move,development
1575291252.066,867,399,None,Move,development
1575291252.082,866,398,None,Move,development
1575291252.0979998,862,394,None,Move,development
1575291252.113,860,393,None,Move,development
1575291252.129,858,390,None,Move,development
1575291252.145,857,390,None,Move,development
1575291252.16,857,389,None,Move,development
1575291252.285,857,388,None,Move,development
1575291252.379,857,388,None,Move,development
1575291252.395,857,388,None,Move,development
1575291253.52,844,392,None,Move,development
1575291253.566,827,392,None,Move,development
1575291253.582,810,392,None,Move,development
1575291253.5979998,796,392,None,Move,development
1575291253.66,792,392,None,Move,development
1575291253.707,789,392,None,Move,development
1575291253.816,786,392,None,Move,development
1575291254.02,780,392,None,Move,development
1575291254.035,776,392,None,Move,development
1575291254.113,771,392,None,Move,development
1575291254.207,770,392,None,Move,development
1575291254.566,758,391,None,Move,development
1575291254.582,741,386,None,Move,development
1575291254.597,718,382,None,Move,development
1575291254.613,706,378,None,Move,development
1575291254.629,682,374,None,Move,development
1575291254.644,667,372,None,Move,development
1575291254.676,651,370,None,Move,development
1575291254.691,635,366,None,Move,development
1575291254.707,629,366,None,Move,development
1575291254.722,625,366,None,Move,development
1575291254.738,621,366,None,Move,development
1575291254.754,611,366,None,Move,development
1575291254.769,607,366,None,Move,development
1575291254.785,603,366,None,Move,development
1575291254.801,597,366,None,Move,development
1575291254.816,593,366,None,Move,development
1575291254.832,586,368,None,Move,development
1575291254.847,579,370,None,Move,development
1575291254.863,566,370,None,Move,development
1575291254.879,562,370,None,Move,development
1575291254.894,556,370,None,Move,development
1575291254.91,555,370,None,Move,development
1575291254.926,553,370,None,Move,development
1575291254.941,551,371,None,Move,development
1575291254.957,550,371,None,Move,development
1575291254.972,549,371,None,Move,development
1575291254.988,547,371,None,Move,development
1575291255.004,544,371,None,Move,development
1575291255.019,542,371,None,Move,development
1575291255.066,541,371,None,Move,development
1575291255.113,541,372,None,Move,development
1575291255.176,541,372,Left,Pressed,development
1575291255.285,541,372,Left,Released,development
1575291260.042,545,367,None,Move,development
1575291260.0570002,550,362,None,Move,development
1575291260.073,558,354,None,Move,development
1575291260.0879998,567,342,None,Move,development
1575291260.104,571,330,None,Move,development
1575291260.1260002,579,315,None,Move,development
1575291260.157,591,296,None,Move,development
1575291260.173,597,284,None,Move,development
1575291260.189,600,277,None,Move,development
1575291260.204,604,270,None,Move,development
1575291260.22,606,266,None,Move,development
1575291260.2370002,608,264,None,Move,development
1575291260.2470002,609,259,None,Move,development
1575291260.2589998,610,255,None,Move,development
1575291260.2770002,612,249,None,Move,development
1575291260.289,613,244,None,Move,development
1575291260.3,614,241,None,Move,development
1575291260.31,615,238,None,Move,development
1575291260.33,618,231,None,Move,development
1575291260.34,619,225,None,Move,development
1575291260.35,621,220,None,Move,development
1575291260.3679998,623,215,None,Move,development
1575291260.379,624,210,None,Move,development
1575291260.389,627,207,None,Move,development
1575291260.399,629,202,None,Move,development
1575291260.401,632,195,None,Move,development
1575291260.421,635,191,None,Move,development
1575291260.431,640,186,None,Move,development
1575291260.441,643,183,None,Move,development
1575291260.462,645,180,None,Move,development
1575291260.472,647,179,None,Move,development
1575291260.492,648,178,None,Move,development
1575291260.502,649,177,None,Move,development
1575291260.52,654,175,None,Move,development
1575291260.533,657,174,None,Move,development
1575291260.551,666,170,None,Move,development
1575291260.563,676,169,None,Move,development
1575291260.583,683,167,None,Move,development
1575291260.613,689,167,None,Move,development
1575291260.6339998,693,167,None,Move,development
1575291260.644,698,165,None,Move,development
1575291260.654,701,165,None,Move,development
1575291260.674,704,165,None,Move,development
1575291260.6929998,705,165,None,Move,development
1575291261.159,717,160,None,Move,development
1575291261.169,729,154,None,Move,development
1575291261.181,742,146,None,Move,development
1575291261.191,749,140,None,Move,development
1575291261.202,754,137,None,Move,development
1575291261.212,758,132,None,Move,development
1575291261.262,760,131,None,Move,development
1575291261.2729998,763,128,None,Move,development
1575291261.283,768,127,None,Move,development
1575291261.334,770,125,None,Move,development
1575291261.395,776,123,None,Move,development
1575291261.405,781,122,None,Move,development
1575291261.435,786,120,None,Move,development
1575291261.445,790,118,None,Move,development
1575291261.4629998,793,113,None,Move,development
1575291261.476,796,110,None,Move,development
1575291261.494,799,107,None,Move,development
1575291261.506,802,104,None,Move,development
1575291261.524,806,101,None,Move,development
1575291261.536,811,100,None,Move,development
1575291261.5470002,814,99,None,Move,development
1575291261.5570002,817,98,None,Move,development
1575291261.5670002,821,97,None,Move,development
1575291261.587,823,95,None,Move,development
1575291261.597,826,92,None,Move,development
1575291261.607,833,89,None,Move,development
1575291261.6279998,836,88,None,Move,development
1575291261.6379998,837,86,None,Move,development
1575291261.6479998,840,84,None,Move,development
1575291261.668,841,83,None,Move,development
1575291261.686,843,82,None,Move,development
1575291261.697,844,81,None,Move,development
1575291261.709,845,79,None,Move,development
1575291261.719,846,78,None,Move,development
1575291261.729,849,75,None,Move,development
1575291261.7470002,852,73,None,Move,development
1575291261.758,856,72,None,Move,development
1575291261.78,859,71,None,Move,development
1575291261.79,863,70,None,Move,development
1575291261.8079998,866,68,None,Move,development
1575291261.8179998,867,68,None,Move,development
1575291261.841,868,68,None,Move,development
1575291265.135,868,68,Left,Pressed,development
1575291265.254,868,68,Left,Released,development
1575291265.647,880,78,None,Move,development
1575291265.6620002,901,94,None,Move,development
1575291265.678,922,108,None,Move,development
1575291265.694,953,127,None,Move,development
1575291265.716,993,147,None,Move,development
1575291265.732,1027,172,None,Move,development
1575291265.7470002,1063,196,None,Move,development
1575291265.7629998,1081,205,None,Move,development
1575291265.779,1089,216,None,Move,development
1575291265.794,1094,221,None,Move,development
1575291265.816,1105,232,None,Move,development
1575291265.832,1111,237,None,Move,development
1575291265.847,1116,242,None,Move,development
1575291265.863,1117,243,None,Move,development
1575291265.879,1118,244,None,Move,development
1575291265.894,1119,245,None,Move,development
1575291267.482,1128,247,None,Move,development
1575291267.553,1143,256,None,Move,development
1575291267.571,1158,263,None,Move,development
1575291267.604,1165,268,None,Move,development
1575291267.663,1167,271,None,Move,development
1575291267.6929998,1167,272,None,Move,development
1575291267.783,1168,272,None,Move,development
1575291267.97,1168,272,Left,Pressed,development
1575291268.201,1168,272,Left,Released,development
1575291280.705,1160,286,None,Move,development
1575291280.707,1149,307,None,Move,development
1575291280.717,1140,327,None,Move,development
1575291280.728,1133,345,None,Move,development
1575291280.736,1127,355,None,Move,development
1575291280.738,1123,367,None,Move,development
1575291280.748,1119,376,None,Move,development
1575291280.758,1115,388,None,Move,development
1575291280.768,1107,404,None,Move,development
1575291280.776,1100,419,None,Move,development
1575291280.778,1096,436,None,Move,development
1575291280.786,1091,453,None,Move,development
1575291280.798,1085,468,None,Move,development
1575291280.809,1082,481,None,Move,development
1575291280.819,1078,491,None,Move,development
1575291280.829,1075,500,None,Move,development
1575291280.839,1069,510,None,Move,development
1575291280.849,1062,527,None,Move,development
1575291280.859,1058,536,None,Move,development
1575291280.869,1054,543,None,Move,development
1575291280.879,1049,550,None,Move,development
1575291280.889,1046,555,None,Move,development
1575291280.9,1040,566,None,Move,development
1575291280.91,1035,571,None,Move,development
1575291280.92,1032,576,None,Move,development
1575291280.93,1028,583,None,Move,development
1575291280.938,1025,587,None,Move,development
1575291280.95,1018,597,None,Move,development
1575291280.96,1015,602,None,Move,development
1575291280.97,1011,610,None,Move,development
1575291280.98,1004,618,None,Move,development
1575291280.988,998,630,None,Move,development
1575291280.998,994,640,None,Move,development
1575291281.0110002,986,659,None,Move,development
1575291281.021,983,663,None,Move,development
1575291281.031,982,668,None,Move,development
1575291281.041,980,673,None,Move,development
1575291281.049,979,675,None,Move,development
1575291281.059,979,676,None,Move,development
1575291281.069,979,677,None,Move,development
1575291281.079,979,678,None,Move,development
1575291281.081,979,679,None,Move,development
1575291281.1920002,979,679,None,Move,development
1575291281.202,979,678,None,Move,development
1575291281.2129998,979,677,None,Move,development
1575291281.221,979,676,None,Move,development
1575291281.2329998,984,673,None,Move,development
1575291281.2429998,988,668,None,Move,development
1575291281.2510002,992,665,None,Move,development
1575291281.2529998,999,662,None,Move,development
1575291281.2629998,1002,660,None,Move,development
1575291281.2729998,1005,658,None,Move,development
1575291281.283,1009,657,None,Move,development
1575291281.291,1011,654,None,Move,development
1575291281.293,1012,653,None,Move,development
1575291281.304,1013,651,None,Move,development
1575291281.3779998,1014,650,None,Move,development
1575291281.936,1014,645,None,Move,development
1575291281.946,1014,644,None,Move,development
1575291282.345,1014,640,None,Move,development
1575291282.367,1014,638,None,Move,development
1575291282.478,1014,638,None,Move,development
1575291282.539,1014,638,Left,Pressed,development
1575291282.631,1014,638,Left,Released,development
1575291283.3979998,980,653,None,Move,development
1575291283.41,949,666,None,Move,development
1575291283.42,911,687,None,Move,development
1575291283.438,860,717,None,Move,development
1575291283.448,835,737,None,Move,development
1575291283.461,802,757,None,Move,development
1575291283.471,787,766,None,Move,development
1575291283.481,778,770,None,Move,development
1575291283.4910002,775,771,None,Move,development
1575291283.5110002,774,773,None,Move,development
1575291283.521,772,773,None,Move,development
1575291283.56,772,774,None,Move,development
1575291283.582,772,775,None,Move,development
1575291283.592,772,776,None,Move,development
1575291283.6020002,772,777,None,Move,development
1575291283.62,771,778,None,Move,development
1575291283.631,770,782,None,Move,development
1575291283.643,769,787,None,Move,development
1575291283.653,767,791,None,Move,development
1575291283.663,766,797,None,Move,development
1575291283.673,766,806,None,Move,development
1575291283.6829998,766,814,None,Move,development
1575291283.6929998,761,829,None,Move,development
1575291283.712,759,841,None,Move,development
1575291283.722,758,850,None,Move,development
1575291283.734,754,862,None,Move,development
1575291283.744,753,868,None,Move,development
1575291283.752,749,875,None,Move,development
1575291283.764,743,888,None,Move,development
1575291283.774,737,897,None,Move,development
1575291283.784,731,907,None,Move,development
1575291283.805,723,917,None,Move,development
1575291283.815,719,924,None,Move,development
1575291283.833,714,931,None,Move,development
1575291283.855,713,935,None,Move,development
1575291283.865,710,938,None,Move,development
1575291283.875,709,941,None,Move,development
1575291283.896,708,942,None,Move,development
1575291283.906,707,943,None,Move,development
1575291283.936,705,946,None,Move,development
1575291283.957,704,949,None,Move,development
1575291283.967,703,952,None,Move,development
1575291283.9870002,702,955,None,Move,development
1575291283.9970002,701,958,None,Move,development
1575291284.038,697,965,None,Move,development
1575291284.048,689,972,None,Move,development
1575291284.0579998,681,985,None,Move,development
1575291284.086,675,998,None,Move,development
1575291284.0979998,670,1005,None,Move,development
1575291284.109,667,1008,None,Move,development
1575291284.119,666,1011,None,Move,development
1575291284.137,665,1013,None,Move,development
1575291284.149,664,1016,None,Move,development
1575291284.169,661,1021,None,Move,development
1575291284.2,658,1026,None,Move,development
1575291284.21,657,1031,None,Move,development
1575291284.22,655,1034,None,Move,development
1575291284.24,652,1036,None,Move,development
1575291284.667,652,1036,Left,Pressed,development
1575291284.771,652,1036,Left,Released,development
1575291285.6360002,657,1023,None,Move,file system
1575291285.6479998,669,1000,None,Move,file system
1575291285.658,680,985,None,Move,file system
1575291285.668,690,974,None,Move,file system
1575291285.678,700,966,None,Move,file system
1575291285.688,705,961,None,Move,file system
1575291285.707,708,958,None,Move,file system
1575291285.719,710,953,None,Move,file system
1575291285.7270002,711,950,None,Move,file system
1575291285.7389998,712,947,None,Move,file system
1575291285.7570002,712,945,None,Move,file system
1575291285.7670002,712,944,None,Move,file system
1575291285.7770002,712,942,None,Move,file system
1575291285.789,712,941,None,Move,file system
1575291285.82,712,940,None,Move,file system
1575291285.934,712,940,Left,Pressed,file system
1575291285.9970002,712,940,Left,Released,file system
1575291286.451,722,882,None,Move,development
1575291286.467,769,669,None,Move,development
1575291286.482,783,633,None,Move,development
1575291286.498,817,544,None,Move,development
1575291286.514,842,481,None,Move,development
1575291286.52,846,463,None,Move,development
1575291286.536,854,442,None,Move,development
1575291286.552,857,434,None,Move,development
1575291286.5670002,857,431,None,Move,development
1575291286.768,860,429,None,Move,development
1575291286.821,862,427,None,Move,development
1575291286.984,862,427,Left,Pressed,development
1575291287.216,862,427,Left,Released,development
1575291290.792,860,421,None,Move,development
1575291290.802,855,414,None,Move,development
1575291290.812,844,401,None,Move,development
1575291290.822,836,391,None,Move,development
1575291290.832,826,383,None,Move,development
1575291290.842,820,373,None,Move,development
1575291290.853,815,369,None,Move,development
1575291290.863,809,361,None,Move,development
1575291290.873,805,358,None,Move,development
1575291290.883,800,355,None,Move,development
1575291290.893,795,348,None,Move,development
1575291290.903,785,340,None,Move,development
1575291290.913,777,330,None,Move,development
1575291290.923,769,322,None,Move,development
1575291290.931,759,312,None,Move,development
1575291290.944,754,305,None,Move,development
1575291290.952,749,300,None,Move,development
1575291290.962,746,297,None,Move,development
1575291290.964,743,294,None,Move,development
1575291290.982,740,290,None,Move,development
1575291290.984,735,287,None,Move,development
1575291290.994,732,285,None,Move,development
1575291291.004,729,282,None,Move,development
1575291291.014,723,277,None,Move,development
1575291291.025,715,269,None,Move,development
1575291291.035,709,262,None,Move,development
1575291291.045,705,255,None,Move,development
1575291291.056,702,250,None,Move,development
1575291291.066,701,246,None,Move,development
1575291291.076,699,243,None,Move,development
1575291291.086,698,242,None,Move,development
1575291291.096,696,241,None,Move,development
1575291291.106,696,240,None,Move,development
1575291291.1160002,696,238,None,Move,development
1575291291.1260002,695,233,None,Move,development
1575291291.137,695,230,None,Move,development
1575291291.147,694,229,None,Move,development
1575291291.157,694,227,None,Move,development
1575291291.167,694,226,None,Move,development
1575291291.185,694,225,None,Move,development
1575291291.623,694,224,None,Move,development
1575291291.663,694,222,None,Move,development
1575291291.7129998,694,221,None,Move,development
1575291291.744,694,221,None,Move,development
1575291291.764,694,220,None,Move,development
1575291291.784,694,218,None,Move,development
1575291291.794,696,216,None,Move,development
1575291291.813,697,215,None,Move,development
1575291291.823,698,214,None,Move,development
1575291291.835,698,213,None,Move,development
1575291292.139,698,213,Left,Pressed,development
1575291292.23,698,213,Left,Released,development
1575291300.595,698,214,None,Move,development
1575291300.613,698,217,None,Move,development
1575291300.615,698,220,None,Move,development
1575291300.625,698,222,None,Move,development
1575291300.635,698,226,None,Move,development
1575291300.645,698,227,None,Move,development
1575291300.656,698,230,None,Move,development
1575291300.666,698,231,None,Move,development
1575291300.676,698,232,None,Move,development
1575291300.686,698,235,None,Move,development
1575291300.696,698,237,None,Move,development
1575291300.704,698,238,None,Move,development
1575291300.714,698,240,None,Move,development
1575291300.716,698,241,None,Move,development
1575291300.7270002,698,242,None,Move,development
1575291300.735,698,243,None,Move,development
1575291300.7370002,698,244,None,Move,development
1575291300.7470002,698,246,None,Move,development
1575291300.755,698,247,None,Move,development
1575291300.7570002,698,248,None,Move,development
1575291300.7670002,698,250,None,Move,development
1575291300.7770002,698,252,None,Move,development
1575291300.7970002,699,252,None,Move,development
1575291300.8079998,700,252,None,Move,development
1575291300.8179998,702,253,None,Move,development
1575291300.8279998,703,253,None,Move,development
1575291300.8379998,704,253,None,Move,development
1575291300.8479998,706,255,None,Move,development
1575291300.8579998,708,255,None,Move,development
1575291300.8679998,711,255,None,Move,development
1575291300.879,712,255,None,Move,development
1575291300.887,714,256,None,Move,development
1575291300.889,716,256,None,Move,development
1575291300.897,719,258,None,Move,development
1575291300.909,722,258,None,Move,development
1575291300.917,726,258,None,Move,development
1575291300.919,729,258,None,Move,development
1575291300.929,732,258,None,Move,development
1575291300.939,734,258,None,Move,development
1575291300.949,743,259,None,Move,development
1575291300.959,746,259,None,Move,development
1575291300.968,749,259,None,Move,development
1575291300.97,752,261,None,Move,development
1575291300.98,756,261,None,Move,development
1575291300.99,759,261,None,Move,development
1575291301.0,762,261,None,Move,development
1575291301.01,764,261,None,Move,development
1575291301.018,772,265,None,Move,development
1575291301.03,775,265,None,Move,development
1575291301.04,778,265,None,Move,development
1575291301.05,781,266,None,Move,development
1575291301.0579998,782,266,None,Move,development
1575291301.069,783,266,None,Move,development
1575291301.071,786,267,None,Move,development
1575291301.079,787,267,None,Move,development
1575291301.321,787,267,None,Move,development
1575291301.336,786,269,None,Move,development
1575291301.367,785,270,None,Move,development
1575291301.39,784,270,None,Move,development
1575291301.436,787,267,Left,Pressed,development
1575291301.552,787,267,Left,Released,development
1575291321.24,779,266,None,Move,development
1575291321.242,765,264,None,Move,development
1575291321.252,747,262,None,Move,development
1575291321.262,730,258,None,Move,development
1575291321.27,713,256,None,Move,development
1575291321.272,698,251,None,Move,development
1575291321.282,689,248,None,Move,development
1575291321.29,677,246,None,Move,development
1575291321.3,667,242,None,Move,development
1575291321.302,655,238,None,Move,development
1575291321.312,646,234,None,Move,development
1575291321.322,633,228,None,Move,development
1575291321.331,623,224,None,Move,development
1575291321.353,616,222,None,Move,development
1575291321.363,612,221,None,Move,development
1575291321.373,605,220,None,Move,development
1575291321.383,588,218,None,Move,development
1575291321.393,576,216,None,Move,development
1575291321.4020002,562,214,None,Move,development
1575291321.4120002,538,210,None,Move,development
1575291321.427,521,205,None,Move,development
1575291321.4429998,487,203,None,Move,development
1575291321.458,448,203,None,Move,development
1575291321.474,428,203,None,Move,development
1575291321.49,407,203,None,Move,development
1575291321.505,391,203,None,Move,development
1575291321.512,379,201,None,Move,development
1575291321.5270002,359,201,None,Move,development
1575291321.543,331,199,None,Move,development
1575291321.559,309,197,None,Move,development
1575291321.574,275,197,None,Move,development
1575291321.59,259,195,None,Move,development
1575291321.606,247,195,None,Move,development
1575291321.6120002,242,195,None,Move,development
1575291321.6279998,233,195,None,Move,development
1575291321.643,226,194,None,Move,development
1575291321.659,222,193,None,Move,development
1575291321.675,203,183,None,Move,development
1575291321.69,193,179,None,Move,development
1575291321.712,189,176,None,Move,development
1575291321.728,187,172,None,Move,development
1575291321.744,183,170,None,Move,development
1575291321.7589998,183,167,None,Move,development
1575291321.775,183,165,None,Move,development
1575291321.791,185,158,None,Move,development
1575291321.813,192,148,None,Move,development
1575291321.8279998,197,145,None,Move,development
1575291321.844,199,139,None,Move,development
1575291321.86,202,137,None,Move,development
1575291321.96,203,136,None,Move,development
1575291322.029,204,136,None,Move,development
1575291322.06,205,136,None,Move,development
1575291322.076,208,136,None,Move,development
1575291322.107,209,136,None,Move,development
1575291322.113,210,136,None,Move,development
1575291322.129,211,136,None,Move,development
1575291322.145,214,136,None,Move,development
1575291322.16,215,136,None,Move,development
1575291322.176,216,136,None,Move,development
1575291322.1920002,217,136,None,Move,development
1575291322.229,220,136,None,Move,development
1575291322.245,221,136,None,Move,development
1575291322.345,221,136,Left,Pressed,development
1575291322.446,221,136,Left,Released,development
1575291327.93,224,138,None,Move,development
1575291327.945,229,143,None,Move,development
1575291327.961,236,150,None,Move,development
1575291327.9770002,242,156,None,Move,development
1575291327.992,252,163,None,Move,development
1575291328.008,258,169,None,Move,development
1575291328.03,270,178,None,Move,development
1575291328.046,280,190,None,Move,development
1575291328.061,293,203,None,Move,development
1575291328.077,305,213,None,Move,development
1575291328.093,318,228,None,Move,development
1575291328.1079998,327,240,None,Move,development
1575291328.13,335,252,None,Move,development
1575291328.146,345,269,None,Move,development
1575291328.1620002,352,285,None,Move,development
1575291328.177,356,301,None,Move,development
1575291328.1929998,360,317,None,Move,development
1575291328.208,360,323,None,Move,development
1575291328.231,363,339,None,Move,development
1575291328.246,363,349,None,Move,development
1575291328.262,363,362,None,Move,development
1575291328.278,363,367,None,Move,development
1575291328.293,363,375,None,Move,development
1575291328.309,363,381,None,Move,development
1575291328.331,361,390,None,Move,development
1575291328.343,360,399,None,Move,development
1575291328.353,358,404,None,Move,development
1575291328.363,357,410,None,Move,development
1575291328.373,356,415,None,Move,development
1575291328.3839998,352,421,None,Move,development
1575291328.394,351,426,None,Move,development
1575291328.405,350,430,None,Move,development
1575291328.414,348,433,None,Move,development
1575291328.424,346,436,None,Move,development
1575291328.434,345,440,None,Move,development
1575291328.444,342,443,None,Move,development
1575291328.454,341,446,None,Move,development
1575291328.465,340,447,None,Move,development
1575291328.475,338,449,None,Move,development
1575291328.4829998,336,453,None,Move,development
1575291328.495,335,454,None,Move,development
1575291328.505,335,455,None,Move,development
1575291328.515,333,456,None,Move,development
1575291328.525,333,457,None,Move,development
1575291328.546,331,459,None,Move,development
1575291328.556,329,462,None,Move,development
1575291328.566,328,463,None,Move,development
1575291328.576,327,464,None,Move,development
1575291328.586,327,465,None,Move,development
1575291328.606,325,468,None,Move,development
1575291328.6160002,324,469,None,Move,development
1575291328.6260002,323,470,None,Move,development
1575291328.6360002,323,472,None,Move,development
1575291329.2629998,326,471,None,Move,development
1575291329.2729998,329,470,None,Move,development
1575291329.281,332,468,None,Move,development
1575291329.293,336,467,None,Move,development
1575291329.303,337,467,None,Move,development
1575291329.313,338,467,None,Move,development
1575291329.4220002,338,466,None,Move,development
1575291329.465,338,465,None,Move,development
1575291329.475,339,465,None,Move,development
1575291329.4929998,339,463,None,Move,development
1575291329.556,340,462,None,Move,development
1575291329.584,342,462,None,Move,development
1575291329.594,342,460,None,Move,development
1575291329.604,343,460,None,Move,development
1575291329.62,344,460,None,Move,development
1575291329.6360002,348,458,None,Move,development
1575291329.651,350,457,None,Move,development
1575291329.667,351,457,None,Move,development
1575291329.698,353,457,None,Move,development
1575291329.736,354,457,None,Move,development
1575291329.7670002,355,457,None,Move,development
1575291329.783,355,456,None,Move,development
1575291329.805,356,456,None,Move,development
1575291329.8520002,356,455,None,Move,development
1575291329.867,359,455,None,Move,development
1575291329.921,360,455,None,Move,development
1575291329.936,361,455,None,Move,development
1575291329.968,362,455,None,Move,development
1575291329.9829998,362,453,None,Move,development
1575291330.005,364,452,None,Move,development
1575291330.0370002,365,452,None,Move,development
1575291330.052,365,451,None,Move,development
1575291331.441,365,451,Left,Pressed,development
1575291331.873,365,450,None,Drag,development
1575291331.889,365,449,None,Drag,development
1575291331.904,365,445,None,Drag,development
1575291331.911,365,442,None,Drag,development
1575291331.926,365,437,None,Drag,development
1575291331.9420002,365,432,None,Drag,development
1575291331.958,365,425,None,Drag,development
1575291331.9729998,365,420,None,Drag,development
1575291331.9889998,365,417,None,Drag,development
1575291332.005,365,415,None,Drag,development
1575291332.0110002,365,414,None,Drag,development
1575291332.042,365,411,None,Drag,development
1575291332.0579998,365,407,None,Drag,development
1575291332.074,365,402,None,Drag,development
1575291332.089,365,394,None,Drag,development
1575291332.105,365,393,None,Drag,development
1575291332.111,365,391,None,Drag,development
1575291332.127,365,389,None,Drag,development
1575291332.174,365,387,None,Drag,development
1575291332.64,365,387,None,Drag,development
1575291332.656,365,387,None,Drag,development
1575291332.671,365,389,None,Drag,development
1575291332.694,365,390,None,Drag,development
1575291332.709,363,390,None,Drag,development
1575291332.74,363,393,None,Drag,development
1575291332.756,363,395,None,Drag,development
1575291332.772,363,396,None,Drag,development
1575291332.794,363,398,None,Drag,development
1575291332.825,363,399,None,Drag,development
1575291332.841,362,400,None,Drag,development
1575291332.856,362,401,None,Drag,development
1575291332.8720002,362,402,None,Drag,development
1575291332.91,362,404,None,Drag,development
1575291333.01,362,405,None,Drag,development
1575291333.389,362,405,Left,Released,development
1575291334.028,372,405,None,Move,development
1575291334.044,406,405,None,Move,development
1575291334.059,448,405,None,Move,development
1575291334.075,496,399,None,Move,development
1575291334.091,583,390,None,Move,development
1575291334.097,613,380,None,Move,development
1575291334.113,699,369,None,Move,development
1575291334.129,782,359,None,Move,development
1575291334.144,841,359,None,Move,development
1575291334.16,872,360,None,Move,development
1575291334.175,898,362,None,Move,development
1575291334.191,919,366,None,Move,development
1575291334.198,926,368,None,Move,development
1575291334.2129998,939,371,None,Move,development
1575291334.229,950,373,None,Move,development
1575291334.244,956,376,None,Move,development
1575291334.26,958,376,None,Move,development
1575291334.276,960,377,None,Move,development
1575291334.498,960,377,Left,Pressed,development
1575291334.714,960,377,Left,Released,development
1575291335.015,991,369,None,Move,development
1575291335.031,1088,345,None,Move,development
1575291335.0470002,1216,317,None,Move,development
1575291335.062,1304,302,None,Move,development
1575291335.0779998,1387,297,None,Move,development
1575291335.093,1479,287,None,Move,development
1575291335.1,1510,285,None,Move,development
1575291335.1160002,1547,280,None,Move,development
1575291335.131,1592,276,None,Move,development
1575291335.147,1625,276,None,Move,development
1575291335.1620002,1641,274,None,Move,development
1575291335.178,1650,273,None,Move,development
1575291335.194,1659,273,None,Move,development
1575291335.2,1660,273,None,Move,development
1575291335.216,1664,273,None,Move,development
1575291335.232,1665,273,None,Move,development
1575291335.2629998,1668,273,None,Move,development
1575291335.278,1672,273,None,Move,development
1575291335.294,1684,273,None,Move,development
1575291335.301,1693,273,None,Move,development
1575291335.316,1719,273,None,Move,development
1575291335.332,1752,273,None,Move,development
1575291335.347,1811,273,None,Move,development
1575291335.363,1856,273,None,Move,development
1575291335.379,1903,273,None,Move,development
1575291335.394,1923,273,None,Move,development
1575291335.401,1933,273,None,Move,development
1575291335.416,1928,273,None,Move,development
1575291335.4320002,1925,273,None,Move,development
1575291335.448,1922,273,None,Move,development
1575291335.4629998,1920,273,None,Move,development
1575291335.5170002,1919,273,None,Move,development
1575291335.532,1917,273,None,Move,development
1575291335.548,1914,273,None,Move,development
1575291335.564,1909,273,None,Move,development
1575291335.579,1907,273,None,Move,development
1575291335.595,1900,273,None,Move,development
1575291335.601,1899,273,None,Move,development
1575291335.62,1897,273,None,Move,development
1575291335.629,1896,273,None,Move,development
1575291335.6360002,1894,273,None,Move,development
1575291335.651,1888,273,None,Move,development
1575291335.667,1885,274,None,Move,development
1575291335.6820002,1883,274,None,Move,development
1575291335.702,1881,276,None,Move,development
1575291335.717,1876,277,None,Move,development
1575291335.7329998,1875,277,None,Move,development
1575291335.748,1873,277,None,Move,development
1575291335.764,1870,277,None,Move,development
1575291335.78,1869,277,None,Move,development
1575291335.802,1867,278,None,Move,development
1575291335.8170002,1866,278,None,Move,development
1575291336.049,1866,278,None,Move,development
1575291336.065,1867,278,None,Move,development
1575291336.081,1868,278,None,Move,development
1575291336.096,1869,278,None,Move,development
1575291336.103,1871,278,None,Move,development
1575291336.15,1872,278,None,Move,development
1575291336.2029998,1873,278,None,Move,development
1575291336.219,1875,278,None,Move,development
1575291336.234,1877,278,None,Move,development
1575291336.25,1878,278,None,Move,development
1575291336.281,1879,278,None,Move,development
1575291336.335,1880,278,None,Move,development
1575291336.3660002,1880,278,None,Move,development
1575291336.381,1881,278,None,Move,development
1575291336.871,1881,281,None,Move,development
1575291336.879,1881,285,None,Move,development
1575291336.889,1879,294,None,Move,development
1575291336.891,1879,298,None,Move,development
1575291336.901,1879,303,None,Move,development
1575291336.911,1879,311,None,Move,development
1575291336.921,1879,315,None,Move,development
1575291336.931,1879,322,None,Move,development
1575291336.9420002,1879,325,None,Move,development
1575291336.952,1879,328,None,Move,development
1575291336.962,1879,330,None,Move,development
1575291336.972,1879,331,None,Move,development
1575291336.982,1879,334,None,Move,development
1575291336.992,1879,336,None,Move,development
1575291337.002,1879,341,None,Move,development
1575291337.021,1879,344,None,Move,development
1575291337.033,1879,347,None,Move,development
1575291337.043,1879,352,None,Move,development
1575291337.053,1879,354,None,Move,development
1575291337.063,1879,357,None,Move,development
1575291337.073,1879,359,None,Move,development
1575291337.083,1879,362,None,Move,development
1575291337.093,1879,365,None,Move,development
1575291337.104,1879,370,None,Move,development
1575291337.1139998,1879,372,None,Move,development
1575291337.1320002,1879,374,None,Move,development
1575291337.1420002,1879,377,None,Move,development
1575291337.154,1879,381,None,Move,development
1575291337.165,1879,383,None,Move,development
1575291337.175,1879,386,None,Move,development
1575291337.1829998,1879,391,None,Move,development
1575291337.195,1879,394,None,Move,development
1575291337.205,1879,397,None,Move,development
1575291337.215,1879,402,None,Move,development
1575291337.225,1878,405,None,Move,development
1575291337.235,1878,407,None,Move,development
1575291337.246,1878,412,None,Move,development
1575291337.256,1878,415,None,Move,development
1575291337.266,1878,418,None,Move,development
1575291337.276,1878,420,None,Move,development
1575291337.286,1878,421,None,Move,development
1575291337.296,1878,422,None,Move,development
1575291337.306,1878,423,None,Move,development
1575291337.325,1878,426,None,Move,development
1575291337.335,1878,427,None,Move,development
1575291337.345,1878,430,None,Move,development
1575291337.357,1878,431,None,Move,development
1575291337.367,1878,432,None,Move,development
1575291337.377,1878,433,None,Move,development
1575291337.387,1878,436,None,Move,development
1575291337.397,1878,437,None,Move,development
1575291337.408,1878,438,None,Move,development
1575291337.418,1878,439,None,Move,development
1575291337.428,1878,441,None,Move,development
1575291337.438,1878,442,None,Move,development
1575291337.458,1878,443,None,Move,development
1575291337.5470002,1878,444,None,Move,development
1575291337.843,1878,445,None,Move,development
1575291337.853,1878,448,None,Move,development
1575291337.863,1878,449,None,Move,development
1575291337.873,1878,453,None,Move,development
1575291337.883,1878,455,None,Move,development
1575291337.894,1878,458,None,Move,development
1575291337.9020002,1878,463,None,Move,development
1575291337.9120002,1878,465,None,Move,development
1575291337.9120002,1878,468,None,Move,development
1575291337.924,1878,473,None,Move,development
1575291337.934,1878,476,None,Move,development
1575291337.944,1878,478,None,Move,development
1575291337.952,1878,481,None,Move,development
1575291337.962,1878,484,None,Move,development
1575291337.978,1878,488,None,Move,development
1575291337.994,1878,489,None,Move,development
1575291338.0089998,1878,491,None,Move,development
1575291338.025,1878,493,None,Move,development
1575291338.041,1878,495,None,Move,development
1575291338.056,1878,496,None,Move,development
1575291338.125,1878,497,None,Move,development
1575291338.658,1878,498,None,Move,development
1575291338.68,1878,500,None,Move,development
1575291338.796,1878,501,None,Move,development
1575291338.827,1878,502,None,Move,development
1575291338.843,1878,504,None,Move,development
1575291338.859,1878,506,None,Move,development
1575291338.865,1878,507,None,Move,development
1575291338.881,1878,509,None,Move,development
1575291338.896,1878,510,None,Move,development
1575291338.9120002,1878,512,None,Move,development
1575291338.9429998,1878,513,None,Move,development
1575291339.024,1878,514,None,Move,development
1575291339.1120002,1878,515,None,Move,development
1575291339.144,1878,516,None,Move,development
1575291339.166,1878,518,None,Move,development
1575291339.181,1878,519,None,Move,development
1575291340.231,1878,520,None,Move,development
1575291340.2470002,1878,521,None,Move,development
1575291340.269,1878,524,None,Move,development
1575291340.285,1878,527,None,Move,development
1575291340.3,1878,531,None,Move,development
1575291340.316,1877,533,None,Move,development
1575291340.332,1877,534,None,Move,development
1575291340.3639998,1877,536,None,Move,development
1575291342.696,1859,528,None,Move,development
1575291342.704,1841,517,None,Move,development
1575291342.706,1818,507,None,Move,development
1575291342.717,1773,496,None,Move,development
1575291342.725,1728,487,None,Move,development
1575291342.7270002,1700,483,None,Move,development
1575291342.735,1669,478,None,Move,development
1575291342.7470002,1620,472,None,Move,development
1575291342.755,1592,469,None,Move,development
1575291342.7570002,1570,469,None,Move,development
1575291342.7670002,1545,469,None,Move,development
1575291342.7770002,1520,469,None,Move,development
1575291342.785,1497,471,None,Move,development
1575291342.7870002,1475,473,None,Move,development
1575291342.7970002,1460,475,None,Move,development
1575291342.806,1449,477,None,Move,development
1575291342.8179998,1442,478,None,Move,development
1575291342.826,1433,480,None,Move,development
1575291342.8379998,1417,484,None,Move,development
1575291342.8479998,1413,487,None,Move,development
1575291342.856,1407,489,None,Move,development
1575291342.8660002,1402,492,None,Move,development
1575291342.8679998,1399,493,None,Move,development
1575291342.8779998,1396,495,None,Move,development
1575291342.8879998,1391,496,None,Move,development
1575291342.8979998,1390,499,None,Move,development
1575291342.907,1389,500,None,Move,development
1575291342.919,1386,503,None,Move,development
1575291343.191,1386,503,Left,Pressed,development
1575291343.4220002,1386,503,Left,Released,development
1575291343.8279998,1360,502,None,Move,development
1575291343.834,1279,498,None,Move,development
1575291343.85,1182,498,None,Move,development
1575291343.8660002,1014,508,None,Move,development
1575291343.881,898,517,None,Move,development
1575291343.897,796,529,None,Move,development
1575291343.913,658,551,None,Move,development
1575291343.928,578,562,None,Move,development
1575291343.935,543,573,None,Move,development
1575291343.95,439,588,None,Move,development
1575291343.966,388,600,None,Move,development
1575291343.982,334,607,None,Move,development
1575291343.9970002,313,611,None,Move,development
1575291344.0129998,306,612,None,Move,development
1575291344.029,303,612,None,Move,development
1575291344.035,302,612,None,Move,development
1575291344.051,301,612,None,Move,development
1575291344.135,300,612,None,Move,development
1575291344.151,301,612,None,Move,development
1575291344.167,318,612,None,Move,development
1575291344.1820002,363,603,None,Move,development
1575291344.198,386,600,None,Move,development
1575291344.2129998,415,596,None,Move,development
1575291344.236,422,596,None,Move,development
1575291344.2510002,426,596,None,Move,development
1575291344.3520002,424,596,None,Move,development
1575291344.367,422,596,None,Move,development
1575291344.383,420,596,None,Move,development
1575291344.3979998,417,596,None,Move,development
1575291344.414,417,594,None,Move,development
1575291344.436,417,593,None,Move,development
1575291344.452,417,591,None,Move,development
1575291344.467,417,588,None,Move,development
1575291344.4829998,420,586,None,Move,development
1575291344.4989998,421,583,None,Move,development
1575291344.514,429,580,None,Move,development
1575291344.53,431,579,None,Move,development
1575291344.536,432,579,None,Move,development
1575291344.583,435,579,None,Move,development
1575291344.63,436,579,None,Move,development
1575291344.815,436,579,Left,Pressed,development
1575291345.031,436,579,Left,Released,development
1575291345.544,436,579,Right,Pressed,development
1575291345.676,436,579,Right,Released,development
1575291346.2229998,442,581,None,Move,development
1575291346.2329998,449,584,None,Move,development
1575291346.2410002,458,586,None,Move,development
1575291346.2429998,464,588,None,Move,development
1575291346.2510002,471,590,None,Move,development
1575291346.2629998,475,591,None,Move,development
1575291346.271,480,593,None,Move,development
1575291346.2729998,487,596,None,Move,development
1575291346.281,490,597,None,Move,development
1575291346.293,493,599,None,Move,development
1575291346.304,495,600,None,Move,development
1575291346.314,500,602,None,Move,development
1575291346.322,501,602,None,Move,development
1575291346.324,503,602,None,Move,development
1575291346.334,504,602,None,Move,development
1575291346.344,505,602,None,Move,development
1575291346.354,505,603,None,Move,development
1575291346.3620002,506,603,None,Move,development
1575291346.3739998,506,604,None,Move,development
1575291346.534,506,604,Left,Pressed,development
1575291346.607,506,604,Left,Released,development
1575291372.3879998,511,599,None,Move,development
1575291372.397,518,592,None,Move,development
1575291372.399,529,581,None,Move,development
1575291372.407,539,573,None,Move,development
1575291372.419,552,563,None,Move,development
1575291372.429,559,555,None,Move,development
1575291372.437,569,549,None,Move,development
1575291372.447,577,542,None,Move,development
1575291372.449,582,539,None,Move,development
1575291372.459,586,534,None,Move,development
1575291372.469,591,531,None,Move,development
1575291372.479,600,527,None,Move,development
1575291372.49,609,525,None,Move,development
1575291372.5,616,522,None,Move,development
1575291372.508,628,515,None,Move,development
1575291372.51,638,512,None,Move,development
1575291372.518,647,508,None,Move,development
1575291372.53,654,504,None,Move,development
1575291372.54,659,501,None,Move,development
1575291372.55,661,499,None,Move,development
1575291372.56,664,498,None,Move,development
1575291372.57,666,497,None,Move,development
1575291372.579,671,496,None,Move,development
1575291372.591,678,491,None,Move,development
1575291372.601,687,486,None,Move,development
1575291372.609,694,482,None,Move,development
1575291372.611,704,479,None,Move,development
1575291372.621,716,475,None,Move,development
1575291372.631,731,468,None,Move,development
1575291372.641,761,453,None,Move,development
1575291372.651,784,441,None,Move,development
1575291372.659,822,428,None,Move,development
1575291372.669,859,411,None,Move,development
1575291372.679,880,402,None,Move,development
1575291372.689,933,382,None,Move,development
1575291372.6920002,965,366,None,Move,development
1575291372.702,989,352,None,Move,development
1575291372.712,1009,340,None,Move,development
1575291372.722,1030,326,None,Move,development
1575291372.73,1048,317,None,Move,development
1575291372.74,1066,306,None,Move,development
1575291372.742,1073,302,None,Move,development
1575291372.752,1076,301,None,Move,development
1575291372.762,1080,299,None,Move,development
1575291373.005,1080,299,Left,Pressed,development
1575291373.235,1080,299,Left,Released,development
1575291374.2970002,1080,297,None,Move,development
1575291374.3070002,1080,294,None,Move,development
1575291374.3170002,1080,293,None,Move,development
1575291374.3879998,1080,293,None,Move,development
1575291380.962,1071,291,None,Move,development
1575291380.972,1059,289,None,Move,development
1575291380.982,1049,286,None,Move,development
1575291380.992,1017,272,None,Move,development
1575291381.002,997,266,None,Move,development
1575291381.0110002,976,259,None,Move,development
1575291381.012,958,248,None,Move,development
1575291381.0229998,943,241,None,Move,development
1575291381.033,928,235,None,Move,development
1575291381.041,915,224,None,Move,development
1575291381.043,897,213,None,Move,development
1575291381.051,874,199,None,Move,development
1575291381.063,856,190,None,Move,development
1575291381.073,828,175,None,Move,development
1575291381.083,811,168,None,Move,development
1575291381.091,793,162,None,Move,development
1575291381.093,773,153,None,Move,development
1575291381.103,750,146,None,Move,development
1575291381.1139998,735,141,None,Move,development
1575291381.1220002,717,135,None,Move,development
1575291381.1239998,705,131,None,Move,development
1575291381.1339998,698,127,None,Move,development
1575291381.1420002,691,124,None,Move,development
1575291381.144,682,120,None,Move,development
1575291381.154,677,117,None,Move,development
1575291381.164,671,115,None,Move,development
1575291381.1720002,666,114,None,Move,development
1575291381.174,663,112,None,Move,development
1575291381.184,661,112,None,Move,development
1575291381.195,659,112,None,Move,development
1575291381.2029998,657,112,None,Move,development
1575291381.205,656,112,None,Move,development
1575291381.2129998,653,111,None,Move,development
1575291381.2229998,650,110,None,Move,development
1575291381.225,647,110,None,Move,development
1575291381.235,646,110,None,Move,development
1575291381.245,645,110,None,Move,development
1575291381.2529998,642,110,None,Move,development
1575291381.255,641,110,None,Move,development
1575291381.2629998,640,110,None,Move,development
1575291381.365,640,110,None,Move,development
1575291381.393,640,112,None,Move,development
1575291381.408,638,117,None,Move,development
1575291381.424,635,121,None,Move,development
1575291381.434,634,124,None,Move,development
1575291381.449,629,131,None,Move,development
1575291381.465,626,137,None,Move,development
1575291381.481,624,140,None,Move,development
1575291381.496,623,142,None,Move,development
1575291381.512,623,147,None,Move,development
1575291381.5270002,621,149,None,Move,development
1575291381.534,621,151,None,Move,development
1575291381.6339998,620,151,None,Move,development
1575291381.75,620,151,Left,Pressed,development
1575291381.851,620,151,Left,Released,development
1575291382.3520002,620,151,None,Move,development
1575291382.3679998,634,153,None,Move,development
1575291382.383,646,157,None,Move,development
1575291382.399,658,162,None,Move,development
1575291382.415,683,173,None,Move,development
1575291382.437,696,179,None,Move,development
1575291382.452,710,186,None,Move,development
1575291382.468,719,192,None,Move,development
1575291382.484,733,200,None,Move,development
1575291382.4989998,744,213,None,Move,development
1575291382.515,752,223,None,Move,development
1575291382.5370002,755,228,None,Move,development
1575291382.553,765,239,None,Move,development
1575291382.5679998,766,246,None,Move,development
1575291382.584,770,256,None,Move,development
1575291382.599,770,259,None,Move,development
1575291383.6829998,786,259,None,Move,development
1575291383.6929998,805,258,None,Move,development
1575291383.7029998,840,255,None,Move,development
1575291383.711,871,253,None,Move,development
1575291383.7129998,899,250,None,Move,development
1575291383.7229998,930,248,None,Move,development
1575291383.7329998,977,245,None,Move,development
1575291383.7429998,1031,239,None,Move,development
1575291383.7510002,1061,239,None,Move,development
1575291383.7529998,1100,239,None,Move,development
1575291383.7629998,1154,233,None,Move,development
1575291383.774,1184,233,None,Move,development
1575291383.782,1218,233,None,Move,development
1575291383.792,1258,233,None,Move,development
1575291383.794,1286,236,None,Move,development
1575291383.804,1306,238,None,Move,development
1575291383.814,1331,241,None,Move,development
1575291383.824,1354,243,None,Move,development
1575291383.834,1374,245,None,Move,development
1575291383.842,1385,247,None,Move,development
1575291383.844,1397,249,None,Move,development
1575291383.854,1406,251,None,Move,development
1575291383.8620002,1415,253,None,Move,development
1575291383.8639998,1425,255,None,Move,development
1575291383.875,1433,255,None,Move,development
1575291383.885,1445,257,None,Move,development
1575291383.895,1452,258,None,Move,development
1575291383.905,1464,260,None,Move,development
1575291383.913,1470,262,None,Move,development
1575291383.923,1477,263,None,Move,development
1575291383.925,1482,266,None,Move,development
1575291383.935,1487,268,None,Move,development
1575291383.945,1489,269,None,Move,development
1575291383.955,1492,270,None,Move,development
1575291383.9629998,1495,272,None,Move,development
1575291383.9729998,1500,275,None,Move,development
1575291383.976,1501,276,None,Move,development
1575291383.986,1503,279,None,Move,development
1575291384.867,1509,282,None,Move,development
1575291384.877,1521,286,None,Move,development
1575291384.885,1531,290,None,Move,development
1575291384.887,1540,294,None,Move,development
1575291384.897,1548,300,None,Move,development
1575291384.907,1559,301,None,Move,development
1575291384.917,1569,305,None,Move,development
1575291384.927,1587,309,None,Move,development
1575291384.937,1599,313,None,Move,development
1575291384.945,1608,315,None,Move,development
1575291384.947,1621,319,None,Move,development
1575291384.958,1632,321,None,Move,development
1575291384.968,1641,323,None,Move,development
1575291384.978,1648,324,None,Move,development
1575291384.986,1657,326,None,Move,development
1575291384.988,1664,328,None,Move,development
1575291384.998,1670,329,None,Move,development
1575291385.006,1682,331,None,Move,development
1575291385.008,1694,335,None,Move,development
1575291385.018,1706,339,None,Move,development
1575291385.028,1718,343,None,Move,development
1575291385.038,1730,345,None,Move,development
1575291385.049,1739,347,None,Move,development
1575291385.059,1746,352,None,Move,development
1575291385.069,1758,354,None,Move,development
1575291385.079,1770,356,None,Move,development
1575291385.089,1779,358,None,Move,development
1575291385.097,1788,360,None,Move,development
1575291385.099,1795,362,None,Move,development
1575291385.109,1799,365,None,Move,development
1575291385.119,1806,366,None,Move,development
1575291385.129,1809,368,None,Move,development
1575291385.139,1810,368,None,Move,development
1575291385.15,1812,368,None,Move,development
1575291385.16,1812,369,None,Move,development
1575291385.19,1813,369,None,Move,development
1575291385.2,1815,370,None,Move,development
1575291385.978,1817,369,None,Move,development
1575291385.98,1820,367,None,Move,development
1575291385.988,1823,364,None,Move,development
1575291386.0,1826,363,None,Move,development
1575291386.008,1829,360,None,Move,development
1575291386.02,1834,352,None,Move,development
1575291386.031,1837,349,None,Move,development
1575291386.041,1841,345,None,Move,development
1575291386.051,1846,342,None,Move,development
1575291386.061,1847,339,None,Move,development
1575291386.071,1848,338,None,Move,development
1575291386.079,1851,336,None,Move,development
1575291386.081,1852,335,None,Move,development
1575291386.091,1853,334,None,Move,development
1575291386.099,1854,333,None,Move,development
1575291386.111,1854,332,None,Move,development
1575291386.1220002,1855,332,None,Move,development
1575291386.1320002,1856,330,None,Move,development
1575291386.14,1858,328,None,Move,development
1575291386.15,1860,326,None,Move,development
1575291386.1520002,1862,325,None,Move,development
1575291386.1620002,1864,324,None,Move,development
1575291386.17,1869,322,None,Move,development
1575291386.1720002,1870,321,None,Move,development
1575291386.1820002,1871,320,None,Move,development
1575291386.19,1874,319,None,Move,development
1575291386.202,1877,317,None,Move,development
1575291386.21,1878,316,None,Move,development
1575291386.212,1882,313,None,Move,development
1575291386.222,1883,312,None,Move,development
1575291386.2329998,1884,311,None,Move,development
1575291386.2410002,1885,309,None,Move,development
1575291386.2510002,1886,308,None,Move,development
1575291386.266,1889,304,None,Move,development
1575291386.282,1891,303,None,Move,development
1575291386.298,1893,300,None,Move,development
1575291386.313,1894,298,None,Move,development
1575291386.529,1894,298,None,Move,development
1575291386.545,1893,298,None,Move,development
1575291386.668,1892,298,None,Move,development
1575291386.6829998,1891,298,None,Move,development
1575291386.699,1887,298,None,Move,development
1575291386.714,1886,298,None,Move,development
1575291386.73,1883,298,None,Move,development
1575291386.752,1882,299,None,Move,development
1575291386.768,1881,299,None,Move,development
1575291386.783,1878,299,None,Move,development
1575291386.799,1875,299,None,Move,development
1575291386.815,1873,299,None,Move,development
1575291386.83,1872,299,None,Move,development
1575291386.846,1872,300,None,Move,development
1575291387.131,1874,300,None,Move,development
1575291387.2,1875,300,None,Move,development
1575291387.254,1876,300,None,Move,development
1575291387.332,1877,300,None,Move,development
1575291387.385,1879,300,None,Move,development
1575291387.416,1880,300,None,Move,development
1575291387.454,1881,300,None,Move,development
1575291389.144,1881,301,None,Move,development
1575291389.154,1881,303,None,Move,development
1575291389.1620002,1881,304,None,Move,development
1575291389.165,1881,305,None,Move,development
1575291389.175,1881,306,None,Move,development
1575291389.185,1881,307,None,Move,development
1575291389.195,1881,308,None,Move,development
1575291389.2029998,1881,310,None,Move,development
1575291389.205,1881,312,None,Move,development
1575291389.215,1881,313,None,Move,development
1575291389.225,1881,315,None,Move,development
1575291389.236,1881,316,None,Move,development
1575291389.244,1881,317,None,Move,development
1575291389.246,1881,318,None,Move,development
1575291389.256,1881,320,None,Move,development
1575291389.276,1881,321,None,Move,development
1575291389.294,1881,322,None,Move,development
1575291389.3170002,1881,325,None,Move,development
1575291389.327,1881,326,None,Move,development
1575291389.355,1881,327,None,Move,development
1575291389.375,1881,328,None,Move,development
1575291389.406,1881,329,None,Move,development
1575291389.428,1881,330,None,Move,development
1575291389.469,1880,330,None,Move,development
1575291390.83,1878,333,None,Move,development
1575291390.845,1877,336,None,Move,development
1575291390.861,1877,340,None,Move,development
1575291390.8760002,1877,346,None,Move,development
1575291390.8920002,1877,350,None,Move,development
1575291390.914,1877,354,None,Move,development
1575291390.93,1876,360,None,Move,development
1575291390.946,1876,361,None,Move,development
1575291390.961,1876,364,None,Move,development
1575291390.9770002,1876,365,None,Move,development
1575291390.992,1876,369,None,Move,development
1575291391.008,1876,370,None,Move,development
1575291391.015,1876,371,None,Move,development
1575291391.03,1876,373,None,Move,development
1575291391.046,1876,374,None,Move,development
1575291391.061,1876,376,None,Move,development
1575291391.077,1876,379,None,Move,development
1575291391.1079998,1876,381,None,Move,development
1575291391.115,1876,382,None,Move,development
1575291391.13,1876,383,None,Move,development
1575291391.146,1876,384,None,Move,development
1575291391.177,1874,384,None,Move,development
1575291391.1929998,1874,385,None,Move,development
1575291391.231,1874,387,None,Move,development
1575291391.2770002,1874,388,None,Move,development
1575291393.429,1873,392,None,Move,development
1575291393.435,1872,395,None,Move,development
1575291393.451,1869,400,None,Move,development
1575291393.466,1867,408,None,Move,development
1575291393.482,1867,410,None,Move,development
1575291393.498,1866,415,None,Move,development
1575291393.5129998,1866,418,None,Move,development
1575291393.535,1866,421,None,Move,development
1575291393.551,1866,423,None,Move,development
1575291393.5670002,1866,427,None,Move,development
1575291393.582,1866,428,None,Move,development
1575291393.5979998,1866,431,None,Move,development
1575291393.613,1866,433,None,Move,development
1575291393.629,1866,435,None,Move,development
1575291393.6360002,1866,437,None,Move,development
1575291393.651,1866,440,None,Move,development
1575291393.667,1866,441,None,Move,development
1575291393.6820002,1866,444,None,Move,development
1575291393.698,1866,445,None,Move,development
1575291393.729,1866,449,None,Move,development
1575291393.756,1866,450,None,Move,development
1575291393.786,1866,451,None,Move,development
1575291394.8979998,1866,452,None,Move,development
1575291394.913,1866,455,None,Move,development
1575291394.92,1866,456,None,Move,development
1575291394.935,1866,458,None,Move,development
1575291394.951,1866,462,None,Move,development
1575291394.967,1866,464,None,Move,development
1575291394.982,1866,467,None,Move,development
1575291395.02,1866,469,None,Move,development
1575291395.083,1866,470,None,Move,development
1575291395.173,1865,470,None,Move,development
1575291400.45,1865,474,None,Move,development
1575291400.46,1865,477,None,Move,development
1575291400.47,1865,480,None,Move,development
1575291400.481,1864,484,None,Move,development
1575291400.4889998,1864,491,None,Move,development
1575291400.4989998,1862,495,None,Move,development
1575291400.5010002,1862,501,None,Move,development
1575291400.519,1862,506,None,Move,development
1575291400.529,1862,510,None,Move,development
1575291400.539,1862,514,None,Move,development
1575291400.551,1862,517,None,Move,development
1575291400.56,1862,520,None,Move,development
1575291400.57,1862,521,None,Move,development
1575291400.572,1862,522,None,Move,development
1575291400.582,1862,523,None,Move,development
1575291400.592,1861,524,None,Move,development
1575291400.6020002,1861,525,None,Move,development
1575291400.6120002,1861,526,None,Move,development
1575291400.6220002,1861,527,None,Move,development
1575291400.6320002,1861,528,None,Move,development
1575291400.6420002,1861,530,None,Move,development
1575291400.6520002,1861,531,None,Move,development
1575291400.663,1861,532,None,Move,development
1575291400.673,1861,533,None,Move,development
1575291400.681,1861,536,None,Move,development
1575291400.6929998,1861,537,None,Move,development
1575291400.7029998,1861,538,None,Move,development
1575291400.7129998,1861,539,None,Move,development
1575291400.7229998,1861,540,None,Move,development
1575291400.7329998,1861,541,None,Move,development
1575291400.744,1861,542,None,Move,development
1575291400.754,1861,544,None,Move,development
1575291400.764,1861,545,None,Move,development
1575291400.774,1861,547,None,Move,development
1575291400.784,1861,548,None,Move,development
1575291400.794,1861,549,None,Move,development
1575291400.804,1861,550,None,Move,development
1575291400.815,1861,551,None,Move,development
1575291400.825,1861,553,None,Move,development
1575291400.845,1861,555,None,Move,development
1575291400.875,1861,556,None,Move,development
1575291400.962,1861,557,None,Move,development
1575291403.0679998,1860,560,None,Move,development
1575291403.084,1858,567,None,Move,development
1575291403.099,1857,572,None,Move,development
1575291403.115,1857,575,None,Move,development
1575291403.131,1857,581,None,Move,development
1575291403.146,1857,583,None,Move,development
1575291403.1620002,1857,585,None,Move,development
1575291403.168,1857,586,None,Move,development
1575291403.184,1857,590,None,Move,development
1575291403.2,1857,591,None,Move,development
1575291403.215,1857,593,None,Move,development
1575291403.262,1857,595,None,Move,development
1575291403.3,1857,596,None,Move,development
1575291403.381,1857,597,None,Move,development
1575291403.452,1857,598,None,Move,development
1575291407.7970002,1855,599,None,Move,development
1575291407.812,1855,602,None,Move,development
1575291407.819,1855,603,None,Move,development
1575291407.835,1855,606,None,Move,development
1575291407.85,1855,608,None,Move,development
1575291407.8660002,1854,610,None,Move,development
1575291407.881,1854,614,None,Move,development
1575291407.897,1854,615,None,Move,development
1575291407.919,1854,616,None,Move,development
1575291407.935,1854,619,None,Move,development
1575291407.95,1854,620,None,Move,development
1575291407.966,1854,622,None,Move,development
1575291407.982,1853,626,None,Move,development
1575291407.9970002,1853,629,None,Move,development
1575291408.0129998,1853,631,None,Move,development
1575291408.019,1853,632,None,Move,development
1575291408.035,1853,635,None,Move,development
1575291408.051,1853,638,None,Move,development
1575291408.066,1853,641,None,Move,development
1575291408.082,1853,643,None,Move,development
1575291408.0979998,1853,644,None,Move,development
1575291408.12,1853,645,None,Move,development
1575291408.135,1853,647,None,Move,development
1575291408.151,1853,649,None,Move,development
1575291408.167,1853,653,None,Move,development
1575291408.1820002,1853,654,None,Move,development
1575291408.198,1853,656,None,Move,development
1575291408.214,1853,658,None,Move,development
1575291408.22,1853,659,None,Move,development
1575291408.236,1853,660,None,Move,development
1575291408.2510002,1853,662,None,Move,development
1575291408.283,1853,666,None,Move,development
1575291408.32,1853,667,None,Move,development
1575291408.3520002,1853,668,None,Move,development
1575291408.399,1853,670,None,Move,development
1575291408.452,1853,671,None,Move,development
1575291408.521,1853,672,None,Move,development
1575291410.551,1853,676,None,Move,development
1575291410.553,1853,677,None,Move,development
1575291410.563,1853,678,None,Move,development
1575291410.573,1852,680,None,Move,development
1575291410.583,1852,681,None,Move,development
1575291410.593,1849,682,None,Move,development
1575291410.604,1849,684,None,Move,development
1575291410.6139998,1849,685,None,Move,development
1575291410.6239998,1849,688,None,Move,development
1575291410.6339998,1849,689,None,Move,development
1575291410.644,1849,690,None,Move,development
1575291410.654,1849,691,None,Move,development
1575291410.664,1849,692,None,Move,development
1575291410.674,1849,694,None,Move,development
1575291410.715,1849,695,None,Move,development
1575291410.786,1849,696,None,Move,development
1575291410.867,1849,699,None,Move,development
1575291410.897,1848,699,None,Move,development
1575291411.716,1848,700,None,Move,development
1575291411.796,1848,701,None,Move,development
1575291411.857,1848,702,None,Move,development
1575291415.518,1847,703,None,Move,development
1575291415.534,1847,706,None,Move,development
1575291416.135,1847,707,None,Move,development
1575291416.156,1847,708,None,Move,development
1575291416.1829998,1845,708,None,Move,development
1575291416.221,1845,709,None,Move,development
1575291416.271,1845,711,None,Move,development
1575291416.309,1845,712,None,Move,development
1575291416.36,1845,713,None,Move,development
1575291419.4329998,1845,714,None,Move,development
1575291419.4429998,1845,715,None,Move,development
1575291419.445,1845,718,None,Move,development
1575291419.455,1845,719,None,Move,development
1575291419.466,1845,720,None,Move,development
1575291419.476,1845,722,None,Move,development
1575291419.486,1845,723,None,Move,development
1575291419.496,1845,724,None,Move,development
1575291419.506,1845,725,None,Move,development
1575291419.5570002,1845,726,None,Move,development
1575291419.625,1845,729,None,Move,development
1575291419.706,1845,730,None,Move,development
1575291419.799,1844,730,None,Move,development
1575291422.677,1843,731,None,Move,development
1575291422.687,1843,733,None,Move,development
1575291422.697,1842,734,None,Move,development
1575291422.699,1842,735,None,Move,development
1575291422.717,1842,736,None,Move,development
1575291422.728,1842,739,None,Move,development
1575291422.738,1842,740,None,Move,development
1575291422.748,1841,741,None,Move,development
1575291422.758,1841,743,None,Move,development
1575291422.778,1841,744,None,Move,development
1575291422.809,1841,745,None,Move,development
1575291422.851,1841,746,None,Move,development
1575291422.978,1841,747,None,Move,development
1575291425.921,1839,750,None,Move,development
1575291425.931,1836,755,None,Move,development
1575291425.941,1836,756,None,Move,development
1575291425.951,1835,759,None,Move,development
1575291425.961,1835,760,None,Move,development
1575291425.971,1835,761,None,Move,development
1575291425.981,1834,762,None,Move,development
1575291425.9910002,1834,765,None,Move,development
1575291426.002,1834,766,None,Move,development
1575291426.012,1833,767,None,Move,development
1575291426.022,1833,768,None,Move,development
1575291426.032,1833,769,None,Move,development
1575291426.042,1833,770,None,Move,development
1575291426.052,1833,773,None,Move,development
1575291426.062,1833,774,None,Move,development
1575291426.072,1833,775,None,Move,development
1575291426.103,1833,777,None,Move,development
1575291426.153,1833,778,None,Move,development
1575291426.1820002,1833,779,None,Move,development
1575291426.212,1833,780,None,Move,development
1575291426.264,1833,781,None,Move,development
1575291426.315,1833,783,None,Move,development
1575291426.325,1833,785,None,Move,development
1575291428.927,1831,788,None,Move,development
1575291428.9420002,1828,795,None,Move,development
1575291428.958,1828,803,None,Move,development
1575291428.974,1827,807,None,Move,development
1575291428.996,1827,809,None,Move,development
1575291429.0110002,1827,814,None,Move,development
1575291429.0270002,1827,816,None,Move,development
1575291429.043,1827,819,None,Move,development
1575291429.0579998,1827,821,None,Move,development
1575291429.074,1825,821,None,Move,development
1575291429.1120002,1825,822,None,Move,development
1575291429.196,1825,824,None,Move,development
1575291429.274,1825,826,None,Move,development
1575291431.054,1825,827,None,Move,development
1575291431.069,1825,830,None,Move,development
1575291431.085,1825,832,None,Move,development
1575291431.101,1825,834,None,Move,development
1575291431.1160002,1825,838,None,Move,development
1575291431.154,1825,839,None,Move,development
1575291431.217,1825,841,None,Move,development
1575291431.701,1825,838,None,Move,development
1575291431.711,1825,831,None,Move,development
1575291431.719,1825,825,None,Move,development
1575291431.721,1826,812,None,Move,development
1575291431.731,1826,798,None,Move,development
1575291431.742,1826,791,None,Move,development
1575291431.75,1826,785,None,Move,development
1575291431.762,1826,779,None,Move,development
1575291431.77,1826,777,None,Move,development
1575291431.78,1826,770,None,Move,development
1575291431.79,1826,768,None,Move,development
1575291431.792,1826,765,None,Move,development
1575291431.802,1826,762,None,Move,development
1575291431.81,1826,760,None,Move,development
1575291431.82,1826,755,None,Move,development
1575291431.83,1826,753,None,Move,development
1575291431.84,1826,740,None,Move,development
1575291431.856,1826,727,None,Move,development
1575291431.8720002,1826,725,None,Move,development
1575291431.887,1826,717,None,Move,development
1575291431.903,1824,709,None,Move,development
1575291431.919,1824,702,None,Move,development
1575291431.934,1824,700,None,Move,development
1575291431.941,1824,697,None,Move,development
1575291431.956,1823,691,None,Move,development
1575291431.972,1823,686,None,Move,development
1575291431.988,1823,681,None,Move,development
1575291432.0029998,1823,677,None,Move,development
1575291432.019,1823,674,None,Move,development
1575291432.035,1821,668,None,Move,development
1575291432.041,1821,667,None,Move,development
1575291432.0570002,1821,666,None,Move,development
1575291432.072,1821,664,None,Move,development
1575291432.0879998,1821,661,None,Move,development
1575291432.103,1821,660,None,Move,development
1575291432.119,1821,657,None,Move,development
1575291432.135,1821,656,None,Move,development
1575291432.141,1821,654,None,Move,development
1575291432.157,1821,652,None,Move,development
1575291432.706,1821,648,None,Move,development
1575291432.722,1821,643,None,Move,development
1575291432.7370002,1821,633,None,Move,development
1575291432.744,1821,630,None,Move,development
1575291432.7589998,1821,621,None,Move,development
1575291432.775,1821,616,None,Move,development
1575291432.791,1821,609,None,Move,development
1575291432.806,1821,600,None,Move,development
1575291432.822,1820,593,None,Move,development
1575291432.837,1819,587,None,Move,development
1575291432.844,1819,585,None,Move,development
1575291432.86,1819,577,None,Move,development
1575291432.875,1817,575,None,Move,development
1575291432.891,1817,574,None,Move,development
1575291432.907,1817,570,None,Move,development
1575291432.9220002,1816,566,None,Move,development
1575291432.938,1816,562,None,Move,development
1575291432.944,1816,560,None,Move,development
1575291432.96,1816,555,None,Move,development
1575291432.976,1816,554,None,Move,development
1575291432.9910002,1814,552,None,Move,development
1575291433.0070002,1814,549,None,Move,development
1575291433.038,1814,545,None,Move,development
1575291433.045,1814,544,None,Move,development
1575291433.06,1814,542,None,Move,development
1575291433.092,1814,541,None,Move,development
1575291433.123,1814,539,None,Move,development
1575291433.161,1814,538,None,Move,development
1575291433.176,1814,537,None,Move,development
1575291433.1920002,1814,533,None,Move,development
1575291433.207,1814,532,None,Move,development
1575291433.2229998,1814,531,None,Move,development
1575291433.276,1813,531,None,Move,development
1575291433.3920002,1813,530,None,Move,development
1575291433.414,1813,529,None,Move,development
1575291433.492,1813,527,None,Move,development
1575291433.524,1813,526,None,Move,development
1575291433.539,1813,524,None,Move,development
1575291433.546,1813,519,None,Move,development
1575291433.561,1813,515,None,Move,development
1575291433.577,1813,513,None,Move,development
1575291433.593,1813,510,None,Move,development
1575291433.6079998,1813,508,None,Move,development
1575291433.6239998,1813,507,None,Move,development
1575291433.677,1813,506,None,Move,development
1575291433.6929998,1813,504,None,Move,development
1575291433.708,1813,503,None,Move,development
1575291433.724,1813,502,None,Move,development
1575291434.2029998,1812,498,None,Move,development
1575291434.2129998,1810,489,None,Move,development
1575291434.221,1810,483,None,Move,development
1575291434.2229998,1808,474,None,Move,development
1575291434.234,1808,468,None,Move,development
1575291434.242,1807,462,None,Move,development
1575291434.254,1805,452,None,Move,development
1575291434.264,1805,446,None,Move,development
1575291434.272,1805,438,None,Move,development
1575291434.274,1803,430,None,Move,development
1575291434.284,1803,425,None,Move,development
1575291434.294,1802,421,None,Move,development
1575291434.304,1798,414,None,Move,development
1575291434.314,1798,412,None,Move,development
1575291434.325,1797,409,None,Move,development
1575291434.335,1797,406,None,Move,development
1575291434.345,1797,404,None,Move,development
1575291434.353,1797,403,None,Move,development
1575291434.365,1797,402,None,Move,development
1575291434.373,1797,401,None,Move,development
1575291434.383,1797,399,None,Move,development
1575291434.393,1797,398,None,Move,development
1575291434.395,1797,397,None,Move,development
1575291434.405,1797,395,None,Move,development
1575291434.413,1797,393,None,Move,development
1575291434.456,1797,392,None,Move,development
1575291434.78,1771,392,None,Move,development
1575291434.79,1735,390,None,Move,development
1575291434.798,1710,387,None,Move,development
1575291434.8079998,1684,383,None,Move,development
1575291434.81,1641,377,None,Move,development
1575291434.82,1610,375,None,Move,development
1575291434.83,1585,373,None,Move,development
1575291434.8379998,1545,366,None,Move,development
1575291434.8479998,1527,364,None,Move,development
1575291434.8639998,1499,364,None,Move,development
1575291434.88,1482,364,None,Move,development
1575291434.895,1473,364,None,Move,development
1575291435.096,1469,364,Left,Pressed,development
1575291435.312,1469,364,Left,Released,development
1575291443.291,825,126,None,Move,development
1575291443.3070002,820,126,None,Move,development
1575291443.313,812,126,None,Move,development
1575291443.329,797,128,None,Move,development
1575291443.345,788,129,None,Move,development
1575291443.36,779,129,None,Move,development
1575291443.3760002,771,129,None,Move,development
1575291443.3920002,764,131,None,Move,development
1575291443.407,759,132,None,Move,development
1575291443.414,756,132,None,Move,development
1575291443.445,750,134,None,Move,development
1575291443.461,745,140,None,Move,development
1575291443.476,740,142,None,Move,development
1575291443.492,737,143,None,Move,development
1575291443.508,735,145,None,Move,development
1575291443.514,734,146,None,Move,development
1575291443.53,730,146,None,Move,development
1575291443.545,728,146,None,Move,development
1575291443.561,725,147,None,Move,development
1575291443.592,723,147,None,Move,development
1575291444.02,723,147,Left,Pressed,development
1575291444.09,723,147,Left,Released,development
1575291444.7389998,736,157,None,Move,development
1575291444.7589998,775,178,None,Move,development
1575291444.779,799,192,None,Move,development
1575291444.789,829,208,None,Move,development
1575291444.799,852,219,None,Move,development
1575291444.82,889,230,None,Move,development
1575291444.83,923,237,None,Move,development
1575291444.84,946,244,None,Move,development
1575291444.85,966,246,None,Move,development
1575291444.889,975,248,None,Move,development
1575291444.891,980,250,None,Move,development
1575291444.901,983,251,None,Move,development
1575291444.972,984,251,None,Move,development
1575291445.387,1007,251,None,Move,development
1575291445.405,1071,249,None,Move,development
1575291445.415,1123,249,None,Move,development
1575291445.417,1187,251,None,Move,development
1575291445.427,1251,255,None,Move,development
1575291445.437,1321,258,None,Move,development
1575291445.447,1380,265,None,Move,development
1575291445.458,1408,267,None,Move,development
1575291445.468,1448,272,None,Move,development
1575291445.476,1492,281,None,Move,development
1575291445.486,1512,285,None,Move,development
1575291445.488,1529,287,None,Move,development
1575291445.498,1549,292,None,Move,development
1575291445.508,1566,296,None,Move,development
1575291445.518,1578,300,None,Move,development
1575291445.528,1583,302,None,Move,development
1575291445.538,1587,303,None,Move,development
1575291445.5470002,1592,303,None,Move,development
1575291445.569,1593,303,None,Move,development
1575291445.599,1593,305,None,Move,development
1575291445.951,1603,305,None,Move,development
1575291445.9629998,1617,307,None,Move,development
1575291445.9729998,1631,307,None,Move,development
1575291445.9829998,1646,307,None,Move,development
1575291445.994,1655,307,None,Move,development
1575291446.012,1663,307,None,Move,development
1575291446.022,1669,307,None,Move,development
1575291446.034,1678,307,None,Move,development
1575291446.044,1687,309,None,Move,development
1575291446.054,1695,309,None,Move,development
1575291446.065,1704,309,None,Move,development
1575291446.075,1712,309,None,Move,development
1575291446.085,1717,309,None,Move,development
1575291446.095,1725,309,None,Move,development
1575291446.105,1731,309,None,Move,development
1575291446.125,1737,309,None,Move,development
1575291446.135,1745,309,None,Move,development
1575291446.146,1751,309,None,Move,development
1575291446.156,1757,309,None,Move,development
1575291446.166,1766,308,None,Move,development
1575291446.176,1770,308,None,Move,development
1575291446.186,1776,308,None,Move,development
1575291446.196,1779,307,None,Move,development
1575291446.206,1782,307,None,Move,development
1575291446.216,1789,307,None,Move,development
1575291446.226,1793,305,None,Move,development
1575291446.2370002,1802,304,None,Move,development
1575291446.2470002,1813,302,None,Move,development
1575291446.2570002,1824,302,None,Move,development
1575291446.2670002,1830,302,None,Move,development
1575291446.2770002,1839,300,None,Move,development
1575291446.285,1845,300,None,Move,development
1575291446.2970002,1851,300,None,Move,development
1575291446.3070002,1854,299,None,Move,development
1575291446.3170002,1857,299,None,Move,development
1575291446.327,1859,299,None,Move,development
1575291446.336,1862,297,None,Move,development
1575291446.346,1864,297,None,Move,development
1575291446.361,1867,297,None,Move,development
1575291446.377,1869,297,None,Move,development
1575291446.4770002,1873,297,None,Move,development
1575291446.508,1874,297,None,Move,development
1575291446.599,1875,297,None,Move,development
1575291446.619,1876,297,None,Move,development
1575291446.63,1878,297,None,Move,development
1575291446.65,1879,296,None,Move,development
1575291446.66,1880,295,None,Move,development
1575291446.68,1881,295,None,Move,development
1575291446.688,1881,294,None,Move,development
1575291446.69,1884,294,None,Move,development
1575291446.701,1885,292,None,Move,development
1575291446.721,1886,292,None,Move,development
1575291447.46,1879,295,None,Move,development
1575291447.47,1859,299,None,Move,development
1575291447.48,1842,303,None,Move,development
1575291447.49,1825,308,None,Move,development
1575291447.5,1801,317,None,Move,development
1575291447.508,1773,324,None,Move,development
1575291447.5110002,1740,334,None,Move,development
1575291447.521,1709,347,None,Move,development
1575291447.529,1686,356,None,Move,development
1575291447.539,1655,372,None,Move,development
1575291447.541,1629,383,None,Move,development
1575291447.551,1606,390,None,Move,development
1575291447.561,1586,399,None,Move,development
1575291447.571,1563,409,None,Move,development
1575291447.582,1537,418,None,Move,development
1575291447.592,1519,427,None,Move,development
1575291447.6,1509,435,None,Move,development
1575291447.6020002,1496,443,None,Move,development
1575291447.6120002,1486,449,None,Move,development
1575291447.6220002,1476,457,None,Move,development
1575291447.6320002,1464,466,None,Move,development
1575291447.64,1458,469,None,Move,development
1575291447.65,1454,474,None,Move,development
1575291447.6520002,1452,475,None,Move,development
1575291447.6620002,1450,476,None,Move,development
1575291447.673,1449,478,None,Move,development
1575291447.6829998,1447,480,None,Move,development
1575291450.1920002,1447,480,Left,Pressed,development
1575291450.423,1447,480,Left,Released,development
1575291454.198,1407,480,None,Move,development
1575291454.208,1372,480,None,Move,development
1575291454.21,1327,480,None,Move,development
1575291454.218,1275,480,None,Move,development
1575291454.23,1244,480,None,Move,development
1575291454.24,1216,479,None,Move,development
1575291454.248,1178,476,None,Move,development
1575291454.2589998,1153,473,None,Move,development
1575291454.2610002,1133,471,None,Move,development
1575291454.271,1110,469,None,Move,development
1575291454.281,1085,467,None,Move,development
1575291454.291,1065,460,None,Move,development
1575291454.301,1047,458,None,Move,development
1575291454.311,1037,456,None,Move,development
1575291454.321,1026,454,None,Move,development
1575291454.331,1014,452,None,Move,development
1575291454.342,999,448,None,Move,development
1575291454.3520002,990,444,None,Move,development
1575291454.3620002,981,443,None,Move,development
1575291454.3720002,974,441,None,Move,development
1575291454.38,968,439,None,Move,development
1575291454.3920002,927,426,None,Move,development
1575291454.4020002,904,419,None,Move,development
1575291454.4120002,887,414,None,Move,development
1575291454.4220002,869,410,None,Move,development
1575291454.4320002,846,407,None,Move,development
1575291454.441,818,405,None,Move,development
1575291454.4529998,796,403,None,Move,development
1575291454.4629998,779,401,None,Move,development
1575291454.4729998,762,398,None,Move,development
1575291454.4829998,747,394,None,Move,development
1575291454.4929998,735,392,None,Move,development
1575291454.5010002,728,390,None,Move,development
1575291454.5110002,724,389,None,Move,development
1575291454.521,714,386,None,Move,development
1575291454.5370002,712,380,None,Move,development
1575291454.553,710,360,None,Move,development
1575291454.5679998,711,343,None,Move,development
1575291454.599,718,331,None,Move,development
1575291454.615,730,312,None,Move,development
1575291454.6220002,733,305,None,Move,development
1575291454.637,745,290,None,Move,development
1575291454.653,749,286,None,Move,development
1575291454.668,753,284,None,Move,development
1575291454.684,756,282,None,Move,development
1575291454.7370002,757,281,None,Move,development
1575291454.7529998,757,279,None,Move,development
1575291454.769,757,277,None,Move,development
1575291454.784,757,276,None,Move,development
1575291454.8,758,276,None,Move,development
1575291454.822,762,272,None,Move,development
1575291454.8379998,774,262,None,Move,development
1575291454.853,783,258,None,Move,development
1575291454.869,795,251,None,Move,development
1575291454.885,811,242,None,Move,development
1575291454.9,821,237,None,Move,development
1575291454.916,825,234,None,Move,development
1575291454.924,826,234,None,Move,development
1575291454.9329998,828,234,None,Move,development
1575291454.996,829,234,None,Move,development
1575291455.087,829,234,None,Move,development
1575291455.097,827,234,None,Move,development
1575291455.107,826,234,None,Move,development
1575291455.117,825,234,None,Move,development
1575291455.127,823,234,None,Move,development
1575291455.135,821,234,None,Move,development
1575291455.145,820,234,None,Move,development
1575291455.176,815,234,None,Move,development
1575291455.1920002,814,233,None,Move,development
1575291455.208,814,232,None,Move,development
1575291455.613,814,232,Left,Pressed,development
1575291455.698,814,232,Left,Released,development
1575291459.076,826,238,None,Move,development
1575291459.091,847,252,None,Move,development
1575291459.107,889,282,None,Move,development
1575291459.123,938,321,None,Move,development
1575291459.1379998,991,357,None,Move,development
1575291459.145,1014,374,None,Move,development
1575291459.16,1065,405,None,Move,development
1575291459.176,1109,433,None,Move,development
1575291459.1920002,1122,439,None,Move,development
1575291459.207,1139,450,None,Move,development
1575291459.2229998,1150,457,None,Move,development
1575291459.238,1156,461,None,Move,development
1575291459.245,1157,463,None,Move,development
1575291459.2610002,1160,465,None,Move,development
1575291460.055,1151,457,None,Move,development
1575291460.071,1111,420,None,Move,development
1575291460.0779998,1095,404,None,Move,development
1575291460.093,1066,370,None,Move,development
1575291460.109,1037,339,None,Move,development
1575291460.125,1007,300,None,Move,development
1575291460.14,987,279,None,Move,development
1575291460.156,971,264,None,Move,development
1575291460.171,963,253,None,Move,development
1575291460.178,958,250,None,Move,development
1575291460.194,954,246,None,Move,development
1575291460.209,951,244,None,Move,development
1575291460.225,949,241,None,Move,development
1575291460.24,945,241,None,Move,development
1575291460.256,944,240,None,Move,development
1575291460.278,939,239,None,Move,development
1575291460.294,926,235,None,Move,development
1575291460.309,908,232,None,Move,development
1575291460.325,893,232,None,Move,development
1575291460.341,878,232,None,Move,development
1575291460.356,869,232,None,Move,development
1575291460.3779998,860,232,None,Move,development
1575291460.394,852,232,None,Move,development
1575291460.41,843,232,None,Move,development
1575291460.425,840,232,None,Move,development
1575291460.457,838,232,None,Move,development
1575291460.472,836,232,None,Move,development
1575291460.479,835,232,None,Move,development
1575291460.494,832,232,None,Move,development
1575291460.51,827,234,None,Move,development
1575291460.526,825,236,None,Move,development
1575291460.541,822,236,None,Move,development
1575291460.5570002,820,237,None,Move,development
1575291460.573,818,237,None,Move,development
1575291460.579,815,237,None,Move,development
1575291461.0110002,817,237,None,Move,development
1575291461.0270002,817,237,Left,Pressed,development
1575291461.103,817,237,Left,Released,development
1575291462.771,818,237,None,Move,development
1575291463.072,819,237,None,Move,development
1575291463.0879998,820,237,None,Move,development
1575291463.117,822,237,None,Move,development
1575291463.135,823,237,None,Move,development
1575291463.158,824,237,None,Move,development
1575291463.188,826,237,None,Move,development
1575291463.2270002,828,237,None,Move,development
1575291470.262,827,238,None,Move,development
1575291470.272,826,241,None,Move,development
1575291470.282,825,244,None,Move,development
1575291470.292,824,247,None,Move,development
1575291470.303,822,252,None,Move,development
1575291470.311,822,253,None,Move,development
1575291470.313,821,254,None,Move,development
1575291470.323,821,257,None,Move,development
1575291470.331,821,258,None,Move,development
1575291470.341,821,259,None,Move,development
1575291470.343,821,260,None,Move,development
1575291470.353,821,263,None,Move,development
1575291470.363,821,266,None,Move,development
1575291470.373,821,269,None,Move,development
1575291470.3839998,821,271,None,Move,development
1575291470.3920002,821,272,None,Move,development
1575291470.399,821,273,None,Move,development
1575291470.404,821,274,None,Move,development
1575291470.414,821,275,None,Move,development
1575291470.4220002,819,282,None,Move,development
1575291470.434,818,285,None,Move,development
1575291470.4420002,818,288,None,Move,development
1575291470.444,818,292,None,Move,development
1575291470.455,818,295,None,Move,development
1575291470.465,815,298,None,Move,development
1575291470.4729998,815,301,None,Move,development
1575291470.475,815,303,None,Move,development
1575291470.485,813,308,None,Move,development
1575291470.495,812,311,None,Move,development
1575291470.505,812,314,None,Move,development
1575291470.515,809,321,None,Move,development
1575291470.525,809,324,None,Move,development
1575291470.533,809,326,None,Move,development
1575291470.535,808,328,None,Move,development
1575291470.543,807,330,None,Move,development
1575291470.556,805,331,None,Move,development
1575291470.566,804,337,None,Move,development
1575291470.576,804,338,None,Move,development
1575291470.586,804,339,None,Move,development
1575291470.594,801,340,None,Move,development
1575291470.606,801,343,None,Move,development
1575291470.615,801,344,None,Move,development
1575291470.617,800,345,None,Move,development
1575291470.627,800,348,None,Move,development
1575291470.637,800,349,None,Move,development
1575291470.645,800,350,None,Move,development
1575291470.647,800,351,None,Move,development
1575291470.657,800,352,None,Move,development
1575291470.667,800,354,None,Move,development
1575291470.675,800,355,None,Move,development
1575291470.677,800,356,None,Move,development
1575291470.93,802,356,None,Move,development
1575291470.94,805,354,None,Move,development
1575291470.948,808,353,None,Move,development
1575291470.95,810,351,None,Move,development
1575291470.96,815,350,None,Move,development
1575291470.97,818,347,None,Move,development
1575291470.979,821,345,None,Move,development
1575291470.981,822,344,None,Move,development
1575291470.9889998,828,341,None,Move,development
1575291471.0010002,831,340,None,Move,development
1575291471.0089998,834,338,None,Move,development
1575291471.019,835,337,None,Move,development
1575291471.021,836,336,None,Move,development
1575291471.029,837,336,None,Move,development
1575291471.327,837,336,Left,Pressed,development
1575291471.4929998,837,336,Left,Released,development
1575291471.5029998,837,336,Left,Pressed,development
1575291471.714,837,336,Left,Released,development
1575291472.207,840,338,None,Move,development
1575291472.2229998,848,344,None,Move,development
1575291472.238,855,352,None,Move,development
1575291472.254,858,355,None,Move,development
1575291472.27,860,357,None,Move,development
1575291472.278,861,359,None,Move,development
1575291472.288,861,360,None,Move,development
1575291472.544,861,360,Left,Pressed,development
1575291472.7610002,861,360,Left,Released,development
1575291473.046,859,357,None,Move,development
1575291473.061,853,347,None,Move,development
1575291473.077,848,344,None,Move,development
1575291473.093,844,338,None,Move,development
1575291473.099,842,334,None,Move,development
1575291473.115,839,328,None,Move,development
1575291473.131,837,325,None,Move,development
1575291473.146,837,324,None,Move,development
1575291473.1929998,834,320,None,Move,development
1575291473.2,832,317,None,Move,development
1575291473.215,831,312,None,Move,development
1575291473.231,828,302,None,Move,development
1575291473.246,827,297,None,Move,development
1575291473.262,824,288,None,Move,development
1575291473.278,820,284,None,Move,development
1575291473.3,818,280,None,Move,development
1575291473.315,816,273,None,Move,development
1575291473.331,814,269,None,Move,development
1575291473.347,811,262,None,Move,development
1575291473.3779998,810,260,None,Move,development
1575291473.394,809,258,None,Move,development
1575291473.4,809,256,None,Move,development
1575291473.416,806,253,None,Move,development
1575291473.431,806,249,None,Move,development
1575291473.447,806,246,None,Move,development
1575291473.4629998,806,240,None,Move,development
1575291473.478,806,235,None,Move,development
1575291473.5,806,233,None,Move,development
1575291473.579,806,232,None,Move,development
1575291473.6160002,806,232,None,Move,development
1575291473.6320002,809,232,None,Move,development
1575291473.663,809,229,None,Move,development
1575291473.679,810,229,None,Move,development
1575291473.694,811,229,None,Move,development
1575291473.802,811,229,None,Move,development
1575291473.812,810,229,None,Move,development
1575291473.8279998,806,228,None,Move,development
1575291473.843,803,228,None,Move,development
1575291473.859,802,228,None,Move,development
1575291473.875,801,228,None,Move,development
1575291473.89,801,228,Left,Pressed,development
1575291473.99,801,228,Left,Released,development
1575291474.783,801,228,Left,Pressed,development
1575291474.833,801,228,Left,Released,development
1575291475.9020002,801,228,Left,Pressed,development
1575291475.9870002,801,228,Left,Released,development
1575291483.34,806,231,None,Move,development
1575291483.355,821,244,None,Move,development
1575291483.3620002,826,249,None,Move,development
1575291483.377,838,260,None,Move,development
1575291483.393,848,272,None,Move,development
1575291483.409,866,285,None,Move,development
1575291483.424,879,294,None,Move,development
1575291483.44,900,310,None,Move,development
1575291483.455,921,333,None,Move,development
1575291483.462,929,346,None,Move,development
1575291483.478,958,377,None,Move,development
1575291483.4929998,985,406,None,Move,development
1575291483.5089998,1004,434,None,Move,development
1575291483.524,1018,457,None,Move,development
1575291483.54,1025,473,None,Move,development
1575291483.556,1032,485,None,Move,development
1575291483.562,1034,488,None,Move,development
1575291483.5779998,1037,495,None,Move,development
1575291483.593,1037,498,None,Move,development
1575291483.609,1037,500,None,Move,development
1575291483.625,1037,503,None,Move,development
1575291483.64,1037,506,None,Move,development
1575291483.656,1037,508,None,Move,development
1575291483.6620002,1037,509,None,Move,development
1575291483.709,1037,511,None,Move,development
1575291492.016,1038,511,None,Move,development
1575291492.022,1039,511,None,Move,development
1575291492.038,1043,509,None,Move,development
1575291492.056,1052,507,None,Move,development
1575291492.064,1057,507,None,Move,development
1575291492.071,1059,507,None,Move,development
1575291492.0779998,1066,505,None,Move,development
1575291492.094,1077,505,None,Move,development
1575291492.109,1086,504,None,Move,development
1575291492.1220002,1091,504,None,Move,development
1575291492.1379998,1112,501,None,Move,development
1575291492.154,1133,497,None,Move,development
1575291492.169,1146,497,None,Move,development
1575291492.185,1157,495,None,Move,development
1575291492.2,1164,495,None,Move,development
1575291492.216,1166,495,None,Move,development
1575291492.2229998,1168,495,None,Move,development
1575291492.301,1170,495,None,Move,development
1575291492.316,1175,494,None,Move,development
1575291492.325,1186,490,None,Move,development
1575291492.335,1189,489,None,Move,development
1575291493.522,1193,488,None,Move,development
1575291493.524,1196,486,None,Move,development
1575291493.534,1199,485,None,Move,development
1575291493.544,1200,484,None,Move,development
1575291493.552,1206,481,None,Move,development
1575291493.554,1212,479,None,Move,development
1575291493.564,1219,478,None,Move,development
1575291493.574,1225,476,None,Move,development
1575291493.585,1233,473,None,Move,development
1575291493.595,1239,473,None,Move,development
1575291493.603,1242,471,None,Move,development
1575291493.605,1245,470,None,Move,development
1575291493.615,1249,470,None,Move,development
1575291493.623,1253,470,None,Move,development
1575291493.633,1258,470,None,Move,development
1575291493.635,1263,468,None,Move,development
1575291493.645,1269,467,None,Move,development
1575291493.653,1274,465,None,Move,development
1575291493.655,1278,465,None,Move,development
1575291493.665,1286,465,None,Move,development
1575291493.675,1291,464,None,Move,development
1575291493.6829998,1296,462,None,Move,development
1575291493.685,1304,460,None,Move,development
1575291493.696,1309,460,None,Move,development
1575291493.706,1313,460,None,Move,development
1575291493.714,1320,460,None,Move,development
1575291493.716,1324,459,None,Move,development
1575291493.726,1329,459,None,Move,development
1575291493.734,1338,455,None,Move,development
1575291493.736,1344,454,None,Move,development
1575291493.746,1353,454,None,Move,development
1575291493.756,1359,452,None,Move,development
1575291493.764,1371,452,None,Move,development
1575291493.766,1377,451,None,Move,development
1575291493.776,1386,449,None,Move,development
1575291493.7870002,1393,447,None,Move,development
1575291493.795,1404,445,None,Move,development
1575291493.7970002,1411,445,None,Move,development
1575291493.8070002,1424,443,None,Move,development
1575291493.815,1436,441,None,Move,development
1575291493.8170002,1456,437,None,Move,development
1575291493.827,1475,437,None,Move,development
1575291493.837,1492,437,None,Move,development
1575291493.845,1504,437,None,Move,development
1575291493.847,1518,437,None,Move,development
1575291493.857,1532,440,None,Move,development
1575291493.867,1547,442,None,Move,development
1575291493.877,1587,446,None,Move,development
1575291493.887,1604,449,None,Move,development
1575291493.896,1618,451,None,Move,development
1575291493.8979998,1630,453,None,Move,development
1575291493.906,1647,455,None,Move,development
1575291493.918,1667,462,None,Move,development
1575291493.926,1685,464,None,Move,development
1575291493.938,1711,472,None,Move,development
1575291493.948,1726,474,None,Move,development
1575291493.958,1738,479,None,Move,development
1575291493.966,1743,482,None,Move,development
1575291494.2410002,1758,481,None,Move,development
1575291494.2429998,1773,479,None,Move,development
1575291494.2529998,1790,477,None,Move,development
1575291494.2629998,1807,475,None,Move,development
1575291494.271,1827,473,None,Move,development
1575291494.281,1861,471,None,Move,development
1575291494.2970002,1882,467,None,Move,development
1575291494.312,1893,464,None,Move,development
1575291494.3279998,1898,463,None,Move,development
1575291494.343,1906,461,None,Move,development
1575291494.359,1908,461,None,Move,development
1575291494.375,1912,460,None,Move,development
1575291494.381,1913,460,None,Move,development
1575291494.397,1917,460,None,Move,development
1575291494.444,1917,460,None,Move,development
1575291494.459,1917,465,None,Move,development
1575291494.475,1917,476,None,Move,development
1575291494.482,1917,482,None,Move,development
1575291494.4970002,1914,498,None,Move,development
1575291494.5129998,1912,507,None,Move,development
1575291494.528,1912,513,None,Move,development
1575291494.544,1911,516,None,Move,development
1575291494.56,1910,518,None,Move,development
1575291494.575,1909,521,None,Move,development
1575291494.582,1909,523,None,Move,development
1575291494.597,1909,526,None,Move,development
1575291494.613,1906,528,None,Move,development
1575291494.629,1904,530,None,Move,development
1575291494.644,1900,533,None,Move,development
1575291494.66,1898,538,None,Move,development
1575291494.6820002,1898,539,None,Move,development
1575291494.7129998,1897,539,None,Move,development
1575291494.76,1897,540,None,Move,development
1575291494.782,1894,540,None,Move,development
1575291494.814,1893,540,None,Move,development
1575291494.845,1889,541,None,Move,development
1575291494.861,1888,541,None,Move,development
1575291494.8979998,1887,541,None,Move,development
1575291494.914,1886,541,None,Move,development
1575291494.945,1885,541,None,Move,development
1575291495.014,1883,541,None,Move,development
1575291495.03,1882,541,None,Move,development
1575291495.046,1881,541,None,Move,development
1575291495.061,1880,541,None,Move,development
1575291495.083,1879,541,None,Move,development
1575291496.334,1879,543,None,Move,development
1575291496.349,1877,544,None,Move,development
1575291496.365,1877,545,None,Move,development
1575291496.387,1877,546,None,Move,development
1575291496.418,1876,547,None,Move,development
1575291496.481,1876,549,None,Move,development
1575291496.53,1876,550,None,Move,development
1575291496.65,1875,550,None,Move,development
1575291496.675,1875,551,None,Move,development
1575291498.5070002,1875,552,None,Move,development
1575291498.5370002,1875,553,None,Move,development
1575291498.5470002,1875,555,None,Move,development
1575291498.5570002,1875,556,None,Move,development
1575291498.575,1875,557,None,Move,development
1575291498.587,1875,558,None,Move,development
1575291498.5979998,1875,559,None,Move,development
1575291498.6179998,1875,562,None,Move,development
1575291498.658,1875,563,None,Move,development
1575291498.689,1875,564,None,Move,development
1575291498.707,1875,565,None,Move,development
1575291498.7389998,1875,567,None,Move,development
1575291498.783,1875,568,None,Move,development
1575291498.846,1875,569,None,Move,development
1575291498.915,1875,570,None,Move,development
1575291500.417,1875,576,None,Move,development
1575291500.4320002,1874,583,None,Move,development
1575291500.454,1874,592,None,Move,development
1575291500.47,1874,596,None,Move,development
1575291500.486,1874,598,None,Move,development
1575291500.5010002,1874,601,None,Move,development
1575291500.5170002,1874,602,None,Move,development
1575291500.532,1874,605,None,Move,development
1575291500.57,1873,605,None,Move,development
1575291500.617,1872,607,None,Move,development
1575291500.633,1872,610,None,Move,development
1575291500.655,1872,611,None,Move,development
1575291500.671,1870,612,None,Move,development
1575291500.686,1870,613,None,Move,development
1575291500.702,1870,614,None,Move,development
1575291500.717,1868,616,None,Move,development
1575291503.71,1868,617,None,Move,development
1575291503.725,1868,619,None,Move,development
1575291503.756,1867,622,None,Move,development
1575291503.81,1867,623,None,Move,development
1575291503.91,1867,624,None,Move,development
1575291506.621,1867,625,None,Move,development
1575291506.706,1867,626,None,Move,development
1575291509.2529998,1865,629,None,Move,development
1575291509.2610002,1864,632,None,Move,development
1575291509.2629998,1863,633,None,Move,development
1575291509.271,1863,634,None,Move,development
1575291509.283,1862,636,None,Move,development
1575291509.293,1862,637,None,Move,development
1575291509.304,1862,638,None,Move,development
1575291509.322,1862,640,None,Move,development
1575291509.332,1862,642,None,Move,development
1575291509.342,1862,643,None,Move,development
1575291509.354,1862,645,None,Move,development
1575291509.3639998,1862,646,None,Move,development
1575291509.385,1862,647,None,Move,development
1575291509.395,1862,648,None,Move,development
1575291509.425,1862,649,None,Move,development
1575291509.445,1862,651,None,Move,development
1575291509.455,1862,652,None,Move,development
1575291509.474,1862,654,None,Move,development
1575291509.496,1862,656,None,Move,development
1575291509.516,1860,656,None,Move,development
1575291509.526,1860,657,None,Move,development
1575291509.546,1860,658,None,Move,development
1575291509.577,1860,659,None,Move,development
1575291509.587,1860,660,None,Move,development
1575291509.607,1860,662,None,Move,development
1575291509.617,1860,663,None,Move,development
1575291509.635,1860,664,None,Move,development
1575291509.647,1860,666,None,Move,development
1575291509.678,1860,668,None,Move,development
1575291509.708,1860,669,None,Move,development
1575291509.728,1860,670,None,Move,development
1575291509.7670002,1860,671,None,Move,development
1575291509.81,1860,672,None,Move,development
1575291509.85,1860,674,None,Move,development
1575291509.89,1860,675,None,Move,development
1575291510.002,1860,676,None,Move,development
1575291510.725,1860,679,None,Move,development
1575291510.74,1859,681,None,Move,development
1575291510.756,1859,683,None,Move,development
1575291510.772,1859,686,None,Move,development
1575291510.7870002,1859,688,None,Move,development
1575291510.803,1859,691,None,Move,development
1575291510.887,1858,691,None,Move,development
1575291510.925,1858,692,None,Move,development
1575291512.46,1858,696,None,Move,development
1575291512.468,1856,700,None,Move,development
1575291512.48,1856,707,None,Move,development
1575291512.49,1856,718,None,Move,development
1575291512.5010002,1856,724,None,Move,development
1575291512.5110002,1856,727,None,Move,development
1575291512.521,1856,730,None,Move,development
1575291512.529,1856,733,None,Move,development
1575291512.541,1856,734,None,Move,development
1575291512.549,1856,735,None,Move,development
1575291512.561,1856,737,None,Move,development
1575291512.569,1856,738,None,Move,development
1575291512.581,1856,739,None,Move,development
1575291512.589,1856,741,None,Move,development
1575291512.6020002,1856,743,None,Move,development
1575291512.645,1856,744,None,Move,development
1575291512.708,1856,745,None,Move,development
1575291512.73,1856,748,None,Move,development
1575291512.746,1856,749,None,Move,development
1575291512.792,1856,750,None,Move,development
1575291512.8079998,1856,751,None,Move,development
1575291512.8620002,1856,753,None,Move,development
1575291512.908,1856,755,None,Move,development
1575291512.971,1856,756,None,Move,development
1575291513.6520002,1856,758,None,Move,development
1575291513.667,1856,760,None,Move,development
1575291513.6829998,1856,764,None,Move,development
1575291513.705,1856,766,None,Move,development
1575291513.7370002,1856,767,None,Move,development
1575291513.752,1855,767,None,Move,development
1575291513.768,1855,768,None,Move,development
1575291513.837,1855,770,None,Move,development
1575291513.899,1855,771,None,Move,development
1575291513.968,1855,772,None,Move,development
1575291514.803,1853,775,None,Move,development
1575291514.813,1853,781,None,Move,development
1575291514.824,1853,784,None,Move,development
1575291514.834,1853,786,None,Move,development
1575291514.844,1853,789,None,Move,development
1575291514.854,1853,790,None,Move,development
1575291514.856,1852,791,None,Move,development
1575291514.8739998,1852,793,None,Move,development
1575291514.8839998,1852,794,None,Move,development
1575291514.8860002,1852,795,None,Move,development
1575291514.905,1852,796,None,Move,development
1575291514.907,1852,799,None,Move,development
1575291514.925,1852,800,None,Move,development
1575291514.975,1852,801,None,Move,development
1575291514.998,1851,801,None,Move,development
1575291515.048,1851,803,None,Move,development
1575291515.109,1851,804,None,Move,development
1575291515.21,1851,805,None,Move,development
1575291515.492,1851,806,None,Move,development
1575291515.563,1851,807,None,Move,development
1575291515.6620002,1849,807,None,Move,development
1575291515.705,1849,809,None,Move,development
1575291515.775,1849,811,None,Move,development
1575291515.8660002,1849,812,None,Move,development
1575291515.958,1849,813,None,Move,development
1575291517.978,1848,815,None,Move,development
1575291517.9889998,1848,816,None,Move,development
1575291517.9989998,1848,817,None,Move,development
1575291518.0089998,1848,818,None,Move,development
1575291518.019,1848,820,None,Move,development
1575291518.029,1848,822,None,Move,development
1575291518.0370002,1848,823,None,Move,development
1575291518.059,1848,825,None,Move,development
1575291518.077,1848,826,None,Move,development
1575291518.109,1848,827,None,Move,development
1575291518.156,1848,828,None,Move,development
1575291518.178,1848,829,None,Move,development
1575291518.1929998,1848,831,None,Move,development
1575291518.225,1848,832,None,Move,development
1575291518.278,1848,834,None,Move,development
1575291518.309,1848,835,None,Move,development
1575291518.325,1848,837,None,Move,development
1575291518.425,1848,838,None,Move,development
1575291518.478,1848,839,None,Move,development
1575291518.525,1848,840,None,Move,development
1575291524.256,1846,842,None,Move,development
1575291524.258,1846,843,None,Move,development
1575291526.145,1844,843,None,Move,development
1575291526.155,1843,843,None,Move,development
1575291527.165,1843,844,None,Move,development
1575291527.234,1843,845,None,Move,development
1575291527.246,1842,845,None,Move,development
1575291527.266,1842,846,None,Move,development
1575291527.306,1842,848,None,Move,development
1575291527.347,1842,849,None,Move,development
1575291527.367,1842,850,None,Move,development
1575291527.415,1842,851,None,Move,development
1575291527.478,1842,854,None,Move,development
1575291527.526,1842,855,None,Move,development
1575291527.559,1842,856,None,Move,development
1575291527.579,1842,857,None,Move,development
1575291527.629,1842,858,None,Move,development
1575291527.71,1842,860,None,Move,development
1575291528.332,1842,861,None,Move,development
1575291528.342,1842,862,None,Move,development
1575291528.354,1842,866,None,Move,development
1575291528.3639998,1842,867,None,Move,development
1575291528.3720002,1842,868,None,Move,development
1575291528.3739998,1842,869,None,Move,development
1575291528.3820002,1842,871,None,Move,development
1575291528.395,1842,872,None,Move,development
1575291528.403,1842,873,None,Move,development
1575291528.413,1842,874,None,Move,development
1575291528.428,1842,875,None,Move,development
1575291528.46,1842,878,None,Move,development
1575291528.475,1842,879,None,Move,development
1575291528.529,1842,880,None,Move,development
1575291528.56,1842,881,None,Move,development
1575291528.629,1841,881,None,Move,development
1575291528.66,1841,883,None,Move,development
1575291530.256,1841,885,None,Move,development
1575291530.271,1841,890,None,Move,development
1575291530.2870002,1841,893,None,Move,development
1575291530.309,1841,895,None,Move,development
1575291530.325,1841,898,None,Move,development
1575291530.34,1841,901,None,Move,development
1575291530.356,1841,904,None,Move,development
1575291530.371,1841,908,None,Move,development
1575291530.387,1841,911,None,Move,development
1575291530.403,1841,915,None,Move,development
1575291530.409,1841,916,None,Move,development
1575291530.425,1841,919,None,Move,development
1575291530.456,1841,921,None,Move,development
1575291530.783,1841,918,None,Move,development
1575291530.793,1841,915,None,Move,development
1575291530.803,1841,912,None,Move,development
1575291530.812,1841,911,None,Move,development
1575291530.814,1841,909,None,Move,development
1575291530.824,1841,904,None,Move,development
1575291530.832,1841,901,None,Move,development
1575291530.834,1841,899,None,Move,development
1575291530.844,1841,898,None,Move,development
1575291530.854,1841,896,None,Move,development
1575291530.8620002,1841,895,None,Move,development
1575291530.8639998,1841,894,None,Move,development
1575291530.8739998,1841,891,None,Move,development
1575291530.8839998,1841,889,None,Move,development
1575291530.8920002,1841,888,None,Move,development
1575291530.894,1842,885,None,Move,development
1575291530.905,1842,884,None,Move,development
1575291530.9120002,1842,881,None,Move,development
1575291530.915,1842,877,None,Move,development
1575291530.925,1842,874,None,Move,development
1575291530.935,1842,871,None,Move,development
1575291530.9429998,1842,869,None,Move,development
1575291530.945,1842,866,None,Move,development
1575291530.9529998,1842,863,None,Move,development
1575291530.965,1842,861,None,Move,development
1575291530.9729998,1842,859,None,Move,development
1575291530.985,1842,857,None,Move,development
1575291530.9929998,1842,856,None,Move,development
1575291530.995,1842,854,None,Move,development
1575291531.006,1842,852,None,Move,development
1575291531.016,1842,851,None,Move,development
1575291531.026,1842,849,None,Move,development
1575291531.034,1842,848,None,Move,development
1575291531.036,1842,847,None,Move,development
1575291531.046,1842,846,None,Move,development
1575291531.056,1844,845,None,Move,development
1575291531.066,1844,843,None,Move,development
1575291531.074,1846,842,None,Move,development
1575291531.076,1848,839,None,Move,development
1575291531.087,1849,836,None,Move,development
1575291531.097,1850,835,None,Move,development
1575291531.107,1852,833,None,Move,development
1575291531.115,1853,831,None,Move,development
1575291531.127,1855,826,None,Move,development
1575291531.135,1857,825,None,Move,development
1575291531.147,1858,823,None,Move,development
1575291531.155,1858,822,None,Move,development
1575291531.167,1858,821,None,Move,development
1575291531.175,1858,820,None,Move,development
1575291531.238,1860,820,None,Move,development
1575291532.06,1860,819,None,Move,development
1575291532.075,1860,817,None,Move,development
1575291532.091,1860,815,None,Move,development
1575291532.107,1860,812,None,Move,development
1575291532.113,1860,811,None,Move,development
1575291532.129,1860,810,None,Move,development
1575291532.145,1860,808,None,Move,development
1575291532.16,1860,805,None,Move,development
1575291532.176,1860,802,None,Move,development
1575291532.191,1860,799,None,Move,development
1575291532.26,1860,797,None,Move,development
1575291532.292,1860,796,None,Move,development
1575291532.3070002,1860,794,None,Move,development
1575291532.314,1860,793,None,Move,development
1575291532.408,1860,792,None,Move,development
1575291532.461,1860,789,None,Move,development
1575291532.4770002,1860,788,None,Move,development
1575291532.492,1860,786,None,Move,development
1575291532.546,1860,785,None,Move,development
1575291533.3479998,1859,783,None,Move,development
1575291533.3639998,1859,781,None,Move,development
1575291533.38,1859,779,None,Move,development
1575291533.395,1859,776,None,Move,development
1575291533.417,1859,775,None,Move,development
1575291533.48,1859,774,None,Move,development
1575291533.611,1859,773,None,Move,development
1575291533.649,1859,771,None,Move,development
1575291533.935,1859,769,None,Move,development
1575291533.951,1859,766,None,Move,development
1575291533.966,1859,764,None,Move,development
1575291533.982,1859,763,None,Move,development
1575291533.9970002,1858,763,None,Move,development
1575291534.837,1858,760,None,Move,development
1575291534.853,1857,758,None,Move,development
1575291534.869,1857,756,None,Move,development
1575291534.916,1857,755,None,Move,development
1575291534.938,1857,754,None,Move,development
1575291534.969,1857,753,None,Move,development
1575291534.985,1857,752,None,Move,development
1575291535.0,1856,750,None,Move,development
1575291535.035,1856,748,None,Move,development
1575291535.045,1856,747,None,Move,development
1575291535.156,1856,746,None,Move,development
1575291535.206,1856,744,None,Move,development
1575291535.2270002,1856,743,None,Move,development
1575291535.2370002,1856,741,None,Move,development
1575291535.2470002,1856,739,None,Move,development
1575291535.255,1856,738,None,Move,development
1575291535.2570002,1856,736,None,Move,development
1575291535.2670002,1856,734,None,Move,development
1575291535.2770002,1856,733,None,Move,development
1575291535.2870002,1856,732,None,Move,development
1575291535.2970002,1856,731,None,Move,development
1575291535.4120002,1856,729,None,Move,development
1575291537.0170002,1855,727,None,Move,development
1575291537.032,1855,726,None,Move,development
1575291537.048,1853,724,None,Move,development
1575291537.063,1853,720,None,Move,development
1575291537.079,1852,718,None,Move,development
1575291537.095,1852,716,None,Move,development
1575291537.117,1852,715,None,Move,development
1575291537.1320002,1852,713,None,Move,development
1575291537.1479998,1851,712,None,Move,development
1575291537.164,1848,708,None,Move,development
1575291537.179,1848,707,None,Move,development
1575291537.201,1848,704,None,Move,development
1575291537.219,1847,704,None,Move,development
1575291537.293,1847,703,None,Move,development
1575291540.5879998,1847,701,None,Move,development
1575291540.61,1846,695,None,Move,development
1575291540.6260002,1846,689,None,Move,development
1575291540.6420002,1846,687,None,Move,development
1575291540.657,1846,684,None,Move,development
1575291540.673,1846,677,None,Move,development
1575291540.689,1846,674,None,Move,development
1575291540.704,1845,672,None,Move,development
1575291540.711,1845,671,None,Move,development
1575291540.726,1844,670,None,Move,development
1575291540.742,1844,666,None,Move,development
1575291540.758,1844,663,None,Move,development
1575291540.7729998,1844,662,None,Move,development
1575291540.789,1844,661,None,Move,development
1575291540.804,1842,659,None,Move,development
1575291540.811,1842,657,None,Move,development
1575291540.827,1842,656,None,Move,development
1575291540.842,1842,655,None,Move,development
1575291540.8579998,1842,653,None,Move,development
1575291540.873,1842,652,None,Move,development
1575291540.911,1842,650,None,Move,development
1575291540.927,1842,647,None,Move,development
1575291540.9420002,1842,645,None,Move,development
1575291540.958,1842,643,None,Move,development
1575291540.974,1842,641,None,Move,development
1575291540.9889998,1842,638,None,Move,development
1575291541.0270002,1842,637,None,Move,development
1575291541.043,1842,635,None,Move,development
1575291541.0579998,1842,633,None,Move,development
1575291541.074,1842,632,None,Move,development
1575291541.09,1842,630,None,Move,development
1575291541.105,1842,629,None,Move,development
1575291541.127,1842,627,None,Move,development
1575291541.174,1842,625,None,Move,development
1575291541.212,1842,624,None,Move,development
1575291541.2589998,1842,623,None,Move,development
1575291543.163,1841,630,None,Move,development
1575291543.17,1841,636,None,Move,development
1575291543.185,1841,640,None,Move,development
1575291543.201,1839,649,None,Move,development
1575291543.216,1839,652,None,Move,development
1575291543.232,1838,657,None,Move,development
1575291543.248,1838,661,None,Move,development
1575291543.27,1838,672,None,Move,development
1575291543.285,1838,679,None,Move,development
1575291543.301,1838,681,None,Move,development
1575291543.3170002,1838,685,None,Move,development
1575291543.332,1838,689,None,Move,development
1575291543.3479998,1838,699,None,Move,development
1575291543.3639998,1839,703,None,Move,development
1575291543.3820002,1840,707,None,Move,development
1575291543.3920002,1840,711,None,Move,development
1575291543.403,1840,715,None,Move,development
1575291543.413,1840,720,None,Move,development
1575291543.431,1840,723,None,Move,development
1575291543.441,1840,724,None,Move,development
1575291543.4529998,1840,726,None,Move,development
1575291543.461,1840,727,None,Move,development
1575291543.4729998,1840,729,None,Move,development
1575291543.484,1840,730,None,Move,development
1575291543.494,1840,731,None,Move,development
1575291543.512,1840,732,None,Move,development
1575291543.7589998,1839,733,None,Move,development
1575291543.775,1839,737,None,Move,development
1575291543.791,1839,741,None,Move,development
1575291543.806,1839,743,None,Move,development
1575291543.813,1839,745,None,Move,development
1575291543.8279998,1839,746,None,Move,development
1575291543.844,1839,748,None,Move,development
1575291543.913,1839,751,None,Move,development
1575291543.96,1838,752,None,Move,development
1575291543.976,1838,754,None,Move,development
1575291543.9910002,1838,755,None,Move,development
1575291544.0129998,1838,758,None,Move,development
1575291544.029,1838,762,None,Move,development
1575291544.045,1838,764,None,Move,development
1575291544.06,1838,766,None,Move,development
1575291544.076,1837,768,None,Move,development
1575291544.092,1837,769,None,Move,development
1575291544.107,1837,773,None,Move,development
1575291544.1139998,1837,774,None,Move,development
1575291544.129,1837,777,None,Move,development
1575291544.145,1837,778,None,Move,development
1575291544.161,1837,781,None,Move,development
1575291544.176,1837,782,None,Move,development
1575291544.1920002,1837,784,None,Move,development
1575291544.207,1837,786,None,Move,development
1575291544.214,1837,787,None,Move,development
1575291544.23,1837,791,None,Move,development
1575291544.245,1837,792,None,Move,development
1575291544.33,1837,794,None,Move,development
1575291544.346,1837,797,None,Move,development
1575291544.361,1837,799,None,Move,development
1575291544.377,1837,802,None,Move,development
1575291544.3920002,1837,804,None,Move,development
1575291544.408,1837,806,None,Move,development
1575291544.415,1837,807,None,Move,development
1575291544.43,1837,808,None,Move,development
1575291544.446,1837,812,None,Move,development
1575291544.461,1837,813,None,Move,development
1575291544.4770002,1837,816,None,Move,development
1575291544.4929998,1837,818,None,Move,development
1575291544.515,1837,822,None,Move,development
1575291544.531,1837,824,None,Move,development
1575291544.546,1837,825,None,Move,development
1575291544.562,1837,828,None,Move,development
1575291544.863,1837,829,None,Move,development
1575291544.8779998,1837,832,None,Move,development
1575291544.894,1837,833,None,Move,development
1575291544.916,1837,834,None,Move,development
1575291547.57,1837,838,None,Move,development
1575291547.585,1837,842,None,Move,development
1575291547.601,1837,846,None,Move,development
1575291547.617,1837,848,None,Move,development
1575291547.623,1837,851,None,Move,development
1575291547.639,1837,852,None,Move,development
1575291547.655,1837,855,None,Move,development
1575291547.67,1836,857,None,Move,development
1575291547.686,1836,858,None,Move,development
1575291547.717,1836,863,None,Move,development
1575291547.724,1835,864,None,Move,development
1575291547.77,1835,865,None,Move,development
1575291547.803,1833,865,None,Move,development
1575291547.824,1833,866,None,Move,development
1575291547.917,1832,866,None,Move,development
1575291552.097,1792,846,None,Move,development
1575291552.1139998,1750,814,None,Move,development
1575291552.151,1671,762,None,Move,development
1575291552.166,1542,709,None,Move,development
1575291552.1820002,1484,692,None,Move,development
1575291552.197,1388,667,None,Move,development
1575291552.2129998,1366,663,None,Move,development
1575291552.235,1328,659,None,Move,development
1575291552.2510002,1303,659,None,Move,development
1575291552.266,1297,659,None,Move,development
1575291552.282,1286,660,None,Move,development
1575291552.298,1282,660,None,Move,development
1575291552.313,1280,660,None,Move,development
1575291552.552,1265,650,None,Move,development
1575291552.5670002,1233,626,None,Move,development
1575291552.583,1183,600,None,Move,development
1575291552.599,1134,570,None,Move,development
1575291552.6139998,1064,528,None,Move,development
1575291552.63,1046,515,None,Move,development
1575291552.6360002,1023,501,None,Move,development
1575291552.6520002,999,487,None,Move,development
1575291552.668,966,467,None,Move,development
1575291552.6829998,951,458,None,Move,development
1575291552.699,907,428,None,Move,development
1575291552.714,895,424,None,Move,development
1575291552.73,883,418,None,Move,development
1575291552.7370002,878,415,None,Move,development
1575291552.752,874,413,None,Move,development
1575291552.768,872,413,None,Move,development
1575291552.783,870,413,None,Move,development
1575291552.799,868,413,None,Move,development
1575291553.57,868,413,Right,Pressed,development
1575291553.655,868,413,Right,Released,development
1575291553.955,850,405,None,Move,development
1575291553.971,822,384,None,Move,development
1575291553.9870002,783,354,None,Move,development
1575291554.002,747,329,None,Move,development
1575291554.018,719,314,None,Move,development
1575291554.04,702,301,None,Move,development
1575291554.056,685,287,None,Move,development
1575291554.071,680,282,None,Move,development
1575291554.087,673,275,None,Move,development
1575291554.103,663,267,None,Move,development
1575291554.1179998,653,260,None,Move,development
1575291554.1339998,644,257,None,Move,development
1575291554.14,641,256,None,Move,development
1575291554.1720002,637,256,None,Move,development
1575291554.187,633,256,None,Move,development
1575291554.2029998,631,256,None,Move,development
1575291554.218,626,256,None,Move,development
1575291554.234,619,256,None,Move,development
1575291554.2429998,616,256,None,Move,development
1575291554.2529998,614,256,None,Move,development
1575291554.2629998,613,256,None,Move,development
1575291554.2729998,609,256,None,Move,development
1575291554.283,608,256,None,Move,development
1575291554.291,606,256,None,Move,development
1575291554.293,605,254,None,Move,development
1575291554.303,603,253,None,Move,development
1575291554.313,601,252,None,Move,development
1575291554.321,600,251,None,Move,development
1575291554.323,599,249,None,Move,development
1575291554.333,593,245,None,Move,development
1575291554.344,588,242,None,Move,development
1575291554.354,585,240,None,Move,development
1575291554.3639998,583,238,None,Move,development
1575291554.3720002,580,237,None,Move,development
1575291554.3839998,579,235,None,Move,development
1575291554.449,579,233,None,Move,development
1575291554.48,579,232,None,Move,development
1575291554.502,579,231,None,Move,development
1575291554.75,579,231,Left,Pressed,development
1575291554.919,579,231,Left,Released,development
1575291555.605,578,231,None,Move,development
1575291555.621,577,231,None,Move,development
1575291555.637,574,231,None,Move,development
1575291555.6520002,572,231,None,Move,development
1575291555.668,571,231,None,Move,development
1575291555.706,570,231,None,Move,development
1575291555.721,567,231,None,Move,development
1575291555.7370002,566,231,None,Move,development
1575291555.7529998,565,231,None,Move,development
1575291555.768,563,231,None,Move,development
1575291555.969,563,231,Right,Pressed,development
1575291556.069,563,231,Right,Released,development
1575291556.2229998,563,231,Right,Pressed,development
1575291556.285,563,231,Right,Released,development
1575291561.925,567,231,None,Move,development
1575291561.94,578,234,None,Move,development
1575291561.956,589,239,None,Move,development
1575291561.962,598,243,None,Move,development
1575291561.978,615,250,None,Move,development
1575291561.994,631,255,None,Move,development
1575291562.0089998,649,261,None,Move,development
1575291562.025,669,271,None,Move,development
1575291562.041,701,279,None,Move,development
1575291562.063,743,292,None,Move,development
1575291562.094,764,301,None,Move,development
1575291562.11,797,317,None,Move,development
1575291562.125,830,330,None,Move,development
1575291562.141,858,350,None,Move,development
1575291562.156,879,361,None,Move,development
1575291562.163,892,372,None,Move,development
1575291562.179,926,395,None,Move,development
1575291562.194,930,399,None,Move,development
1575291562.21,946,421,None,Move,development
1575291562.226,949,424,None,Move,development
1575291562.2410002,958,440,None,Move,development
1575291564.135,951,437,None,Move,development
1575291564.167,941,431,None,Move,development
1575291564.1820002,929,420,None,Move,development
1575291564.191,922,417,None,Move,development
1575291564.201,918,414,None,Move,development
1575291564.209,908,406,None,Move,development
1575291564.211,902,403,None,Move,development
1575291564.221,892,397,None,Move,development
1575291564.229,881,387,None,Move,development
1575291564.2410002,869,376,None,Move,development
1575291564.2489998,858,366,None,Move,development
1575291564.2510002,848,360,None,Move,development
1575291564.262,841,354,None,Move,development
1575291564.27,831,346,None,Move,development
1575291564.272,826,343,None,Move,development
1575291564.28,822,340,None,Move,development
1575291564.29,819,338,None,Move,development
1575291564.3,814,337,None,Move,development
1575291564.302,811,335,None,Move,development
1575291564.31,808,334,None,Move,development
1575291564.322,805,331,None,Move,development
1575291564.33,801,330,None,Move,development
1575291564.332,798,327,None,Move,development
1575291564.34,795,324,None,Move,development
1575291564.35,792,319,None,Move,development
1575291564.3520002,788,314,None,Move,development
1575291564.363,784,311,None,Move,development
1575291564.371,781,308,None,Move,development
1575291564.373,779,305,None,Move,development
1575291564.383,778,304,None,Move,development
1575291564.393,777,301,None,Move,development
1575291564.403,774,299,None,Move,development
1575291564.413,773,298,None,Move,development
1575291564.421,771,298,None,Move,development
1575291564.423,770,298,None,Move,development
1575291565.5170002,771,298,None,Move,development
1575291565.533,774,298,None,Move,development
1575291565.549,779,298,None,Move,development
1575291565.564,792,298,None,Move,development
1575291565.58,801,299,None,Move,development
1575291565.587,815,299,None,Move,development
1575291565.6020002,826,299,None,Move,development
1575291565.6179998,841,299,None,Move,development
1575291565.633,853,297,None,Move,development
1575291565.649,863,295,None,Move,development
1575291565.665,881,292,None,Move,development
1575291565.687,893,286,None,Move,development
1575291565.702,902,283,None,Move,development
1575291565.718,908,280,None,Move,development
1575291565.734,909,280,None,Move,development
1575291565.95,907,278,None,Move,development
1575291565.965,898,275,None,Move,development
1575291565.988,890,272,None,Move,development
1575291566.0029998,882,268,None,Move,development
1575291566.019,873,265,None,Move,development
1575291566.035,867,264,None,Move,development
1575291566.05,861,262,None,Move,development
1575291566.066,857,262,None,Move,development
1575291566.081,851,262,None,Move,development
1575291566.0879998,850,262,None,Move,development
1575291566.103,847,262,None,Move,development
1575291566.119,843,258,None,Move,development
1575291566.135,842,257,None,Move,development
1575291566.15,839,256,None,Move,development
1575291566.166,838,255,None,Move,development
1575291566.188,835,254,None,Move,development
1575291566.198,834,254,None,Move,development
1575291566.208,833,253,None,Move,development
1575291566.219,830,251,None,Move,development
1575291566.229,827,249,None,Move,development
1575291566.2389998,826,248,None,Move,development
1575291566.2489998,825,247,None,Move,development
1575291566.2589998,823,247,None,Move,development
1575291566.269,822,246,None,Move,development
1575291566.279,821,246,None,Move,development
1575291566.289,820,246,None,Move,development
1575291566.3,820,244,None,Move,development
1575291566.32,818,244,None,Move,development
1575291566.342,817,244,None,Move,development
1575291566.3520002,816,244,None,Move,development
1575291566.3620002,815,243,None,Move,development
1575291566.3720002,814,242,None,Move,development
1575291566.383,812,241,None,Move,development
1575291566.393,809,240,None,Move,development
1575291566.401,806,238,None,Move,development
1575291566.413,803,236,None,Move,development
1575291566.423,799,235,None,Move,development
1575291566.4329998,798,235,None,Move,development
1575291566.4429998,796,234,None,Move,development
1575291566.4529998,795,234,None,Move,development
1575291566.464,794,234,None,Move,development
1575291566.474,793,234,None,Move,development
1575291566.484,790,231,None,Move,development
1575291566.492,789,230,None,Move,development
1575291566.502,787,230,None,Move,development
1575291566.518,786,229,None,Move,development
1575291566.533,785,229,None,Move,development
1575291566.58,785,228,None,Move,development
1575291566.596,784,228,None,Move,development
1575291566.68,782,228,None,Move,development
1575291570.1260002,782,228,Left,Pressed,development
1575291570.242,782,228,Left,Released,development
1575291570.665,782,228,Left,Pressed,development
1575291570.7429998,782,228,Left,Released,development
1575291571.482,782,228,Left,Pressed,development
1575291571.583,782,228,Left,Released,development
1575291572.416,782,228,Left,Pressed,development
1575291572.5010002,782,228,Left,Released,development
1575291572.685,782,228,Left,Pressed,development
1575291572.748,782,228,Left,Released,development
1575291572.971,782,228,Left,Pressed,development
1575291573.064,782,228,Left,Released,development
1575291573.218,782,228,Left,Pressed,development
1575291573.3179998,782,228,Left,Released,development
1575291573.472,782,228,Left,Pressed,development
1575291573.572,782,228,Left,Released,development
1575291573.905,782,228,Left,Pressed,development
1575291574.005,782,228,Left,Released,development
1575291578.5470002,782,228,Left,Pressed,development
1575291578.647,782,228,Left,Released,development
1575291578.795,782,228,Left,Pressed,development
1575291578.8639998,782,228,Left,Released,development
1575291579.026,782,228,Left,Pressed,development
1575291579.095,782,228,Left,Released,development
1575291579.512,782,228,Left,Pressed,development
1575291579.6120002,782,228,Left,Released,development
1575291579.8820002,782,228,Left,Pressed,development
1575291579.967,782,228,Left,Released,development
1575291580.716,795,235,None,Move,development
1575291580.731,849,265,None,Move,development
1575291580.7470002,888,290,None,Move,development
1575291580.7529998,909,304,None,Move,development
1575291580.769,945,326,None,Move,development
1575291580.785,957,332,None,Move,development
1575291580.8,969,341,None,Move,development
1575291580.816,977,345,None,Move,development
1575291580.832,981,350,None,Move,development
1575291580.854,985,351,None,Move,development
1575291580.869,986,352,None,Move,development
1575291581.17,986,352,Left,Pressed,development
1575291581.3860002,986,352,Left,Released,development
1575291583.44,992,352,None,Move,development
1575291583.447,1003,350,None,Move,development
1575291583.454,1015,350,None,Move,development
1575291583.461,1029,350,None,Move,development
1575291583.4770002,1058,348,None,Move,development
1575291583.492,1089,348,None,Move,development
1575291583.508,1102,348,None,Move,development
1575291583.524,1107,348,None,Move,development
1575291583.539,1113,350,None,Move,development
1575291583.555,1117,350,None,Move,development
1575291583.561,1118,350,None,Move,development
1575291583.577,1121,350,None,Move,development
1575291583.593,1124,350,None,Move,development
1575291583.6079998,1131,350,None,Move,development
1575291583.6239998,1136,350,None,Move,development
1575291583.64,1145,350,None,Move,development
1575291583.655,1154,350,None,Move,development
1575291583.6620002,1162,350,None,Move,development
1575291583.677,1177,349,None,Move,development
1575291583.6929998,1211,347,None,Move,development
1575291583.709,1257,342,None,Move,development
1575291583.724,1296,340,None,Move,development
1575291583.74,1349,340,None,Move,development
1575291583.756,1388,340,None,Move,development
1575291583.762,1410,338,None,Move,development
1575291583.778,1463,338,None,Move,development
1575291583.793,1503,336,None,Move,development
1575291583.809,1602,328,None,Move,development
1575291583.825,1641,328,None,Move,development
1575291583.84,1697,329,None,Move,development
1575291583.856,1737,336,None,Move,development
1575291583.8620002,1751,338,None,Move,development
1575291583.8779998,1783,342,None,Move,development
1575291583.894,1806,346,None,Move,development
1575291583.909,1820,350,None,Move,development
1575291583.925,1825,351,None,Move,development
1575291583.94,1832,351,None,Move,development
1575291584.2570002,1832,368,None,Move,development
1575291584.264,1832,391,None,Move,development
1575291584.279,1832,441,None,Move,development
1575291584.295,1837,486,None,Move,development
1575291584.31,1846,534,None,Move,development
1575291584.326,1857,569,None,Move,development
1575291584.342,1861,590,None,Move,development
1575291584.3639998,1868,620,None,Move,development
1575291584.379,1877,643,None,Move,development
1575291584.395,1881,661,None,Move,development
1575291584.411,1884,677,None,Move,development
1575291584.426,1888,701,None,Move,development
1575291584.4420002,1894,724,None,Move,development
1575291584.458,1898,748,None,Move,development
1575291584.464,1898,759,None,Move,development
1575291584.48,1900,774,None,Move,development
1575291584.495,1900,789,None,Move,development
1575291584.5110002,1900,802,None,Move,development
1575291584.5270002,1900,808,None,Move,development
1575291584.542,1900,810,None,Move,development
1575291584.5579998,1900,813,None,Move,development
1575291584.564,1900,815,None,Move,development
1575291584.58,1900,818,None,Move,development
1575291584.596,1900,820,None,Move,development
1575291584.611,1900,821,None,Move,development
1575291584.627,1900,824,None,Move,development
1575291584.6420002,1896,829,None,Move,development
1575291584.658,1893,830,None,Move,development
1575291584.665,1892,831,None,Move,development
1575291584.68,1890,833,None,Move,development
1575291584.696,1888,836,None,Move,development
1575291584.712,1886,838,None,Move,development
1575291584.7270002,1884,842,None,Move,development
1575291584.7429998,1881,843,None,Move,development
1575291584.758,1879,846,None,Move,development
1575291584.765,1877,847,None,Move,development
1575291584.796,1876,849,None,Move,development
1575291584.827,1875,851,None,Move,development
1575291585.184,1875,851,None,Move,development
1575291585.285,1876,851,None,Move,development
1575291585.385,1878,851,None,Move,development
1575291585.423,1879,851,None,Move,development
1575291585.454,1880,851,None,Move,development
1575291585.47,1881,851,None,Move,development
1575291585.5070002,1882,851,None,Move,development
1575291588.293,1882,850,None,Move,development
1575291588.315,1882,848,None,Move,development
1575291588.331,1882,845,None,Move,development
1575291588.347,1882,843,None,Move,development
1575291588.3620002,1882,839,None,Move,development
1575291588.3779998,1882,838,None,Move,development
1575291588.394,1882,835,None,Move,development
1575291588.416,1882,834,None,Move,development
1575291588.4629998,1882,833,None,Move,development
1575291588.516,1882,832,None,Move,development
1575291588.579,1882,829,None,Move,development
1575291588.8639998,1882,828,None,Move,development
1575291588.895,1882,827,None,Move,development
1575291588.98,1882,826,None,Move,development
1575291589.0170002,1882,825,None,Move,development
1575291589.033,1882,822,None,Move,development
1575291589.049,1882,821,None,Move,development
1575291589.08,1882,820,None,Move,development
1575291589.096,1882,818,None,Move,development
1575291589.196,1882,817,None,Move,development
1575291589.2489998,1882,816,None,Move,development
1575291589.265,1882,814,None,Move,development
1575291589.281,1882,811,None,Move,development
1575291589.296,1881,807,None,Move,development
1575291589.312,1880,805,None,Move,development
1575291589.3179998,1878,804,None,Move,development
1575291589.334,1878,803,None,Move,development
1575291589.914,1877,803,None,Move,development
1575291589.92,1877,801,None,Move,development
1575291589.936,1876,800,None,Move,development
1575291589.951,1876,795,None,Move,development
1575291589.967,1875,794,None,Move,development
1575291589.998,1874,793,None,Move,development
1575291590.1139998,1874,792,None,Move,development
1575291590.3839998,1874,791,None,Move,development
1575291590.437,1874,789,None,Move,development
1575291591.34,1874,788,None,Move,development
1575291591.355,1874,787,None,Move,development
1575291591.371,1874,783,None,Move,development
1575291591.387,1874,781,None,Move,development
1575291591.4020002,1874,778,None,Move,development
1575291591.418,1874,776,None,Move,development
1575291591.424,1874,775,None,Move,development
1575291591.44,1874,771,None,Move,development
1575291591.456,1874,769,None,Move,development
1575291591.471,1874,766,None,Move,development
1575291591.4870002,1874,765,None,Move,development
1575291591.525,1874,764,None,Move,development
1575291591.637,1874,763,None,Move,development
1575291595.141,1874,760,None,Move,development
1575291595.156,1874,758,None,Move,development
1575291595.1720002,1874,755,None,Move,development
1575291595.188,1874,754,None,Move,development
1575291595.2029998,1874,753,None,Move,development
1575291595.2570002,1874,752,None,Move,development
1575291595.326,1874,751,None,Move,development
1575291595.658,1872,743,None,Move,development
1575291595.843,1872,739,None,Move,development
1575291595.859,1875,727,None,Move,development
1575291595.8739998,1878,718,None,Move,development
1575291595.89,1881,702,None,Move,development
1575291595.905,1884,689,None,Move,development
1575291595.921,1884,680,None,Move,development
1575291595.928,1884,677,None,Move,development
1575291595.9429998,1884,672,None,Move,development
1575291595.959,1884,668,None,Move,development
1575291595.974,1884,664,None,Move,development
1575291595.99,1884,659,None,Move,development
1575291596.006,1884,653,None,Move,development
1575291596.021,1884,650,None,Move,development
1575291596.028,1883,647,None,Move,development
1575291596.043,1881,640,None,Move,development
1575291596.059,1881,634,None,Move,development
1575291596.075,1878,621,None,Move,development
1575291596.09,1876,603,None,Move,development
1575291596.106,1874,575,None,Move,development
1575291596.1220002,1870,528,None,Move,development
1575291596.1279998,1870,522,None,Move,development
1575291596.144,1870,496,None,Move,development
1575291596.159,1870,493,None,Move,development
1575291596.175,1868,489,None,Move,development
1575291596.191,1868,482,None,Move,development
1575291596.206,1868,476,None,Move,development
1575291596.222,1868,470,None,Move,development
1575291596.228,1868,468,None,Move,development
1575291596.244,1868,464,None,Move,development
1575291596.26,1868,460,None,Move,development
1575291596.275,1868,458,None,Move,development
1575291596.545,1867,451,None,Move,development
1575291596.561,1865,442,None,Move,development
1575291596.576,1863,431,None,Move,development
1575291596.592,1862,413,None,Move,development
1575291596.607,1862,390,None,Move,development
1575291596.623,1862,373,None,Move,development
1575291596.63,1862,365,None,Move,development
1575291596.645,1862,347,None,Move,development
1575291596.661,1862,330,None,Move,development
1575291596.676,1863,304,None,Move,development
1575291596.6920002,1863,295,None,Move,development
1575291596.708,1864,280,None,Move,development
1575291596.7229998,1866,267,None,Move,development
1575291596.73,1866,265,None,Move,development
1575291596.745,1866,255,None,Move,development
1575291596.7610002,1866,251,None,Move,development
1575291596.7770002,1866,247,None,Move,development
1575291596.792,1868,238,None,Move,development
1575291596.8079998,1868,232,None,Move,development
1575291596.824,1868,228,None,Move,development
1575291596.83,1868,227,None,Move,development
1575291596.846,1868,225,None,Move,development
1575291596.861,1868,224,None,Move,development
1575291596.893,1868,223,None,Move,development
1575291596.908,1868,221,None,Move,development
1575291596.93,1868,218,None,Move,development
1575291596.946,1868,213,None,Move,development
1575291596.962,1868,210,None,Move,development
1575291597.024,1868,209,None,Move,development
1575291597.062,1868,208,None,Move,development
1575291598.266,1868,209,None,Move,development
1575291598.281,1868,215,None,Move,development
1575291598.2970002,1868,218,None,Move,development
1575291598.312,1868,226,None,Move,development
1575291598.3279998,1868,231,None,Move,development
1575291598.334,1868,234,None,Move,development
1575291598.35,1868,239,None,Move,development
1575291598.3660002,1868,243,None,Move,development
1575291598.381,1868,250,None,Move,development
1575291598.397,1869,256,None,Move,development
1575291598.413,1872,266,None,Move,development
1575291598.435,1873,271,None,Move,development
1575291598.45,1873,279,None,Move,development
1575291598.466,1873,284,None,Move,development
1575291598.482,1873,289,None,Move,development
1575291598.4970002,1873,293,None,Move,development
1575291598.5129998,1873,295,None,Move,development
1575291598.529,1873,298,None,Move,development
1575291598.535,1873,299,None,Move,development
1575291598.551,1873,301,None,Move,development
1575291598.566,1873,305,None,Move,development
1575291598.582,1873,307,None,Move,development
1575291598.597,1875,307,None,Move,development
1575291598.613,1876,309,None,Move,development
1575291598.629,1878,311,None,Move,development
1575291598.635,1881,312,None,Move,development
1575291598.651,1885,314,None,Move,development
1575291598.667,1887,315,None,Move,development
1575291598.6820002,1888,315,None,Move,development
1575291598.736,1890,315,None,Move,development
1575291598.7510002,1891,315,None,Move,development
1575291599.083,1891,315,None,Move,development
1575291599.099,1888,315,None,Move,development
1575291599.137,1887,315,None,Move,development
1575291599.2370002,1886,315,None,Move,development
1575291599.284,1884,315,None,Move,development
1575291605.571,1884,315,Left,Pressed,development
1575291606.69,1883,316,None,Drag,development
1575291606.705,1883,317,None,Drag,development
1575291606.721,1883,320,None,Drag,development
1575291606.79,1883,321,None,Drag,development
1575291606.859,1883,322,None,Drag,development
1575291606.937,1883,323,None,Drag,development
1575291606.975,1883,324,None,Drag,development
1575291607.0370002,1883,327,None,Drag,development
1575291607.1220002,1883,328,None,Drag,development
1575291607.1379998,1882,328,None,Drag,development
1575291607.176,1882,331,None,Drag,development
1575291607.238,1882,332,None,Drag,development
1575291607.276,1881,333,None,Drag,development
1575291607.323,1881,334,None,Drag,development
1575291608.2570002,1881,334,Left,Released,development
1575291608.965,1857,338,None,Move,development
1575291608.98,1792,345,None,Move,development
1575291608.996,1728,352,None,Move,development
1575291609.012,1650,357,None,Move,development
1575291609.0270002,1615,359,None,Move,development
1575291609.043,1525,359,None,Move,development
1575291609.059,1472,358,None,Move,development
1575291609.065,1449,358,None,Move,development
1575291609.081,1421,358,None,Move,development
1575291609.096,1407,358,None,Move,development
1575291609.1120002,1402,358,None,Move,development
1575291609.127,1391,358,None,Move,development
1575291609.143,1388,358,None,Move,development
1575291609.159,1386,358,None,Move,development
1575291609.165,1385,358,None,Move,development
1575291609.181,1381,358,None,Move,development
1575291609.197,1379,358,None,Move,development
1575291610.215,1375,362,None,Move,development
1575291610.231,1368,372,None,Move,development
1575291610.246,1362,383,None,Move,development
1575291610.262,1357,394,None,Move,development
1575291610.268,1356,399,None,Move,development
1575291610.284,1353,405,None,Move,development
1575291610.3,1350,412,None,Move,development
1575291610.315,1345,418,None,Move,development
1575291610.331,1342,425,None,Move,development
1575291610.347,1339,429,None,Move,development
1575291610.3620002,1336,431,None,Move,development
1575291610.369,1334,433,None,Move,development
1575291610.3839998,1331,437,None,Move,development
1575291610.4,1330,439,None,Move,development
1575291610.416,1327,442,None,Move,development
1575291610.431,1325,444,None,Move,development
1575291610.447,1321,448,None,Move,development
1575291610.462,1319,450,None,Move,development
1575291610.469,1318,451,None,Move,development
1575291610.485,1315,454,None,Move,development
1575291610.5,1313,457,None,Move,development
1575291610.569,1312,460,None,Move,development
1575291610.601,1310,460,None,Move,development
1575291610.6320002,1308,460,None,Move,development
1575291610.663,1307,460,None,Move,development
1575291610.67,1306,460,None,Move,development
1575291610.685,1303,460,None,Move,development
1575291610.716,1302,460,None,Move,development
1575291610.732,1292,456,None,Move,development
1575291610.748,1274,453,None,Move,development
1575291610.7629998,1253,449,None,Move,development
1575291610.77,1244,447,None,Move,development
1575291610.786,1210,445,None,Move,development
1575291610.801,1176,443,None,Move,development
1575291610.8170002,1150,443,None,Move,development
1575291610.832,1141,443,None,Move,development
1575291610.8479998,1137,443,None,Move,development
1575291610.8639998,1135,443,None,Move,development
1575291610.87,1134,443,None,Move,development
1575291610.8860002,1130,443,None,Move,development
1575291611.349,1130,443,Left,Pressed,development
1575291611.566,1130,443,Left,Released,development
1575291611.7510002,1130,443,Left,Pressed,development
1575291611.967,1130,443,Left,Released,development
1575291614.78,1132,443,None,Move,development
1575291614.796,1137,447,None,Move,development
1575291614.812,1144,450,None,Move,development
1575291614.827,1146,452,None,Move,development
1575291614.8579998,1149,456,None,Move,development
1575291614.8739998,1154,458,None,Move,development
1575291614.881,1155,460,None,Move,development
1575291614.896,1158,461,None,Move,development
1575291614.9120002,1158,462,None,Move,development
1575291614.928,1159,462,None,Move,development
1575291615.1820002,1159,462,Left,Pressed,development
1575291615.3979998,1159,462,Left,Released,development
1575291616.2470002,1165,460,None,Move,development
1575291616.262,1180,454,None,Move,development
1575291616.278,1188,451,None,Move,development
1575291616.285,1193,449,None,Move,development
1575291616.3,1197,445,None,Move,development
1575291616.316,1199,445,None,Move,development
1575291616.332,1202,445,None,Move,development
1575291616.363,1205,445,None,Move,development
1575291616.416,1206,445,None,Move,development
1575291616.802,1206,445,Left,Pressed,development
1575291617.033,1206,445,Left,Released,development
1575291617.049,1206,445,Left,Pressed,development
1575291617.25,1206,445,Left,Released,development
1575291618.654,1214,443,None,Move,development
1575291618.669,1237,441,None,Move,development
1575291618.685,1246,441,None,Move,development
1575291618.691,1257,441,None,Move,development
1575291618.707,1263,441,None,Move,development
1575291618.7229998,1280,441,None,Move,development
1575291618.738,1286,441,None,Move,development
1575291618.754,1297,441,None,Move,development
1575291618.77,1306,441,None,Move,development
1575291618.792,1311,441,None,Move,development
1575291618.8070002,1319,441,None,Move,development
1575291618.823,1328,441,None,Move,development
1575291618.839,1333,441,None,Move,development
1575291618.854,1338,442,None,Move,development
1575291618.87,1343,442,None,Move,development
1575291618.8920002,1350,442,None,Move,development
1575291618.908,1354,444,None,Move,development
1575291618.923,1359,444,None,Move,development
1575291618.939,1376,444,None,Move,development
1575291619.171,1381,444,Left,Pressed,development
1575291619.387,1381,444,Left,Released,development
1575291619.556,1392,441,None,Move,development
1575291619.572,1412,436,None,Move,development
1575291619.594,1457,427,None,Move,development
1575291619.61,1500,421,None,Move,development
1575291619.625,1540,416,None,Move,development
1575291619.641,1577,414,None,Move,development
1575291619.657,1595,414,None,Move,development
1575291619.688,1602,412,None,Move,development
1575291619.694,1603,412,None,Move,development
1575291619.71,1606,412,None,Move,development
1575291619.726,1609,412,None,Move,development
1575291619.7410002,1613,412,None,Move,development
1575291619.7570002,1617,410,None,Move,development
1575291619.772,1624,408,None,Move,development
1575291619.788,1630,405,None,Move,development
1575291619.795,1633,404,None,Move,development
1575291619.81,1640,403,None,Move,development
1575291619.826,1648,400,None,Move,development
1575291619.841,1663,396,None,Move,development
1575291619.857,1672,393,None,Move,development
1575291619.873,1684,389,None,Move,development
1575291619.8879998,1705,385,None,Move,development
1575291619.895,1716,383,None,Move,development
1575291619.911,1748,376,None,Move,development
1575291619.926,1769,373,None,Move,development
1575291619.9420002,1799,362,None,Move,development
1575291619.957,1836,353,None,Move,development
1575291619.9729998,1864,344,None,Move,development
1575291619.9889998,1876,341,None,Move,development
1575291619.995,1879,339,None,Move,development
1575291620.0110002,1885,339,None,Move,development
1575291620.026,1889,339,None,Move,development
1575291620.474,1890,339,None,Move,development
1575291620.49,1887,339,None,Move,development
1575291620.4970002,1886,339,None,Move,development
1575291620.512,1884,339,None,Move,development
1575291620.543,1881,339,None,Move,development
1575291620.613,1879,339,None,Move,development
1575291620.728,1877,339,None,Move,development
1575291623.0370002,1877,339,Left,Pressed,development
1575291623.843,1876,339,None,Drag,development
1575291623.845,1876,341,None,Drag,development
1575291623.856,1876,342,None,Drag,development
1575291623.8660002,1876,343,None,Drag,development
1575291623.894,1876,344,None,Drag,development
1575291623.947,1876,345,None,Drag,development
1575291624.0070002,1876,347,None,Drag,development
1575291624.038,1876,348,None,Drag,development
1575291624.048,1876,350,None,Drag,development
1575291624.0579998,1876,352,None,Drag,development
1575291624.0879998,1876,353,None,Drag,development
1575291624.106,1876,354,None,Drag,development
1575291624.139,1875,354,None,Drag,development
1575291624.187,1875,355,None,Drag,development
1575291624.29,1875,356,None,Drag,development
1575291624.321,1875,357,None,Drag,development
1575291624.369,1875,359,None,Drag,development
1575291624.4120002,1875,360,None,Drag,development
1575291624.4220002,1875,362,None,Drag,development
1575291624.452,1875,364,None,Drag,development
1575291624.5029998,1875,365,None,Drag,development
1575291624.562,1875,366,None,Drag,development
1575291624.584,1875,367,None,Drag,development
1575291624.655,1875,368,None,Drag,development
1575291625.37,1875,368,Left,Released,development
1575291625.571,1840,377,None,Move,development
1575291625.586,1785,387,None,Move,development
1575291625.6020002,1620,410,None,Move,development
1575291625.609,1568,410,None,Move,development
1575291625.6239998,1434,416,None,Move,development
1575291625.64,1274,428,None,Move,development
1575291625.655,1215,440,None,Move,development
1575291625.671,1166,449,None,Move,development
1575291625.687,1145,457,None,Move,development
1575291625.702,1131,460,None,Move,development
1575291625.709,1128,462,None,Move,development
1575291625.725,1122,464,None,Move,development
1575291625.74,1120,467,None,Move,development
1575291625.756,1117,467,None,Move,development
1575291626.025,1091,466,None,Move,development
1575291626.041,1038,464,None,Move,development
1575291626.0570002,991,464,None,Move,development
1575291626.072,929,464,None,Move,development
1575291626.0879998,915,464,None,Move,development
1575291626.103,907,464,None,Move,development
1575291626.11,905,464,None,Move,development
1575291626.1260002,902,464,None,Move,development
1575291626.141,901,464,None,Move,development
1575291626.157,898,464,None,Move,development
1575291626.1720002,897,464,None,Move,development
1575291626.288,896,464,None,Move,development
1575291626.326,893,464,None,Move,development
1575291626.342,892,464,None,Move,development
1575291626.357,891,464,None,Move,development
1575291626.373,885,464,None,Move,development
1575291626.389,876,463,None,Move,development
1575291626.404,869,463,None,Move,development
1575291626.411,863,463,None,Move,development
1575291626.427,847,460,None,Move,development
1575291626.4420002,842,460,None,Move,development
1575291626.458,840,460,None,Move,development
1575291626.4889998,837,460,None,Move,development
1575291626.705,837,460,Left,Pressed,development
1575291626.928,837,460,Left,Released,development
1575291627.276,838,462,None,Move,development
1575291627.291,839,464,None,Move,development
1575291627.313,842,470,None,Move,development
1575291627.329,845,477,None,Move,development
1575291627.345,846,480,None,Move,development
1575291627.36,846,482,None,Move,development
1575291627.407,846,484,None,Move,development
1575291627.429,847,487,None,Move,development
1575291627.445,847,488,None,Move,development
1575291627.461,847,491,None,Move,development
1575291627.476,850,493,None,Move,development
1575291627.492,851,495,None,Move,development
1575291627.514,852,498,None,Move,development
1575291627.6920002,852,498,Left,Pressed,development
1575291627.908,852,498,Left,Released,development
1575291628.062,883,495,None,Move,development
1575291628.0779998,1025,477,None,Move,development
1575291628.093,1171,467,None,Move,development
1575291628.1160002,1327,473,None,Move,development
1575291628.131,1565,488,None,Move,development
1575291628.147,1662,500,None,Move,development
1575291628.1620002,1743,511,None,Move,development
1575291628.194,1785,521,None,Move,development
1575291628.4629998,1796,513,None,Move,development
1575291628.479,1819,496,None,Move,development
1575291628.495,1831,486,None,Move,development
1575291628.51,1839,476,None,Move,development
1575291628.5170002,1846,471,None,Move,development
1575291628.532,1863,448,None,Move,development
1575291628.548,1882,418,None,Move,development
1575291628.564,1891,407,None,Move,development
1575291628.579,1895,397,None,Move,development
1575291628.595,1898,395,None,Move,development
1575291628.611,1902,389,None,Move,development
1575291628.617,1903,386,None,Move,development
1575291628.633,1903,383,None,Move,development
1575291628.6479998,1906,378,None,Move,development
1575291628.664,1909,370,None,Move,development
1575291628.68,1909,368,None,Move,development
1575291628.695,1909,366,None,Move,development
1575291628.717,1909,363,None,Move,development
1575291628.7329998,1909,361,None,Move,development
1575291628.7489998,1908,359,None,Move,development
1575291628.764,1904,357,None,Move,development
1575291628.78,1900,354,None,Move,development
1575291628.795,1898,353,None,Move,development
1575291628.811,1895,353,None,Move,development
1575291628.8179998,1893,353,None,Move,development
1575291628.833,1890,353,None,Move,development
1575291628.849,1887,353,None,Move,development
1575291628.865,1884,353,None,Move,development
1575291628.88,1881,353,None,Move,development
1575291628.896,1878,353,None,Move,development
1575291628.911,1874,353,None,Move,development
1575291628.918,1873,353,None,Move,development
1575291628.934,1871,353,None,Move,development
1575291628.949,1869,355,None,Move,development
1575291629.219,1869,354,None,Move,development
1575291629.234,1870,352,None,Move,development
1575291629.25,1871,352,None,Move,development
1575291629.281,1871,351,None,Move,development
1575291630.67,1871,351,Left,Pressed,development
1575291631.34,1871,351,Left,Released,development
1575291631.975,1872,351,None,Move,development
1575291631.9970002,1873,351,None,Move,development
1575291632.012,1875,351,None,Move,development
1575291632.044,1876,351,None,Move,development
1575291632.059,1877,350,None,Move,development
1575291632.075,1878,350,None,Move,development
1575291632.113,1879,350,None,Move,development
1575291632.144,1881,350,None,Move,development
1575291632.16,1883,350,None,Move,development
1575291632.191,1883,348,None,Move,development
1575291635.839,1883,349,None,Move,development
1575291635.855,1883,350,None,Move,development
1575291635.908,1883,351,None,Move,development
1575291636.024,1883,352,None,Move,development
1575291640.8,1883,353,None,Move,development
1575291640.847,1883,356,None,Move,development
1575291640.853,1882,356,None,Move,development
1575291640.9,1882,358,None,Move,development
1575291640.954,1882,360,None,Move,development
1575291640.985,1882,361,None,Move,development
1575291641.016,1882,362,None,Move,development
1575291641.07,1882,363,None,Move,development
1575291642.7510002,1880,366,None,Move,development
1575291642.7670002,1880,370,None,Move,development
1575291642.782,1879,373,None,Move,development
1575291642.813,1879,375,None,Move,development
1575291642.82,1879,376,None,Move,development
1575291642.836,1879,381,None,Move,development
1575291642.851,1879,383,None,Move,development
1575291642.867,1879,385,None,Move,development
1575291642.8820002,1879,388,None,Move,development
1575291642.967,1879,390,None,Move,development
1575291643.043,1879,392,None,Move,development
1575291643.113,1879,394,None,Move,development
1575291643.184,1879,395,None,Move,development
1575291644.854,1879,397,None,Move,development
1575291644.8860002,1879,399,None,Move,development
1575291644.939,1879,400,None,Move,development
1575291644.97,1879,401,None,Move,development
1575291644.986,1879,402,None,Move,development
1575291645.039,1879,403,None,Move,development
1575291645.071,1879,405,None,Move,development
1575291645.1079998,1879,406,None,Move,development
1575291645.14,1879,407,None,Move,development
1575291645.224,1879,409,None,Move,development
1575291645.255,1879,411,None,Move,development
1575291645.356,1879,412,None,Move,development
1575291645.371,1879,413,None,Move,development
1575291645.456,1879,414,None,Move,development
1575291645.525,1879,415,None,Move,development
1575291647.414,1879,417,None,Move,development
1575291647.43,1878,419,None,Move,development
1575291647.467,1878,420,None,Move,development
1575291647.4989998,1878,423,None,Move,development
1575291647.546,1878,424,None,Move,development
1575291647.599,1877,424,None,Move,development
1575291649.0029998,1877,425,None,Move,development
1575291649.103,1877,426,None,Move,development
1575291649.166,1877,428,None,Move,development
1575291649.188,1877,429,None,Move,development
1575291649.272,1877,431,None,Move,development
1575291649.404,1877,432,None,Move,development
1575291649.467,1877,434,None,Move,development
1575291649.551,1877,435,None,Move,development
1575291652.127,1877,436,None,Move,development
1575291652.143,1877,437,None,Move,development
1575291652.159,1874,438,None,Move,development
1575291652.196,1874,440,None,Move,development
1575291652.2970002,1874,441,None,Move,development
1575291652.3279998,1874,442,None,Move,development
1575291652.359,1874,445,None,Move,development
1575291653.964,1874,446,None,Move,development
1575291653.986,1873,447,None,Move,development
1575291654.0010002,1873,448,None,Move,development
1575291654.0170002,1872,449,None,Move,development
1575291654.064,1872,452,None,Move,development
1575291657.5110002,1871,453,None,Move,development
1575291657.5270002,1870,454,None,Move,development
1575291657.543,1868,457,None,Move,development
1575291657.5579998,1868,459,None,Move,development
1575291657.589,1868,460,None,Move,development
1575291657.6120002,1867,460,None,Move,development
1575291657.674,1867,461,None,Move,development
1575291657.728,1867,464,None,Move,development
1575291657.774,1864,465,None,Move,development
1575291661.169,1864,465,None,Move,development
1575291661.206,1866,465,None,Move,development
1575291661.2529998,1867,464,None,Move,development
1575291661.269,1867,462,None,Move,development
1575291661.284,1867,460,None,Move,development
1575291661.3,1869,459,None,Move,development
1575291661.3070002,1869,458,None,Move,development
1575291661.322,1871,457,None,Move,development
1575291661.3379998,1872,456,None,Move,development
1575291668.143,1873,455,None,Move,development
1575291668.174,1874,455,None,Move,development
1575291668.19,1874,456,None,Move,development
1575291668.205,1875,456,None,Move,development
1575291668.228,1877,456,None,Move,development
1575291668.275,1878,457,None,Move,development
1575291668.375,1878,458,None,Move,development
1575291668.676,1878,459,None,Move,development
1575291668.691,1878,461,None,Move,development
1575291668.707,1878,463,None,Move,development
1575291668.722,1878,465,None,Move,development
1575291668.729,1878,466,None,Move,development
1575291668.745,1878,468,None,Move,development
1575291668.76,1878,469,None,Move,development
1575291668.776,1878,471,None,Move,development
1575291668.792,1876,473,None,Move,development
1575291668.8070002,1876,474,None,Move,development
1575291668.823,1876,475,None,Move,development
1575291668.829,1876,476,None,Move,development
1575291668.845,1876,477,None,Move,development
1575291668.861,1875,479,None,Move,development
1575291668.8760002,1875,481,None,Move,development
1575291668.8920002,1875,485,None,Move,development
1575291668.908,1875,486,None,Move,development
1575291668.93,1875,488,None,Move,development
1575291668.945,1875,491,None,Move,development
1575291668.961,1875,493,None,Move,development
1575291668.992,1875,494,None,Move,development
1575291669.0229998,1875,497,None,Move,development
1575291669.061,1875,498,None,Move,development
1575291669.093,1875,499,None,Move,development
1575291669.1079998,1875,500,None,Move,development
1575291669.1620002,1875,502,None,Move,development
1575291669.1929998,1875,503,None,Move,development
1575291669.208,1875,504,None,Move,development
1575291669.2770002,1875,505,None,Move,development
1575291669.309,1874,506,None,Move,development
1575291669.331,1874,509,None,Move,development
1575291669.347,1874,510,None,Move,development
1575291669.409,1873,511,None,Move,development
1575291669.532,1872,512,None,Move,development
1575291669.61,1872,514,None,Move,development
1575291671.13,1872,515,None,Move,development
1575291671.1360002,1872,516,None,Move,development
1575291671.1520002,1870,517,None,Move,development
1575291671.168,1870,518,None,Move,development
1575291671.215,1870,520,None,Move,development
1575291671.268,1870,522,None,Move,development
1575291671.284,1869,522,None,Move,development
1575291671.315,1869,523,None,Move,development
1575291671.349,1867,523,None,Move,development
1575291671.41,1867,525,None,Move,development
1575291671.459,1866,525,None,Move,development
1575291671.532,1866,526,None,Move,development
1575291671.6160002,1866,527,None,Move,development
1575291671.732,1864,527,None,Move,development
1575291671.77,1864,528,None,Move,development
1575291671.8720002,1864,529,None,Move,development
1575291671.891,1863,529,None,Move,development
1575291672.0010002,1863,531,None,Move,development
1575291672.064,1863,532,None,Move,development
1575291672.133,1862,532,None,Move,development
1575291672.1479998,1862,533,None,Move,development
1575291672.2329998,1861,533,None,Move,development
1575291672.264,1861,535,None,Move,development
1575291672.333,1861,537,None,Move,development
1575291672.434,1861,538,None,Move,development
1575291672.48,1861,539,None,Move,development
1575291672.518,1860,539,None,Move,development
1575291672.534,1860,540,None,Move,development
1575291672.619,1860,541,None,Move,development
1575291672.65,1858,543,None,Move,development
1575291672.719,1858,544,None,Move,development
1575291672.766,1857,544,None,Move,development
1575291672.7970002,1857,545,None,Move,development
1575291672.8660002,1857,548,None,Move,development
1575291672.935,1857,549,None,Move,development
1575291673.004,1857,550,None,Move,development
1575291673.051,1855,550,None,Move,development
1575291678.169,1855,551,None,Move,development
1575291678.177,1855,552,None,Move,development
1575291678.199,1855,554,None,Move,development
1575291678.229,1853,554,None,Move,development
1575291678.2489998,1853,555,None,Move,development
1575291678.31,1853,556,None,Move,development
1575291678.33,1852,556,None,Move,development
1575291678.389,1852,557,None,Move,development
1575291678.441,1852,560,None,Move,development
1575291678.462,1851,560,None,Move,development
1575291678.492,1851,561,None,Move,development
1575291678.571,1851,562,None,Move,development
1575291678.601,1850,562,None,Move,development
1575291678.694,1849,563,None,Move,development
1575291678.724,1847,563,None,Move,development
1575291678.755,1847,564,None,Move,development
1575291678.7629998,1846,564,None,Move,development
1575291678.785,1846,566,None,Move,development
1575291678.795,1845,566,None,Move,development
1575291678.825,1845,567,None,Move,development
1575291678.836,1843,567,None,Move,development
1575291678.846,1843,568,None,Move,development
1575291678.8760002,1841,568,None,Move,development
1575291678.906,1841,569,None,Move,development
1575291678.9770002,1840,569,None,Move,development
1575291679.399,1840,570,None,Move,development
1575291679.431,1839,570,None,Move,development
1575291679.5,1838,570,None,Move,development
1575291679.5470002,1838,572,None,Move,development
1575291679.6,1838,573,None,Move,development
1575291679.669,1837,573,None,Move,development
1575291679.731,1837,574,None,Move,development
1575291679.816,1835,575,None,Move,development
1575291679.847,1835,576,None,Move,development
1575291680.6720002,1835,578,None,Move,development
1575291680.688,1835,579,None,Move,development
1575291680.7029998,1834,583,None,Move,development
1575291680.719,1834,585,None,Move,development
1575291680.734,1834,587,None,Move,development
1575291680.75,1832,591,None,Move,development
1575291680.766,1832,595,None,Move,development
1575291680.772,1832,596,None,Move,development
1575291680.788,1832,597,None,Move,development
1575291680.819,1830,598,None,Move,development
1575291680.835,1830,601,None,Move,development
1575291680.8660002,1830,602,None,Move,development
1575291680.8879998,1830,603,None,Move,development
1575291680.904,1829,606,None,Move,development
1575291680.935,1829,607,None,Move,development
1575291680.9729998,1829,608,None,Move,development
1575291681.004,1829,609,None,Move,development
1575291681.02,1829,610,None,Move,development
1575291681.051,1828,610,None,Move,development
1575291681.089,1828,612,None,Move,development
1575291681.173,1828,613,None,Move,development
1575291681.252,1828,614,None,Move,development
1575291681.367,1828,615,None,Move,development
1575291681.474,1828,616,None,Move,development
1575291681.5370002,1827,616,None,Move,development
1575291689.582,1827,618,None,Move,development
1575291689.592,1827,619,None,Move,development
1575291689.6020002,1827,620,None,Move,development
1575291689.6120002,1827,621,None,Move,development
1575291689.62,1827,622,None,Move,development
1575291689.63,1825,624,None,Move,development
1575291689.6320002,1825,625,None,Move,development
1575291689.641,1825,626,None,Move,development
1575291689.653,1825,629,None,Move,development
1575291689.661,1825,630,None,Move,development
1575291689.673,1825,631,None,Move,development
1575291689.6829998,1825,632,None,Move,development
1575291689.6929998,1824,632,None,Move,development
1575291689.701,1824,634,None,Move,development
1575291689.7129998,1824,635,None,Move,development
1575291689.721,1824,636,None,Move,development
1575291689.731,1823,636,None,Move,development
1575291689.7329998,1823,637,None,Move,development
1575291689.754,1823,638,None,Move,development
1575291689.774,1823,641,None,Move,development
1575291689.794,1823,642,None,Move,development
1575291689.802,1820,642,None,Move,development
1575291689.814,1820,643,None,Move,development
1575291689.835,1820,644,None,Move,development
1575291689.845,1820,646,None,Move,development
1575291689.863,1820,647,None,Move,development
1575291689.903,1820,648,None,Move,development
1575291689.946,1820,649,None,Move,development
1575291690.036,1820,650,None,Move,development
1575291690.157,1820,653,None,Move,development
1575291690.984,1819,653,None,Move,development
1575291691.094,1819,654,None,Move,development
1575291691.1920002,1819,655,None,Move,development
1575291691.2229998,1819,657,None,Move,development
1575291691.245,1818,657,None,Move,development
1575291691.275,1818,658,None,Move,development
1575291691.285,1817,658,None,Move,development
1575291691.295,1817,659,None,Move,development
1575291691.316,1817,660,None,Move,development
1575291691.334,1817,663,None,Move,development
1575291691.344,1816,663,None,Move,development
1575291691.3660002,1816,664,None,Move,development
1575291691.396,1814,665,None,Move,development
1575291691.414,1814,666,None,Move,development
1575291691.424,1813,667,None,Move,development
1575291691.456,1813,669,None,Move,development
1575291691.471,1813,670,None,Move,development
1575291691.502,1812,671,None,Move,development
1575291691.525,1812,672,None,Move,development
1575291691.556,1812,675,None,Move,development
1575291691.572,1809,675,None,Move,development
1575291691.587,1809,676,None,Move,development
1575291691.603,1809,677,None,Move,development
1575291691.641,1809,678,None,Move,development
1575291691.656,1808,680,None,Move,development
1575291691.719,1808,681,None,Move,development
1575291695.579,1810,681,None,Move,development
1575291695.594,1813,681,None,Move,development
1575291695.61,1817,682,None,Move,development
1575291695.617,1821,682,None,Move,development
1575291695.6320002,1825,682,None,Move,development
1575291695.6479998,1827,682,None,Move,development
1575291695.663,1831,683,None,Move,development
1575291695.679,1835,683,None,Move,development
1575291695.695,1837,683,None,Move,development
1575291695.717,1841,683,None,Move,development
1575291695.732,1847,683,None,Move,development
1575291695.748,1853,683,None,Move,development
1575291695.764,1858,683,None,Move,development
1575291695.779,1867,683,None,Move,development
1575291695.795,1876,683,None,Move,development
1575291695.811,1880,683,None,Move,development
1575291695.8170002,1882,683,None,Move,development
1575291695.833,1885,683,None,Move,development
1575291695.8479998,1889,683,None,Move,development
1575291695.8639998,1891,683,None,Move,development
1575291695.98,1891,684,None,Move,development
1575291696.065,1891,686,None,Move,development
1575291696.08,1887,686,None,Move,development
1575291696.096,1886,686,None,Move,development
1575291696.111,1883,687,None,Move,development
1575291696.1179998,1882,687,None,Move,development
1575291696.1339998,1881,687,None,Move,development
1575291696.149,1880,687,None,Move,development
1575291696.181,1879,688,None,Move,development
1575291696.218,1877,688,None,Move,development
1575291696.25,1875,688,None,Move,development
1575291696.813,1875,688,Left,Pressed,development
1575291698.101,1875,689,None,Drag,development
1575291698.139,1875,692,None,Drag,development
1575291698.186,1875,693,None,Drag,development
1575291698.286,1875,694,None,Drag,development
1575291698.371,1875,695,None,Drag,development
1575291699.258,1875,695,Left,Released,development
1575291709.8279998,1875,696,None,Move,development
1575291709.843,1875,698,None,Move,development
1575291709.859,1875,700,None,Move,development
1575291709.881,1874,701,None,Move,development
1575291709.913,1873,702,None,Move,development
1575291709.928,1873,704,None,Move,development
1575291709.944,1871,704,None,Move,development
1575291709.966,1871,707,None,Move,development
1575291709.9970002,1871,708,None,Move,development
1575291710.0129998,1870,710,None,Move,development
1575291710.029,1869,710,None,Move,development
1575291710.044,1869,711,None,Move,development
1575291710.06,1868,712,None,Move,development
1575291710.082,1868,713,None,Move,development
1575291710.113,1867,713,None,Move,development
1575291710.1820002,1867,716,None,Move,development
1575291710.245,1867,717,None,Move,development
1575291710.282,1867,719,None,Move,development
1575291710.298,1865,719,None,Move,development
1575291710.314,1865,721,None,Move,development
1575291710.329,1865,722,None,Move,development
1575291710.345,1863,723,None,Move,development
1575291710.367,1863,724,None,Move,development
1575291710.383,1862,725,None,Move,development
1575291710.39,1862,727,None,Move,development
1575291710.409,1862,728,None,Move,development
1575291710.425,1860,729,None,Move,development
1575291710.44,1860,732,None,Move,development
1575291710.456,1860,733,None,Move,development
1575291710.467,1860,734,None,Move,development
1575291710.4829998,1859,734,None,Move,development
1575291710.4989998,1859,735,None,Move,development
1575291710.514,1859,738,None,Move,development
1575291710.53,1858,739,None,Move,development
1575291710.546,1858,740,None,Move,development
1575291710.561,1858,741,None,Move,development
1575291710.584,1858,742,None,Move,development
1575291710.599,1858,745,None,Move,development
1575291710.631,1857,746,None,Move,development
1575291710.668,1857,747,None,Move,development
1575291710.684,1856,747,None,Move,development
1575291710.699,1856,748,None,Move,development
1575291710.715,1856,750,None,Move,development
1575291710.746,1856,751,None,Move,development
1575291710.815,1856,752,None,Move,development
1575291710.846,1856,753,None,Move,development
1575291710.869,1854,753,None,Move,development
1575291714.811,1853,754,None,Move,development
1575291714.827,1851,756,None,Move,development
1575291714.843,1848,760,None,Move,development
1575291714.8579998,1848,761,None,Move,development
1575291714.8739998,1847,764,None,Move,development
1575291714.881,1847,765,None,Move,development
1575291714.896,1847,766,None,Move,development
1575291714.9120002,1847,767,None,Move,development
1575291714.927,1845,770,None,Move,development
1575291714.9429998,1844,770,None,Move,development
1575291714.959,1844,771,None,Move,development
1575291714.974,1844,772,None,Move,development
1575291714.996,1843,773,None,Move,development
1575291715.012,1843,775,None,Move,development
1575291715.043,1842,775,None,Move,development
1575291715.059,1842,776,None,Move,development
1575291715.097,1842,777,None,Move,development
1575291715.1120002,1839,777,None,Move,development
1575291715.144,1839,778,None,Move,development
1575291715.181,1839,779,None,Move,development
1575291715.242,1838,779,None,Move,development
1575291715.258,1838,782,None,Move,development
1575291715.2970002,1838,783,None,Move,development
1575291715.36,1837,783,None,Move,development
1575291715.429,1837,784,None,Move,development
1575291715.476,1836,784,None,Move,development
1575291715.4970002,1836,785,None,Move,development
1575291715.529,1834,785,None,Move,development
1575291715.56,1834,787,None,Move,development
1575291715.629,1834,788,None,Move,development
1575291715.645,1833,788,None,Move,development
1575291716.673,1832,789,None,Move,development
1575291716.675,1831,790,None,Move,development
1575291716.685,1830,791,None,Move,development
1575291716.6929998,1828,794,None,Move,development
1575291716.7029998,1827,795,None,Move,development
1575291716.719,1824,799,None,Move,development
1575291716.734,1823,801,None,Move,development
1575291716.75,1823,804,None,Move,development
1575291716.781,1822,808,None,Move,development
1575291716.7970002,1821,808,None,Move,development
1575291716.803,1821,809,None,Move,development
1575291716.835,1820,809,None,Move,development
1575291716.85,1820,810,None,Move,development
1575291716.8660002,1820,811,None,Move,development
1575291716.903,1818,811,None,Move,development
1575291716.966,1818,812,None,Move,development
1575291717.02,1817,812,None,Move,development
1575291717.066,1817,814,None,Move,development
1575291717.42,1817,815,None,Move,development
1575291717.541,1816,815,None,Move,development
1575291719.188,1813,817,None,Move,development
1575291719.2029998,1813,819,None,Move,development
1575291719.21,1812,820,None,Move,development
1575291719.225,1812,822,None,Move,development
1575291719.2570002,1811,825,None,Move,development
1575291719.272,1811,826,None,Move,development
1575291719.288,1811,827,None,Move,development
1575291719.31,1811,830,None,Move,development
1575291719.326,1810,830,None,Move,development
1575291719.341,1810,831,None,Move,development
1575291719.41,1810,832,None,Move,development
1575291720.026,1789,822,None,Move,development
1575291720.042,1753,792,None,Move,development
1575291720.0570002,1706,753,None,Move,development
1575291720.064,1670,726,None,Move,development
1575291720.079,1619,680,None,Move,development
1575291720.095,1563,635,None,Move,development
1575291720.111,1477,565,None,Move,development
1575291720.1260002,1445,533,None,Move,development
1575291720.1420002,1419,509,None,Move,development
1575291720.158,1393,488,None,Move,development
1575291720.164,1375,472,None,Move,development
1575291720.18,1357,451,None,Move,development
1575291720.195,1333,422,None,Move,development
1575291720.211,1324,410,None,Move,development
1575291720.2270002,1318,406,None,Move,development
1575291720.242,1315,404,None,Move,development
1575291720.258,1312,404,None,Move,development
1575291720.481,1312,405,None,Move,development
1575291720.496,1310,409,None,Move,development
1575291720.512,1308,412,None,Move,development
1575291720.5270002,1307,415,None,Move,development
1575291720.543,1307,420,None,Move,development
1575291720.559,1306,423,None,Move,development
1575291720.565,1306,424,None,Move,development
1575291720.581,1306,428,None,Move,development
1575291720.596,1306,430,None,Move,development
1575291720.819,1306,430,Left,Pressed,development
1575291721.042,1306,430,Left,Released,development
1575291721.377,1318,434,None,Move,development
1575291721.3920002,1372,438,None,Move,development
1575291721.414,1429,447,None,Move,development
1575291721.43,1489,460,None,Move,development
1575291721.446,1513,466,None,Move,development
1575291721.4770002,1532,473,None,Move,development
1575291721.4929998,1553,480,None,Move,development
1575291721.508,1558,483,None,Move,development
1575291721.515,1561,486,None,Move,development
1575291721.53,1564,488,None,Move,development
1575291721.847,1566,488,Left,Pressed,development
1575291722.063,1566,488,Left,Released,development
1575291725.2529998,1563,488,None,Move,development
1575291725.269,1555,483,None,Move,development
1575291725.275,1548,480,None,Move,development
1575291725.291,1542,475,None,Move,development
1575291725.3070002,1532,469,None,Move,development
1575291725.322,1530,468,None,Move,development
1575291725.3379998,1527,468,None,Move,development
1575291725.353,1523,468,None,Move,development
1575291725.369,1521,468,None,Move,development
1575291725.391,1520,468,None,Move,development
1575291725.4220002,1519,468,None,Move,development
1575291725.438,1517,468,None,Move,development
1575291725.724,1517,468,Left,Pressed,development
1575291725.94,1517,468,Left,Released,development
1575291726.1929998,1513,465,None,Move,development
1575291726.209,1502,461,None,Move,development
1575291726.225,1496,458,None,Move,development
1575291726.24,1492,456,None,Move,development
1575291726.256,1489,456,None,Move,development
1575291726.272,1486,456,None,Move,development
1575291726.278,1485,456,None,Move,development
1575291726.294,1483,456,None,Move,development
1575291726.309,1480,454,None,Move,development
1575291726.325,1476,454,None,Move,development
1575291726.341,1473,454,None,Move,development
1575291726.356,1472,454,None,Move,development
1575291726.41,1472,451,None,Move,development
1575291726.479,1472,450,None,Move,development
1575291726.7729998,1472,450,Left,Pressed,development
1575291726.996,1472,450,Left,Released,development
1575291741.3779998,1443,440,None,Move,development
1575291741.394,1342,401,None,Move,development
1575291741.41,1243,369,None,Move,development
1575291741.416,1174,348,None,Move,development
1575291741.4320002,1111,330,None,Move,development
1575291741.447,1010,305,None,Move,development
1575291741.4629998,927,288,None,Move,development
1575291741.479,781,270,None,Move,development
1575291741.494,680,250,None,Move,development
1575291741.51,619,241,None,Move,development
1575291741.516,591,234,None,Move,development
1575291741.532,552,231,None,Move,development
1575291741.548,531,231,None,Move,development
1575291741.579,490,231,None,Move,development
1575291741.595,436,239,None,Move,development
1575291741.61,408,239,None,Move,development
1575291741.617,399,239,None,Move,development
1575291741.6320002,392,239,None,Move,development
1575291741.6479998,387,240,None,Move,development
1575291741.9329998,382,241,None,Move,development
1575291741.949,378,240,None,Move,development
1575291741.965,368,233,None,Move,development
1575291741.98,357,223,None,Move,development
1575291741.996,328,201,None,Move,development
1575291742.018,303,182,None,Move,development
1575291742.034,284,170,None,Move,development
1575291742.049,276,166,None,Move,development
1575291742.065,271,163,None,Move,development
1575291742.08,267,163,None,Move,development
1575291742.096,265,163,None,Move,development
1575291742.1120002,256,160,None,Move,development
1575291742.1179998,251,158,None,Move,development
1575291742.15,242,156,None,Move,development
1575291742.165,230,151,None,Move,development
1575291742.181,228,151,None,Move,development
1575291742.196,221,148,None,Move,development
1575291742.218,216,146,None,Move,development
1575291742.234,210,143,None,Move,development
1575291742.25,207,142,None,Move,development
1575291742.319,205,141,None,Move,development
1575291743.052,206,141,None,Move,development
1575291743.0679998,207,141,None,Move,development
1575291743.083,209,141,None,Move,development
1575291743.115,213,141,None,Move,development
1575291743.121,214,141,None,Move,development
1575291743.1520002,217,141,None,Move,development
1575291743.184,218,141,None,Move,development
1575291743.222,219,141,None,Move,development
1575291743.369,219,141,Left,Pressed,development
1575291743.4220002,219,141,Left,Released,development
1575291760.546,224,141,None,Move,development
1575291760.562,249,139,None,Move,development
1575291760.577,278,137,None,Move,development
1575291760.584,284,137,None,Move,development
1575291760.599,293,137,None,Move,development
1575291760.615,300,137,None,Move,development
1575291760.631,302,137,None,Move,development
1575291760.9629998,321,141,None,Move,development
1575291760.978,403,171,None,Move,development
1575291760.985,450,190,None,Move,development
1575291761.0,513,229,None,Move,development
1575291761.016,605,269,None,Move,development
1575291761.032,661,302,None,Move,development
1575291761.0470002,736,350,None,Move,development
1575291761.063,762,369,None,Move,development
1575291761.0779998,785,388,None,Move,development
1575291761.085,795,394,None,Move,development
1575291761.101,810,407,None,Move,development
1575291761.1160002,815,413,None,Move,development
1575291761.1320002,818,417,None,Move,development
1575291761.333,818,418,Left,Pressed,development
1575291761.55,818,418,Left,Released,development
1575291766.631,813,413,None,Move,development
1575291766.646,794,387,None,Move,development
1575291766.6620002,774,357,None,Move,development
1575291766.677,748,309,None,Move,development
1575291766.6929998,728,280,None,Move,development
1575291766.709,713,253,None,Move,development
1575291766.715,705,240,None,Move,development
1575291766.731,697,221,None,Move,development
1575291766.746,688,202,None,Move,development
1575291766.762,680,178,None,Move,development
1575291766.778,669,153,None,Move,development
1575291766.793,662,137,None,Move,development
1575291766.809,659,126,None,Move,development
1575291766.815,657,123,None,Move,development
1575291766.831,653,117,None,Move,development
1575291766.847,652,109,None,Move,development
1575291766.8620002,652,105,None,Move,development
1575291766.8779998,652,101,None,Move,development
1575291766.894,652,97,None,Move,development
1575291768.467,652,96,None,Move,development
1575291768.482,653,96,None,Move,development
1575291768.498,653,98,None,Move,development
1575291768.514,654,98,None,Move,development
1575291768.52,654,99,None,Move,development
1575291768.536,656,99,None,Move,development
1575291768.551,656,100,None,Move,development
1575291768.5670002,657,101,None,Move,development
1575291768.583,658,101,None,Move,development
1575291768.5979998,658,102,None,Move,development
1575291768.62,660,104,None,Move,development
1575291768.667,660,105,None,Move,development
1575291768.698,660,107,None,Move,development
1575291768.752,664,109,None,Move,development
1575291768.7670002,664,110,None,Move,development
1575291768.799,664,111,None,Move,development
1575291768.837,666,111,None,Move,development
1575291769.438,666,112,None,Move,development
1575291769.469,666,114,None,Move,development
1575291769.538,666,115,None,Move,development
1575291769.87,666,116,None,Move,development
1575291769.923,666,117,None,Move,development
1575291769.939,666,118,None,Move,development
1575291769.971,666,119,None,Move,development
1575291770.002,666,121,None,Move,development
1575291770.024,666,122,None,Move,development
1575291770.039,666,123,None,Move,development
1575291770.055,666,124,None,Move,development
1575291770.071,666,128,None,Move,development
1575291770.086,666,130,None,Move,development
1575291770.1020002,666,132,None,Move,development
1575291770.1239998,666,133,None,Move,development
1575291770.14,666,134,None,Move,development
1575291770.155,666,135,None,Move,development
1575291770.171,666,138,None,Move,development
1575291770.187,666,139,None,Move,development
1575291770.202,666,142,None,Move,development
1575291770.224,666,145,None,Move,development
1575291772.408,666,145,Left,Pressed,development
1575291772.524,666,145,Left,Released,development
1575291773.696,672,151,None,Move,development
1575291773.712,677,156,None,Move,development
1575291773.7270002,692,171,None,Move,development
1575291773.734,698,181,None,Move,development
1575291773.7489998,715,194,None,Move,development
1575291773.765,728,207,None,Move,development
1575291773.781,751,235,None,Move,development
1575291773.796,765,252,None,Move,development
1575291773.812,776,269,None,Move,development
1575291773.827,787,284,None,Move,development
1575291773.834,790,289,None,Move,development
1575291773.85,800,301,None,Move,development
1575291773.865,807,308,None,Move,development
1575291773.881,814,316,None,Move,development
1575291773.896,817,320,None,Move,development
1575291773.9120002,819,323,None,Move,development
1575291773.928,821,328,None,Move,development
1575291773.934,822,329,None,Move,development
1575291773.95,824,331,None,Move,development
1575291773.966,827,334,None,Move,development
1575291773.981,827,336,None,Move,development
1575291773.9970002,828,339,None,Move,development
1575291774.012,829,342,None,Move,development
1575291774.028,831,345,None,Move,development
1575291774.035,831,346,None,Move,development
1575291774.05,831,348,None,Move,development
1575291780.561,830,354,None,Move,development
1575291780.577,830,360,None,Move,development
1575291780.599,828,382,None,Move,development
1575291780.6139998,828,399,None,Move,development
1575291780.63,828,408,None,Move,development
1575291780.646,828,419,None,Move,development
1575291780.661,828,429,None,Move,development
1575291780.677,829,438,None,Move,development
1575291780.6920002,832,449,None,Move,development
1575291780.699,834,452,None,Move,development
1575291780.715,837,463,None,Move,development
1575291780.73,841,476,None,Move,development
1575291780.746,846,483,None,Move,development
1575291780.762,849,494,None,Move,development
1575291780.7770002,852,502,None,Move,development
1575291780.793,857,513,None,Move,development
1575291780.799,858,517,None,Move,development
1575291780.815,866,529,None,Move,development
1575291780.831,869,537,None,Move,development
1575291780.846,882,553,None,Move,development
1575291780.8620002,909,581,None,Move,development
1575291780.877,935,605,None,Move,development
1575291780.893,959,631,None,Move,development
1575291780.9,971,642,None,Move,development
1575291780.915,1000,671,None,Move,development
1575291780.931,1034,700,None,Move,development
1575291780.947,1063,724,None,Move,development
1575291780.962,1082,747,None,Move,development
1575291780.978,1103,768,None,Move,development
1575291781.0,1122,785,None,Move,development
1575291781.016,1128,790,None,Move,development
1575291781.031,1133,796,None,Move,development
1575291781.0470002,1133,798,None,Move,development
1575291782.804,1133,799,None,Move,development
1575291782.81,1132,801,None,Move,development
1575291782.825,1131,802,None,Move,development
1575291782.841,1128,804,None,Move,development
1575291782.857,1124,814,None,Move,development
1575291782.8720002,1120,820,None,Move,development
1575291782.8879998,1117,823,None,Move,development
1575291782.903,1115,826,None,Move,development
1575291782.91,1114,828,None,Move,development
1575291782.926,1111,830,None,Move,development
1575291782.941,1107,833,None,Move,development
1575291782.957,1106,835,None,Move,development
1575291782.972,1105,839,None,Move,development
1575291782.988,1105,842,None,Move,development
1575291783.01,1105,843,None,Move,development
1575291783.0879998,1105,845,None,Move,development
1575291783.11,1104,845,None,Move,development
1575291783.311,1104,845,Left,Pressed,development
1575291783.474,1104,845,Left,Released,development
1575291785.331,1102,838,None,Move,development
1575291785.349,1099,822,None,Move,development
1575291785.365,1095,807,None,Move,development
1575291785.381,1092,796,None,Move,development
1575291785.396,1091,783,None,Move,development
1575291785.4120002,1085,764,None,Move,development
1575291785.427,1082,749,None,Move,development
1575291785.431,1080,740,None,Move,development
1575291785.447,1076,716,None,Move,development
1575291785.4629998,1072,693,None,Move,development
1575291785.478,1067,681,None,Move,development
1575291785.494,1065,675,None,Move,development
1575291785.51,1065,672,None,Move,development
1575291785.525,1065,671,None,Move,development
1575291785.532,1065,670,None,Move,development
1575291785.5470002,1065,666,None,Move,development
1575291785.563,1065,663,None,Move,development
1575291809.1520002,1067,667,None,Move,development
1575291809.167,1077,683,None,Move,development
1575291809.1829998,1089,695,None,Move,development
1575291809.199,1107,709,None,Move,development
1575291809.214,1130,732,None,Move,development
1575291809.23,1167,767,None,Move,development
1575291809.2370002,1183,782,None,Move,development
1575291809.252,1218,822,None,Move,development
1575291809.268,1242,850,None,Move,development
1575291809.283,1258,873,None,Move,development
1575291809.299,1268,892,None,Move,development
1575291809.315,1276,910,None,Move,development
1575291809.33,1279,913,None,Move,development
1575291809.337,1279,915,None,Move,development
1575291809.3520002,1279,917,None,Move,development
1575291809.3679998,1279,919,None,Move,development
1575291809.654,1283,884,None,Move,development
1575291809.67,1282,824,None,Move,development
1575291809.685,1279,811,None,Move,development
1575291809.701,1274,798,None,Move,development
1575291809.716,1270,793,None,Move,development
1575291809.738,1266,793,None,Move,development
1575291809.754,1263,793,None,Move,development
1575291809.77,1260,793,None,Move,development
1575291809.785,1257,793,None,Move,development
1575291809.801,1230,800,None,Move,development
1575291809.8170002,1171,817,None,Move,development
1575291809.832,1126,826,None,Move,development
1575291809.839,1089,834,None,Move,development
1575291809.855,1017,837,None,Move,development
1575291809.87,903,819,None,Move,development
1575291809.8860002,753,774,None,Move,development
1575291809.901,695,759,None,Move,development
1575291809.917,641,742,None,Move,development
1575291809.9329998,604,738,None,Move,development
1575291809.939,593,738,None,Move,development
1575291809.955,580,738,None,Move,development
1575291809.97,573,738,None,Move,development
1575291809.986,569,738,None,Move,development
1575291810.002,566,738,None,Move,development
1575291810.0170002,562,743,None,Move,development
1575291810.033,562,747,None,Move,development
1575291810.039,562,750,None,Move,development
1575291810.055,562,759,None,Move,development
1575291810.071,566,774,None,Move,development
1575291810.086,571,790,None,Move,development
1575291810.1020002,575,803,None,Move,development
1575291810.117,575,816,None,Move,development
1575291810.133,575,825,None,Move,development
1575291810.14,575,828,None,Move,development
1575291810.155,575,833,None,Move,development
1575291810.171,576,841,None,Move,development
1575291810.187,584,857,None,Move,development
1575291810.202,596,876,None,Move,development
1575291810.218,601,892,None,Move,development
1575291810.2329998,610,904,None,Move,development
1575291810.24,613,911,None,Move,development
1575291810.256,619,920,None,Move,development
1575291810.271,634,933,None,Move,development
1575291810.2870002,650,946,None,Move,development
1575291810.303,678,965,None,Move,development
1575291810.3179998,711,987,None,Move,development
1575291810.334,719,993,None,Move,development
1575291810.34,720,996,None,Move,development
1575291810.356,720,1000,None,Move,development
1575291810.3720002,720,1002,None,Move,development
1575291810.387,720,1005,None,Move,development
1575291810.403,720,1007,None,Move,development
1575291810.418,720,1012,None,Move,development
1575291810.434,716,1016,None,Move,development
1575291810.441,713,1019,None,Move,development
1575291810.456,705,1029,None,Move,development
1575291810.472,694,1043,None,Move,development
1575291810.4870002,685,1055,None,Move,development
1575291810.5029998,679,1066,None,Move,development
1575291810.519,671,1073,None,Move,development
1575291810.534,667,1080,None,Move,development
1575291810.541,664,1082,None,Move,development
1575291810.5570002,656,1082,None,Move,development
1575291810.572,647,1082,None,Move,development
1575291810.5879998,629,1080,None,Move,development
1575291810.603,620,1079,None,Move,development
1575291810.619,617,1079,None,Move,development
1575291810.635,614,1079,None,Move,development
1575291810.641,613,1079,None,Move,development
1575291810.657,609,1079,None,Move,development
1575291810.735,608,1079,None,Move,development
1575291810.7410002,608,1078,None,Move,development
1575291810.7570002,608,1075,None,Move,development
1575291810.7729998,608,1073,None,Move,development
1575291810.788,608,1072,None,Move,development
1575291810.804,608,1071,None,Move,development
1575291810.82,608,1069,None,Move,development
1575291810.842,608,1067,None,Move,development
1575291810.904,608,1067,Left,Pressed,development
1575291810.9420002,608,1067,Left,Released,development
1575291811.9910002,605,1057,None,Move,file system
1575291812.0070002,601,1045,None,Move,file system
1575291812.022,595,1029,None,Move,file system
1575291812.029,594,1025,None,Move,file system
1575291812.044,589,1019,None,Move,file system
1575291812.06,587,1015,None,Move,file system
1575291812.076,584,1011,None,Move,file system
1575291812.091,582,1006,None,Move,file system
1575291812.107,577,998,None,Move,file system
1575291812.123,569,981,None,Move,file system
1575291812.129,567,977,None,Move,file system
1575291812.145,561,963,None,Move,file system
1575291812.16,558,957,None,Move,file system
1575291812.176,555,952,None,Move,file system
1575291812.1920002,555,949,None,Move,file system
1575291812.207,555,948,None,Move,file system
1575291812.229,555,947,None,Move,file system
1575291812.245,555,946,None,Move,file system
1575291812.2610002,555,945,None,Move,file system
1575291812.276,555,943,None,Move,file system
1575291812.292,554,943,None,Move,file system
1575291812.345,554,942,Left,Pressed,file system
1575291812.408,554,942,Left,Released,file system
1575291812.795,577,913,None,Move,development
1575291812.805,618,865,None,Move,development
1575291812.815,654,823,None,Move,development
1575291812.823,717,752,None,Move,development
1575291812.825,780,681,None,Move,development
1575291812.835,812,649,None,Move,development
1575291812.845,858,600,None,Move,development
1575291812.853,923,538,None,Move,development
1575291812.855,962,500,None,Move,development
1575291812.865,983,479,None,Move,development
1575291812.875,1015,455,None,Move,development
1575291812.8860002,1091,401,None,Move,development
1575291812.896,1112,384,None,Move,development
1575291812.904,1128,369,None,Move,development
1575291812.914,1159,344,None,Move,development
1575291812.929,1181,332,None,Move,development
1575291812.945,1189,327,None,Move,development
1575291812.961,1193,327,None,Move,development
1575291813.1620002,1194,327,Left,Pressed,development
1575291813.377,1194,327,Left,Released,development
1575291819.5170002,1205,327,None,Move,development
1575291819.532,1225,325,None,Move,development
1575291819.539,1242,325,None,Move,development
1575291819.554,1281,325,None,Move,development
1575291819.57,1350,325,None,Move,development
1575291819.586,1392,325,None,Move,development
1575291819.601,1448,325,None,Move,development
1575291819.617,1495,325,None,Move,development
1575291819.6320002,1546,327,None,Move,development
1575291819.639,1573,327,None,Move,development
1575291819.655,1618,327,None,Move,development
1575291819.67,1660,329,None,Move,development
1575291819.686,1722,331,None,Move,development
1575291819.701,1750,333,None,Move,development
1575291819.717,1782,335,None,Move,development
1575291819.7329998,1799,335,None,Move,development
1575291819.7389998,1805,335,None,Move,development
1575291819.755,1814,337,None,Move,development
1575291819.77,1817,337,None,Move,development
1575291820.056,1818,337,Left,Pressed,development
1575291820.2729998,1818,337,Left,Released,development
1575291820.505,1802,344,None,Move,development
1575291820.52,1726,374,None,Move,development
1575291820.536,1651,408,None,Move,development
1575291820.542,1581,434,None,Move,development
1575291820.5579998,1450,482,None,Move,development
1575291820.574,1368,518,None,Move,development
1575291820.589,1316,542,None,Move,development
1575291820.605,1273,558,None,Move,development
1575291820.621,1258,565,None,Move,development
1575291820.6360002,1251,567,None,Move,development
1575291820.643,1250,567,None,Move,development
