client_timestamp,x,y,button,state,window
1577286089.0470002,1607,363,None,Move,file system
1577286089.064,1579,363,None,Move,file system
1577286089.073,1552,363,None,Move,file system
1577286089.083,1513,363,None,Move,file system
1577286089.093,1463,355,None,Move,file system
1577286089.104,1440,338,None,Move,file system
1577286089.1139998,1385,311,None,Move,file system
1577286089.1239998,1349,297,None,Move,file system
1577286089.135,1315,289,None,Move,file system
1577286089.145,1281,281,None,Move,file system
1577286089.157,1258,275,None,Move,file system
1577286089.167,1238,271,None,Move,file system
1577286089.178,1221,266,None,Move,file system
1577286089.189,1200,257,None,Move,file system
1577286089.2,1185,251,None,Move,file system
1577286089.21,1172,242,None,Move,file system
1577286089.219,1159,234,None,Move,file system
1577286089.231,1146,223,None,Move,file system
1577286089.242,1136,213,None,Move,file system
1577286089.2529998,1126,202,None,Move,file system
1577286089.2629998,1116,196,None,Move,file system
1577286089.269,1111,193,None,Move,file system
1577286089.285,1099,169,None,Move,file system
1577286089.306,1092,158,None,Move,file system
1577286089.314,1088,142,None,Move,file system
1577286089.326,1086,130,None,Move,file system
1577286089.33,1086,75,None,Move,file system
1577286089.346,1086,63,None,Move,file system
1577286089.3620002,1087,43,None,Move,file system
1577286089.37,1089,23,None,Move,file system
1577286089.385,1098,-10,None,Move,file system
1577286089.401,1102,-7,None,Move,file system
1577286089.417,1107,-7,None,Move,file system
1577286089.4320002,1143,-36,None,Move,file system
1577286089.448,1152,-20,None,Move,file system
1577286089.4629998,1161,-16,None,Move,file system
1577286089.472,1172,-18,None,Move,file system
1577286089.492,1183,-16,None,Move,file system
1577286089.502,1190,-7,None,Move,file system
1577286089.512,1198,-8,None,Move,file system
1577286089.531,1208,-6,None,Move,file system
1577286089.546,1223,-4,None,Move,file system
1577286089.562,1232,-3,None,Move,file system
1577286089.577,1251,-6,None,Move,file system
1577286089.593,1264,-10,None,Move,file system
1577286089.606,1271,-6,None,Move,file system
1577286089.617,1278,-8,None,Move,file system
1577286089.6279998,1286,-8,None,Move,file system
1577286089.639,1293,-7,None,Move,file system
1577286089.651,1306,-18,None,Move,file system
1577286089.6620002,1325,-16,None,Move,file system
1577286089.6720002,1338,-15,None,Move,file system
1577286089.6829998,1354,-14,None,Move,file system
1577286089.694,1374,-14,None,Move,file system
1577286089.705,1418,-9,None,Move,file system
1577286089.715,1441,-4,None,Move,file system
1577286089.726,1469,-3,None,Move,file system
1577286089.736,1500,0,None,Move,file system
1577286089.746,1523,6,None,Move,file system
1577286089.755,1543,13,None,Move,file system
1577286089.764,1561,22,None,Move,file system
1577286089.7729998,1582,34,None,Move,file system
1577286089.783,1603,50,None,Move,file system
1577286089.792,1619,63,None,Move,file system
1577286089.794,1635,87,None,Move,file system
1577286089.809,1668,155,None,Move,file system
1577286089.825,1681,189,None,Move,file system
1577286089.831,1691,244,None,Move,file system
1577286089.846,1698,299,None,Move,file system
1577286089.8620002,1703,342,None,Move,file system
1577286089.877,1707,385,None,Move,file system
1577286089.893,1710,436,None,Move,file system
1577286089.909,1710,455,None,Move,file system
1577286089.929,1708,503,None,Move,file system
1577286089.937,1698,536,None,Move,file system
1577286089.945,1693,556,None,Move,file system
1577286089.961,1674,619,None,Move,file system
1577286089.9770002,1665,659,None,Move,file system
1577286089.992,1656,677,None,Move,file system
1577286090.008,1642,712,None,Move,file system
1577286090.0229998,1635,724,None,Move,file system
1577286090.033,1630,731,None,Move,file system
1577286090.049,1594,761,None,Move,file system
1577286090.065,1576,772,None,Move,file system
1577286090.08,1491,783,None,Move,file system
1577286090.096,1346,772,None,Move,file system
1577286090.1120002,1190,718,None,Move,file system
1577286090.1339998,940,596,None,Move,file system
1577286090.143,772,517,None,Move,file system
1577286090.154,646,469,None,Move,file system
1577286090.1620002,492,410,None,Move,file system
1577286090.173,389,372,None,Move,file system
1577286090.184,264,338,None,Move,file system
1577286090.194,210,315,None,Move,file system
1577286090.204,153,298,None,Move,file system
1577286090.2129998,132,289,None,Move,file system
1577286090.222,117,275,None,Move,file system
1577286090.23,105,229,None,Move,file system
1577286090.2389998,105,202,None,Move,file system
1577286090.2489998,120,144,None,Move,file system
1577286090.2570002,154,67,None,Move,file system
1577286090.2670002,224,-20,None,Move,file system
1577286090.2770002,293,-76,None,Move,file system
1577286090.286,401,-74,None,Move,file system
1577286090.294,506,-96,None,Move,file system
1577286090.302,658,-102,None,Move,file system
1577286090.31,804,-82,None,Move,file system
1577286090.319,948,-67,None,Move,file system
1577286090.329,1036,-36,None,Move,file system
1577286090.334,1205,-46,None,Move,file system
1577286090.349,1340,-31,None,Move,file system
1577286090.365,1461,-3,None,Move,file system
1577286090.385,1566,6,None,Move,file system
1577286090.397,1617,18,None,Move,file system
1577286090.407,1651,34,None,Move,file system
1577286090.4220002,1730,73,None,Move,file system
1577286090.434,1751,101,None,Move,file system
1577286090.449,1801,210,None,Move,file system
1577286090.465,1822,355,None,Move,file system
1577286090.481,1817,403,None,Move,file system
1577286090.496,1775,567,None,Move,file system
1577286090.512,1746,638,None,Move,file system
1577286090.5270002,1695,713,None,Move,file system
1577286090.534,1663,754,None,Move,file system
1577286090.55,1592,826,None,Move,file system
1577286090.565,1471,882,None,Move,file system
1577286090.581,1345,904,None,Move,file system
1577286090.596,1272,889,None,Move,file system
1577286090.6120002,1212,855,None,Move,file system
1577286090.6279998,1172,827,None,Move,file system
1577286090.6339998,1135,797,None,Move,file system
1577286090.658,1019,688,None,Move,file system
1577286090.667,961,644,None,Move,file system
1577286090.676,893,599,None,Move,file system
1577286090.6829998,837,567,None,Move,file system
1577286090.691,814,556,None,Move,file system
1577286090.705,780,548,None,Move,file system
1577286090.716,760,548,None,Move,file system
1577286090.724,749,548,None,Move,file system
1577286090.732,742,548,None,Move,file system
1577286090.74,736,548,None,Move,file system
1577286090.7489998,735,548,None,Move,file system
1577286090.7589998,733,548,None,Move,file system
1577286090.7670002,732,548,None,Move,file system
1577286090.775,731,548,None,Move,file system
1577286090.795,731,549,None,Move,file system
1577286090.803,733,552,None,Move,file system
1577286090.81,734,559,None,Move,file system
1577286090.8179998,736,570,None,Move,file system
1577286090.827,739,588,None,Move,file system
1577286090.835,739,596,None,Move,file system
1577286090.843,739,608,None,Move,file system
1577286090.851,739,616,None,Move,file system
1577286090.867,739,642,None,Move,file system
1577286090.8820002,738,662,None,Move,file system
1577286090.8979998,734,685,None,Move,file system
1577286090.913,731,694,None,Move,file system
1577286090.935,720,714,None,Move,file system
1577286090.951,693,742,None,Move,file system
1577286090.966,651,775,None,Move,file system
1577286090.982,618,797,None,Move,file system
1577286090.998,537,816,None,Move,file system
1577286091.0129998,434,816,None,Move,file system
1577286091.029,364,809,None,Move,file system
1577286091.035,322,795,None,Move,file system
1577286091.051,272,776,None,Move,file system
1577286091.0670002,259,767,None,Move,file system
1577286091.082,234,748,None,Move,file system
1577286091.0979998,216,715,None,Move,file system
1577286091.113,208,696,None,Move,file system
1577286091.383,191,683,None,Move,file system
1577286091.399,167,664,None,Move,file system
1577286091.414,121,616,None,Move,file system
1577286091.43,95,592,None,Move,file system
1577286091.436,85,584,None,Move,file system
1577286091.452,72,571,None,Move,file system
1577286091.467,65,568,None,Move,file system
1577286091.4829998,60,565,None,Move,file system
1577286091.498,57,564,None,Move,file system
1577286091.514,54,560,None,Move,file system
1577286091.524,53,560,None,Move,file system
1577286091.532,52,560,None,Move,file system
1577286091.54,51,560,None,Move,file system
1577286091.544,49,560,None,Move,file system
1577286091.559,47,559,None,Move,file system
1577286091.575,38,558,None,Move,file system
1577286091.591,31,558,None,Move,file system
1577286091.606,27,558,None,Move,file system
1577286091.6220002,25,558,None,Move,file system
1577286091.64,22,558,None,Move,file system
1577286092.156,31,558,None,Move,file system
1577286092.1720002,54,554,None,Move,file system
1577286092.187,78,550,None,Move,file system
1577286092.2029998,87,548,None,Move,file system
1577286092.218,106,538,None,Move,file system
1577286092.2389998,128,526,None,Move,file system
1577286092.248,138,520,None,Move,file system
1577286092.2570002,148,516,None,Move,file system
1577286092.266,160,512,None,Move,file system
1577286092.274,169,509,None,Move,file system
1577286092.281,179,505,None,Move,file system
1577286092.289,185,503,None,Move,file system
1577286092.2970002,192,500,None,Move,file system
1577286092.306,197,498,None,Move,file system
1577286092.314,204,495,None,Move,file system
1577286092.322,213,493,None,Move,file system
1577286092.331,225,489,None,Move,file system
1577286092.3379998,240,485,None,Move,file system
1577286092.347,252,481,None,Move,file system
1577286092.355,262,477,None,Move,file system
1577286092.3639998,271,473,None,Move,file system
1577286092.373,276,470,None,Move,file system
1577286092.381,282,469,None,Move,file system
1577286092.391,285,468,None,Move,file system
1577286092.4020002,289,466,None,Move,file system
1577286092.41,292,465,None,Move,file system
1577286092.419,294,465,None,Move,file system
1577286092.426,295,465,None,Move,file system
1577286092.62,294,468,None,Move,file system
1577286092.635,293,471,None,Move,file system
1577286092.6420002,292,474,None,Move,file system
1577286092.657,289,478,None,Move,file system
1577286092.673,289,479,None,Move,file system
1577286092.689,289,482,None,Move,file system
1577286092.704,289,485,None,Move,file system
1577286092.72,287,486,None,Move,file system
1577286092.742,286,487,None,Move,file system
1577286092.758,284,489,None,Move,file system
1577286092.781,281,491,None,Move,file system
1577286092.789,280,492,None,Move,file system
1577286092.799,279,495,None,Move,file system
1577286092.8079998,277,498,None,Move,file system
1577286092.8170002,276,499,None,Move,file system
1577286092.825,275,500,None,Move,file system
1577286092.833,274,503,None,Move,file system
1577286092.841,271,504,None,Move,file system
1577286092.851,269,507,None,Move,file system
1577286092.8579998,268,508,None,Move,file system
1577286092.867,267,510,None,Move,file system
1577286092.8760002,265,511,None,Move,file system
1577286092.885,264,512,None,Move,file system
1577286092.895,263,513,None,Move,file system
1577286092.903,260,515,None,Move,file system
1577286092.9120002,259,516,None,Move,file system
1577286092.92,258,517,None,Move,file system
1577286092.929,257,518,None,Move,file system
1577286092.938,255,519,None,Move,file system
1577286092.947,254,520,None,Move,file system
1577286092.956,253,521,None,Move,file system
1577286092.965,252,522,None,Move,file system
1577286092.974,252,525,None,Move,file system
1577286093.637,252,515,None,Move,file system
1577286093.643,252,501,None,Move,file system
1577286093.659,255,475,None,Move,file system
1577286093.674,257,454,None,Move,file system
1577286093.69,257,443,None,Move,file system
1577286093.706,257,436,None,Move,file system
1577286093.721,257,433,None,Move,file system
1577286093.939,260,419,None,Move,file system
1577286093.949,269,406,None,Move,file system
1577286093.96,273,389,None,Move,file system
1577286093.968,280,371,None,Move,file system
1577286093.978,284,356,None,Move,file system
1577286093.9870002,288,347,None,Move,file system
1577286093.995,290,342,None,Move,file system
1577286094.002,291,339,None,Move,file system
1577286094.012,292,338,None,Move,file system
1577286094.021,292,337,None,Move,file system
1577286094.46,286,349,None,Move,file system
1577286094.472,277,370,None,Move,file system
1577286094.484,270,390,None,Move,file system
1577286094.495,265,408,None,Move,file system
1577286094.5070002,261,418,None,Move,file system
1577286094.518,259,427,None,Move,file system
1577286094.53,255,439,None,Move,file system
1577286094.543,252,448,None,Move,file system
1577286094.556,251,452,None,Move,file system
1577286094.565,249,459,None,Move,file system
1577286094.577,248,461,None,Move,file system
1577286094.587,247,463,None,Move,file system
1577286094.5979998,247,464,None,Move,file system
1577286094.6079998,247,465,None,Move,file system
1577286095.826,245,482,None,Move,file system
1577286095.836,243,517,None,Move,file system
1577286095.846,240,542,None,Move,file system
1577286095.856,240,564,None,Move,file system
1577286095.865,240,595,None,Move,file system
1577286095.885,240,614,None,Move,file system
1577286095.905,238,634,None,Move,file system
1577286095.917,236,654,None,Move,file system
1577286095.927,234,669,None,Move,file system
1577286095.946,233,678,None,Move,file system
1577286095.9629998,231,684,None,Move,file system
1577286095.976,228,689,None,Move,file system
1577286095.988,227,695,None,Move,file system
1577286096.0010002,224,698,None,Move,file system
1577286096.0129998,223,699,None,Move,file system
1577286096.0270002,222,701,None,Move,file system
1577286096.041,222,703,None,Move,file system
1577286096.056,222,704,None,Move,file system
1577286096.069,221,705,None,Move,file system
1577286096.1120002,221,706,None,Move,file system
1577286096.1260002,220,708,None,Move,file system
1577286096.1360002,217,712,None,Move,file system
1577286096.145,216,716,None,Move,file system
1577286096.1479998,214,723,None,Move,file system
1577286096.164,210,741,None,Move,file system
1577286096.18,206,767,None,Move,file system
1577286096.185,205,776,None,Move,file system
1577286096.201,205,794,None,Move,file system
1577286096.216,205,807,None,Move,file system
1577286096.232,205,815,None,Move,file system
1577286096.248,207,833,None,Move,file system
1577286096.2629998,209,841,None,Move,file system
1577286096.285,225,884,None,Move,file system
1577286096.301,234,905,None,Move,file system
1577286096.3170002,236,914,None,Move,file system
1577286096.332,236,920,None,Move,file system
1577286096.3860002,239,920,None,Move,file system
1577286096.401,240,920,None,Move,file system
1577286096.417,242,918,None,Move,file system
1577286096.4329998,244,913,None,Move,file system
1577286096.448,248,891,None,Move,file system
1577286096.464,249,887,None,Move,file system
1577286096.48,249,880,None,Move,file system
1577286096.4889998,249,878,None,Move,file system
1577286096.5,249,877,None,Move,file system
1577286096.51,249,876,None,Move,file system
1577286096.521,249,875,None,Move,file system
1577286096.589,249,872,None,Move,file system
1577286096.611,249,871,None,Move,file system
1577286096.6260002,249,870,None,Move,file system
1577286096.6479998,249,869,None,Move,file system
1577286096.663,249,868,None,Move,file system
1577286096.686,249,866,None,Move,file system
1577286096.965,249,866,Left,Pressed,file system
1577286097.18,249,866,Left,Released,file system
1577286097.661,244,865,None,Move,file system
1577286097.673,238,865,None,Move,file system
1577286097.684,232,865,None,Move,file system
1577286097.696,225,865,None,Move,file system
1577286097.712,222,865,None,Move,file system
1577286097.73,217,865,None,Move,file system
1577286097.7529998,214,867,None,Move,file system
1577286097.7629998,213,867,None,Move,file system
1577286097.784,212,867,None,Move,file system
1577286097.804,211,867,None,Move,file system
1577286097.824,210,867,None,Move,file system
1577286097.834,209,867,None,Move,file system
1577286097.875,209,862,None,Move,file system
1577286097.894,218,842,None,Move,file system
1577286097.905,243,819,None,Move,file system
1577286097.923,269,795,None,Move,file system
1577286097.936,333,746,None,Move,file system
1577286097.946,359,722,None,Move,file system
1577286097.956,398,670,None,Move,file system
1577286097.974,419,649,None,Move,file system
1577286097.986,440,617,None,Move,file system
1577286097.9970002,449,597,None,Move,file system
1577286098.0070002,453,588,None,Move,file system
1577286098.025,456,585,None,Move,file system
1577286098.0370002,458,584,None,Move,file system
1577286098.045,458,583,None,Move,file system
1577286098.071,459,583,None,Move,file system
1577286098.587,460,586,None,Move,file system
1577286098.599,462,590,None,Move,file system
1577286098.609,464,595,None,Move,file system
1577286098.621,464,599,None,Move,file system
1577286098.633,465,604,None,Move,file system
1577286098.645,467,610,None,Move,file system
1577286098.657,471,617,None,Move,file system
1577286098.667,473,627,None,Move,file system
1577286098.685,475,632,None,Move,file system
1577286098.695,478,639,None,Move,file system
1577286098.707,483,644,None,Move,file system
1577286098.717,488,647,None,Move,file system
1577286098.7270002,492,650,None,Move,file system
1577286098.738,497,655,None,Move,file system
1577286098.758,501,657,None,Move,file system
1577286098.766,504,659,None,Move,file system
1577286098.776,509,660,None,Move,file system
1577286098.792,510,660,None,Move,file system
1577286098.8070002,512,660,None,Move,file system
1577286098.823,514,660,None,Move,file system
1577286098.839,515,660,None,Move,file system
1577286098.854,519,661,None,Move,file system
1577286098.87,522,664,None,Move,file system
1577286098.8760002,528,666,None,Move,file system
1577286098.8920002,532,668,None,Move,file system
1577286098.908,536,670,None,Move,file system
1577286098.923,544,672,None,Move,file system
1577286098.939,545,675,None,Move,file system
1577286099.181,545,675,Left,Pressed,file system
1577286099.409,545,675,Left,Released,file system
1577286099.5779998,545,675,Left,Pressed,file system
1577286099.793,545,675,Left,Released,file system
1577286100.593,536,658,None,Move,file system
1577286100.6239998,511,627,None,Move,file system
1577286100.64,477,576,None,Move,file system
1577286100.6620002,449,537,None,Move,file system
1577286100.677,435,516,None,Move,file system
1577286100.6929998,415,491,None,Move,file system
1577286100.709,405,480,None,Move,file system
1577286100.725,399,473,None,Move,file system
1577286100.738,392,465,None,Move,file system
1577286100.7489998,388,456,None,Move,file system
1577286100.7610002,385,449,None,Move,file system
1577286100.772,382,442,None,Move,file system
1577286100.784,379,435,None,Move,file system
1577286100.794,373,428,None,Move,file system
1577286100.805,370,425,None,Move,file system
1577286100.8170002,367,422,None,Move,file system
1577286100.827,362,417,None,Move,file system
1577286100.837,359,414,None,Move,file system
1577286100.8479998,356,413,None,Move,file system
1577286100.86,355,411,None,Move,file system
1577286100.871,354,410,None,Move,file system
1577286100.914,354,409,None,Move,file system
1577286100.926,354,408,None,Move,file system
1577286100.941,379,390,None,Move,file system
1577286100.957,400,379,None,Move,file system
1577286100.972,427,364,None,Move,file system
1577286100.985,447,358,None,Move,file system
1577286100.995,456,354,None,Move,file system
1577286101.0129998,463,351,None,Move,file system
1577286101.0229998,472,349,None,Move,file system
1577286101.035,478,348,None,Move,file system
1577286101.045,482,345,None,Move,file system
1577286101.056,489,342,None,Move,file system
1577286101.064,493,341,None,Move,file system
1577286101.084,497,339,None,Move,file system
1577286101.094,500,338,None,Move,file system
1577286101.104,505,336,None,Move,file system
1577286101.12,507,336,None,Move,file system
1577286101.436,505,349,None,Move,file system
1577286101.447,500,369,None,Move,file system
1577286101.4529998,498,378,None,Move,file system
1577286101.469,494,393,None,Move,file system
1577286101.484,494,398,None,Move,file system
1577286101.505,494,403,None,Move,file system
1577286101.521,494,404,None,Move,file system
1577286101.536,494,405,None,Move,file system
1577286101.736,494,407,Left,Pressed,file system
1577286101.952,494,407,Left,Released,file system
1577286103.6520002,493,408,None,Move,file system
1577286103.664,492,409,None,Move,file system
1577286103.675,487,412,None,Move,file system
1577286103.6929998,481,422,None,Move,file system
1577286103.705,473,433,None,Move,file system
1577286103.715,469,445,None,Move,file system
1577286103.725,464,463,None,Move,file system
1577286103.745,462,483,None,Move,file system
1577286103.7529998,462,503,None,Move,file system
1577286103.776,464,546,None,Move,file system
1577286103.794,465,555,None,Move,file system
1577286103.806,465,558,None,Move,file system
1577286103.814,465,562,None,Move,file system
1577286103.836,465,567,None,Move,file system
1577286103.846,465,569,None,Move,file system
1577286103.903,464,567,None,Move,file system
1577286103.92,462,560,None,Move,file system
1577286103.94,460,549,None,Move,file system
1577286103.96,460,546,None,Move,file system
1577286103.9929998,460,544,None,Move,file system
1577286104.229,454,571,None,Move,file system
1577286104.2510002,450,594,None,Move,file system
1577286104.2670002,443,614,None,Move,file system
1577286104.298,441,643,None,Move,file system
1577286104.314,441,666,None,Move,file system
1577286104.3379998,441,683,None,Move,file system
1577286104.3579998,441,691,None,Move,file system
1577286104.379,441,696,None,Move,file system
1577286104.389,441,700,None,Move,file system
1577286104.399,441,706,None,Move,file system
1577286104.419,441,710,None,Move,file system
1577286104.4329998,441,714,None,Move,file system
1577286104.449,441,716,None,Move,file system
1577286104.467,441,721,None,Move,file system
1577286104.484,441,722,None,Move,file system
1577286104.506,441,724,None,Move,file system
1577286104.5229998,443,730,None,Move,file system
1577286104.541,445,735,None,Move,file system
1577286104.561,445,744,None,Move,file system
1577286104.5779998,445,749,None,Move,file system
1577286104.591,445,752,None,Move,file system
1577286104.6239998,445,756,None,Move,file system
1577286104.64,445,760,None,Move,file system
1577286104.65,445,768,None,Move,file system
1577286104.67,445,779,None,Move,file system
1577286104.68,445,791,None,Move,file system
1577286104.69,445,797,None,Move,file system
1577286104.701,445,802,None,Move,file system
1577286104.719,445,803,None,Move,file system
1577286104.731,445,804,None,Move,file system
1577286104.7410002,445,805,None,Move,file system
1577286104.7610002,445,807,None,Move,file system
1577286106.6929998,445,807,Left,Pressed,file system
1577286106.8679998,445,807,Left,Released,file system
1577286106.879,445,807,Left,Pressed,file system
1577286107.085,445,807,Left,Released,file system
1577286110.4910002,445,785,None,Move,file system
1577286110.5089998,443,746,None,Move,file system
1577286110.519,443,716,None,Move,file system
1577286110.531,443,682,None,Move,file system
1577286110.541,443,657,None,Move,file system
1577286110.552,443,629,None,Move,file system
1577286110.562,443,610,None,Move,file system
1577286110.572,443,588,None,Move,file system
1577286110.582,443,574,None,Move,file system
1577286110.6,445,562,None,Move,file system
1577286110.61,447,553,None,Move,file system
1577286110.6220002,451,543,None,Move,file system
1577286110.6320002,452,534,None,Move,file system
1577286110.643,456,525,None,Move,file system
1577286110.653,457,520,None,Move,file system
1577286110.663,458,516,None,Move,file system
1577286110.673,460,511,None,Move,file system
1577286110.691,461,508,None,Move,file system
1577286110.701,463,505,None,Move,file system
1577286110.7029998,464,504,None,Move,file system
1577286110.7129998,465,503,None,Move,file system
1577286110.731,466,502,None,Move,file system
1577286110.744,467,499,None,Move,file system
1577286110.754,469,495,None,Move,file system
1577286110.764,476,486,None,Move,file system
1577286110.774,482,471,None,Move,file system
1577286110.784,491,459,None,Move,file system
1577286110.801,499,447,None,Move,file system
1577286110.813,511,426,None,Move,file system
1577286110.824,516,412,None,Move,file system
1577286110.836,518,406,None,Move,file system
1577286110.847,519,399,None,Move,file system
1577286110.859,521,394,None,Move,file system
1577286110.8720002,522,388,None,Move,file system
1577286110.883,524,384,None,Move,file system
1577286110.895,524,380,None,Move,file system
1577286110.906,524,377,None,Move,file system
1577286110.917,524,375,None,Move,file system
1577286110.929,524,370,None,Move,file system
1577286110.94,524,368,None,Move,file system
1577286110.952,524,367,None,Move,file system
1577286110.964,524,366,None,Move,file system
1577286111.225,522,364,None,Move,file system
1577286111.2370002,519,364,None,Move,file system
1577286111.2470002,516,364,None,Move,file system
1577286111.2570002,515,364,None,Move,file system
1577286111.268,514,364,None,Move,file system
1577286111.278,513,363,None,Move,file system
1577286111.288,511,363,None,Move,file system
1577286111.321,511,362,None,Move,file system
1577286111.35,510,362,None,Move,file system
1577286112.039,510,362,Left,Pressed,file system
1577286112.265,510,362,Left,Released,file system
1577286112.275,510,362,Left,Pressed,file system
1577286112.481,510,362,Left,Released,file system
1577286115.4910002,510,362,Left,Pressed,file system
1577286115.667,510,362,Left,Released,file system
1577286115.679,510,362,Left,Pressed,file system
1577286115.8920002,510,362,Left,Released,file system
1577286117.365,509,362,None,Move,file system
1577286117.3760002,508,363,None,Move,file system
1577286117.3860002,507,363,None,Move,file system
1577286117.396,505,363,None,Move,file system
1577286117.406,501,363,None,Move,file system
1577286117.424,499,363,None,Move,file system
1577286117.434,497,363,None,Move,file system
1577286117.447,496,363,None,Move,file system
1577286117.457,493,363,None,Move,file system
1577286117.467,492,363,None,Move,file system
1577286117.4770002,491,363,None,Move,file system
1577286117.495,488,363,None,Move,file system
1577286117.5070002,487,363,None,Move,file system
1577286117.5170002,486,363,None,Move,file system
1577286117.5270002,483,363,None,Move,file system
1577286117.538,482,363,None,Move,file system
1577286117.548,480,363,None,Move,file system
1577286117.566,475,363,None,Move,file system
1577286117.576,472,363,None,Move,file system
1577286117.5879998,469,364,None,Move,file system
1577286117.5979998,466,364,None,Move,file system
1577286117.6079998,463,364,None,Move,file system
1577286117.6179998,462,365,None,Move,file system
1577286117.629,461,365,None,Move,file system
1577286117.647,460,365,None,Move,file system
1577286117.659,459,365,None,Move,file system
1577286117.669,457,365,None,Move,file system
1577286117.89,457,365,Left,Pressed,file system
1577286118.111,457,365,Left,Released,file system
1577286118.238,465,383,None,Move,file system
1577286118.25,479,404,None,Move,file system
1577286118.2610002,490,422,None,Move,file system
1577286118.274,499,440,None,Move,file system
1577286118.2870002,508,453,None,Move,file system
1577286118.301,516,463,None,Move,file system
1577286118.312,522,471,None,Move,file system
1577286118.323,527,478,None,Move,file system
1577286118.336,528,481,None,Move,file system
1577286118.3479998,528,482,None,Move,file system
1577286118.5470002,528,482,Left,Pressed,file system
1577286118.762,528,482,Left,Released,file system
1577286120.04,527,479,None,Move,file system
1577286120.061,524,476,None,Move,file system
1577286120.076,520,470,None,Move,file system
1577286120.092,514,462,None,Move,file system
1577286120.1079998,509,459,None,Move,file system
1577286120.123,506,456,None,Move,file system
1577286120.139,504,453,None,Move,file system
1577286120.161,498,443,None,Move,file system
1577286120.177,493,432,None,Move,file system
1577286120.1920002,487,425,None,Move,file system
1577286120.208,483,420,None,Move,file system
1577286120.224,480,417,None,Move,file system
1577286120.2389998,473,411,None,Move,file system
1577286120.255,470,406,None,Move,file system
1577286120.2610002,467,403,None,Move,file system
1577286120.2770002,463,400,None,Move,file system
1577286120.293,461,395,None,Move,file system
1577286120.3079998,458,389,None,Move,file system
1577286120.331,455,388,None,Move,file system
1577286120.344,453,385,None,Move,file system
1577286120.3579998,451,381,None,Move,file system
1577286120.3720002,450,380,None,Move,file system
1577286120.385,450,379,None,Move,file system
1577286120.3979998,450,378,None,Move,file system
1577286120.41,450,377,None,Move,file system
1577286120.429,450,374,None,Move,file system
1577286120.4420002,450,373,None,Move,file system
1577286120.456,450,370,None,Move,file system
1577286120.467,450,369,None,Move,file system
1577286120.479,450,368,None,Move,file system
1577286120.5070002,450,366,None,Move,file system
1577286120.522,450,364,None,Move,file system
1577286120.525,450,363,None,Move,file system
1577286120.54,450,362,None,Move,file system
1577286120.562,450,357,None,Move,file system
1577286120.577,452,352,None,Move,file system
1577286120.593,455,347,None,Move,file system
1577286120.6079998,455,342,None,Move,file system
1577286120.6239998,458,338,None,Move,file system
1577286120.64,458,337,None,Move,file system
1577286120.655,459,336,None,Move,file system
1577286120.6620002,459,335,None,Move,file system
1577286121.195,457,337,None,Move,file system
1577286121.21,454,338,None,Move,file system
1577286121.226,453,339,None,Move,file system
1577286121.2410002,451,340,None,Move,file system
1577286121.2570002,449,343,None,Move,file system
1577286121.264,448,344,None,Move,file system
1577286121.279,447,345,None,Move,file system
1577286121.295,446,346,None,Move,file system
1577286121.31,445,347,None,Move,file system
1577286121.326,444,347,None,Move,file system
1577286121.342,443,348,None,Move,file system
1577286121.357,442,348,None,Move,file system
1577286121.3639998,441,348,None,Move,file system
1577286121.379,441,349,None,Move,file system
1577286121.695,441,349,Left,Pressed,file system
1577286121.865,441,349,Left,Released,file system
1577286121.88,441,349,Left,Pressed,file system
1577286122.08,441,349,Left,Released,file system
1577286140.3979998,454,347,None,Move,development
1577286140.414,469,343,None,Move,development
1577286140.43,486,341,None,Move,development
1577286140.446,506,339,None,Move,development
1577286140.462,523,337,None,Move,development
1577286140.494,540,337,None,Move,development
1577286140.52,546,337,None,Move,development
1577286140.54,551,337,None,Move,development
1577286140.564,555,337,None,Move,development
1577286140.5879998,556,337,None,Move,development
1577286140.6179998,557,337,None,Move,development
1577286140.644,558,337,None,Move,development
1577286140.66,561,337,None,Move,development
1577286140.684,562,337,None,Move,development
1577286140.7,564,337,None,Move,development
1577286141.164,588,332,None,Move,development
1577286141.185,631,326,None,Move,development
1577286141.196,700,322,None,Move,development
1577286141.212,755,331,None,Move,development
1577286141.224,806,344,None,Move,development
1577286141.24,853,363,None,Move,development
1577286141.256,877,377,None,Move,development
1577286141.272,901,397,None,Move,development
1577286141.288,919,411,None,Move,development
1577286141.3,929,422,None,Move,development
1577286141.316,937,427,None,Move,development
1577286141.3279998,942,432,None,Move,development
1577286141.34,945,435,None,Move,development
1577286141.356,948,438,None,Move,development
1577286141.3720002,949,439,None,Move,development
1577286141.3839998,949,441,None,Move,development
1577286141.396,949,443,None,Move,development
1577286141.722,971,447,None,Move,development
1577286141.742,1016,456,None,Move,development
1577286141.758,1059,474,None,Move,development
1577286141.774,1087,488,None,Move,development
1577286141.79,1121,510,None,Move,development
1577286141.806,1142,526,None,Move,development
1577286141.8170002,1160,542,None,Move,development
1577286141.837,1176,555,None,Move,development
1577286141.853,1184,568,None,Move,development
1577286141.87,1190,575,None,Move,development
1577286141.8860002,1193,580,None,Move,development
1577286141.906,1194,582,None,Move,development
1577286141.9220002,1195,585,None,Move,development
1577286141.938,1198,586,None,Move,development
1577286141.954,1198,587,None,Move,development
1577286142.336,1219,589,None,Move,development
1577286142.356,1279,599,None,Move,development
1577286142.3720002,1346,613,None,Move,development
1577286142.3839998,1393,629,None,Move,development
1577286142.404,1440,645,None,Move,development
1577286142.416,1460,654,None,Move,development
1577286142.4320002,1481,664,None,Move,development
1577286142.452,1494,670,None,Move,development
1577286142.468,1504,676,None,Move,development
1577286142.48,1509,677,None,Move,development
1577286142.492,1514,679,None,Move,development
1577286142.508,1516,682,None,Move,development
1577286142.524,1516,684,None,Move,development
1577286143.512,1535,687,None,Move,development
1577286143.528,1563,694,None,Move,development
1577286143.544,1620,707,None,Move,development
1577286143.56,1666,722,None,Move,development
1577286143.576,1714,745,None,Move,development
1577286143.596,1741,760,None,Move,development
1577286143.6279998,1751,766,None,Move,development
1577286143.651,1760,769,None,Move,development
1577286143.666,1763,772,None,Move,development
1577286143.6820002,1766,774,None,Move,development
1577286143.695,1767,775,None,Move,development
1577286143.8,1769,774,None,Move,development
1577286143.829,1768,759,None,Move,development
1577286143.853,1765,752,None,Move,development
1577286143.869,1763,746,None,Move,development
1577286143.885,1761,740,None,Move,development
1577286143.901,1761,738,None,Move,development
1577286143.9329998,1761,737,None,Move,development
1577286143.949,1761,735,None,Move,development
1577286143.969,1761,735,None,Move,development
1577286143.9889998,1766,735,None,Move,development
1577286144.0089998,1778,735,None,Move,development
1577286144.0370002,1784,736,None,Move,development
1577286144.049,1793,737,None,Move,development
1577286144.073,1802,739,None,Move,development
1577286144.089,1807,741,None,Move,development
1577286144.105,1811,743,None,Move,development
1577286144.117,1814,744,None,Move,development
1577286144.133,1816,744,None,Move,development
1577286144.145,1818,744,None,Move,development
1577286144.181,1819,744,None,Move,development
1577286144.198,1820,744,None,Move,development
1577286144.219,1823,744,None,Move,development
1577286144.2389998,1830,742,None,Move,development
1577286144.254,1839,742,None,Move,development
1577286144.2670002,1844,742,None,Move,development
1577286144.285,1847,744,None,Move,development
1577286144.323,1848,745,None,Move,development
1577286144.34,1850,749,None,Move,development
1577286144.355,1851,750,None,Move,development
1577286144.3679998,1853,757,None,Move,development
1577286144.394,1852,769,None,Move,development
1577286144.426,1848,781,None,Move,development
1577286144.4420002,1842,791,None,Move,development
1577286144.47,1839,794,None,Move,development
1577286144.486,1836,797,None,Move,development
1577286144.506,1835,798,None,Move,development
1577286144.526,1833,799,None,Move,development
1577286144.554,1832,801,None,Move,development
1577286144.57,1831,804,None,Move,development
1577286144.59,1830,806,None,Move,development
1577286144.606,1827,809,None,Move,development
1577286144.6220002,1826,814,None,Move,development
1577286144.65,1825,818,None,Move,development
1577286144.666,1824,821,None,Move,development
1577286144.6820002,1823,824,None,Move,development
1577286144.702,1821,829,None,Move,development
1577286144.72,1820,830,None,Move,development
1577286144.736,1820,832,None,Move,development
1577286144.7610002,1819,834,None,Move,development
1577286144.776,1819,835,None,Move,development
1577286144.791,1819,836,None,Move,development
1577286144.819,1819,838,None,Move,development
1577286144.855,1818,838,None,Move,development
1577286144.87,1818,840,None,Move,development
1577286144.894,1818,841,None,Move,development
1577286144.911,1818,842,None,Move,development
1577286144.927,1817,844,None,Move,development
1577286144.9429998,1817,845,None,Move,development
1577286145.408,1822,832,None,Move,development
1577286145.43,1830,814,None,Move,development
1577286145.444,1836,799,None,Move,development
1577286145.488,1838,796,None,Move,development
1577286145.512,1839,795,None,Move,development
1577286145.528,1839,793,None,Move,development
1577286145.548,1839,792,None,Move,development
1577286145.5679998,1841,790,None,Move,development
1577286145.584,1842,789,None,Move,development
1577286145.6,1843,786,None,Move,development
1577286145.6120002,1845,785,None,Move,development
1577286145.6320002,1848,782,None,Move,development
1577286145.644,1850,779,None,Move,development
1577286145.66,1852,776,None,Move,development
1577286145.676,1854,773,None,Move,development
1577286145.7,1855,770,None,Move,development
1577286145.716,1858,767,None,Move,development
1577286145.728,1863,765,None,Move,development
1577286145.744,1866,762,None,Move,development
1577286145.76,1871,760,None,Move,development
1577286145.7770002,1874,758,None,Move,development
1577286145.8,1877,757,None,Move,development
1577286145.816,1878,755,None,Move,development
1577286145.8520002,1879,755,None,Move,development
1577286145.875,1882,755,None,Move,development
1577286145.891,1883,755,None,Move,development
1577286145.921,1884,755,None,Move,development
1577286145.972,1885,754,None,Move,development
1577286145.984,1887,753,None,Move,development
1577286146.0,1888,753,None,Move,development
1577286146.1920002,1888,753,Left,Pressed,development
1577286146.407,1888,753,Left,Released,development
1577286146.623,1863,753,None,Move,development
1577286146.643,1806,736,None,Move,development
1577286146.663,1697,702,None,Move,development
1577286146.679,1593,660,None,Move,development
1577286146.699,1473,617,None,Move,development
1577286146.719,1391,605,None,Move,development
1577286146.7389998,1350,605,None,Move,development
1577286146.755,1327,607,None,Move,development
1577286146.775,1313,609,None,Move,development
1577286146.795,1308,611,None,Move,development
1577286146.811,1303,612,None,Move,development
1577286146.831,1302,613,None,Move,development
1577286146.8479998,1301,613,None,Move,development
1577286147.1160002,1258,600,None,Move,development
1577286147.1360002,1159,558,None,Move,development
1577286147.176,1049,511,None,Move,development
1577286147.204,992,497,None,Move,development
1577286147.224,975,495,None,Move,development
1577286147.24,965,494,None,Move,development
1577286147.264,963,494,None,Move,development
1577286147.276,960,494,None,Move,development
1577286147.6239998,893,468,None,Move,development
1577286147.64,772,416,None,Move,development
1577286147.656,606,352,None,Move,development
1577286147.668,464,303,None,Move,development
1577286147.688,383,272,None,Move,development
1577286147.712,360,272,None,Move,development
1577286147.732,345,272,None,Move,development
1577286147.756,343,272,None,Move,development
1577286147.776,341,272,None,Move,development
1577286148.173,328,263,None,Move,development
1577286148.197,304,247,None,Move,development
1577286148.2129998,239,194,None,Move,development
1577286148.229,181,151,None,Move,development
1577286148.2410002,125,116,None,Move,development
1577286148.2610002,70,89,None,Move,development
1577286148.285,50,75,None,Move,development
1577286148.2970002,35,66,None,Move,development
1577286148.309,28,62,None,Move,development
1577286148.325,23,60,None,Move,development
1577286148.341,21,60,None,Move,development
1577286148.361,20,60,None,Move,development
1577286148.373,18,60,None,Move,development
1577286148.65,31,62,None,Move,development
1577286148.67,43,64,None,Move,development
1577286148.69,46,64,None,Move,development
1577286148.706,49,64,None,Move,development
1577286148.746,49,64,None,Move,development
1577286148.766,47,63,None,Move,development
1577286148.786,44,60,None,Move,development
1577286148.806,41,55,None,Move,development
1577286148.826,38,52,None,Move,development
1577286148.842,35,48,None,Move,development
1577286148.8620002,32,47,None,Move,development
1577286148.877,31,47,None,Move,development
1577286148.9020002,31,46,None,Move,development
1577286148.918,31,45,None,Move,development
1577286148.9420002,31,41,None,Move,development
1577286148.958,31,38,None,Move,development
1577286148.9770002,33,35,None,Move,development
1577286148.9929998,36,30,None,Move,development
1577286149.0089998,39,23,None,Move,development
1577286149.024,40,18,None,Move,development
1577286149.054,42,13,None,Move,development
1577286149.081,44,10,None,Move,development
1577286149.097,44,8,None,Move,development
1577286149.12,44,6,None,Move,development
1577286149.147,44,3,None,Move,development
1577286149.17,44,2,None,Move,development
1577286149.186,44,1,None,Move,development
1577286149.274,48,1,None,Move,development
1577286149.294,66,12,None,Move,development
1577286149.322,87,33,None,Move,development
1577286149.35,103,49,None,Move,development
1577286149.37,111,57,None,Move,development
1577286149.3820002,118,60,None,Move,development
1577286149.3979998,121,62,None,Move,development
1577286149.418,124,63,None,Move,development
1577286149.434,122,63,None,Move,development
1577286149.685,187,44,None,Move,development
1577286149.701,393,-37,None,Move,development
1577286149.717,578,-32,None,Move,development
1577286149.7329998,800,9,None,Move,development
1577286149.7529998,1021,76,None,Move,development
1577286149.7729998,1142,123,None,Move,development
1577286149.789,1181,144,None,Move,development
1577286149.805,1204,155,None,Move,development
1577286149.821,1210,157,None,Move,development
1577286149.841,1213,157,None,Move,development
1577286149.857,1216,157,None,Move,development
1577286150.099,1271,135,None,Move,development
1577286150.1160002,1346,109,None,Move,development
1577286150.137,1462,97,None,Move,development
1577286150.158,1514,97,None,Move,development
1577286150.178,1539,97,None,Move,development
1577286150.198,1551,97,None,Move,development
1577286150.21,1553,97,None,Move,development
1577286150.466,1611,87,None,Move,development
1577286150.486,1679,69,None,Move,development
1577286150.502,1751,59,None,Move,development
1577286150.522,1771,56,None,Move,development
1577286150.542,1780,56,None,Move,development
1577286150.563,1781,56,None,Move,development
1577286150.584,1782,56,None,Move,development
1577286150.686,1783,55,None,Move,development
1577286150.7029998,1785,53,None,Move,development
1577286150.72,1787,50,None,Move,development
1577286150.738,1788,50,None,Move,development
1577286150.7570002,1789,50,None,Move,development
1577286150.781,1793,45,None,Move,development
1577286150.801,1802,44,None,Move,development
1577286150.8170002,1807,43,None,Move,development
1577286150.829,1814,39,None,Move,development
1577286150.841,1826,35,None,Move,development
1577286150.865,1833,34,None,Move,development
1577286150.881,1838,33,None,Move,development
1577286150.901,1841,31,None,Move,development
1577286150.913,1843,31,None,Move,development
1577286150.9329998,1844,31,None,Move,development
1577286150.945,1846,31,None,Move,development
1577286151.0010002,1847,31,None,Move,development
1577286151.0129998,1848,31,None,Move,development
1577286151.029,1853,31,None,Move,development
1577286151.041,1858,31,None,Move,development
1577286151.0570002,1862,31,None,Move,development
1577286151.076,1865,31,None,Move,development
1577286151.092,1869,30,None,Move,development
1577286151.113,1878,30,None,Move,development
1577286151.1279998,1893,28,None,Move,development
1577286151.143,1907,28,None,Move,development
1577286151.159,1912,26,None,Move,development
1577286151.175,1915,26,None,Move,development
1577286151.19,1916,26,None,Move,development
1577286151.522,1910,27,None,Move,development
1577286151.538,1903,28,None,Move,development
1577286151.55,1899,30,None,Move,development
1577286151.566,1896,30,None,Move,development
1577286151.586,1894,30,None,Move,development
1577286151.6079998,1893,30,None,Move,development
1577286151.627,1892,30,None,Move,development
1577286152.004,1892,30,Left,Pressed,development
1577286152.1239998,1892,30,Left,Released,development
1577286152.908,1892,30,Left,Pressed,development
1577286153.08,1892,30,Left,Released,development
1577286153.27,1892,30,Left,Pressed,development
1577286153.3879998,1892,30,Left,Released,development
1577286153.909,1890,35,None,Move,development
1577286153.927,1878,58,None,Move,development
1577286153.9420002,1854,112,None,Move,development
1577286153.958,1826,203,None,Move,development
1577286154.002,1826,254,None,Move,development
1577286154.0270002,1829,290,None,Move,development
1577286154.051,1829,336,None,Move,development
1577286154.0670002,1832,374,None,Move,development
1577286154.095,1834,397,None,Move,development
1577286154.123,1834,406,None,Move,development
1577286154.143,1834,412,None,Move,development
1577286154.167,1834,415,None,Move,development
1577286154.1820002,1834,419,None,Move,development
1577286154.222,1834,424,None,Move,development
1577286154.2510002,1834,431,None,Move,development
1577286154.268,1831,438,None,Move,development
1577286154.296,1829,447,None,Move,development
1577286154.329,1825,465,None,Move,development
1577286154.3660002,1825,466,None,Move,development
1577286154.687,1794,517,None,Move,development
1577286154.707,1745,612,None,Move,development
1577286154.735,1715,683,None,Move,development
1577286154.7589998,1699,715,None,Move,development
1577286154.775,1688,733,None,Move,development
1577286154.792,1679,746,None,Move,development
1577286154.814,1667,764,None,Move,development
1577286154.832,1658,777,None,Move,development
1577286154.863,1657,778,None,Move,development
1577286154.881,1656,779,None,Move,development
1577286154.916,1655,779,None,Move,development
1577286154.938,1652,779,None,Move,development
1577286154.954,1651,779,None,Move,development
1577286154.98,1645,765,None,Move,development
1577286155.01,1643,764,None,Move,development
1577286155.034,1643,762,None,Move,development
1577286155.05,1642,763,None,Move,development
1577286155.07,1637,767,None,Move,development
1577286155.094,1627,775,None,Move,development
1577286155.1220002,1618,790,None,Move,development
1577286155.1379998,1614,800,None,Move,development
1577286155.158,1612,807,None,Move,development
1577286155.178,1611,808,None,Move,development
1577286155.202,1610,811,None,Move,development
1577286155.222,1610,812,None,Move,development
1577286155.266,1609,812,None,Move,development
1577286155.294,1609,813,None,Move,development
1577286155.326,1607,813,None,Move,development
1577286155.363,1606,813,None,Move,development
1577286155.383,1606,815,None,Move,development
1577286155.401,1602,817,None,Move,development
1577286155.4220002,1591,835,None,Move,development
1577286155.447,1587,845,None,Move,development
1577286155.471,1585,848,None,Move,development
1577286155.5,1585,849,None,Move,development
1577286155.519,1585,850,None,Move,development
1577286155.543,1584,850,None,Move,development
1577286155.575,1583,850,None,Move,development
1577286156.228,1583,850,Left,Pressed,development
1577286156.336,1583,850,Left,Released,development
1577286157.0070002,1599,844,None,Move,development
1577286157.043,1625,835,None,Move,development
1577286157.0670002,1650,830,None,Move,development
1577286157.099,1670,828,None,Move,development
1577286157.123,1682,824,None,Move,development
1577286157.147,1692,816,None,Move,development
1577286157.163,1697,812,None,Move,development
1577286157.199,1702,809,None,Move,file system
1577286157.2270002,1707,806,None,Move,file system
1577286157.2629998,1710,804,None,Move,file system
1577286157.303,1720,796,None,Move,file system
1577286157.351,1727,793,None,Move,file system
1577286157.371,1732,792,None,Move,file system
1577286157.411,1735,790,None,Move,file system
1577286157.427,1738,789,None,Move,file system
1577286157.447,1739,789,None,Move,file system
1577286157.462,1741,789,None,Move,file system
1577286157.481,1742,789,None,Move,file system
1577286157.528,1742,788,None,Move,file system
1577286157.545,1740,773,None,Move,file system
1577286157.577,1735,742,None,Move,file system
1577286157.599,1728,677,None,Move,file system
1577286157.62,1728,591,None,Move,file system
1577286157.631,1732,532,None,Move,file system
1577286157.655,1737,500,None,Move,file system
1577286157.671,1740,469,None,Move,file system
1577286157.687,1742,454,None,Move,file system
1577286157.7029998,1743,448,None,Move,file system
1577286157.719,1743,445,None,Move,file system
1577286157.735,1743,444,None,Move,file system
1577286157.99,1702,455,None,Move,file system
1577286158.004,1647,464,None,Move,file system
1577286158.0170002,1575,475,None,Move,file system
1577286158.03,1503,485,None,Move,file system
1577286158.043,1447,495,None,Move,file system
1577286158.055,1347,515,None,Move,file system
1577286158.0670002,1301,530,None,Move,file system
1577286158.079,1275,542,None,Move,file system
1577286158.091,1258,548,None,Move,file system
1577286158.104,1246,554,None,Move,file system
1577286158.115,1241,556,None,Move,file system
1577286158.127,1240,557,None,Move,file system
1577286158.14,1238,559,None,Move,file system
1577286158.6920002,1238,559,Left,Pressed,file system
1577286158.792,1238,559,Left,Released,file system
1577286158.9889998,1238,559,Left,Pressed,file system
1577286159.092,1238,559,Left,Released,file system
1577286159.877,1218,556,None,Move,file system
1577286159.889,1192,546,None,Move,file system
1577286159.9020002,1166,539,None,Move,file system
1577286159.916,1143,537,None,Move,file system
1577286159.927,1118,537,None,Move,file system
1577286159.941,1095,538,None,Move,file system
1577286159.954,1075,544,None,Move,file system
1577286159.966,1059,552,None,Move,file system
1577286159.981,1041,561,None,Move,file system
1577286159.992,1030,571,None,Move,file system
1577286160.004,1019,584,None,Move,file system
1577286160.015,1006,597,None,Move,file system
1577286160.026,998,612,None,Move,file system
1577286160.038,989,625,None,Move,file system
1577286160.051,983,634,None,Move,file system
1577286160.101,983,635,None,Move,file system
1577286160.56,983,643,None,Move,file system
1577286160.572,984,660,None,Move,file system
1577286160.586,984,682,None,Move,file system
1577286160.597,986,699,None,Move,file system
1577286160.6079998,988,722,None,Move,file system
1577286160.619,993,745,None,Move,file system
1577286160.631,1000,766,None,Move,file system
1577286160.644,1004,789,None,Move,file system
1577286160.657,1009,814,None,Move,file system
1577286160.67,1016,837,None,Move,file system
1577286160.6829998,1020,860,None,Move,file system
1577286160.694,1024,883,None,Move,file system
1577286160.705,1027,903,None,Move,file system
1577286160.716,1027,911,None,Move,file system
1577286160.726,1027,923,None,Move,file system
1577286160.7370002,1027,931,None,Move,file system
1577286160.768,1023,946,None,Move,file system
1577286160.779,1021,958,None,Move,file system
1577286160.79,1019,970,None,Move,file system
1577286160.801,1019,978,None,Move,file system
1577286160.812,1017,989,None,Move,file system
1577286160.823,1015,1001,None,Move,file system
1577286160.837,1013,1013,None,Move,file system
1577286160.851,1009,1023,None,Move,file system
1577286160.8620002,1007,1030,None,Move,file system
1577286160.873,1004,1035,None,Move,file system
1577286160.883,1000,1042,None,Move,file system
1577286160.895,995,1049,None,Move,file system
1577286160.905,991,1058,None,Move,file system
1577286160.916,988,1063,None,Move,file system
1577286160.928,984,1067,None,Move,file system
1577286160.941,981,1072,None,Move,file system
1577286160.955,980,1077,None,Move,file system
1577286160.97,978,1080,None,Move,file system
1577286160.9829998,977,1080,None,Move,file system
1577286160.996,975,1082,None,Move,file system
1577286161.008,975,1080,None,Move,file system
1577286161.021,975,1080,None,Move,file system
1577286161.316,975,1079,Left,Pressed,file system
1577286161.534,975,1079,Left,Released,file system
1577286162.175,967,1055,None,Move,file system
1577286162.187,950,1018,None,Move,file system
1577286162.199,915,941,None,Move,file system
1577286162.212,887,881,None,Move,file system
1577286162.225,856,800,None,Move,file system
1577286162.2370002,822,729,None,Move,file system
1577286162.2489998,782,641,None,Move,file system
1577286162.2610002,750,549,None,Move,file system
1577286162.274,741,510,None,Move,file system
1577286162.2870002,736,482,None,Move,file system
1577286162.299,734,460,None,Move,file system
1577286162.313,734,443,None,Move,file system
1577286162.326,734,435,None,Move,file system
1577286162.34,734,432,None,Move,file system
1577286162.354,734,431,None,Move,file system
1577286162.3679998,734,430,None,Move,file system
1577286170.185,726,430,None,Move,office
1577286170.199,712,433,None,Move,office
1577286170.2229998,689,429,None,Move,office
1577286170.235,660,422,None,Move,office
1577286170.248,635,417,None,Move,office
1577286170.26,612,412,None,Move,office
1577286170.275,589,410,None,Move,office
1577286170.293,575,410,None,Move,office
1577286170.3070002,563,410,None,Move,office
1577286170.3179998,549,410,None,Move,office
1577286170.33,540,410,None,Move,office
1577286170.342,534,412,None,Move,office
1577286170.354,529,413,None,Move,office
1577286170.3679998,523,415,None,Move,office
1577286170.381,520,417,None,Move,office
1577286170.396,518,418,None,Move,office
1577286170.41,513,421,None,Move,office
1577286170.423,510,422,None,Move,office
1577286170.435,506,425,None,Move,office
1577286170.449,501,430,None,Move,office
1577286170.461,494,436,None,Move,office
1577286170.475,489,441,None,Move,office
1577286170.488,482,446,None,Move,office
1577286170.5,473,450,None,Move,office
1577286170.512,467,451,None,Move,office
1577286170.525,463,452,None,Move,office
1577286170.5370002,457,452,None,Move,office
1577286170.554,453,452,None,Move,office
1577286170.5679998,449,452,None,Move,office
1577286170.581,446,452,None,Move,office
1577286170.593,445,452,None,Move,office
1577286170.606,443,452,None,Move,office
1577286170.6179998,442,452,None,Move,office
1577286170.631,441,452,None,Move,office
1577286170.643,440,452,None,Move,office
1577286170.656,438,452,None,Move,office
1577286171.139,419,457,None,Move,office
1577286171.153,393,464,None,Move,office
1577286171.167,378,473,None,Move,office
1577286171.179,354,485,None,Move,office
1577286171.1920002,336,496,None,Move,office
1577286171.206,321,503,None,Move,office
1577286171.218,308,509,None,Move,office
1577286171.232,294,511,None,Move,office
1577286171.245,285,513,None,Move,office
1577286171.26,279,514,None,Move,office
1577286171.2729998,274,516,None,Move,office
1577286171.285,270,519,None,Move,office
1577286171.298,266,520,None,Move,office
1577286171.312,260,522,None,Move,office
1577286171.324,256,524,None,Move,office
1577286171.337,249,524,None,Move,office
1577286171.349,244,524,None,Move,office
1577286171.3620002,239,524,None,Move,office
1577286171.3739998,237,524,None,Move,office
1577286171.387,236,525,None,Move,office
1577286171.3979998,235,525,None,Move,office
1577286171.41,231,526,None,Move,office
1577286171.4220002,230,527,None,Move,office
1577286171.436,229,530,None,Move,office
1577286171.448,227,530,None,Move,office
1577286171.461,226,530,None,Move,office
1577286171.474,224,530,None,Move,office
1577286171.4989998,223,530,None,Move,office
1577286171.7770002,223,530,Left,Pressed,office
1577286172.004,223,530,Left,Released,office
1577286177.129,236,520,None,Move,office
1577286177.1420002,257,507,None,Move,office
1577286177.157,277,493,None,Move,office
1577286177.17,301,482,None,Move,office
1577286177.184,324,470,None,Move,office
1577286177.199,347,459,None,Move,office
1577286177.212,368,448,None,Move,office
1577286177.226,380,437,None,Move,office
1577286177.238,398,428,None,Move,office
1577286177.25,406,420,None,Move,office
1577286177.2610002,413,415,None,Move,office
1577286177.279,420,412,None,Move,office
1577286177.292,432,408,None,Move,office
1577286177.304,447,401,None,Move,office
1577286177.321,457,399,None,Move,office
1577286177.333,468,397,None,Move,office
1577286177.347,479,397,None,Move,office
1577286177.36,493,397,None,Move,office
1577286177.373,503,398,None,Move,office
1577286177.3860002,509,400,None,Move,office
1577286177.4,513,401,None,Move,office
1577286177.415,516,406,None,Move,office
1577286177.43,519,409,None,Move,office
1577286177.444,521,413,None,Move,office
1577286177.461,523,416,None,Move,office
1577286177.4729998,524,421,None,Move,office
1577286177.486,525,426,None,Move,office
1577286177.5,525,434,None,Move,office
1577286177.5129998,523,443,None,Move,office
1577286177.53,519,450,None,Move,office
1577286177.562,515,459,None,Move,office
1577286177.575,507,469,None,Move,office
1577286177.589,500,481,None,Move,office
1577286177.603,496,487,None,Move,office
1577286177.637,492,496,None,Move,office
1577286177.65,489,500,None,Move,office
1577286177.6720002,487,503,None,Move,office
1577286177.684,487,504,None,Move,office
1577286177.701,487,505,None,Move,office
1577286177.714,487,507,None,Move,office
1577286179.244,491,494,None,Move,office
1577286179.2570002,498,474,None,Move,office
1577286179.268,506,435,None,Move,office
1577286179.279,511,409,None,Move,office
1577286179.291,514,370,None,Move,office
1577286179.303,519,345,None,Move,office
1577286179.3170002,521,322,None,Move,office
1577286179.331,524,303,None,Move,office
1577286179.343,524,289,None,Move,office
1577286179.354,524,281,None,Move,office
1577286179.37,524,275,None,Move,office
1577286179.3820002,526,270,None,Move,office
1577286179.399,526,268,None,Move,office
1577286179.411,526,266,None,Move,office
1577286179.5,526,268,None,Move,office
1577286179.5129998,526,269,None,Move,office
1577286179.525,525,270,None,Move,office
1577286179.536,524,273,None,Move,office
1577286179.548,523,277,None,Move,office
1577286179.562,520,282,None,Move,office
1577286179.575,520,284,None,Move,office
1577286179.5879998,520,287,None,Move,office
1577286179.601,520,290,None,Move,office
1577286179.6120002,520,293,None,Move,office
1577286179.6239998,520,296,None,Move,office
1577286179.637,518,299,None,Move,office
1577286179.65,516,308,None,Move,office
1577286179.666,514,328,None,Move,office
1577286179.678,512,345,None,Move,office
1577286179.694,512,364,None,Move,office
1577286179.708,508,384,None,Move,office
1577286179.721,508,395,None,Move,office
1577286179.734,506,407,None,Move,office
1577286179.7470002,506,415,None,Move,office
1577286179.76,506,424,None,Move,office
1577286179.771,504,433,None,Move,office
1577286179.783,502,440,None,Move,office
1577286179.795,502,445,None,Move,office
1577286179.806,500,451,None,Move,office
1577286179.8179998,500,453,None,Move,office
1577286179.83,500,456,None,Move,office
1577286179.842,500,457,None,Move,office
1577286179.854,500,458,None,Move,office
1577286179.8660002,500,459,None,Move,office
1577286179.8779998,500,461,None,Move,office
1577286179.92,500,462,None,Move,office
1577286179.931,499,463,None,Move,office
1577286179.9420002,499,464,None,Move,office
1577286179.955,499,467,None,Move,office
1577286179.969,497,467,None,Move,office
1577286180.044,496,468,None,Move,office
1577286180.055,495,471,None,Move,office
1577286180.0679998,488,483,None,Move,office
1577286180.081,484,492,None,Move,office
1577286180.095,480,504,None,Move,office
1577286180.107,474,512,None,Move,office
1577286180.119,472,515,None,Move,office
1577286180.131,471,518,None,Move,office
1577286180.1420002,469,521,None,Move,office
1577286180.154,469,522,None,Move,office
1577286180.167,469,523,None,Move,office
1577286180.178,469,525,None,Move,office
1577286183.054,473,514,None,Move,office
1577286183.066,482,494,None,Move,office
1577286183.079,489,474,None,Move,office
1577286183.092,498,459,None,Move,office
1577286183.106,505,441,None,Move,office
1577286183.12,514,424,None,Move,office
1577286183.133,521,409,None,Move,office
1577286183.145,527,392,None,Move,office
1577286183.158,531,372,None,Move,office
1577286183.17,533,355,None,Move,office
1577286183.1829998,536,335,None,Move,office
1577286183.197,538,315,None,Move,office
1577286183.212,538,300,None,Move,office
1577286183.225,538,286,None,Move,office
1577286183.24,538,275,None,Move,office
1577286183.254,540,265,None,Move,office
1577286183.268,540,262,None,Move,office
1577286183.281,540,258,None,Move,office
1577286183.293,540,257,None,Move,office
1577286183.305,540,256,None,Move,office
1577286183.391,540,256,None,Move,office
1577286183.404,539,256,None,Move,office
1577286183.421,539,257,None,Move,office
1577286183.436,539,258,None,Move,office
1577286183.45,539,259,None,Move,office
1577286183.531,538,259,None,Move,office
1577286183.544,536,260,None,Move,office
1577286183.5579998,536,261,None,Move,office
1577286183.573,534,262,None,Move,office
1577286183.591,532,264,None,Move,office
1577286183.639,532,266,None,Move,office
1577286183.6920002,531,266,None,Move,office
1577286183.728,531,267,None,Move,office
1577286183.744,531,269,None,Move,office
1577286184.03,531,269,Left,Pressed,office
1577286184.258,531,269,Left,Released,office
1577286187.458,517,273,None,Move,office
1577286187.4729998,495,278,None,Move,office
1577286187.486,474,287,None,Move,office
1577286187.506,433,302,None,Move,office
1577286187.52,410,314,None,Move,office
1577286187.532,366,344,None,Move,office
1577286187.544,325,372,None,Move,office
1577286187.556,298,398,None,Move,office
1577286187.569,273,418,None,Move,office
1577286187.583,257,437,None,Move,office
1577286187.595,246,449,None,Move,office
1577286187.609,242,454,None,Move,office
1577286187.62,241,455,None,Move,office
1577286187.6320002,240,456,None,Move,office
1577286187.644,239,457,None,Move,office
1577286187.657,238,458,None,Move,office
1577286187.6720002,236,462,None,Move,office
1577286187.685,235,463,None,Move,office
1577286187.698,231,467,None,Move,office
1577286187.711,228,472,None,Move,office
1577286187.724,226,475,None,Move,office
1577286187.7370002,224,478,None,Move,office
1577286187.7489998,223,479,None,Move,office
1577286187.765,222,481,None,Move,office
1577286187.7770002,221,482,None,Move,office
1577286187.79,218,488,None,Move,office
1577286187.804,213,493,None,Move,office
1577286187.8179998,206,499,None,Move,office
1577286187.829,203,503,None,Move,office
1577286187.843,200,506,None,Move,office
1577286187.8579998,198,509,None,Move,office
1577286187.873,197,512,None,Move,office
1577286187.887,195,513,None,Move,office
1577286187.901,194,515,None,Move,office
1577286187.913,193,515,None,Move,office
1577286187.925,192,515,None,Move,office
1577286187.939,189,515,None,Move,office
1577286187.95,184,511,None,Move,office
1577286187.962,173,493,None,Move,office
1577286187.9770002,163,469,None,Move,office
1577286187.99,156,452,None,Move,office
1577286188.002,152,429,None,Move,office
1577286188.016,145,414,None,Move,office
1577286188.03,142,407,None,Move,office
1577286188.043,141,404,None,Move,office
1577286188.0570002,140,401,None,Move,office
1577286188.07,137,398,None,Move,office
1577286188.082,134,392,None,Move,office
1577286188.097,128,384,None,Move,office
1577286188.107,124,370,None,Move,office
1577286188.127,124,360,None,Move,office
1577286188.143,122,353,None,Move,office
1577286188.154,120,350,None,Move,office
1577286188.167,120,344,None,Move,office
1577286188.1820002,118,341,None,Move,office
1577286188.196,118,339,None,Move,office
1577286188.212,117,338,None,Move,office
1577286188.64,119,334,None,Move,office
1577286188.653,122,331,None,Move,office
1577286188.665,123,330,None,Move,office
1577286188.677,124,327,None,Move,office
1577286188.688,125,327,None,Move,office
1577286188.765,127,327,None,Move,office
1577286188.7770002,128,327,None,Move,office
1577286188.791,129,327,None,Move,office
1577286189.528,130,325,None,Move,office
1577286189.543,148,288,None,Move,office
1577286189.5579998,163,257,None,Move,office
1577286189.573,167,248,None,Move,office
1577286189.585,169,241,None,Move,office
1577286189.601,169,238,None,Move,office
1577286189.613,169,230,None,Move,office
1577286189.6239998,165,221,None,Move,office
1577286189.635,159,209,None,Move,office
1577286189.647,153,202,None,Move,office
1577286189.661,148,195,None,Move,office
1577286189.674,140,187,None,Move,office
1577286189.688,126,171,None,Move,office
1577286189.702,109,164,None,Move,office
1577286189.716,92,155,None,Move,office
1577286189.726,82,151,None,Move,office
1577286189.736,62,146,None,Move,office
1577286189.746,50,145,None,Move,office
1577286189.758,46,145,None,Move,office
1577286189.769,39,143,None,Move,office
1577286189.782,36,143,None,Move,office
1577286189.793,35,143,None,Move,office
1577286189.805,34,143,None,Move,office
1577286189.816,33,143,None,Move,office
1577286190.38,53,143,None,Move,office
1577286190.3920002,78,141,None,Move,office
1577286190.404,97,139,None,Move,office
1577286190.415,117,136,None,Move,office
1577286190.4320002,137,136,None,Move,office
1577286190.444,151,136,None,Move,office
1577286190.457,160,134,None,Move,office
1577286190.469,172,132,None,Move,office
1577286190.4829998,184,128,None,Move,office
1577286190.495,199,123,None,Move,office
1577286190.51,206,121,None,Move,office
1577286190.5229998,213,118,None,Move,office
1577286190.535,219,116,None,Move,office
1577286190.549,222,115,None,Move,office
1577286190.563,225,112,None,Move,office
1577286190.575,230,111,None,Move,office
1577286190.5879998,235,110,None,Move,office
1577286190.607,242,109,None,Move,office
1577286190.621,256,107,None,Move,office
1577286190.635,268,100,None,Move,office
1577286190.649,312,94,None,Move,office
1577286190.661,337,91,None,Move,office
1577286190.6720002,381,83,None,Move,office
1577286190.685,412,81,None,Move,office
1577286190.699,467,75,None,Move,office
1577286190.712,492,75,None,Move,office
1577286190.728,509,76,None,Move,office
1577286190.7410002,516,78,None,Move,office
1577286190.7589998,522,79,None,Move,office
1577286190.771,523,80,None,Move,office
1577286190.783,525,83,None,Move,office
1577286190.798,526,83,None,Move,office
1577286191.077,577,74,None,Move,office
1577286191.089,674,46,None,Move,office
1577286191.103,797,20,None,Move,office
1577286191.115,929,11,None,Move,office
1577286191.127,982,8,None,Move,office
1577286191.14,1053,15,None,Move,office
1577286191.1520002,1109,21,None,Move,office
1577286191.1620002,1143,29,None,Move,office
1577286191.175,1164,33,None,Move,office
1577286191.188,1178,36,None,Move,office
1577286191.201,1185,37,None,Move,office
1577286191.2129998,1190,37,None,Move,office
1577286191.225,1191,37,None,Move,office
1577286191.2370002,1192,37,None,Move,office
1577286191.319,1194,37,None,Move,office
1577286191.341,1195,37,None,Move,office
1577286191.353,1196,37,None,Move,office
1577286191.367,1197,37,None,Move,office
1577286191.379,1199,37,None,Move,office
1577286191.389,1202,37,None,Move,office
1577286191.4020002,1207,37,None,Move,office
1577286191.415,1218,37,None,Move,office
1577286191.426,1229,37,None,Move,office
1577286191.436,1249,34,None,Move,office
1577286191.446,1264,32,None,Move,office
1577286191.455,1276,28,None,Move,office
1577286191.464,1291,23,None,Move,office
1577286191.4729998,1305,19,None,Move,office
1577286191.481,1320,15,None,Move,office
1577286191.4889998,1329,11,None,Move,office
1577286191.4970002,1339,7,None,Move,office
1577286191.505,1348,3,None,Move,office
1577286191.515,1355,0,None,Move,office
1577286191.524,1358,-2,None,Move,office
1577286191.532,1362,-2,None,Move,office
1577286191.541,1364,-1,None,Move,office
1577286191.552,1365,0,None,Move,office
1577286191.671,1365,0,None,Move,office
1577286191.701,1363,0,None,Move,office
1577286191.73,1363,0,Left,Pressed,office
1577286191.789,1363,0,Left,Released,office
1577286192.7729998,1330,15,None,Move,office
1577286192.785,1280,41,None,Move,office
1577286192.7970002,1191,85,None,Move,office
1577286192.8070002,1106,137,None,Move,office
1577286192.815,972,209,None,Move,office
1577286192.823,873,254,None,Move,office
1577286192.83,717,323,None,Move,office
1577286192.84,560,411,None,Move,office
1577286192.85,432,473,None,Move,office
1577286192.859,324,546,None,Move,office
1577286192.8679998,250,592,None,Move,office
1577286192.8779998,196,643,None,Move,office
1577286192.887,141,694,None,Move,office
1577286192.897,100,726,None,Move,office
1577286192.907,78,751,None,Move,office
1577286192.917,56,780,None,Move,office
1577286192.927,45,795,None,Move,office
1577286192.936,42,802,None,Move,office
1577286192.946,39,807,None,Move,office
1577286192.955,37,811,None,Move,office
1577286192.964,36,813,None,Move,office
1577286192.9729998,35,814,None,Move,office
1577286193.521,35,815,None,Move,office
1577286193.543,35,816,None,Move,office
1577286193.5579998,35,817,None,Move,office
1577286193.5670002,35,819,None,Move,office
1577286193.5779998,35,820,None,Move,office
1577286193.5879998,35,821,None,Move,office
1577286193.5979998,35,822,None,Move,office
1577286193.61,35,823,None,Move,office
1577286193.6260002,35,824,None,Move,office
1577286193.64,35,826,None,Move,office
1577286193.691,35,825,None,Move,office
1577286193.702,35,823,None,Move,office
1577286193.715,38,819,None,Move,office
1577286193.724,47,807,None,Move,office
1577286193.734,80,741,None,Move,office
1577286193.744,98,704,None,Move,office
1577286193.7529998,109,678,None,Move,office
1577286193.7670002,140,622,None,Move,office
1577286193.776,154,599,None,Move,office
1577286193.786,168,576,None,Move,office
1577286193.795,178,547,None,Move,office
1577286193.804,185,521,None,Move,office
1577286193.813,191,506,None,Move,office
1577286193.822,193,499,None,Move,office
1577286193.833,194,495,None,Move,office
1577286193.843,196,486,None,Move,office
1577286193.853,201,475,None,Move,office
1577286193.863,207,463,None,Move,office
1577286193.8760002,209,460,None,Move,office
1577286193.887,214,451,None,Move,office
1577286193.9,217,448,None,Move,office
1577286193.91,218,446,None,Move,office
1577286195.5029998,220,435,None,Move,office
1577286195.516,222,415,None,Move,office
1577286195.526,225,396,None,Move,office
1577286195.54,227,381,None,Move,office
1577286195.551,229,364,None,Move,office
1577286195.564,229,347,None,Move,office
1577286195.575,229,338,None,Move,office
1577286195.586,229,331,None,Move,office
1577286195.597,232,327,None,Move,office
1577286195.609,234,323,None,Move,office
1577286195.62,234,314,None,Move,office
1577286195.633,235,311,None,Move,office
1577286195.645,237,306,None,Move,office
1577286195.657,237,303,None,Move,office
1577286195.671,237,302,None,Move,office
1577286195.681,237,301,None,Move,office
1577286195.6920002,237,300,None,Move,office
1577286197.72,256,298,None,Move,office
1577286197.734,287,293,None,Move,office
1577286197.748,319,288,None,Move,office
1577286197.76,347,281,None,Move,office
1577286197.774,367,276,None,Move,office
1577286197.785,387,269,None,Move,office
1577286197.798,402,263,None,Move,office
1577286197.812,415,257,None,Move,office
1577286197.825,427,247,None,Move,office
1577286197.8379998,441,234,None,Move,office
1577286197.853,451,224,None,Move,office
1577286197.8660002,460,208,None,Move,office
1577286197.879,474,190,None,Move,office
1577286197.891,488,172,None,Move,office
1577286197.91,496,162,None,Move,office
1577286197.926,503,154,None,Move,office
1577286197.94,511,147,None,Move,office
1577286197.956,527,134,None,Move,office
1577286197.969,542,125,None,Move,office
1577286197.981,554,119,None,Move,office
1577286197.996,564,111,None,Move,office
1577286198.014,573,107,None,Move,office
1577286198.038,585,103,None,Move,office
1577286198.053,594,97,None,Move,office
1577286198.065,599,94,None,Move,office
1577286198.085,602,93,None,Move,office
1577286198.103,603,93,None,Move,office
1577286198.145,606,88,None,Move,office
1577286198.165,619,80,None,Move,office
1577286198.1820002,640,71,None,Move,office
1577286198.196,658,64,None,Move,office
1577286198.208,674,55,None,Move,office
1577286198.222,681,50,None,Move,office
1577286198.234,688,45,None,Move,office
1577286198.248,695,39,None,Move,office
1577286198.262,700,34,None,Move,office
1577286198.275,704,31,None,Move,office
1577286198.288,707,29,None,Move,office
1577286198.301,708,28,None,Move,office
1577286198.667,708,28,Left,Pressed,office
1577286198.762,708,28,Left,Released,office
1577286199.071,708,48,None,Move,office
1577286199.0879998,706,73,None,Move,office
1577286199.1020002,706,95,None,Move,office
1577286199.121,706,109,None,Move,office
1577286199.133,706,118,None,Move,office
1577286199.146,706,122,None,Move,office
1577286199.158,705,129,None,Move,office
1577286199.17,703,132,None,Move,office
1577286199.184,702,135,None,Move,office
1577286199.195,700,139,None,Move,office
1577286199.207,699,142,None,Move,office
1577286199.22,698,145,None,Move,office
1577286199.234,696,147,None,Move,office
1577286199.248,694,150,None,Move,office
1577286199.262,691,157,None,Move,office
1577286199.276,686,160,None,Move,office
1577286199.295,683,165,None,Move,office
1577286199.315,680,170,None,Move,office
1577286199.333,675,175,None,Move,office
1577286199.3520002,670,180,None,Move,office
1577286199.3879998,664,190,None,Move,office
1577286199.405,656,198,None,Move,office
1577286199.418,653,204,None,Move,office
1577286199.4320002,649,214,None,Move,office
1577286199.444,645,223,None,Move,office
1577286199.455,643,229,None,Move,office
1577286199.468,642,233,None,Move,office
1577286199.481,638,240,None,Move,office
1577286199.492,638,246,None,Move,office
1577286199.504,638,253,None,Move,office
1577286199.5170002,638,257,None,Move,office
1577286199.529,636,261,None,Move,office
1577286199.543,635,267,None,Move,office
1577286199.556,634,270,None,Move,office
1577286199.57,634,275,None,Move,office
1577286199.583,633,276,None,Move,office
1577286199.596,631,277,None,Move,office
1577286199.607,630,279,None,Move,office
1577286199.621,628,280,None,Move,office
1577286199.633,626,284,None,Move,office
1577286199.645,621,287,None,Move,office
1577286199.657,616,291,None,Move,office
1577286199.669,613,293,None,Move,office
1577286199.681,612,294,None,Move,office
1577286199.6920002,611,295,None,Move,office
1577286199.704,609,296,None,Move,office
1577286199.717,607,296,None,Move,office
1577286199.728,606,296,None,Move,office
1577286199.744,605,296,None,Move,office
1577286199.804,605,296,None,Move,office
1577286199.8170002,605,294,None,Move,office
1577286199.832,605,293,None,Move,office
1577286199.847,605,292,None,Move,office
1577286199.86,605,291,None,Move,office
1577286199.8720002,605,290,None,Move,office
1577286199.885,605,288,None,Move,office
1577286199.8979998,605,287,None,Move,office
1577286199.91,604,287,None,Move,office
1577286199.92,604,286,None,Move,office
1577286199.9320002,604,283,None,Move,office
1577286199.946,604,282,None,Move,office
1577286199.959,604,280,None,Move,office
1577286199.981,604,279,None,Move,office
1577286199.995,604,278,None,Move,office
1577286200.008,604,277,None,Move,office
1577286200.019,604,275,None,Move,office
1577286200.032,604,274,None,Move,office
1577286200.044,604,273,None,Move,office
1577286200.149,602,273,None,Move,office
1577286200.161,602,273,Left,Pressed,office
1577286200.252,602,273,Left,Released,office
1577286201.7129998,574,268,None,Move,office
1577286201.726,518,255,None,Move,office
1577286201.742,426,223,None,Move,office
1577286201.756,348,208,None,Move,office
1577286201.768,291,191,None,Move,office
1577286201.78,233,171,None,Move,office
1577286201.792,207,161,None,Move,office
1577286201.806,177,152,None,Move,office
1577286201.82,159,147,None,Move,office
1577286201.832,149,143,None,Move,office
1577286201.847,142,141,None,Move,office
1577286201.859,138,140,None,Move,office
1577286201.8720002,134,140,None,Move,office
1577286201.8839998,133,140,None,Move,office
1577286201.897,132,140,None,Move,office
1577286201.91,131,140,None,Move,office
1577286201.924,130,140,None,Move,office
1577286201.9629998,129,140,None,Move,office
1577286201.9770002,127,140,None,Move,office
1577286201.9989998,121,140,None,Move,office
1577286202.077,99,140,None,Move,office
1577286202.101,88,140,None,Move,office
1577286202.119,84,140,None,Move,office
1577286202.131,81,140,None,Move,office
1577286202.145,80,140,None,Move,office
1577286202.158,79,140,None,Move,office
1577286202.1720002,77,140,None,Move,office
1577286202.395,77,141,None,Move,office
1577286202.4320002,76,141,None,Move,office
1577286202.455,70,141,None,Move,office
1577286202.4770002,67,141,None,Move,office
1577286202.508,65,141,None,Move,office
1577286202.5470002,60,143,None,Move,office
1577286202.563,58,143,None,Move,office
1577286202.5779998,57,143,None,Move,office
1577286202.6360002,57,144,None,Move,office
1577286202.667,57,145,None,Move,office
1577286202.946,57,145,Left,Pressed,office
1577286203.056,57,145,Left,Released,office
1577286204.795,73,151,None,Move,office
1577286204.8070002,102,160,None,Move,office
1577286204.8179998,145,182,None,Move,office
1577286204.83,166,196,None,Move,office
1577286204.841,206,221,None,Move,office
1577286204.855,236,242,None,Move,office
1577286204.8660002,266,267,None,Move,office
1577286204.8760002,291,287,None,Move,office
1577286204.889,306,302,None,Move,office
1577286204.9020002,321,318,None,Move,office
1577286204.914,334,331,None,Move,office
1577286204.927,342,341,None,Move,office
1577286204.939,350,349,None,Move,office
1577286204.952,360,357,None,Move,office
1577286204.966,372,366,None,Move,office
1577286204.978,380,373,None,Move,office
1577286204.99,393,379,None,Move,office
1577286205.002,400,383,None,Move,office
1577286205.014,410,387,None,Move,office
1577286205.032,414,389,None,Move,office
1577286205.046,420,391,None,Move,office
1577286205.0570002,425,392,None,Move,office
1577286205.071,426,392,None,Move,office
1577286205.084,428,392,None,Move,office
1577286205.295,430,389,None,Move,office
1577286205.306,431,382,None,Move,office
1577286205.3179998,434,379,None,Move,office
1577286205.329,435,376,None,Move,office
1577286205.341,435,373,None,Move,office
1577286205.354,435,370,None,Move,office
1577286205.3679998,435,366,None,Move,office
1577286205.381,435,363,None,Move,office
1577286205.395,435,362,None,Move,office
1577286205.5,435,362,None,Move,office
1577286205.617,434,362,None,Move,office
1577286206.043,489,362,None,Move,office
1577286206.054,569,362,None,Move,office
1577286206.066,684,365,None,Move,office
1577286206.0779998,771,372,None,Move,office
1577286206.091,856,395,None,Move,office
1577286206.103,932,421,None,Move,office
1577286206.1160002,1004,459,None,Move,office
1577286206.127,1044,487,None,Move,office
1577286206.1420002,1069,507,None,Move,office
1577286206.155,1076,515,None,Move,office
1577286206.167,1090,538,None,Move,office
1577286206.1820002,1098,548,None,Move,office
1577286206.196,1099,551,None,Move,office
1577286206.586,1094,575,None,Move,office
1577286206.596,1089,615,None,Move,office
1577286206.6079998,1079,681,None,Move,office
1577286206.619,1069,742,None,Move,office
1577286206.63,1062,796,None,Move,office
1577286206.641,1054,835,None,Move,office
1577286206.651,1048,878,None,Move,office
1577286206.661,1044,903,None,Move,office
1577286206.6720002,1041,926,None,Move,office
1577286206.6829998,1038,940,None,Move,office
1577286206.695,1036,954,None,Move,office
1577286206.707,1035,960,None,Move,office
1577286206.719,1034,966,None,Move,office
1577286206.73,1034,971,None,Move,office
1577286206.7410002,1034,974,None,Move,office
1577286206.7529998,1034,979,None,Move,office
1577286206.762,1034,981,None,Move,office
1577286206.772,1034,982,None,Move,office
1577286206.783,1034,983,None,Move,office
1577286206.795,1031,984,None,Move,office
1577286206.805,1030,986,None,Move,office
1577286206.816,1029,988,None,Move,office
1577286206.827,1026,990,None,Move,office
1577286206.843,1019,992,None,Move,office
1577286206.854,1014,994,None,Move,office
1577286206.865,1011,995,None,Move,office
1577286206.8760002,1008,996,None,Move,office
1577286206.887,1006,999,None,Move,office
1577286206.899,1005,1001,None,Move,office
1577286206.909,1002,1001,None,Move,office
1577286206.921,1001,1002,None,Move,office
1577286206.9320002,996,1004,None,Move,office
1577286206.9429998,988,1007,None,Move,office
1577286206.957,976,1013,None,Move,office
1577286206.968,966,1021,None,Move,office
1577286206.98,959,1026,None,Move,office
1577286206.9910002,954,1033,None,Move,office
1577286207.0,949,1038,None,Move,office
1577286207.0089998,941,1044,None,Move,office
1577286207.018,936,1051,None,Move,office
1577286207.03,929,1054,None,Move,office
1577286207.04,924,1062,None,Move,office
1577286207.051,916,1069,None,Move,office
1577286207.061,911,1079,None,Move,office
1577286207.072,908,1084,None,Move,office
1577286207.085,905,1086,None,Move,office
1577286207.1,903,1082,None,Move,office
1577286207.111,902,1080,None,Move,office
1577286207.12,901,1081,None,Move,office
1577286207.129,899,1081,None,Move,office
1577286207.1420002,898,1080,None,Move,office
1577286207.1520002,897,1080,None,Move,office
1577286207.607,900,1079,None,Move,office
1577286207.623,909,1076,None,Move,office
1577286207.635,914,1073,None,Move,office
1577286207.6479998,921,1068,None,Move,office
1577286207.661,925,1064,None,Move,office
1577286207.671,930,1059,None,Move,office
1577286207.679,933,1056,None,Move,office
1577286207.687,936,1054,None,Move,office
1577286207.696,937,1053,None,Move,office
1577286207.705,938,1052,None,Move,office
1577286207.732,941,1052,None,Move,office
1577286207.7410002,941,1051,None,Move,office
1577286208.149,941,1051,Left,Pressed,office
1577286208.26,941,1051,Left,Released,office
1577286208.385,914,1018,None,Move,file system
1577286208.396,913,1018,None,Move,file system
1577286208.641,913,1017,None,Move,file system
1577286208.656,913,1016,None,Move,file system
1577286208.668,913,1013,None,Move,file system
1577286208.678,913,1012,None,Move,file system
1577286208.689,913,1011,None,Move,file system
1577286208.699,912,1005,None,Move,file system
1577286208.709,912,954,None,Move,file system
1577286208.72,909,907,None,Move,file system
1577286208.734,896,837,None,Move,file system
1577286208.7470002,882,781,None,Move,file system
1577286208.7570002,858,679,None,Move,file system
1577286208.768,835,594,None,Move,file system
1577286208.778,817,520,None,Move,file system
1577286208.789,809,427,None,Move,file system
1577286208.799,806,374,None,Move,file system
1577286208.81,806,300,None,Move,file system
1577286208.825,806,270,None,Move,file system
1577286208.836,811,232,None,Move,file system
1577286208.8479998,815,211,None,Move,file system
1577286208.86,820,197,None,Move,file system
1577286208.871,820,194,None,Move,file system
1577286208.883,820,193,None,Move,file system
1577286209.191,825,181,None,Move,file system
1577286209.2029998,832,166,None,Move,file system
1577286209.214,837,158,None,Move,file system
1577286209.2270002,844,143,None,Move,file system
1577286209.24,853,128,None,Move,file system
1577286209.2489998,856,118,None,Move,file system
1577286209.26,858,113,None,Move,file system
1577286209.269,859,110,None,Move,file system
1577286209.278,859,109,None,Move,file system
1577286209.288,859,107,None,Move,file system
1577286209.353,859,106,None,Move,file system
1577286209.375,859,105,None,Move,file system
1577286209.385,862,102,None,Move,file system
1577286209.396,866,99,None,Move,file system
1577286209.434,871,94,None,Move,file system
1577286209.448,874,87,None,Move,file system
1577286209.459,875,80,None,Move,file system
1577286209.471,876,75,None,Move,file system
1577286209.4829998,876,72,None,Move,file system
1577286209.498,876,71,None,Move,file system
1577286209.5089998,876,70,None,Move,file system
1577286209.521,876,69,None,Move,file system
1577286209.535,878,64,None,Move,file system
1577286209.55,881,61,None,Move,file system
1577286209.563,882,57,None,Move,file system
1577286209.575,883,54,None,Move,file system
1577286209.589,883,53,None,Move,file system
1577286209.604,883,51,None,Move,file system
1577286209.6160002,883,50,None,Move,file system
1577286209.669,883,49,None,Move,file system
1577286210.123,883,49,Left,Pressed,file system
1577286210.3520002,881,54,None,Drag,file system
1577286210.363,877,61,None,Drag,file system
1577286210.3760002,873,73,None,Drag,file system
1577286210.3920002,868,90,None,Drag,file system
1577286210.4120002,861,105,None,Drag,file system
1577286210.427,860,112,None,Drag,file system
1577286210.4429998,860,121,None,Drag,file system
1577286210.468,860,127,None,Drag,file system
1577286210.4829998,860,134,None,Drag,file system
1577286210.495,862,143,None,Drag,file system
1577286210.508,864,149,None,Drag,file system
1577286210.52,865,154,None,Drag,file system
1577286210.532,868,163,None,Drag,file system
1577286210.544,872,175,None,Drag,file system
1577286210.5570002,875,185,None,Drag,file system
1577286210.57,881,198,None,Drag,file system
1577286210.583,885,210,None,Drag,file system
1577286210.595,891,228,None,Drag,file system
1577286210.6079998,898,246,None,Drag,file system
1577286210.619,905,264,None,Drag,file system
1577286210.629,912,284,None,Drag,file system
1577286210.641,918,300,None,Drag,file system
1577286210.6520002,927,317,None,Drag,file system
1577286210.663,936,338,None,Drag,file system
1577286210.674,949,353,None,Drag,file system
1577286210.684,963,371,None,Drag,file system
1577286210.695,972,391,None,Drag,file system
1577286210.706,975,396,None,Drag,file system
1577286210.717,985,416,None,Drag,file system
1577286210.7270002,993,431,None,Drag,file system
1577286210.7389998,1005,452,None,Drag,file system
1577286210.75,1014,469,None,Drag,file system
1577286210.762,1020,487,None,Drag,file system
1577286210.774,1029,502,None,Drag,file system
1577286210.786,1033,511,None,Drag,file system
1577286210.798,1036,518,None,Drag,file system
1577286210.811,1037,522,None,Drag,file system
1577286210.824,1037,523,None,Drag,file system
1577286210.835,1037,524,None,Drag,file system
1577286210.847,1037,527,None,Drag,file system
1577286210.861,1040,528,None,Drag,file system
1577286210.875,1040,530,None,Drag,file system
1577286211.019,1040,530,Left,Released,file system
1577286211.151,1021,541,None,Move,file system
1577286211.164,992,559,None,Move,file system
1577286211.175,930,595,None,Move,file system
1577286211.189,905,615,None,Move,file system
1577286211.201,884,632,None,Move,file system
1577286211.214,853,657,None,Move,file system
1577286211.226,838,673,None,Move,file system
1577286211.2389998,825,683,None,Move,file system
1577286211.2510002,812,694,None,Move,file system
1577286211.264,802,699,None,Move,file system
1577286211.276,797,703,None,Move,file system
1577286211.289,792,706,None,Move,file system
1577286211.301,791,707,None,Move,file system
1577286211.312,790,708,None,Move,file system
1577286211.324,788,710,None,Move,file system
1577286211.337,784,711,None,Move,file system
1577286211.349,781,718,None,Move,file system
1577286211.3620002,777,722,None,Move,file system
1577286211.375,772,725,None,Move,file system
1577286211.387,771,726,None,Move,file system
1577286211.4,770,727,None,Move,file system
1577286211.413,769,729,None,Move,file system
1577286211.425,765,732,None,Move,file system
1577286211.438,759,739,None,Move,file system
1577286211.451,747,748,None,Move,file system
1577286211.464,724,762,None,Move,file system
1577286211.4770002,706,771,None,Move,file system
1577286211.49,694,779,None,Move,file system
1577286211.505,679,784,None,Move,file system
1577286211.519,667,786,None,Move,file system
1577286211.533,661,787,None,Move,file system
1577286211.546,655,788,None,Move,file system
1577286211.559,651,791,None,Move,file system
1577286211.571,646,794,None,Move,file system
1577286211.583,642,797,None,Move,file system
1577286211.597,639,799,None,Move,file system
1577286211.61,636,801,None,Move,file system
1577286211.623,634,804,None,Move,file system
1577286211.6360002,633,804,None,Move,file system
1577286211.6479998,632,804,None,Move,file system
1577286211.661,632,805,None,Move,file system
1577286211.673,630,805,None,Move,file system
1577286211.685,629,806,None,Move,file system
1577286211.698,628,808,None,Move,file system
1577286211.71,625,809,None,Move,file system
1577286211.72,624,812,None,Move,file system
1577286211.731,622,815,None,Move,file system
1577286211.7429998,621,816,None,Move,file system
1577286211.754,619,817,None,Move,file system
1577286211.762,618,818,None,Move,file system
1577286211.7729998,618,819,None,Move,file system
1577286211.785,618,820,None,Move,file system
1577286211.796,618,823,None,Move,file system
1577286211.8070002,618,824,None,Move,file system
1577286212.2589998,618,824,Left,Pressed,file system
1577286212.928,617,823,None,Drag,file system
1577286212.937,614,818,None,Drag,file system
1577286212.948,610,809,None,Drag,file system
1577286212.959,601,796,None,Drag,file system
1577286212.971,593,786,None,Drag,file system
1577286212.9829998,577,772,None,Drag,file system
1577286212.995,556,755,None,Drag,file system
1577286213.0070002,533,741,None,Drag,file system
1577286213.0170002,478,710,None,Drag,file system
1577286213.029,443,687,None,Drag,file system
1577286213.04,381,651,None,Drag,file system
1577286213.052,340,636,None,Drag,file system
1577286213.064,314,627,None,Drag,file system
1577286213.075,278,619,None,Drag,file system
1577286213.083,258,615,None,Drag,file system
1577286213.095,246,611,None,Drag,file system
1577286213.106,241,610,None,Drag,file system
1577286213.1160002,235,608,None,Drag,file system
1577286213.1260002,230,606,None,Drag,file system
1577286213.1360002,228,606,None,Drag,file system
1577286213.146,226,606,None,Drag,file system
1577286213.157,225,606,None,Drag,file system
1577286213.169,222,606,None,Drag,file system
1577286213.1820002,215,606,None,Drag,file system
1577286213.196,211,606,None,Drag,file system
1577286213.209,207,606,None,Drag,file system
1577286213.221,206,606,None,Drag,file system
1577286213.236,205,606,None,Drag,file system
1577286213.2489998,202,607,None,Drag,file system
1577286213.262,201,608,None,Drag,file system
1577286213.274,199,609,None,Drag,file system
1577286213.285,196,611,None,Drag,file system
1577286213.296,193,614,None,Drag,file system
1577286213.3079998,188,619,None,Drag,file system
1577286213.3179998,186,621,None,Drag,file system
1577286213.329,181,622,None,Drag,file system
1577286213.423,180,622,None,Drag,file system
1577286213.772,180,622,Left,Released,file system
1577286217.016,196,617,None,Move,office
1577286217.025,246,603,None,Move,office
1577286217.036,298,587,None,Move,office
1577286217.0470002,401,554,None,Move,office
1577286217.059,470,533,None,Move,office
1577286217.07,548,518,None,Move,office
1577286217.08,625,507,None,Move,office
1577286217.092,678,504,None,Move,office
1577286217.106,730,504,None,Move,office
1577286217.119,753,504,None,Move,office
1577286217.131,784,508,None,Move,office
1577286217.143,804,510,None,Move,office
1577286217.153,818,510,None,Move,office
1577286217.165,825,510,None,Move,office
1577286217.177,830,510,None,Move,office
1577286217.189,836,510,None,Move,office
1577286217.201,839,510,None,Move,office
1577286217.211,842,510,None,Move,office
1577286217.225,843,510,None,Move,office
1577286217.2370002,845,510,None,Move,office
1577286218.036,854,512,None,Move,office
1577286218.046,874,516,None,Move,office
1577286218.056,889,518,None,Move,office
1577286218.0670002,903,522,None,Move,office
1577286218.076,918,529,None,Move,office
1577286218.0879998,933,533,None,Move,office
1577286218.101,945,537,None,Move,office
1577286218.1179998,951,539,None,Move,office
1577286218.13,956,540,None,Move,office
1577286218.141,960,541,None,Move,office
1577286218.15,963,543,None,Move,office
1577286218.16,966,544,None,Move,office
1577286218.1720002,968,545,None,Move,office
1577286218.1829998,969,545,None,Move,office
1577286222.315,969,548,None,Move,office
1577286222.327,969,549,None,Move,office
1577286222.337,969,550,None,Move,office
1577286222.344,969,552,None,Move,office
1577286222.351,969,553,None,Move,office
1577286222.361,969,555,None,Move,office
1577286222.3739998,969,556,None,Move,office
1577286222.387,969,557,None,Move,office
1577286222.399,969,558,None,Move,office
1577286222.408,969,560,None,Move,office
1577286222.42,969,561,None,Move,office
1577286222.43,969,563,None,Move,office
1577286222.4429998,969,564,None,Move,office
1577286222.454,969,565,None,Move,office
1577286222.469,969,566,None,Move,office
1577286222.481,969,567,None,Move,office
1577286222.4910002,969,570,None,Move,office
1577286222.504,969,571,None,Move,office
1577286222.5110002,969,572,None,Move,office
1577286222.5229998,969,573,None,Move,office
1577286222.535,969,575,None,Move,office
1577286222.544,969,576,None,Move,office
1577286222.552,969,577,None,Move,office
1577286222.565,969,580,None,Move,office
1577286222.581,969,581,None,Move,office
1577286222.59,969,582,None,Move,office
1577286222.5979998,969,583,None,Move,office
1577286222.611,969,584,None,Move,office
1577286222.623,969,585,None,Move,office
1577286222.6360002,969,586,None,Move,office
1577286222.65,969,587,None,Move,office
1577286222.6620002,969,589,None,Move,office
1577286222.674,969,590,None,Move,office
1577286222.69,969,593,None,Move,office
1577286222.702,969,597,None,Move,office
1577286222.712,969,600,None,Move,office
1577286222.718,969,602,None,Move,office
1577286222.728,970,603,None,Move,office
1577286222.736,970,607,None,Move,office
1577286222.745,970,610,None,Move,office
1577286222.7529998,971,611,None,Move,office
1577286222.765,971,614,None,Move,office
1577286222.776,971,615,None,Move,office
1577286222.789,971,616,None,Move,office
1577286222.799,973,617,None,Move,office
1577286222.813,973,618,None,Move,office
1577286222.823,973,619,None,Move,office
1577286222.832,973,621,None,Move,office
1577286222.865,973,622,None,Move,office
1577286223.269,974,622,None,Move,office
1577286223.286,976,622,None,Move,office
1577286223.298,977,621,None,Move,office
1577286223.3079998,978,619,None,Move,office
1577286223.32,980,619,None,Move,office
1577286223.342,980,618,None,Move,office
1577286223.452,980,617,None,Move,office
1577286223.562,980,616,None,Move,office
1577286223.6720002,980,615,None,Move,office
1577286223.717,980,613,None,Move,office
1577286223.738,980,612,None,Move,office
1577286223.7529998,980,611,None,Move,office
1577286223.775,980,608,None,Move,office
1577286223.827,980,607,None,Move,office
1577286224.23,980,607,Left,Pressed,office
1577286226.205,980,607,Left,Released,office
1577286242.4629998,980,607,None,Move,office
1577286242.47,980,609,None,Move,office
1577286242.4770002,980,610,None,Move,office
1577286242.486,980,611,None,Move,office
1577286242.4989998,980,612,None,Move,office
1577286242.514,979,613,None,Move,office
1577286242.522,978,615,None,Move,office
1577286242.531,976,615,None,Move,office
1577286242.539,969,615,None,Move,office
1577286242.546,956,615,None,Move,office
1577286242.552,931,611,None,Move,office
1577286242.56,886,600,None,Move,office
1577286242.5670002,833,580,None,Move,office
1577286242.575,773,552,None,Move,office
1577286242.583,696,517,None,Move,office
1577286242.592,638,497,None,Move,office
1577286242.6,596,478,None,Move,office
1577286242.607,542,455,None,Move,office
1577286242.613,500,440,None,Move,office
1577286242.621,477,431,None,Move,office
1577286242.6279998,459,419,None,Move,office
1577286242.635,447,411,None,Move,office
1577286242.641,434,400,None,Move,office
1577286242.65,424,394,None,Move,office
1577286242.661,419,389,None,Move,office
1577286242.67,415,386,None,Move,office
1577286242.679,410,384,None,Move,office
1577286242.686,409,383,None,Move,office
1577286242.6920002,408,383,None,Move,office
1577286242.702,407,383,None,Move,office
1577286242.709,405,383,None,Move,office
1577286243.1520002,405,386,None,Move,office
1577286243.1620002,406,391,None,Move,office
1577286243.1720002,406,397,None,Move,office
1577286243.184,406,402,None,Move,office
1577286243.196,406,404,None,Move,office
1577286243.206,406,408,None,Move,office
1577286243.215,406,411,None,Move,office
1577286243.225,406,415,None,Move,office
1577286243.236,406,418,None,Move,office
1577286243.245,406,420,None,Move,office
1577286243.252,406,422,None,Move,office
1577286243.262,406,423,None,Move,office
1577286243.272,406,426,None,Move,office
1577286243.282,406,427,None,Move,office
1577286243.291,406,428,None,Move,office
1577286243.303,406,429,None,Move,office
1577286243.313,406,431,None,Move,office
1577286243.322,406,432,None,Move,office
1577286243.332,406,433,None,Move,office
1577286243.342,405,434,None,Move,office
1577286243.3520002,405,437,None,Move,office
1577286243.361,405,438,None,Move,office
1577286243.3720002,405,439,None,Move,office
1577286243.3820002,405,441,None,Move,office
1577286243.391,405,442,None,Move,office
1577286243.4020002,405,443,None,Move,office
1577286243.414,405,444,None,Move,office
1577286243.427,405,445,None,Move,office
1577286243.439,405,447,None,Move,office
1577286243.45,405,448,None,Move,office
1577286243.46,405,449,None,Move,office
1577286243.813,405,449,None,Move,office
1577286243.8279998,406,446,None,Move,office
1577286243.839,408,442,None,Move,office
1577286243.849,409,439,None,Move,office
1577286243.867,410,438,None,Move,office
1577286243.879,413,436,None,Move,office
1577286243.89,413,435,None,Move,office
1577286244.202,413,435,Left,Pressed,office
1577286244.356,413,435,Left,Released,office
1577286244.46,413,435,None,Move,office
1577286244.4729998,413,435,None,Move,office
1577286244.488,413,436,None,Move,office
1577286244.504,412,436,None,Move,office
1577286244.606,410,436,None,Move,office
1577286244.914,421,445,None,Move,office
1577286244.923,435,461,None,Move,office
1577286244.931,450,476,None,Move,office
1577286244.941,463,487,None,Move,office
1577286244.95,479,500,None,Move,office
1577286244.958,490,513,None,Move,office
1577286244.966,500,524,None,Move,office
1577286244.974,508,534,None,Move,office
1577286244.982,519,542,None,Move,office
1577286244.99,527,552,None,Move,office
1577286244.998,532,557,None,Move,office
1577286245.006,536,562,None,Move,office
1577286245.014,539,565,None,Move,office
1577286245.028,540,566,None,Move,office
1577286245.039,540,567,None,Move,office
1577286245.0470002,540,568,None,Move,office
1577286245.0670002,540,569,None,Move,office
1577286245.09,540,570,None,Move,office
1577286245.105,540,572,None,Move,office
1577286245.186,540,572,Left,Pressed,office
1577286245.288,540,572,Left,Released,office
1577286245.824,562,567,None,Move,office
1577286247.1179998,596,540,None,Move,office
1577286247.353,566,591,None,Move,office
1577286247.369,549,618,None,Move,office
1577286247.381,540,644,None,Move,office
1577286247.3920002,536,667,None,Move,office
1577286247.403,528,707,None,Move,office
1577286247.415,522,750,None,Move,office
1577286247.426,519,793,None,Move,office
1577286247.436,516,834,None,Move,office
1577286247.454,511,869,None,Move,office
1577286247.467,507,892,None,Move,office
1577286247.476,498,912,None,Move,office
1577286247.486,491,930,None,Move,office
1577286247.498,480,945,None,Move,office
1577286247.51,462,956,None,Move,office
1577286247.52,421,965,None,Move,office
1577286247.5270002,353,965,None,Move,office
1577286247.534,298,956,None,Move,office
1577286247.545,213,933,None,Move,office
1577286247.554,127,909,None,Move,office
1577286247.563,30,881,None,Move,office
1577286247.573,-22,861,None,Move,office
1577286247.582,-57,825,None,Move,office
1577286247.59,-72,788,None,Move,office
1577286247.601,-21,777,None,Move,office
1577286247.611,-19,756,None,Move,office
1577286247.6220002,-12,711,None,Move,office
1577286247.6339998,-11,671,None,Move,office
1577286247.645,18,608,None,Move,office
1577286247.654,38,550,None,Move,office
1577286247.663,87,460,None,Move,office
1577286247.6720002,127,417,None,Move,office
1577286247.6820002,242,329,None,Move,office
1577286247.69,366,258,None,Move,office
1577286247.699,508,209,None,Move,office
1577286247.707,610,185,None,Move,office
1577286247.717,698,178,None,Move,office
1577286247.728,875,160,None,Move,office
1577286247.736,984,156,None,Move,office
1577286247.745,1092,156,None,Move,office
1577286247.7529998,1161,159,None,Move,office
1577286247.7610002,1311,172,None,Move,office
1577286247.769,1358,175,None,Move,office
1577286247.776,1434,183,None,Move,office
1577286247.784,1499,190,None,Move,office
1577286247.792,1530,192,None,Move,office
1577286247.798,1565,194,None,Move,office
1577286247.8079998,1595,197,None,Move,office
1577286247.815,1618,204,None,Move,office
1577286247.825,1638,208,None,Move,office
1577286247.836,1650,210,None,Move,office
1577286247.844,1659,214,None,Move,office
1577286247.855,1666,219,None,Move,office
1577286247.8660002,1667,220,None,Move,office
1577286247.875,1672,221,None,Move,office
1577286247.887,1673,222,None,Move,office
1577286247.897,1674,223,None,Move,office
1577286248.12,1690,217,None,Move,office
1577286248.1320002,1708,208,None,Move,office
1577286248.1420002,1728,194,None,Move,office
1577286248.153,1752,177,None,Move,office
1577286248.165,1768,162,None,Move,office
1577286248.177,1778,151,None,Move,office
1577286248.188,1783,146,None,Move,office
1577286248.198,1788,141,None,Move,office
1577286248.206,1796,134,None,Move,office
1577286248.214,1800,129,None,Move,office
1577286248.224,1808,119,None,Move,office
1577286248.2329998,1813,112,None,Move,office
1577286248.242,1819,102,None,Move,office
1577286248.2489998,1827,92,None,Move,office
1577286248.2570002,1831,85,None,Move,office
1577286248.266,1834,81,None,Move,office
1577286248.278,1835,78,None,Move,office
1577286248.291,1837,76,None,Move,office
1577286248.304,1837,74,None,Move,office
1577286248.314,1837,72,None,Move,office
1577286248.3479998,1838,71,None,Move,office
1577286248.363,1840,70,None,Move,office
1577286248.377,1841,69,None,Move,office
1577286248.39,1844,66,None,Move,office
1577286248.4,1848,63,None,Move,office
1577286248.409,1853,58,None,Move,office
1577286248.415,1859,51,None,Move,office
1577286248.4220002,1866,43,None,Move,office
1577286248.43,1872,36,None,Move,office
1577286248.437,1877,29,None,Move,office
1577286248.444,1882,26,None,Move,office
1577286248.451,1883,23,None,Move,office
1577286248.458,1885,20,None,Move,office
1577286248.465,1885,17,None,Move,office
1577286248.472,1885,16,None,Move,office
1577286248.48,1885,15,None,Move,office
1577286248.494,1885,14,None,Move,office
1577286248.524,1885,13,None,Move,office
1577286248.752,1885,13,Left,Pressed,office
1577286248.8760002,1885,13,Left,Released,office
1577286249.4420002,1850,40,None,Move,office
1577286249.455,1749,103,None,Move,office
1577286249.466,1639,191,None,Move,office
1577286249.475,1543,254,None,Move,office
1577286249.481,1451,325,None,Move,office
1577286249.4870002,1338,399,None,Move,office
1577286249.4929998,1280,443,None,Move,office
1577286249.5,1173,502,None,Move,office
1577286249.51,1116,542,None,Move,office
1577286249.522,1069,579,None,Move,office
1577286249.534,1036,598,None,Move,office
1577286249.546,1023,606,None,Move,office
1577286249.556,1016,611,None,Move,office
1577286249.563,1009,615,None,Move,office
1577286249.571,1008,616,None,Move,office
1577286249.577,1007,617,None,Move,office
1577286249.591,1006,619,None,Move,office
1577286249.6,1005,620,None,Move,office
1577286249.9989998,1001,620,None,Move,office
1577286250.008,995,620,None,Move,office
1577286250.018,984,620,None,Move,office
1577286250.0270002,978,620,None,Move,office
1577286250.0370002,974,620,None,Move,office
1577286250.051,971,620,None,Move,office
1577286250.0679998,970,620,None,Move,office
1577286250.084,969,620,None,Move,office
1577286250.094,968,620,None,Move,office
1577286250.106,967,620,None,Move,office
1577286250.55,967,619,None,Move,office
1577286250.6,967,618,None,Move,office
1577286250.6160002,967,616,None,Move,office
1577286250.63,967,615,None,Move,office
1577286250.645,966,615,None,Move,office
1577286250.6520002,966,614,None,Move,office
1577286250.725,967,620,Left,Pressed,office
1577286250.836,967,620,Left,Released,office
1577286251.812,953,624,None,Move,file system
1577286251.82,930,629,None,Move,file system
1577286251.834,908,634,None,Move,file system
1577286251.8479998,885,641,None,Move,file system
1577286251.861,868,648,None,Move,file system
1577286251.873,853,657,None,Move,file system
1577286251.8820002,835,666,None,Move,file system
1577286251.89,817,675,None,Move,file system
1577286251.903,799,691,None,Move,file system
1577286251.914,780,712,None,Move,file system
1577286251.923,766,731,None,Move,file system
1577286251.93,759,738,None,Move,file system
1577286251.94,748,751,None,Move,file system
1577286251.95,738,761,None,Move,file system
1577286251.96,737,764,None,Move,file system
1577286251.967,736,765,None,Move,file system
1577286251.9729998,735,766,None,Move,file system
1577286252.3179998,727,771,None,Move,file system
1577286252.351,717,777,None,Move,file system
1577286252.371,712,782,None,Move,file system
1577286252.3839998,707,789,None,Move,file system
1577286252.393,703,792,None,Move,file system
1577286252.401,698,797,None,Move,file system
1577286252.408,693,802,None,Move,file system
1577286252.418,686,805,None,Move,file system
1577286252.425,681,810,None,Move,file system
1577286252.436,676,815,None,Move,file system
1577286252.448,673,816,None,Move,file system
1577286252.457,672,818,None,Move,file system
1577286252.469,671,819,None,Move,file system
1577286252.482,669,820,None,Move,file system
1577286252.494,668,820,None,Move,file system
1577286252.531,666,820,None,Move,file system
1577286252.5670002,664,821,None,Move,file system
1577286252.596,664,823,None,Move,file system
1577286252.6120002,663,824,None,Move,file system
1577286252.6220002,662,826,None,Move,file system
1577286252.631,661,826,None,Move,file system
1577286252.6379998,661,828,None,Move,file system
1577286252.647,660,829,None,Move,file system
1577286252.657,659,830,None,Move,file system
1577286252.665,658,831,None,Move,file system
1577286252.678,657,832,None,Move,file system
1577286252.689,656,835,None,Move,file system
1577286252.698,655,836,None,Move,file system
1577286252.707,653,837,None,Move,file system
1577286252.716,652,839,None,Move,file system
1577286252.724,651,839,None,Move,file system
1577286253.3379998,651,839,Right,Pressed,file system
1577286253.485,651,839,Right,Released,file system
1577286255.592,651,839,Right,Pressed,file system
1577286255.73,651,839,Right,Released,file system
1577286257.976,651,839,Right,Pressed,file system
1577286258.1,651,839,Right,Released,file system
1577286258.688,653,826,None,Move,file system
1577286258.696,658,798,None,Move,file system
1577286258.707,665,772,None,Move,file system
1577286258.717,671,757,None,Move,file system
1577286258.728,678,742,None,Move,file system
1577286258.7389998,692,726,None,Move,file system
1577286258.755,707,710,None,Move,file system
1577286258.769,720,697,None,Move,file system
1577286258.783,733,684,None,Move,file system
1577286258.7970002,746,673,None,Move,file system
1577286258.811,766,662,None,Move,file system
1577286258.822,781,651,None,Move,file system
1577286258.833,792,638,None,Move,file system
1577286258.842,805,625,None,Move,file system
1577286258.8520002,818,617,None,Move,file system
1577286258.8639998,833,611,None,Move,file system
1577286258.879,843,603,None,Move,file system
1577286258.894,850,599,None,Move,file system
1577286258.908,853,596,None,Move,file system
1577286258.921,858,589,None,Move,file system
1577286258.9320002,863,584,None,Move,file system
1577286258.9429998,866,581,None,Move,file system
1577286258.955,871,577,None,Move,file system
1577286258.966,874,574,None,Move,file system
1577286258.978,877,570,None,Move,file system
1577286258.9889998,880,568,None,Move,file system
1577286259.0,881,567,None,Move,file system
1577286259.0110002,882,566,None,Move,file system
1577286259.024,885,562,None,Move,file system
1577286259.042,892,541,None,Move,file system
1577286259.054,894,521,None,Move,file system
1577286259.063,894,501,None,Move,file system
1577286259.075,894,490,None,Move,file system
1577286259.085,894,473,None,Move,file system
1577286259.096,894,456,None,Move,file system
1577286259.1079998,894,442,None,Move,file system
1577286259.1179998,894,434,None,Move,file system
1577286259.1279998,890,427,None,Move,file system
1577286259.139,888,421,None,Move,file system
1577286259.15,887,416,None,Move,file system
1577286259.163,887,408,None,Move,file system
1577286259.174,887,402,None,Move,file system
1577286259.184,887,397,None,Move,file system
1577286259.194,887,391,None,Move,file system
1577286259.2029998,887,388,None,Move,file system
1577286259.212,887,387,None,Move,file system
1577286259.221,887,386,None,Move,file system
1577286259.23,887,385,None,Move,file system
1577286259.238,887,383,None,Move,file system
1577286259.583,875,400,None,Move,file system
1577286259.59,850,436,None,Move,file system
1577286259.597,819,487,None,Move,file system
1577286259.605,798,516,None,Move,file system
1577286259.615,773,547,None,Move,file system
1577286259.6260002,741,588,None,Move,file system
1577286259.635,723,616,None,Move,file system
1577286259.643,709,637,None,Move,file system
1577286259.6520002,698,652,None,Move,file system
1577286259.659,685,671,None,Move,file system
1577286259.668,676,689,None,Move,file system
1577286259.676,662,707,None,Move,file system
1577286259.685,653,725,None,Move,file system
1577286259.6929998,642,740,None,Move,file system
1577286259.701,636,752,None,Move,file system
1577286259.712,630,764,None,Move,file system
1577286259.7229998,626,776,None,Move,file system
1577286259.732,624,788,None,Move,file system
1577286259.74,622,800,None,Move,file system
1577286259.748,620,806,None,Move,file system
1577286259.7589998,617,813,None,Move,file system
1577286259.7670002,616,817,None,Move,file system
1577286259.775,614,822,None,Move,file system
1577286259.781,613,828,None,Move,file system
1577286259.789,611,833,None,Move,file system
1577286259.796,611,838,None,Move,file system
1577286259.802,609,842,None,Move,file system
1577286259.81,609,845,None,Move,file system
1577286259.819,609,846,None,Move,file system
1577286259.829,609,847,None,Move,file system
1577286259.841,609,849,None,Move,file system
1577286260.155,610,848,None,Move,file system
1577286260.165,611,846,None,Move,file system
1577286260.174,614,844,None,Move,file system
1577286260.1820002,614,843,None,Move,file system
1577286260.1920002,615,842,None,Move,file system
1577286260.2029998,616,841,None,Move,file system
1577286260.215,617,839,None,Move,file system
1577286260.222,618,838,None,Move,file system
1577286260.231,624,832,None,Move,file system
1577286260.2389998,627,831,None,Move,file system
1577286260.252,630,828,None,Move,file system
1577286260.266,633,825,None,Move,file system
1577286260.492,633,825,Right,Pressed,file system
1577286260.546,633,825,Right,Released,file system
1577286261.535,637,807,None,Move,file system
1577286261.542,647,774,None,Move,file system
1577286261.551,670,720,None,Move,file system
1577286261.56,693,672,None,Move,file system
1577286261.569,708,644,None,Move,file system
1577286261.577,737,599,None,Move,file system
1577286261.586,781,541,None,Move,file system
1577286261.596,797,528,None,Move,file system
1577286261.606,818,509,None,Move,file system
1577286261.615,839,495,None,Move,file system
1577286261.6239998,854,486,None,Move,file system
1577286261.633,864,480,None,Move,file system
1577286261.641,871,473,None,Move,file system
1577286261.6520002,878,469,None,Move,file system
1577286261.66,881,468,None,Move,file system
1577286261.669,882,467,None,Move,file system
1577286261.676,884,466,None,Move,file system
1577286261.685,885,464,None,Move,file system
1577286261.704,885,462,None,Move,file system
1577286261.916,884,469,None,Move,file system
1577286261.931,882,479,None,Move,file system
1577286261.946,880,489,None,Move,file system
1577286261.959,878,495,None,Move,file system
1577286261.969,877,500,None,Move,file system
1577286261.988,877,502,None,Move,file system
1577286262.0,877,504,None,Move,file system
1577286262.012,877,506,None,Move,file system
1577286262.025,877,508,None,Move,file system
1577286262.0370002,877,509,None,Move,file system
1577286262.063,877,510,None,Move,file system
1577286262.07,877,511,None,Move,file system
1577286262.08,877,512,None,Move,file system
1577286262.0879998,877,514,None,Move,file system
1577286262.096,877,515,None,Move,file system
1577286262.1020002,877,516,None,Move,file system
1577286262.111,875,519,None,Move,file system
1577286262.119,875,521,None,Move,file system
1577286262.127,875,524,None,Move,file system
1577286262.1360002,875,525,None,Move,file system
1577286262.143,875,526,None,Move,file system
1577286262.1520002,875,527,None,Move,file system
1577286262.555,875,527,None,Move,file system
1577286262.5679998,877,525,None,Move,file system
1577286262.583,877,525,Left,Pressed,file system
1577286262.732,873,516,None,Drag,file system
1577286262.7410002,866,501,None,Drag,file system
1577286262.75,855,480,None,Drag,file system
1577286262.758,845,451,None,Drag,file system
1577286262.7670002,828,414,None,Drag,file system
1577286262.775,819,390,None,Drag,file system
1577286262.784,810,369,None,Drag,file system
1577286262.793,800,340,None,Drag,file system
1577286262.802,791,314,None,Drag,file system
1577286262.81,786,294,None,Drag,file system
1577286262.82,782,285,None,Drag,file system
1577286262.8279998,775,267,None,Drag,file system
1577286262.8379998,771,247,None,Drag,file system
1577286262.846,769,227,None,Drag,file system
1577286262.855,767,215,None,Drag,file system
1577286262.8639998,765,208,None,Drag,file system
1577286262.8739998,765,200,None,Drag,file system
1577286262.8839998,764,195,None,Drag,file system
1577286262.8920002,764,190,None,Drag,file system
1577286262.9020002,764,185,None,Drag,file system
1577286262.9120002,764,183,None,Drag,file system
1577286262.921,764,180,None,Drag,file system
1577286262.931,764,179,None,Drag,file system
1577286262.94,764,176,None,Drag,file system
1577286262.98,764,175,None,Drag,file system
1577286263.002,764,174,None,Drag,file system
1577286263.01,764,173,None,Drag,file system
1577286263.019,764,172,None,Drag,file system
1577286263.0270002,764,160,None,Drag,file system
1577286263.036,764,149,None,Drag,file system
1577286263.043,764,143,None,Drag,file system
1577286263.052,764,137,None,Drag,file system
1577286263.06,762,128,None,Drag,file system
1577286263.069,756,110,None,Drag,file system
1577286263.0779998,754,93,None,Drag,file system
1577286263.086,752,75,None,Drag,file system
1577286263.093,750,64,None,Drag,file system
1577286263.103,748,55,None,Drag,file system
1577286263.109,746,45,None,Drag,file system
1577286263.1179998,745,43,None,Drag,file system
1577286263.1260002,743,40,None,Drag,file system
1577286263.133,740,35,None,Drag,file system
1577286263.1420002,740,32,None,Drag,file system
1577286263.1520002,740,31,None,Drag,file system
1577286263.16,739,30,None,Drag,file system
1577286263.169,737,30,None,Drag,file system
1577286263.177,737,29,None,Drag,file system
1577286263.186,736,29,None,Drag,file system
1577286263.194,735,28,None,Drag,file system
1577286263.201,733,27,None,Drag,file system
1577286263.21,732,26,None,Drag,file system
1577286263.219,730,24,None,Drag,file system
1577286263.2270002,728,24,None,Drag,file system
1577286263.2370002,727,24,None,Drag,file system
1577286263.245,727,23,None,Drag,file system
1577286263.252,726,23,None,Drag,file system
1577286263.406,726,23,Left,Released,file system
1577286263.531,714,34,None,Move,file system
1577286263.544,698,55,None,Move,file system
1577286263.56,681,82,None,Move,file system
1577286263.575,663,103,None,Move,file system
1577286263.593,649,123,None,Move,file system
1577286263.604,640,138,None,Move,file system
1577286263.625,634,145,None,Move,file system
1577286263.637,626,151,None,Move,file system
1577286263.6479998,622,154,None,Move,file system
1577286263.667,617,157,None,Move,file system
1577286263.679,614,158,None,Move,file system
1577286263.688,611,159,None,Move,file system
1577286263.698,607,161,None,Move,file system
1577286263.706,604,162,None,Move,file system
1577286263.714,601,164,None,Move,file system
1577286263.722,599,165,None,Move,file system
1577286263.7329998,598,166,None,Move,file system
1577286263.74,597,167,None,Move,file system
1577286263.75,596,168,None,Move,file system
1577286263.758,595,169,None,Move,file system
1577286263.7670002,594,170,None,Move,file system
1577286263.778,591,171,None,Move,file system
1577286263.788,588,176,None,Move,file system
1577286263.796,581,181,None,Move,file system
1577286263.804,573,191,None,Move,file system
1577286263.812,563,199,None,Move,file system
1577286263.822,555,205,None,Move,file system
1577286263.834,548,211,None,Move,file system
1577286263.847,543,214,None,Move,file system
1577286263.855,536,219,None,Move,file system
1577286263.8620002,531,224,None,Move,file system
1577286263.87,527,229,None,Move,file system
1577286263.8779998,515,247,None,Move,file system
1577286263.8860002,504,270,None,Move,file system
1577286263.893,486,298,None,Move,file system
1577286263.901,475,318,None,Move,file system
1577286263.908,466,339,None,Move,file system
1577286263.917,457,359,None,Move,file system
1577286263.926,447,382,None,Move,file system
1577286263.934,443,395,None,Move,file system
1577286263.944,438,399,None,Move,file system
1577286263.9529998,436,406,None,Move,file system
1577286263.965,435,407,None,Move,file system
1577286263.978,435,408,None,Move,file system
1577286263.988,433,410,None,Move,file system
1577286263.9989998,433,411,None,Move,file system
1577286264.008,433,412,None,Move,file system
1577286264.0170002,432,412,None,Move,file system
1577286264.051,431,412,None,Move,file system
1577286264.104,431,412,None,Move,file system
1577286264.133,437,399,None,Move,file system
1577286264.158,443,389,None,Move,file system
1577286264.175,447,384,None,Move,file system
1577286264.188,448,381,None,Move,file system
1577286264.198,449,380,None,Move,file system
1577286264.209,449,379,None,Move,file system
1577286264.485,452,373,None,Move,file system
1577286264.5,453,370,None,Move,file system
1577286264.512,454,369,None,Move,file system
1577286264.53,455,367,None,Move,file system
1577286264.609,457,367,None,Move,file system
1577286264.661,458,367,None,Move,file system
1577286264.674,458,365,None,Move,file system
1577286264.69,458,364,None,Move,file system
1577286264.706,459,362,None,Move,file system
1577286264.725,466,357,None,Move,file system
1577286264.7389998,471,352,None,Move,file system
1577286264.7489998,474,349,None,Move,file system
1577286264.7589998,477,345,None,Move,file system
1577286264.768,480,342,None,Move,file system
1577286264.775,481,340,None,Move,file system
1577286264.784,482,339,None,Move,file system
1577286264.793,483,339,None,Move,file system
1577286264.829,483,339,None,Move,file system
1577286264.8379998,486,341,None,Move,file system
1577286264.8479998,488,344,None,Move,file system
1577286264.856,491,348,None,Move,file system
1577286264.8620002,494,353,None,Move,file system
1577286264.871,499,362,None,Move,file system
1577286264.88,511,380,None,Move,file system
1577286264.8879998,520,403,None,Move,file system
1577286264.895,529,424,None,Move,file system
1577286264.903,533,434,None,Move,file system
1577286264.9120002,537,448,None,Move,file system
1577286264.925,539,460,None,Move,file system
1577286264.936,542,464,None,Move,file system
1577286264.947,542,467,None,Move,file system
1577286264.957,542,468,None,Move,file system
1577286264.969,542,469,None,Move,file system
1577286265.02,540,469,None,Move,file system
1577286265.034,539,469,None,Move,file system
1577286265.048,538,469,None,Move,file system
1577286265.063,538,469,Left,Pressed,file system
1577286265.137,538,469,Left,Released,file system
1577286265.373,535,457,None,Move,file system
1577286265.3839998,530,439,None,Move,file system
1577286265.395,527,432,None,Move,file system
1577286265.406,525,425,None,Move,file system
1577286265.416,524,421,None,Move,file system
1577286265.424,522,418,None,Move,file system
1577286265.4320002,520,411,None,Move,file system
1577286265.4420002,517,404,None,Move,file system
1577286265.449,516,402,None,Move,file system
1577286265.457,514,399,None,Move,file system
1577286265.465,513,398,None,Move,file system
1577286265.474,513,396,None,Move,file system
1577286265.541,513,395,None,Move,file system
1577286265.556,506,373,None,Move,file system
1577286265.5679998,502,366,None,Move,file system
1577286265.582,500,361,None,Move,file system
1577286265.594,498,357,None,Move,file system
1577286265.6020002,497,356,None,Move,file system
1577286265.611,497,354,None,Move,file system
1577286265.62,494,352,None,Move,file system
1577286265.635,494,349,None,Move,file system
1577286265.647,492,342,None,Move,file system
1577286265.659,491,339,None,Move,file system
1577286265.671,489,333,None,Move,file system
1577286265.6829998,489,329,None,Move,file system
1577286265.6929998,489,326,None,Move,file system
1577286265.7,489,325,None,Move,file system
1577286265.708,489,324,None,Move,file system
1577286265.718,489,323,None,Move,file system
1577286265.7389998,489,322,None,Move,file system
1577286265.768,487,322,None,Move,file system
1577286265.798,486,322,None,Move,file system
1577286265.82,484,322,None,Move,file system
1577286265.842,482,322,None,Move,file system
1577286266.164,482,322,Left,Pressed,file system
1577286266.38,482,322,Left,Released,file system
1577286266.965,482,322,Right,Pressed,file system
1577286267.111,482,322,Right,Released,file system
1577286268.476,482,322,Right,Pressed,file system
1577286268.623,482,322,Right,Released,file system
1577286270.34,482,322,Right,Pressed,file system
1577286270.458,482,322,Right,Released,file system
1577286270.736,495,315,None,Move,file system
1577286270.7429998,510,309,None,Move,file system
1577286270.7529998,523,303,None,Move,file system
1577286270.765,529,299,None,Move,file system
1577286270.775,535,298,None,Move,file system
1577286270.783,540,296,None,Move,file system
1577286270.793,549,294,None,Move,file system
1577286270.801,554,290,None,Move,file system
1577286270.8079998,560,288,None,Move,file system
1577286270.8170002,569,286,None,Move,file system
1577286270.825,578,283,None,Move,file system
1577286270.834,583,281,None,Move,file system
1577286270.854,590,277,None,Move,file system
1577286270.8739998,594,275,None,Move,file system
1577286270.889,595,274,None,Move,file system
1577286270.909,598,270,None,Move,file system
1577286270.923,600,267,None,Move,file system
1577286270.9320002,601,262,None,Move,file system
1577286270.94,603,259,None,Move,file system
1577286270.948,604,255,None,Move,file system
1577286270.957,604,251,None,Move,file system
1577286270.965,605,246,None,Move,file system
1577286270.971,607,243,None,Move,file system
1577286270.978,607,240,None,Move,file system
1577286270.9889998,607,239,None,Move,file system
1577286271.0010002,607,237,None,Move,file system
1577286271.014,607,236,None,Move,file system
1577286271.0270002,607,233,None,Move,file system
1577286271.041,607,232,None,Move,file system
1577286271.0570002,607,223,None,Move,file system
1577286271.0779998,607,210,None,Move,file system
1577286271.093,608,204,None,Move,file system
1577286271.109,608,201,None,Move,file system
1577286271.125,608,198,None,Move,file system
1577286271.14,608,196,None,Move,file system
1577286271.177,608,195,None,Move,file system
1577286271.1920002,608,194,None,Move,file system
1577286271.206,608,191,None,Move,file system
1577286271.22,612,185,None,Move,file system
1577286271.238,613,180,None,Move,file system
1577286271.248,615,176,None,Move,file system
1577286271.258,615,173,None,Move,file system
1577286271.268,615,172,None,Move,file system
1577286271.275,615,171,None,Move,file system
1577286271.282,615,170,None,Move,file system
1577286271.289,615,167,None,Move,file system
1577286271.2970002,615,166,None,Move,file system
1577286271.315,615,165,None,Move,file system
1577286271.324,615,164,None,Move,file system
1577286271.331,617,160,None,Move,file system
1577286271.339,619,157,None,Move,file system
1577286271.351,620,152,None,Move,file system
1577286271.37,621,149,None,Move,file system
1577286271.383,621,148,None,Move,file system
1577286271.394,621,146,None,Move,file system
1577286271.448,622,146,None,Move,file system
1577286271.543,623,146,None,Move,file system
1577286271.918,616,154,None,Move,file system
1577286271.926,608,161,None,Move,file system
1577286271.936,596,172,None,Move,file system
1577286271.944,586,180,None,Move,file system
1577286271.952,570,193,None,Move,file system
1577286271.961,557,206,None,Move,file system
1577286271.971,541,222,None,Move,file system
1577286271.978,531,233,None,Move,file system
1577286271.9870002,520,245,None,Move,file system
1577286271.995,514,253,None,Move,file system
1577286272.002,510,258,None,Move,file system
1577286272.0110002,504,267,None,Move,file system
1577286272.02,493,278,None,Move,file system
1577286272.029,483,289,None,Move,file system
1577286272.0370002,474,304,None,Move,file system
1577286272.044,466,317,None,Move,file system
1577286272.051,462,323,None,Move,file system
1577286272.059,459,328,None,Move,file system
1577286272.0679998,456,335,None,Move,file system
1577286272.076,452,340,None,Move,file system
1577286272.084,449,343,None,Move,file system
1577286272.096,448,347,None,Move,file system
1577286272.106,447,348,None,Move,file system
1577286272.115,446,350,None,Move,file system
1577286272.125,443,352,None,Move,file system
1577286272.1320002,442,354,None,Move,file system
1577286272.141,440,359,None,Move,file system
1577286272.149,439,362,None,Move,file system
1577286272.16,436,367,None,Move,file system
1577286272.17,434,373,None,Move,file system
1577286272.179,431,378,None,Move,file system
1577286272.198,429,383,None,Move,file system
1577286272.208,427,387,None,Move,file system
1577286272.216,426,392,None,Move,file system
1577286272.224,425,395,None,Move,file system
1577286272.2329998,422,398,None,Move,file system
1577286272.2410002,421,402,None,Move,file system
1577286272.2489998,421,405,None,Move,file system
1577286272.2570002,421,408,None,Move,file system
1577286272.265,421,410,None,Move,file system
1577286272.2729998,421,417,None,Move,file system
1577286272.281,421,421,None,Move,file system
1577286272.291,421,430,None,Move,file system
1577286272.3,425,442,None,Move,file system
1577286272.3079998,431,451,None,Move,file system
1577286272.316,442,464,None,Move,file system
1577286272.326,457,475,None,Move,file system
1577286272.335,478,489,None,Move,file system
1577286272.344,493,497,None,Move,file system
1577286272.3520002,511,504,None,Move,file system
1577286272.359,523,508,None,Move,file system
1577286272.37,532,510,None,Move,file system
1577286272.383,534,512,None,Move,file system
1577286272.395,535,512,None,Move,file system
1577286272.406,538,512,None,Move,file system
1577286272.413,540,512,None,Move,file system
1577286272.4220002,542,512,None,Move,file system
1577286272.615,542,512,Left,Pressed,file system
1577286272.762,542,512,Left,Released,file system
1577286272.894,542,512,Left,Pressed,file system
1577286272.952,542,512,Left,Released,file system
1577286273.319,538,499,None,Move,file system
1577286273.333,531,484,None,Move,file system
1577286273.349,527,477,None,Move,file system
1577286273.3639998,519,467,None,Move,file system
1577286273.379,517,458,None,Move,file system
1577286273.393,513,451,None,Move,file system
1577286273.405,509,441,None,Move,file system
1577286273.413,508,436,None,Move,file system
1577286273.421,506,432,None,Move,file system
1577286273.428,505,425,None,Move,file system
1577286273.435,503,419,None,Move,file system
1577286273.4429998,499,404,None,Move,file system
1577286273.455,497,392,None,Move,file system
1577286273.471,495,386,None,Move,file system
1577286273.4870002,494,384,None,Move,file system
1577286273.5,492,382,None,Move,file system
1577286273.5129998,492,380,None,Move,file system
1577286273.525,492,379,None,Move,file system
1577286273.539,491,379,None,Move,file system
1577286273.606,491,378,None,Move,file system
1577286273.62,491,376,None,Move,file system
1577286273.633,491,375,None,Move,file system
1577286273.647,489,370,None,Move,file system
1577286273.661,489,369,None,Move,file system
1577286273.676,489,367,None,Move,file system
1577286273.69,489,364,None,Move,file system
1577286273.7029998,489,363,None,Move,file system
1577286273.714,489,362,None,Move,file system
1577286273.726,489,361,None,Move,file system
1577286273.7370002,489,359,None,Move,file system
1577286273.7489998,489,358,None,Move,file system
1577286273.762,489,357,None,Move,file system
1577286273.774,490,351,None,Move,file system
1577286273.786,492,344,None,Move,file system
1577286273.801,493,339,None,Move,file system
1577286273.815,493,334,None,Move,file system
1577286273.829,493,332,None,Move,file system
1577286273.84,493,331,None,Move,file system
1577286273.87,493,330,None,Move,file system
1577286273.95,493,329,None,Move,file system
1577286273.965,493,327,None,Move,file system
1577286273.981,493,325,None,Move,file system
1577286274.207,493,325,Left,Pressed,file system
1577286274.427,493,325,Left,Released,file system
1577286274.985,493,325,Right,Pressed,file system
1577286275.1239998,493,325,Right,Released,file system
1577286278.1179998,495,325,None,Move,file system
1577286278.133,496,325,None,Move,file system
1577286278.149,497,325,None,Move,file system
1577286278.159,498,324,None,Move,file system
1577286278.169,499,324,None,Move,file system
1577286278.18,500,324,None,Move,file system
1577286278.191,501,324,None,Move,file system
1577286278.228,502,324,None,Move,file system
1577286281.545,541,313,None,Move,file system
1577286281.5579998,628,281,None,Move,file system
1577286281.5670002,764,237,None,Move,file system
1577286281.577,899,202,None,Move,file system
1577286281.587,1061,175,None,Move,file system
1577286281.597,1227,157,None,Move,file system
1577286281.605,1336,153,None,Move,file system
1577286281.6139998,1445,148,None,Move,file system
1577286281.6220002,1554,144,None,Move,file system
1577286281.63,1633,144,None,Move,file system
1577286281.64,1708,144,None,Move,file system
1577286281.649,1748,144,None,Move,file system
1577286281.658,1779,144,None,Move,file system
1577286281.668,1809,144,None,Move,file system
1577286281.677,1829,142,None,Move,file system
1577286281.686,1843,142,None,Move,file system
1577286281.695,1849,142,None,Move,file system
1577286281.704,1858,141,None,Move,file system
1577286281.715,1863,138,None,Move,file system
1577286281.724,1869,136,None,Move,file system
1577286281.7329998,1874,135,None,Move,file system
1577286281.742,1880,133,None,Move,file system
1577286281.752,1886,132,None,Move,file system
1577286281.762,1891,130,None,Move,file system
1577286281.774,1895,127,None,Move,file system
1577286281.784,1898,124,None,Move,file system
1577286281.792,1905,120,None,Move,file system
1577286281.8,1908,117,None,Move,file system
1577286281.81,1911,113,None,Move,file system
1577286281.819,1914,110,None,Move,file system
1577286281.8279998,1919,107,None,Move,file system
1577286281.837,1920,104,None,Move,file system
1577286281.846,1920,102,None,Move,file system
1577286281.856,1920,101,None,Move,file system
1577286281.867,1920,99,None,Move,file system
1577286281.881,1919,98,None,Move,file system
1577286281.893,1919,97,None,Move,file system
1577286281.905,1916,95,None,Move,file system
1577286281.9120002,1900,87,None,Move,file system
1577286281.926,1877,78,None,Move,file system
1577286281.937,1861,70,None,Move,file system
1577286281.948,1851,64,None,Move,file system
1577286281.958,1838,56,None,Move,file system
1577286281.968,1823,47,None,Move,file system
1577286281.979,1813,41,None,Move,file system
1577286281.988,1803,37,None,Move,file system
1577286281.998,1799,32,None,Move,file system
1577286282.01,1796,30,None,Move,file system
1577286282.022,1793,29,None,Move,file system
1577286282.036,1791,29,None,Move,file system
1577286282.05,1789,29,None,Move,file system
1577286282.064,1788,29,None,Move,file system
1577286282.075,1787,29,None,Move,file system
1577286282.09,1786,29,None,Move,file system
1577286282.101,1783,29,None,Move,file system
1577286282.1139998,1779,29,None,Move,file system
1577286282.123,1774,29,None,Move,file system
1577286282.1339998,1770,29,None,Move,file system
1577286282.144,1765,29,None,Move,file system
1577286282.155,1761,29,None,Move,file system
1577286282.165,1760,29,None,Move,file system
1577286282.175,1758,29,None,Move,file system
1577286282.186,1757,29,None,Move,file system
1577286282.197,1756,29,None,Move,file system
1577286282.389,1756,29,Left,Pressed,file system
1577286282.492,1756,29,Left,Released,file system
1577286283.0570002,1756,29,Left,Pressed,office
1577286283.1379998,1756,29,Left,Released,office
1577286283.548,1744,38,None,Move,file system
1577286283.565,1722,59,None,Move,file system
1577286283.581,1647,114,None,Move,file system
1577286283.597,1560,184,None,Move,file system
1577286283.6139998,1497,229,None,Move,file system
1577286283.6279998,1440,268,None,Move,file system
1577286283.639,1384,300,None,Move,file system
1577286283.647,1335,322,None,Move,file system
1577286283.657,1312,339,None,Move,file system
1577286283.665,1294,350,None,Move,file system
1577286283.6720002,1278,361,None,Move,file system
1577286283.68,1266,367,None,Move,file system
1577286283.687,1254,371,None,Move,file system
1577286283.697,1250,372,None,Move,file system
1577286283.708,1243,374,None,Move,file system
1577286283.721,1242,375,None,Move,file system
1577286283.734,1241,375,None,Move,file system
1577286283.748,1240,375,None,Move,file system
1577286283.7589998,1237,375,None,Move,file system
1577286283.7729998,1236,375,None,Move,file system
1577286284.07,1218,384,None,Move,file system
1577286284.086,1172,402,None,Move,file system
1577286284.103,1143,423,None,Move,file system
1577286284.1179998,1112,448,None,Move,file system
1577286284.1320002,1088,465,None,Move,file system
1577286284.141,1070,476,None,Move,file system
1577286284.1479998,1052,492,None,Move,file system
1577286284.155,1036,510,None,Move,file system
1577286284.164,1017,529,None,Move,file system
1577286284.173,1001,545,None,Move,file system
1577286284.181,991,553,None,Move,file system
1577286284.189,978,563,None,Move,file system
1577286284.198,971,571,None,Move,file system
1577286284.207,963,581,None,Move,file system
1577286284.215,955,587,None,Move,file system
1577286284.226,952,593,None,Move,file system
1577286284.235,947,597,None,Move,file system
1577286284.245,944,600,None,Move,file system
1577286284.2589998,943,601,None,Move,file system
1577286284.274,942,603,None,Move,file system
1577286284.288,939,606,None,Move,file system
1577286284.302,936,609,None,Move,file system
1577286284.311,932,610,None,Move,file system
1577286284.32,929,612,None,Move,file system
1577286284.3279998,926,613,None,Move,file system
1577286284.337,923,614,None,Move,file system
1577286284.344,918,616,None,Move,file system
1577286284.3520002,914,618,None,Move,file system
1577286284.36,909,621,None,Move,file system
1577286284.3660002,902,626,None,Move,file system
1577286284.373,896,627,None,Move,file system
1577286284.38,878,632,None,Move,file system
1577286284.389,856,636,None,Move,file system
1577286284.396,830,641,None,Move,file system
1577286284.404,808,643,None,Move,file system
1577286284.4120002,788,648,None,Move,file system
1577286284.419,773,650,None,Move,file system
1577286284.426,756,652,None,Move,file system
1577286284.435,739,652,None,Move,file system
1577286284.445,730,652,None,Move,file system
1577286284.457,722,652,None,Move,file system
1577286284.466,716,651,None,Move,file system
1577286284.475,707,650,None,Move,file system
1577286284.486,701,650,None,Move,file system
1577286284.494,694,646,None,Move,file system
1577286284.5,689,645,None,Move,file system
1577286284.51,687,645,None,Move,file system
1577286284.518,686,645,None,Move,file system
1577286284.5270002,684,645,None,Move,file system
1577286284.535,682,645,None,Move,file system
1577286284.545,681,645,None,Move,file system
1577286284.554,680,645,None,Move,file system
1577286284.84,680,635,None,Move,file system
1577286284.847,680,631,None,Move,file system
1577286284.857,680,622,None,Move,file system
1577286284.8660002,680,620,None,Move,file system
1577286284.8739998,680,617,None,Move,file system
1577286284.885,680,614,None,Move,file system
1577286284.896,680,613,None,Move,file system
1577286284.95,679,613,None,Move,file system
1577286285.038,679,613,Left,Pressed,file system
1577286285.1260002,679,613,Left,Released,file system
