client_timestamp,x,y,button,state,window
1572940795.3979998,928,540,None,Move,file system
1572951736.2970002,785,659,None,Move,office
1572951736.312,696,723,None,Move,office
1572951736.3279998,411,857,None,Move,office
1572951736.344,231,887,None,Move,office
1572951736.359,86,874,None,Move,office
1572951736.371,33,858,None,Move,office
1572951736.387,-67,800,None,Move,office
1572951736.403,-73,708,None,Move,office
1572951736.418,-125,626,None,Move,office
1572951736.434,-58,533,None,Move,office
1572951736.45,-94,444,None,Move,office
1572951736.472,-17,373,None,Move,office
1572951736.4870002,-2,310,None,Move,office
1572951736.5029998,9,285,None,Move,office
1572951736.519,20,272,None,Move,office
1572951736.534,34,263,None,Move,office
1572951736.55,48,258,None,Move,office
1572951736.565,61,255,None,Move,office
1572951736.572,67,255,None,Move,office
1572951736.597,78,257,None,Move,office
1572951736.605,83,258,None,Move,office
1572951736.6079998,89,259,None,Move,office
1572951736.623,96,260,None,Move,office
1572951736.639,102,260,None,Move,office
1572951736.655,107,258,None,Move,office
1572951736.6720002,114,254,None,Move,office
1572951736.687,131,249,None,Move,office
1572951736.7029998,181,240,None,Move,office
1572951736.719,205,234,None,Move,office
1572951736.734,233,226,None,Move,office
1572951736.75,285,198,None,Move,office
1572951736.766,338,176,None,Move,office
1572951736.988,344,176,None,Move,office
1572951737.004,366,176,None,Move,office
1572951737.02,399,176,None,Move,office
1572951737.035,514,158,None,Move,office
1572951737.051,629,139,None,Move,office
1572951737.066,697,124,None,Move,office
1572951737.073,728,118,None,Move,office
1572951737.104,752,115,None,Move,office
1572951737.12,798,115,None,Move,office
1572951737.1360002,865,132,None,Move,office
1572951737.151,907,147,None,Move,office
1572951737.167,1070,215,None,Move,office
1572951737.173,1134,253,None,Move,office
1572951737.189,1202,295,None,Move,office
1572951737.205,1424,467,None,Move,office
1572951737.22,1491,525,None,Move,office
1572951737.236,1624,639,None,Move,office
1572951737.2510002,1733,737,None,Move,office
1572951737.2670002,1822,816,None,Move,office
1572951737.274,1869,860,None,Move,office
1572951737.289,1935,921,None,Move,office
1572951737.305,1951,971,None,Move,office
1572951737.32,1930,979,None,Move,office
1572951737.336,1924,988,None,Move,office
1572951737.3520002,1921,989,None,Move,office
1572951737.421,1920,989,None,Move,office
1572951737.436,1920,988,None,Move,office
1572951737.452,1919,986,None,Move,office
1572951737.468,1919,982,None,Move,office
1572951737.474,1920,980,None,Move,office
1572951737.668,1918,980,None,Move,office
1572951737.675,1915,980,None,Move,office
1572951737.69,1903,981,None,Move,office
1572951737.706,1892,986,None,Move,office
1572951737.722,1870,1000,None,Move,office
1572951737.7370002,1840,1020,None,Move,office
1572951737.7529998,1777,1057,None,Move,office
1572951737.769,1750,1069,None,Move,office
1572951737.775,1728,1079,None,Move,office
1572951737.796,1683,1086,None,Move,office
1572951737.8079998,1658,1090,None,Move,office
1572951737.821,1615,1095,None,Move,office
1572951737.844,1561,1087,None,Move,office
1572951737.854,1541,1081,None,Move,office
1572951737.863,1523,1081,None,Move,office
1572951737.8720002,1505,1079,None,Move,office
1572951737.879,1489,1079,None,Move,office
1572951737.885,1466,1076,None,Move,office
1572951737.893,1452,1075,None,Move,office
1572951737.899,1427,1071,None,Move,office
1572951737.906,1407,1068,None,Move,office
1572951737.915,1387,1066,None,Move,office
1572951737.9220002,1367,1064,None,Move,office
1572951737.929,1351,1063,None,Move,office
1572951737.938,1338,1063,None,Move,office
1572951737.946,1326,1063,None,Move,office
1572951737.954,1312,1063,None,Move,office
1572951737.962,1304,1063,None,Move,office
1572951737.97,1294,1063,None,Move,office
1572951737.978,1284,1063,None,Move,office
1572951737.986,1274,1063,None,Move,office
1572951737.994,1262,1063,None,Move,office
1572951738.002,1249,1063,None,Move,office
1572951738.01,1237,1063,None,Move,office
1572951738.018,1225,1063,None,Move,office
1572951738.026,1215,1063,None,Move,office
1572951738.034,1199,1063,None,Move,office
1572951738.042,1179,1063,None,Move,office
1572951738.0570002,1121,1073,None,Move,office
1572951738.073,1076,1078,None,Move,office
1572951738.075,1049,1078,None,Move,office
1572951738.091,971,1078,None,Move,office
1572951738.107,899,1072,None,Move,office
1572951738.1220002,839,1068,None,Move,office
1572951738.1379998,805,1066,None,Move,office
1572951738.153,733,1060,None,Move,office
1572951738.169,681,1050,None,Move,office
1572951738.176,649,1042,None,Move,office
1572951738.191,612,1034,None,Move,office
1572951738.207,584,1029,None,Move,office
1572951738.222,575,1028,None,Move,office
1572951738.238,570,1028,None,Move,office
1572951738.254,568,1028,None,Move,office
1572951738.269,567,1028,None,Move,office
1572951738.276,565,1029,None,Move,office
1572951738.292,563,1029,None,Move,office
1572951738.3379998,563,1029,None,Move,office
1572951738.354,563,1029,None,Move,office
1572951738.37,579,1029,None,Move,office
1572951738.3760002,589,1029,None,Move,office
1572951738.3920002,602,1027,None,Move,office
1572951738.407,605,1027,None,Move,office
1572951738.423,611,1027,None,Move,office
1572951738.439,614,1027,None,Move,office
1572951738.454,616,1027,None,Move,office
1572951738.47,618,1027,None,Move,office
1572951738.476,622,1028,None,Move,office
1572951738.492,630,1031,None,Move,office
1572951738.508,643,1040,None,Move,office
1572951738.5229998,650,1045,None,Move,office
1572951738.539,654,1048,None,Move,office
1572951738.555,657,1050,None,Move,office
1572951738.577,658,1052,None,Move,office
1572951738.639,658,1053,None,Move,office
1572951738.6920002,658,1055,None,Move,office
1572951738.708,658,1055,None,Move,office
1572951738.724,654,1058,None,Move,office
1572951738.7389998,653,1059,None,Move,office
1572951738.755,652,1059,None,Move,office
1572951738.7770002,650,1059,None,Move,office
1572951738.793,648,1060,None,Move,office
1572951738.8079998,644,1060,None,Move,office
1572951738.826,638,1060,None,Move,office
1572951738.835,635,1061,None,Move,office
1572951738.836,633,1062,None,Move,office
1572951738.8520002,630,1062,None,Move,office
1572951738.877,628,1062,None,Move,office
1572951738.893,627,1062,None,Move,office
1572951738.908,626,1062,None,Move,office
1572951738.924,626,1062,None,Move,office
1572951738.939,623,1062,None,Move,office
1572951738.955,620,1062,None,Move,office
1572951738.9770002,618,1062,None,Move,office
1572951739.04,618,1062,Left,Pressed,office
1572951739.14,618,1062,Left,Released,office
1572951739.6260002,617,1059,None,Move,file system
1572951739.641,616,1051,None,Move,file system
1572951739.657,615,1027,None,Move,file system
1572951739.673,615,1001,None,Move,file system
1572951739.679,615,985,None,Move,file system
1572951739.695,620,954,None,Move,file system
1572951739.71,628,921,None,Move,file system
1572951739.726,639,898,None,Move,file system
1572951739.742,648,887,None,Move,file system
1572951739.7570002,652,885,None,Move,file system
1572951739.7729998,658,883,None,Move,file system
1572951739.779,660,883,None,Move,file system
1572951739.795,666,883,None,Move,file system
1572951739.811,672,885,None,Move,file system
1572951739.826,686,891,None,Move,file system
1572951739.842,704,901,None,Move,file system
1572951739.857,727,917,None,Move,file system
1572951739.873,728,918,None,Move,file system
1572951739.88,730,920,None,Move,file system
1572951739.958,730,920,Left,Pressed,file system
1572951740.042,730,920,Left,Released,file system
1572951742.4020002,726,894,None,Move,office
1572951742.418,721,851,None,Move,office
1572951742.4329998,699,697,None,Move,office
1572951742.449,696,541,None,Move,office
1572951742.464,707,449,None,Move,office
1572951742.48,725,365,None,Move,office
1572951742.4870002,736,324,None,Move,office
1572951742.502,772,244,None,Move,office
1572951742.518,802,200,None,Move,office
1572951742.534,832,161,None,Move,office
1572951742.549,844,138,None,Move,office
1572951742.565,847,133,None,Move,office
1572951742.587,850,127,None,Move,office
1572951742.6179998,850,125,None,Move,office
1572951742.6339998,850,124,None,Move,office
1572951742.649,850,123,None,Move,office
1572951742.665,850,120,None,Move,office
1572951742.681,850,112,None,Move,office
1572951742.687,852,95,None,Move,office
1572951742.7029998,854,82,None,Move,office
1572951742.718,867,8,None,Move,office
1572951742.734,878,-26,None,Move,office
1572951742.75,905,-5,None,Move,office
1572951742.765,905,-1,None,Move,office
1572951742.781,905,0,None,Move,office
1572951742.7870002,902,0,None,Move,office
1572951742.8070002,900,0,None,Move,office
1572951742.815,899,0,None,Move,office
1572951742.822,894,4,None,Move,office
1572951742.827,884,15,None,Move,office
1572951742.842,850,42,None,Move,office
1572951742.8579998,819,64,None,Move,office
1572951742.873,794,88,None,Move,office
1572951742.887,767,114,None,Move,office
1572951742.903,742,135,None,Move,office
1572951742.919,715,151,None,Move,office
1572951742.934,709,154,None,Move,office
1572951742.95,707,154,None,Move,office
1572951742.966,705,154,None,Move,office
1572951742.988,701,154,None,Move,office
1572951743.019,693,137,None,Move,office
1572951743.035,689,127,None,Move,office
1572951743.05,681,116,None,Move,office
1572951743.066,674,106,None,Move,office
1572951743.086,670,94,None,Move,office
1572951743.0879998,670,91,None,Move,office
1572951743.104,670,86,None,Move,office
1572951743.119,671,73,None,Move,office
1572951743.135,678,59,None,Move,office
1572951743.151,712,27,None,Move,office
1572951743.166,746,0,None,Move,office
1572951743.1820002,760,-3,None,Move,office
1572951743.188,763,-1,None,Move,office
1572951743.204,766,-1,None,Move,office
1572951743.405,767,0,None,Move,office
1572951743.42,765,1,None,Move,office
1572951743.436,760,4,None,Move,office
1572951743.452,756,10,None,Move,office
1572951743.467,753,12,None,Move,office
1572951743.4829998,751,14,None,Move,office
1572951743.4889998,750,16,None,Move,office
1572951743.521,747,17,None,Move,office
1572951743.536,746,17,None,Move,office
1572951743.552,746,18,None,Move,office
1572951743.5670002,745,20,None,Move,office
1572951743.583,744,22,None,Move,office
1572951743.59,742,23,None,Move,office
1572951743.605,737,29,None,Move,office
1572951743.621,731,31,None,Move,office
1572951743.637,728,35,None,Move,office
1572951743.6520002,725,37,None,Move,office
1572951743.668,722,37,None,Move,office
1572951743.69,720,39,None,Move,office
1572951744.006,720,39,Left,Pressed,office
1572951744.2229998,720,39,Left,Released,office
1572951744.709,718,56,None,Move,office
1572951744.724,718,103,None,Move,office
1572951744.74,718,145,None,Move,office
1572951744.756,718,184,None,Move,office
1572951744.771,718,235,None,Move,office
1572951744.7870002,721,258,None,Move,office
1572951744.793,723,273,None,Move,office
1572951744.809,728,313,None,Move,office
1572951744.825,734,347,None,Move,office
1572951744.84,742,369,None,Move,office
1572951744.856,750,398,None,Move,office
1572951744.871,762,424,None,Move,office
1572951744.894,766,435,None,Move,office
1572951744.909,770,444,None,Move,office
1572951744.925,773,446,None,Move,office
1572951744.94,777,451,None,Move,office
1572951744.956,782,459,None,Move,office
1572951744.972,788,468,None,Move,office
1572951744.9870002,797,484,None,Move,office
1572951744.994,798,491,None,Move,office
1572951745.01,801,502,None,Move,office
1572951745.025,805,513,None,Move,office
1572951745.032,808,518,None,Move,office
1572951745.034,809,524,None,Move,office
1572951745.049,811,532,None,Move,office
1572951745.065,811,535,None,Move,office
1572951745.081,811,539,None,Move,office
1572951745.094,811,542,None,Move,office
1572951745.141,811,541,None,Move,office
1572951745.157,811,540,None,Move,office
1572951745.165,811,535,None,Move,office
1572951745.1720002,809,528,None,Move,office
1572951745.179,806,523,None,Move,office
1572951745.186,804,517,None,Move,office
1572951745.191,803,512,None,Move,office
1572951745.194,801,506,None,Move,office
1572951745.21,798,492,None,Move,office
1572951745.226,795,483,None,Move,office
1572951745.2410002,790,474,None,Move,office
1572951745.2570002,787,463,None,Move,office
1572951745.272,783,447,None,Move,office
1572951745.288,780,434,None,Move,office
1572951745.295,778,427,None,Move,office
1572951745.31,777,418,None,Move,office
1572951745.326,774,414,None,Move,office
1572951745.411,774,412,None,Move,office
1572951745.4220002,774,413,None,Move,office
1572951745.429,774,414,None,Move,office
1572951745.437,774,415,None,Move,office
1572951745.444,774,418,None,Move,office
1572951745.451,774,424,None,Move,office
1572951745.4529998,774,427,None,Move,office
1572951745.468,774,432,None,Move,office
1572951745.484,774,436,None,Move,office
1572951745.495,774,437,None,Move,office
1572951745.5110002,774,441,None,Move,office
1572951745.542,774,443,None,Move,office
1572951745.5579998,774,447,None,Move,office
1572951745.574,774,448,None,Move,office
1572951745.589,774,451,None,Move,office
1572951745.596,774,452,None,Move,office
1572951745.611,774,454,None,Move,office
1572951745.627,774,457,None,Move,office
1572951745.696,776,459,None,Move,office
1572951745.758,776,460,None,Move,office
1572951745.774,778,462,None,Move,office
1572951745.827,779,462,None,Move,office
1572951745.8839998,780,462,None,Move,office
1572951745.939,780,463,None,Move,office
1572951745.9729998,782,463,None,Move,office
1572951746.7610002,782,463,Left,Pressed,office
1572951747.071,782,458,None,Drag,office
1572951747.087,782,454,None,Drag,office
1572951747.1020002,782,439,None,Drag,office
1572951747.109,782,435,None,Drag,office
1572951747.1239998,782,426,None,Drag,office
1572951747.14,782,423,None,Drag,office
1572951747.156,782,415,None,Drag,office
1572951747.171,782,413,None,Drag,office
1572951747.691,781,417,None,Drag,office
1572951747.698,780,422,None,Drag,office
1572951747.705,778,428,None,Drag,office
1572951747.7129998,774,440,None,Drag,office
1572951747.717,772,458,None,Drag,office
1572951747.735,768,478,None,Drag,office
1572951747.742,764,488,None,Drag,office
1572951747.7489998,763,497,None,Drag,office
1572951747.7510002,761,504,None,Drag,office
1572951747.7670002,759,519,None,Drag,office
1572951747.783,758,532,None,Drag,office
1572951747.798,756,543,None,Drag,office
1572951747.815,755,548,None,Drag,office
1572951747.831,755,551,None,Drag,office
1572951747.847,755,556,None,Drag,office
1572951747.8620002,755,558,None,Drag,office
1572951747.978,755,560,None,Drag,office
1572951748.016,755,562,None,Drag,office
1572951748.063,755,563,None,Drag,office
1572951748.1160002,755,564,None,Drag,office
1572951748.1320002,755,572,None,Drag,office
1572951748.147,755,577,None,Drag,office
1572951748.163,755,581,None,Drag,office
1572951748.179,755,585,None,Drag,office
1572951748.194,755,587,None,Drag,office
1572951748.21,755,590,None,Drag,office
1572951748.217,755,591,None,Drag,office
1572951748.2629998,755,592,None,Drag,office
1572951748.48,755,592,Left,Released,office
1572951748.734,755,592,Left,Pressed,office
1572951748.95,755,592,Left,Released,office
1572951749.097,755,592,None,Move,office
1572951749.113,757,592,None,Move,office
1572951749.119,757,593,None,Move,office
1572951749.166,758,593,None,Move,office
1572951749.266,760,593,None,Move,office
1572951749.282,762,593,None,Move,office
1572951749.2970002,767,593,None,Move,office
1572951749.32,775,593,None,Move,office
1572951749.335,785,593,None,Move,office
1572951749.351,787,593,None,Move,office
1572951749.3660002,790,593,None,Move,office
1572951750.062,792,593,Left,Pressed,office
1572951750.369,792,586,None,Drag,office
1572951750.385,792,572,None,Drag,office
1572951750.4,792,546,None,Drag,office
1572951750.416,790,525,None,Drag,office
1572951750.4220002,790,515,None,Drag,office
1572951750.438,786,499,None,Drag,office
1572951750.454,786,490,None,Drag,office
1572951750.469,786,481,None,Drag,office
1572951750.485,786,476,None,Drag,office
1572951750.5010002,786,469,None,Drag,office
1572951750.516,786,466,None,Drag,office
1572951750.5229998,786,465,None,Drag,office
1572951750.538,786,453,None,Drag,office
1572951750.554,786,446,None,Drag,office
1572951750.57,786,442,None,Drag,office
1572951750.601,786,441,None,Drag,office
1572951750.623,786,440,None,Drag,office
1572951750.654,786,439,None,Drag,office
1572951750.67,786,438,None,Drag,office
1572951750.686,789,421,None,Drag,office
1572951750.701,789,413,None,Drag,office
1572951750.755,789,412,Left,Released,office
1572951751.879,768,416,None,Move,office
1572951751.894,745,423,None,Move,office
1572951751.91,649,447,None,Move,office
1572951751.926,563,470,None,Move,office
1572951751.9320002,512,483,None,Move,office
1572951751.948,429,509,None,Move,office
1572951751.9629998,357,537,None,Move,office
1572951751.979,333,547,None,Move,office
1572951751.995,321,551,None,Move,office
1572951752.01,317,553,None,Move,office
1572951752.026,314,554,None,Move,office
1572951752.032,312,554,None,Move,office
1572951752.265,301,556,None,Move,office
1572951752.281,261,565,None,Move,office
1572951752.296,234,575,None,Move,office
1572951752.312,215,581,None,Move,office
1572951752.3279998,202,584,None,Move,office
1572951752.334,198,586,None,Move,office
1572951752.35,188,589,None,Move,office
1572951752.3660002,184,593,None,Move,office
1572951752.381,182,594,None,Move,office
1572951752.397,177,595,None,Move,office
1572951752.701,176,595,Left,Pressed,office
1572951752.919,176,595,Left,Released,office
1572951756.536,180,595,None,Move,office
1572951756.551,193,593,None,Move,office
1572951756.5570002,198,593,None,Move,office
1572951756.573,211,592,None,Move,office
1572951756.589,224,590,None,Move,office
1572951756.604,227,590,None,Move,office
1572951757.1360002,251,586,None,Move,office
1572951757.1520002,377,570,None,Move,office
1572951757.158,420,564,None,Move,office
1572951757.174,556,547,None,Move,office
1572951757.19,622,542,None,Move,office
1572951757.205,747,533,None,Move,office
1572951757.221,825,524,None,Move,office
1572951757.2370002,859,522,None,Move,office
1572951757.252,882,522,None,Move,office
1572951757.2589998,893,522,None,Move,office
1572951757.274,904,522,None,Move,office
1572951757.29,919,520,None,Move,office
1572951759.1120002,956,511,None,Move,office
1572951759.1279998,1028,495,None,Move,office
1572951759.143,1091,484,None,Move,office
1572951759.159,1125,480,None,Move,office
1572951759.165,1142,477,None,Move,office
1572951759.181,1158,472,None,Move,office
1572951759.197,1168,471,None,Move,office
1572951759.212,1178,471,None,Move,office
1572951759.228,1184,471,None,Move,office
1572951759.244,1191,471,None,Move,office
1572951759.2589998,1196,471,None,Move,office
1572951759.266,1197,471,None,Move,office
1572951759.281,1201,471,None,Move,office
1572951761.305,1231,472,None,Move,office
1572951761.32,1284,475,None,Move,office
1572951761.336,1348,482,None,Move,office
1572951761.3520002,1448,500,None,Move,office
1572951761.367,1509,510,None,Move,office
1572951761.3739998,1546,516,None,Move,office
1572951761.389,1606,527,None,Move,office
1572951761.405,1640,531,None,Move,office
1572951761.421,1666,531,None,Move,office
1572951761.436,1677,531,None,Move,office
1572951761.452,1686,531,None,Move,office
1572951761.468,1688,531,None,Move,office
1572951761.954,1698,529,None,Move,office
1572951761.976,1712,527,None,Move,office
1572951761.9910002,1759,512,None,Move,office
1572951762.0070002,1788,508,None,Move,office
1572951762.022,1804,504,None,Move,office
1572951762.038,1813,501,None,Move,office
1572951762.054,1819,498,None,Move,office
1572951762.069,1821,496,None,Move,office
1572951762.076,1824,496,None,Move,office
1572951762.092,1826,496,None,Move,office
1572951762.107,1829,496,None,Move,office
1572951762.123,1831,496,None,Move,office
1572951762.1379998,1832,494,None,Move,office
1572951762.154,1838,492,None,Move,office
1572951762.17,1843,489,None,Move,office
1572951762.176,1848,487,None,Move,office
1572951762.1920002,1859,487,None,Move,office
1572951762.208,1866,487,None,Move,office
1572951762.2229998,1871,487,None,Move,office
1572951762.2389998,1874,487,None,Move,office
1572951762.254,1879,487,None,Move,office
1572951762.276,1884,486,None,Move,office
1572951762.292,1892,486,None,Move,office
1572951762.3079998,1894,486,None,Move,office
1572951762.323,1898,485,None,Move,office
1572951762.339,1900,485,None,Move,office
1572951762.355,1904,485,None,Move,office
1572951762.37,1907,485,None,Move,office
1572951762.3920002,1908,485,None,Move,office
1572951765.367,1908,485,None,Move,office
1572951765.389,1905,487,None,Move,office
1572951765.404,1904,490,None,Move,office
1572951765.42,1903,493,None,Move,office
1572951765.436,1902,497,None,Move,office
1572951765.451,1902,500,None,Move,office
1572951765.467,1900,501,None,Move,office
1572951765.4889998,1900,503,None,Move,office
1572951765.505,1899,506,None,Move,office
1572951765.52,1897,507,None,Move,office
1572951765.536,1894,511,None,Move,office
1572951765.552,1892,514,None,Move,office
1572951765.5670002,1889,516,None,Move,office
1572951765.583,1887,519,None,Move,office
1572951765.589,1887,520,None,Move,office
1572951765.605,1887,524,None,Move,office
1572951765.621,1887,526,None,Move,office
1572951765.6360002,1884,529,None,Move,office
1572951765.668,1884,531,None,Move,office
1572951765.6829998,1884,532,None,Move,office
1572951765.69,1883,535,None,Move,office
1572951765.712,1882,539,None,Move,office
1572951765.719,1882,540,None,Move,office
1572951765.7270002,1882,541,None,Move,office
1572951765.734,1881,542,None,Move,office
1572951765.7570002,1881,543,None,Move,office
1572951765.7729998,1879,544,None,Move,office
1572951765.79,1879,547,None,Move,office
1572951765.805,1879,548,None,Move,office
1572951765.821,1878,551,None,Move,office
1572951765.837,1877,552,None,Move,office
1572951765.8520002,1876,554,None,Move,office
1572951765.8679998,1875,559,None,Move,office
1572951765.883,1872,560,None,Move,office
1572951765.89,1871,560,None,Move,office
1572951765.906,1870,563,None,Move,office
1572951765.921,1868,565,None,Move,office
1572951765.937,1867,567,None,Move,office
1572951765.952,1865,571,None,Move,office
1572951765.968,1863,574,None,Move,office
1572951765.984,1862,576,None,Move,office
1572951765.99,1862,577,None,Move,office
1572951766.006,1862,580,None,Move,office
1572951766.021,1862,585,None,Move,office
1572951766.09,1860,586,None,Move,office
1572951766.153,1860,587,None,Move,office
1572951771.31,1860,587,None,Move,office
1572951771.325,1860,584,None,Move,office
1572951771.341,1860,581,None,Move,office
1572951771.3720002,1860,579,None,Move,office
1572951771.3879998,1860,577,None,Move,office
1572951771.41,1860,575,None,Move,office
1572951771.425,1860,572,None,Move,office
1572951771.472,1860,569,None,Move,office
1572951771.488,1860,566,None,Move,office
1572951771.504,1860,563,None,Move,office
1572951771.51,1860,561,None,Move,office
1572951771.526,1860,559,None,Move,office
1572951771.541,1860,555,None,Move,office
1572951771.843,1860,554,None,Move,office
1572951771.905,1860,553,None,Move,office
1572951771.9120002,1860,552,None,Move,office
1572951771.927,1860,551,None,Move,office
1572951771.9429998,1860,548,None,Move,office
1572951771.958,1860,542,None,Move,office
1572951771.974,1860,536,None,Move,office
1572951771.99,1860,527,None,Move,office
1572951772.005,1863,520,None,Move,office
1572951772.012,1863,514,None,Move,office
1572951772.028,1865,508,None,Move,office
1572951772.043,1865,501,None,Move,office
1572951772.059,1866,495,None,Move,office
1572951772.074,1866,491,None,Move,office
1572951772.09,1866,488,None,Move,office
1572951772.1120002,1866,481,None,Move,office
1572951772.1279998,1866,476,None,Move,office
1572951772.144,1866,473,None,Move,office
1572951772.159,1866,469,None,Move,office
1572951772.175,1869,462,None,Move,office
1572951772.19,1872,452,None,Move,office
1572951772.207,1872,439,None,Move,office
1572951772.212,1872,435,None,Move,office
1572951772.228,1872,422,None,Move,office
1572951772.244,1872,413,None,Move,office
1572951772.2589998,1872,406,None,Move,office
1572951772.275,1872,400,None,Move,office
1572951772.291,1872,397,None,Move,office
1572951772.309,1872,395,None,Move,office
1572951772.344,1872,394,None,Move,office
1572951772.359,1872,391,None,Move,office
1572951772.8620002,1843,389,None,Move,office
1572951772.8779998,1715,381,None,Move,office
1572951772.893,1548,374,None,Move,office
1572951772.909,1336,366,None,Move,office
1572951772.915,1245,366,None,Move,office
1572951772.931,1040,366,None,Move,office
1572951772.947,844,377,None,Move,office
1572951772.962,681,391,None,Move,office
1572951772.978,538,413,None,Move,office
1572951772.994,484,424,None,Move,office
1572951773.0089998,475,426,None,Move,office
1572951773.016,470,426,None,Move,office
1572951773.28,446,430,None,Move,office
1572951773.295,420,437,None,Move,office
1572951773.311,377,455,None,Move,office
1572951773.3170002,343,466,None,Move,office
1572951773.333,284,489,None,Move,office
1572951773.3479998,238,505,None,Move,office
1572951773.3639998,187,519,None,Move,office
1572951773.38,149,528,None,Move,office
1572951773.395,128,531,None,Move,office
1572951773.411,90,537,None,Move,office
1572951773.417,79,539,None,Move,office
1572951773.4329998,68,541,None,Move,office
1572951773.449,61,541,None,Move,office
1572951773.464,56,544,None,Move,office
1572951773.48,54,544,None,Move,office
1572951773.496,50,544,None,Move,office
1572951773.6120002,49,544,None,Move,office
1572951773.6179998,52,544,None,Move,office
1572951773.6339998,54,544,None,Move,office
1572951773.649,57,542,None,Move,office
1572951773.665,62,541,None,Move,office
1572951773.681,68,541,None,Move,office
1572951773.696,70,541,None,Move,office
1572951773.718,77,541,None,Move,office
1572951773.734,82,541,None,Move,office
1572951773.75,84,541,None,Move,office
1572951773.765,87,541,None,Move,office
1572951773.95,87,541,Left,Pressed,office
1572951774.166,87,541,Left,Released,office
1572951775.238,112,541,None,Move,office
1572951775.2529998,157,539,None,Move,office
1572951775.269,207,539,None,Move,office
1572951775.284,241,539,None,Move,office
1572951775.3,259,539,None,Move,office
1572951775.316,268,539,None,Move,office
1572951775.322,270,537,None,Move,office
1572951775.3379998,281,534,None,Move,office
1572951775.353,293,531,None,Move,office
1572951775.369,300,531,None,Move,office
1572951775.385,310,531,None,Move,office
1572951775.4,313,531,None,Move,office
1572951775.416,321,530,None,Move,office
1572951775.4220002,325,528,None,Move,office
1572951775.438,338,526,None,Move,office
1572951775.454,359,521,None,Move,office
1572951775.469,407,514,None,Move,office
1572951775.485,450,510,None,Move,office
1572951775.5010002,527,491,None,Move,office
1572951775.5229998,619,479,None,Move,office
1572951775.538,717,458,None,Move,office
1572951775.554,783,446,None,Move,office
1572951775.57,831,434,None,Move,office
1572951775.585,866,423,None,Move,office
1572951775.601,901,415,None,Move,office
1572951775.617,922,409,None,Move,office
1572951775.623,927,407,None,Move,office
1572951775.639,938,402,None,Move,office
1572951775.654,944,399,None,Move,office
1572951775.67,951,398,None,Move,office
1572951775.686,967,393,None,Move,office
1572951775.701,988,390,None,Move,office
1572951775.7229998,996,390,None,Move,office
1572951775.7389998,1013,390,None,Move,office
1572951775.755,1017,390,None,Move,office
1572951775.802,1019,391,None,Move,office
1572951775.8170002,1019,392,None,Move,office
1572951775.824,1018,394,None,Move,office
1572951775.839,1003,400,None,Move,office
1572951775.855,972,414,None,Move,office
1572951775.871,942,427,None,Move,office
1572951775.8860002,902,436,None,Move,office
1572951775.9020002,862,444,None,Move,office
1572951775.918,843,450,None,Move,office
1572951775.924,838,452,None,Move,office
1572951775.94,827,455,None,Move,office
1572951775.955,822,458,None,Move,office
1572951775.971,811,461,None,Move,office
1572951775.9870002,804,464,None,Move,office
1572951776.002,800,466,None,Move,office
1572951776.018,794,469,None,Move,office
1572951776.024,790,470,None,Move,office
1572951776.04,784,473,None,Move,office
1572951776.056,778,478,None,Move,office
1572951776.071,774,480,None,Move,office
1572951776.087,772,482,None,Move,office
1572951776.103,769,482,None,Move,office
1572951776.1179998,767,482,None,Move,office
1572951776.125,766,482,None,Move,office
1572951776.404,766,481,None,Move,office
1572951776.426,772,479,None,Move,office
1572951776.441,776,477,None,Move,office
1572951776.457,780,477,None,Move,office
1572951776.526,782,477,None,Move,office
1572951776.542,782,476,None,Move,office
1572951776.5579998,786,473,None,Move,office
1572951776.573,789,471,None,Move,office
1572951776.589,794,467,None,Move,office
1572951776.605,798,465,None,Move,office
1572951776.62,800,461,None,Move,office
1572951777.215,800,461,None,Move,office
1572951777.23,797,461,None,Move,office
1572951777.2370002,796,461,None,Move,office
1572951777.252,794,462,None,Move,office
1572951777.268,791,462,None,Move,office
1572951777.284,788,462,None,Move,office
1572951777.299,785,463,None,Move,office
1572951777.315,784,463,None,Move,office
1572951777.331,782,466,None,Move,office
1572951777.337,781,467,None,Move,office
1572951777.353,778,469,None,Move,office
1572951777.3679998,774,472,None,Move,office
1572951777.3839998,772,472,None,Move,office
1572951777.4,769,472,None,Move,office
1572951777.431,768,473,None,Move,office
1572951778.1320002,770,473,None,Move,office
1572951778.139,772,473,None,Move,office
1572951778.154,775,473,None,Move,office
1572951779.117,776,473,Left,Pressed,office
1572951779.5010002,776,472,None,Drag,office
1572951779.516,776,469,None,Drag,office
1572951779.532,776,464,None,Drag,office
1572951779.548,776,457,None,Drag,office
1572951779.554,776,454,None,Drag,office
1572951779.57,776,450,None,Drag,office
1572951779.586,776,445,None,Drag,office
1572951779.601,776,442,None,Drag,office
1572951779.617,776,440,None,Drag,office
1572951779.6320002,774,438,None,Drag,office
1572951779.6479998,774,432,None,Drag,office
1572951779.654,774,431,None,Drag,office
1572951779.67,774,429,None,Drag,office
1572951779.702,774,428,None,Drag,office
1572951779.77,773,428,None,Drag,office
1572951779.8170002,773,428,Left,Released,office
1572951780.255,768,428,None,Move,office
1572951780.271,755,431,None,Move,office
1572951780.286,743,433,None,Move,office
1572951780.302,739,433,None,Move,office
1572951780.3179998,737,433,None,Move,office
1572951780.333,734,433,None,Move,office
1572951780.349,730,433,None,Move,office
1572951780.355,729,433,None,Move,office
1572951780.387,728,433,None,Move,office
1572951780.4020002,726,434,None,Move,office
1572951780.418,723,434,None,Move,office
1572951780.434,722,434,None,Move,office
1572951780.449,721,434,None,Move,office
1572951780.456,718,434,None,Move,office
1572951780.471,715,435,None,Move,office
1572951780.4870002,699,439,None,Move,office
1572951780.502,669,449,None,Move,office
1572951780.518,648,457,None,Move,office
1572951780.534,626,467,None,Move,office
1572951780.549,591,476,None,Move,office
1572951780.556,574,480,None,Move,office
1572951780.572,555,486,None,Move,office
1572951780.587,537,490,None,Move,office
1572951780.603,526,495,None,Move,office
1572951780.619,512,502,None,Move,office
1572951780.6339998,499,505,None,Move,office
1572951780.65,488,509,None,Move,office
1572951780.656,485,510,None,Move,office
1572951780.6720002,479,513,None,Move,office
1572951780.688,472,516,None,Move,office
1572951780.7029998,466,520,None,Move,office
1572951780.719,458,523,None,Move,office
1572951780.734,454,529,None,Move,office
1572951780.7570002,452,535,None,Move,office
1572951780.772,447,541,None,Move,office
1572951780.788,441,550,None,Move,office
1572951780.804,439,554,None,Move,office
1572951780.819,436,556,None,Move,office
1572951780.835,434,560,None,Move,office
1572951780.85,433,563,None,Move,office
1572951780.857,433,564,None,Move,office
1572951780.904,433,565,None,Move,office
1572951780.919,433,567,None,Move,office
1572951780.935,433,570,None,Move,office
1572951780.951,433,573,None,Move,office
1572951780.957,433,575,None,Move,office
1572951780.9729998,433,577,None,Move,office
1572951780.988,433,579,None,Move,office
1572951781.004,433,582,None,Move,office
1572951781.02,433,586,None,Move,office
1572951781.035,433,589,None,Move,office
1572951781.051,433,592,None,Move,office
1572951781.0570002,434,593,None,Move,office
1572951781.073,435,598,None,Move,office
1572951781.092,438,604,None,Move,office
1572951781.107,443,611,None,Move,office
1572951781.123,451,619,None,Move,office
1572951781.139,455,629,None,Move,office
1572951781.158,457,632,None,Move,office
1572951781.173,459,634,None,Move,office
1572951781.336,459,634,Left,Pressed,office
1572951781.553,459,634,Left,Released,office
1572951781.859,463,631,None,Move,office
1572951781.875,468,626,None,Move,office
1572951781.891,483,611,None,Move,office
1572951781.906,495,598,None,Move,office
1572951781.9220002,505,589,None,Move,office
1572951781.938,517,574,None,Move,office
1572951781.96,523,566,None,Move,office
1572951781.975,528,561,None,Move,office
1572951781.9910002,529,558,None,Move,office
1572951782.0070002,529,557,None,Move,office
1572951782.022,531,557,None,Move,office
1572951782.038,531,556,None,Move,office
1572951782.054,532,556,None,Move,office
1572951782.076,533,553,None,Move,office
1572951782.091,537,550,None,Move,office
1572951782.107,542,545,None,Move,office
1572951782.123,545,541,None,Move,office
1572951782.1379998,547,538,None,Move,office
1572951782.154,550,535,None,Move,office
1572951782.16,552,535,None,Move,office
1572951782.176,552,534,None,Move,office
1572951782.1920002,553,534,None,Move,office
1572951782.2229998,553,533,None,Move,office
1572951782.276,555,532,None,Move,office
1572951782.292,557,526,None,Move,office
1572951782.3070002,560,524,None,Move,office
1572951782.323,561,521,None,Move,office
1572951783.471,570,522,None,Move,office
1572951783.486,579,522,None,Move,office
1572951783.502,611,526,None,Move,office
1572951783.5170002,639,526,None,Move,office
1572951783.533,662,526,None,Move,office
1572951783.549,677,526,None,Move,office
1572951783.564,692,526,None,Move,office
1572951783.571,696,526,None,Move,office
1572951783.586,719,526,None,Move,office
1572951783.6020002,744,525,None,Move,office
1572951783.6179998,773,525,None,Move,office
1572951783.633,805,523,None,Move,office
1572951783.649,850,518,None,Move,office
1572951783.665,889,514,None,Move,office
1572951783.671,909,514,None,Move,office
1572951783.687,957,512,None,Move,office
1572951783.702,1001,509,None,Move,office
1572951783.718,1035,507,None,Move,office
1572951783.734,1091,505,None,Move,office
1572951783.7489998,1131,503,None,Move,office
1572951783.771,1184,503,None,Move,office
1572951783.7870002,1219,504,None,Move,office
1572951783.803,1230,505,None,Move,office
1572951783.8179998,1235,507,None,Move,office
1572951783.836,1238,507,None,Move,office
1572951802.955,1205,501,None,Move,office
1572951802.971,1079,481,None,Move,office
1572951802.9870002,932,466,None,Move,office
1572951803.002,776,459,None,Move,office
1572951803.018,630,469,None,Move,office
1572951803.04,513,482,None,Move,office
1572951803.056,468,491,None,Move,office
1572951803.071,441,497,None,Move,office
1572951803.087,437,497,None,Move,office
1572951803.103,434,497,None,Move,office
1572951803.7670002,434,497,Left,Pressed,office
1572951803.9829998,434,497,Left,Released,office
1572951804.415,467,494,None,Move,office
1572951804.431,503,491,None,Move,office
1572951804.446,631,484,None,Move,office
1572951804.4529998,677,484,None,Move,office
1572951804.468,838,481,None,Move,office
1572951804.484,1026,481,None,Move,office
1572951804.5,1174,481,None,Move,office
1572951804.515,1247,487,None,Move,office
1572951804.531,1304,497,None,Move,office
1572951804.553,1339,505,None,Move,office
1572951804.569,1350,508,None,Move,office
1572951804.584,1352,508,None,Move,office
1572951806.645,1358,511,None,Move,office
1572951806.66,1365,516,None,Move,office
1572951806.676,1385,530,None,Move,office
1572951806.691,1400,539,None,Move,office
1572951806.708,1411,547,None,Move,office
1572951806.724,1417,553,None,Move,office
1572951806.7389998,1420,557,None,Move,office
1572951806.76,1425,562,None,Move,office
1572951806.776,1425,565,None,Move,office
1572951806.812,1426,566,None,Move,office
1572951811.8979998,1426,563,None,Move,office
1572951811.914,1426,549,None,Move,office
1572951811.929,1426,544,None,Move,office
1572951811.945,1426,533,None,Move,office
1572951811.961,1426,522,None,Move,office
1572951811.976,1426,512,None,Move,office
1572951811.992,1426,501,None,Move,office
1572951811.998,1426,498,None,Move,office
1572951812.014,1426,493,None,Move,office
1572951812.03,1426,489,None,Move,office
1572951812.061,1426,487,None,Move,office
1572951812.099,1426,485,None,Move,office
1572951812.1139998,1426,484,None,Move,office
1572951812.13,1426,483,None,Move,office
1572951812.146,1426,482,None,Move,office
1572951812.177,1427,481,None,Move,office
1572951812.199,1433,475,None,Move,office
1572951812.215,1436,472,None,Move,office
1572951812.549,1436,471,None,Move,office
1572951812.564,1435,472,None,Move,office
1572951812.58,1431,477,None,Move,office
1572951812.6,1429,479,None,Move,office
1572951812.6160002,1425,482,None,Move,office
1572951812.631,1420,487,None,Move,office
1572951812.647,1417,490,None,Move,office
1572951812.6620002,1415,492,None,Move,office
1572951812.678,1413,493,None,Move,office
1572951812.694,1411,494,None,Move,office
1572951812.716,1409,496,None,Move,office
1572951812.732,1408,499,None,Move,office
1572951812.7470002,1406,501,None,Move,office
1572951812.7629998,1404,503,None,Move,office
1572951812.779,1400,507,None,Move,office
1572951812.794,1399,509,None,Move,office
1572951812.801,1398,512,None,Move,office
1572951812.816,1394,514,None,Move,office
1572951812.832,1393,517,None,Move,office
1572951812.847,1393,519,None,Move,office
1572951813.1720002,1393,520,Left,Pressed,office
1572951813.373,1393,520,Left,Released,office
1572951813.996,1399,520,None,Move,office
1572951814.018,1417,518,None,Move,office
1572951814.034,1434,518,None,Move,office
1572951814.049,1443,517,None,Move,office
1572951814.065,1446,517,None,Move,office
1572951814.2729998,1446,517,Left,Pressed,office
1572951814.495,1446,517,Left,Released,office
1572958435.573,1426,543,None,Move,office
1572958435.589,1370,599,None,Move,office
1572958435.604,1271,673,None,Move,office
1572958435.62,1162,723,None,Move,office
1572958435.6360002,1051,741,None,Move,office
1572958435.651,1003,741,None,Move,office
1572958435.667,829,690,None,Move,office
1572958435.689,800,673,None,Move,office
1572958435.705,721,588,None,Move,office
1572958435.72,711,555,None,Move,office
1572958435.736,711,527,None,Move,office
1572958435.7510002,731,503,None,Move,office
1572958435.774,769,488,None,Move,office
1572958435.789,959,498,None,Move,office
1572958435.805,1138,560,None,Move,office
1572958435.821,1315,652,None,Move,office
1572958435.836,1434,745,None,Move,office
1572958435.8520002,1472,796,None,Move,office
1572958435.8739998,1462,825,None,Move,office
1572958435.89,1428,842,None,Move,office
1572958435.905,1251,861,None,Move,office
1572958435.921,1037,840,None,Move,office
1572958435.936,808,785,None,Move,office
1572958435.952,617,726,None,Move,office
1572958435.968,460,665,None,Move,office
1572958435.974,416,640,None,Move,office
1572958435.99,396,627,None,Move,office
1572958436.005,375,594,None,Move,office
1572958436.021,375,585,None,Move,office
1572958436.0370002,384,577,None,Move,office
1572958436.168,404,548,None,Move,office
1572958436.175,397,508,None,Move,office
1572958436.19,397,502,None,Move,office
1572958436.206,397,492,None,Move,office
1572958436.222,402,481,None,Move,office
1572958436.2370002,404,479,None,Move,office
1572958436.2529998,404,477,None,Move,office
1572958436.275,406,476,None,Move,office
1572958436.369,406,476,Left,Pressed,office
1572958436.438,406,476,Left,Released,office
1572958436.67,421,476,None,Move,office
1572958436.676,457,476,None,Move,office
1572958436.6920002,603,458,None,Move,office
1572958436.707,800,414,None,Move,office
1572958436.7229998,890,395,None,Move,office
1572958436.939,892,395,None,Move,office
1572958436.954,901,404,None,Move,office
1572958436.97,921,423,None,Move,office
1572958436.9770002,926,427,None,Move,office
1572958436.992,937,432,None,Move,office
1572958437.008,945,423,None,Move,office
1572958437.0229998,970,393,None,Move,office
1572958437.039,982,378,None,Move,office
1572958437.055,1026,330,None,Move,office
1572958437.07,1099,268,None,Move,office
1572958437.077,1133,238,None,Move,office
1572958437.093,1248,180,None,Move,office
1572958437.1079998,1318,150,None,Move,office
1572958437.1239998,1542,82,None,Move,office
1572958437.139,1643,57,None,Move,office
1572958437.155,1687,46,None,Move,office
1572958437.174,1703,40,None,Move,office
1572958437.184,1704,40,None,Move,office
1572958437.1929998,1705,39,None,Move,office
1572958437.279,1705,38,None,Move,office
1572958437.286,1705,37,None,Move,office
1572958437.294,1702,33,None,Move,office
1572958437.302,1699,31,None,Move,office
1572958437.31,1694,27,None,Move,office
1572958437.319,1685,23,None,Move,office
1572958437.329,1676,18,None,Move,office
1572958437.3379998,1669,16,None,Move,office
1572958437.345,1663,14,None,Move,office
1572958437.3520002,1660,14,None,Move,office
1572958437.3579998,1659,14,None,Move,office
1572958437.3660002,1658,14,None,Move,office
1572958437.393,1658,13,None,Move,office
1572958437.409,1660,13,None,Move,office
1572958437.425,1664,12,None,Move,office
1572958437.44,1670,11,None,Move,office
1572958437.456,1678,11,None,Move,office
1572958437.478,1684,11,None,Move,office
1572958437.494,1688,11,None,Move,office
1572958437.5089998,1690,11,None,Move,office
1572958437.525,1691,11,None,Move,office
1572958437.541,1692,11,None,Move,office
1572958437.556,1693,11,None,Move,office
1572958437.572,1697,11,None,Move,office
1572958437.5779998,1699,11,None,Move,office
1572958437.594,1703,11,None,Move,office
1572958437.625,1709,11,None,Move,office
1572958437.641,1714,12,None,Move,office
1572958437.657,1718,14,None,Move,office
1572958437.679,1725,15,None,Move,office
1572958437.694,1735,17,None,Move,office
1572958437.71,1737,17,None,Move,office
1572958437.726,1740,18,None,Move,office
1572958437.826,1740,18,Left,Pressed,office
1572958437.896,1740,18,Left,Released,office
1572958438.342,1741,18,None,Move,browsing
1572958438.351,1743,18,None,Move,browsing
1572958438.3579998,1744,18,None,Move,browsing
1572958438.3660002,1745,18,None,Move,browsing
1572958438.3739998,1745,18,None,Move,browsing
1572958438.383,1746,18,None,Move,browsing
1572958438.391,1747,18,None,Move,browsing
1572958438.3979998,1748,18,None,Move,browsing
1572958438.406,1749,18,None,Move,browsing
1572958438.414,1751,17,None,Move,browsing
1572958438.423,1753,17,None,Move,browsing
1572958438.431,1754,17,None,Move,browsing
1572958438.439,1756,17,None,Move,browsing
1572958438.447,1760,17,None,Move,browsing
1572958438.455,1760,17,None,Move,browsing
1572958438.4629998,1765,20,None,Move,browsing
1572958438.471,1766,25,None,Move,browsing
1572958438.478,1769,33,None,Move,browsing
1572958438.486,1771,55,None,Move,browsing
1572958438.495,1772,80,None,Move,browsing
1572958438.5029998,1775,154,None,Move,browsing
1572958438.5110002,1778,223,None,Move,browsing
1572958438.518,1778,301,None,Move,browsing
1572958438.526,1776,378,None,Move,browsing
1572958438.5270002,1768,449,None,Move,browsing
1572958438.542,1750,544,None,Move,browsing
1572958438.5579998,1738,581,None,Move,browsing
1572958438.574,1724,603,None,Move,browsing
1572958438.581,1721,607,None,Move,browsing
1572958438.596,1714,610,None,Move,browsing
1572958438.6120002,1710,610,None,Move,browsing
1572958438.681,1710,610,Left,Pressed,browsing
1572958438.712,1710,612,None,Drag,browsing
1572958438.781,1710,612,Left,Released,browsing
1572958438.913,1710,614,None,Move,browsing
1572958438.929,1710,616,None,Move,browsing
1572958440.385,1710,615,None,Move,browsing
1572958440.401,1710,608,None,Move,browsing
1572958440.417,1710,601,None,Move,browsing
1572958440.4320002,1710,591,None,Move,browsing
1572958440.448,1706,572,None,Move,browsing
1572958440.464,1700,549,None,Move,browsing
1572958440.479,1689,522,None,Move,browsing
1572958440.486,1682,509,None,Move,browsing
1572958440.5010002,1666,480,None,Move,browsing
1572958440.5170002,1652,460,None,Move,browsing
1572958440.533,1637,443,None,Move,browsing
1572958440.548,1621,430,None,Move,browsing
1572958440.564,1607,423,None,Move,browsing
1572958440.579,1589,417,None,Move,browsing
1572958440.586,1577,417,None,Move,browsing
1572958440.6020002,1551,421,None,Move,browsing
1572958440.617,1495,446,None,Move,browsing
1572958440.633,1403,498,None,Move,browsing
1572958440.649,1343,533,None,Move,browsing
1572958440.664,1246,598,None,Move,browsing
1572958440.68,1151,645,None,Move,browsing
1572958440.689,1113,659,None,Move,browsing
1572958440.697,1081,668,None,Move,browsing
1572958440.704,1059,670,None,Move,browsing
1572958440.719,1012,661,None,Move,browsing
1572958440.735,978,637,None,Move,browsing
1572958440.7510002,962,611,None,Move,browsing
1572958440.766,955,597,None,Move,browsing
1572958441.2029998,937,552,None,Move,browsing
1572958441.219,937,552,None,Move,browsing
1572958441.235,937,553,None,Move,browsing
1572958441.283,937,555,None,Move,browsing
1572958441.319,937,555,None,Move,browsing
1572958441.334,938,554,None,Move,browsing
1572958441.35,940,552,None,Move,browsing
1572958441.3660002,947,550,None,Move,browsing
1572958441.381,963,549,None,Move,browsing
1572958441.3879998,981,549,None,Move,browsing
1572958441.403,1032,554,None,Move,browsing
1572958441.419,1123,571,None,Move,browsing
1572958441.435,1244,598,None,Move,browsing
1572958441.45,1385,636,None,Move,browsing
1572958441.466,1478,677,None,Move,browsing
1572958441.488,1542,726,None,Move,browsing
1572958441.504,1572,785,None,Move,browsing
1572958441.519,1572,819,None,Move,browsing
1572958441.535,1566,855,None,Move,browsing
1572958441.551,1554,877,None,Move,browsing
1572958441.566,1548,883,None,Move,browsing
1572958441.651,1547,884,None,Move,browsing
1572958441.667,1548,884,None,Move,browsing
1572958441.689,1560,882,None,Move,browsing
1572958441.704,1577,878,None,Move,browsing
1572958441.72,1603,871,None,Move,browsing
1572958441.736,1632,862,None,Move,browsing
1572958441.7510002,1642,858,None,Move,browsing
1572958441.8079998,1644,859,None,Move,browsing
1572958441.8170002,1645,862,None,Move,browsing
1572958441.826,1645,865,None,Move,browsing
1572958441.833,1645,869,None,Move,browsing
1572958441.84,1645,873,None,Move,browsing
1572958441.8479998,1645,878,None,Move,browsing
1572958441.857,1643,884,None,Move,browsing
1572958441.865,1641,891,None,Move,browsing
1572958441.8720002,1634,903,None,Move,browsing
1572958441.881,1628,913,None,Move,browsing
1572958441.8879998,1624,920,None,Move,browsing
1572958441.896,1617,927,None,Move,browsing
1572958441.904,1611,936,None,Move,browsing
1572958441.9120002,1605,943,None,Move,browsing
1572958441.92,1599,950,None,Move,browsing
1572958441.927,1595,956,None,Move,browsing
1572958441.936,1593,958,None,Move,browsing
1572958441.944,1591,961,None,Move,browsing
1572958441.952,1589,964,None,Move,browsing
1572958441.96,1588,966,None,Move,browsing
1572958441.968,1587,970,None,Move,browsing
1572958441.992,1585,971,None,Move,browsing
1572958442.0010002,1584,972,None,Move,browsing
1572958442.008,1574,980,None,Move,browsing
1572958442.016,1570,983,None,Move,browsing
1572958442.02,1567,985,None,Move,browsing
1572958442.035,1557,992,None,Move,browsing
1572958442.051,1547,997,None,Move,browsing
1572958442.066,1540,1003,None,Move,browsing
1572958442.082,1532,1012,None,Move,browsing
1572958442.09,1528,1015,None,Move,browsing
1572958442.105,1526,1019,None,Move,browsing
1572958442.121,1524,1023,None,Move,browsing
1572958442.137,1522,1025,None,Move,browsing
1572958442.1520002,1520,1029,None,Move,browsing
1572958442.168,1519,1030,None,Move,browsing
1572958442.184,1517,1033,None,Move,browsing
1572958442.19,1516,1035,None,Move,browsing
1572958442.221,1514,1042,None,Move,browsing
1572958442.2370002,1511,1047,None,Move,browsing
1572958442.252,1510,1049,None,Move,browsing
1572958442.3679998,1510,1050,Left,Pressed,browsing
1572958442.437,1510,1050,Left,Released,file system
1572958442.785,1509,1051,None,Move,file system
1572958442.923,1508,1051,None,Move,file system
1572958443.008,1507,1051,None,Move,file system
1572958443.055,1507,1050,None,Move,file system
1572958443.07,1507,1049,None,Move,file system
1572958443.086,1505,1047,None,Move,file system
1572958443.092,1504,1047,None,Move,file system
1572958443.1079998,1500,1044,None,Move,file system
1572958443.1239998,1498,1043,None,Move,file system
1572958443.139,1497,1042,None,Move,file system
1572958443.155,1496,1042,None,Move,file system
1572958443.1929998,1495,1041,None,Move,file system
1572958443.224,1493,1039,None,Move,file system
1572958443.24,1490,1035,None,Move,file system
1572958443.255,1486,1029,None,Move,file system
1572958443.271,1479,1021,None,Move,file system
1572958443.293,1475,1013,None,Move,file system
1572958443.3170002,1469,999,None,Move,file system
1572958443.327,1465,974,None,Move,file system
1572958443.329,1462,961,None,Move,file system
1572958443.344,1462,933,None,Move,file system
1572958443.36,1465,916,None,Move,file system
1572958443.3760002,1473,904,None,Move,file system
1572958443.393,1483,898,None,Move,file system
1572958443.409,1488,895,None,Move,file system
1572958443.425,1501,887,None,Move,file system
1572958443.44,1506,885,None,Move,file system
1572958443.472,1507,884,None,Move,file system
1572958443.71,1508,881,None,Move,file system
1572958443.7570002,1508,881,Left,Pressed,file system
1572958443.843,1508,881,Left,Released,file system
1572958444.329,1507,881,None,Move,development
1572958444.336,1503,881,None,Move,development
1572958444.344,1496,880,None,Move,development
1572958444.3520002,1487,875,None,Move,development
1572958444.36,1478,868,None,Move,development
1572958444.3679998,1466,856,None,Move,development
1572958444.3760002,1448,836,None,Move,development
1572958444.385,1430,807,None,Move,development
1572958444.393,1411,772,None,Move,development
1572958444.401,1393,726,None,Move,development
1572958444.409,1375,676,None,Move,development
1572958444.418,1362,620,None,Move,development
1572958444.424,1348,560,None,Move,development
1572958444.4320002,1337,492,None,Move,development
1572958444.44,1329,429,None,Move,development
1572958444.448,1320,366,None,Move,development
1572958444.456,1318,316,None,Move,development
1572958444.464,1318,280,None,Move,development
1572958444.472,1321,249,None,Move,development
1572958444.48,1330,227,None,Move,development
1572958444.488,1342,212,None,Move,development
1572958444.4970002,1355,202,None,Move,development
1572958444.505,1371,195,None,Move,development
1572958444.5129998,1388,190,None,Move,development
1572958444.521,1408,189,None,Move,development
1572958444.529,1424,189,None,Move,development
1572958444.536,1442,189,None,Move,development
1572958444.544,1454,189,None,Move,development
1572958444.552,1464,192,None,Move,development
1572958444.56,1469,193,None,Move,development
1572958444.5679998,1474,196,None,Move,development
1572958444.576,1475,196,None,Move,development
1572958444.585,1476,197,None,Move,development
1572958444.857,1476,198,None,Move,development
1572958444.873,1477,203,None,Move,development
1572958444.881,1483,235,None,Move,development
1572958444.889,1486,251,None,Move,development
1572958444.897,1491,267,None,Move,development
1572958444.905,1497,284,None,Move,development
1572958444.913,1505,308,None,Move,development
1572958444.921,1515,327,None,Move,development
1572958444.928,1525,344,None,Move,development
1572958444.936,1533,357,None,Move,development
1572958444.945,1545,370,None,Move,development
1572958444.9529998,1552,377,None,Move,development
1572958444.961,1561,385,None,Move,development
1572958444.968,1566,387,None,Move,development
1572958444.9770002,1573,389,None,Move,development
1572958444.984,1575,390,None,Move,development
1572958445.0010002,1576,390,None,Move,development
1572958445.0089998,1578,390,None,Move,development
1572958445.016,1579,390,None,Move,development
1572958445.025,1579,390,None,Move,development
1572958445.033,1580,389,None,Move,development
1572958445.04,1582,388,None,Move,development
1572958445.049,1584,386,None,Move,development
1572958445.056,1586,385,None,Move,development
1572958445.064,1590,383,None,Move,development
1572958445.073,1593,381,None,Move,development
1572958445.08,1598,379,None,Move,development
1572958445.089,1602,378,None,Move,development
1572958445.097,1613,375,None,Move,development
1572958445.105,1623,372,None,Move,development
1572958445.113,1636,369,None,Move,development
1572958445.121,1646,367,None,Move,development
1572958445.129,1661,364,None,Move,development
1572958445.137,1673,363,None,Move,development
1572958445.145,1685,359,None,Move,development
1572958445.1520002,1701,356,None,Move,development
1572958445.161,1714,355,None,Move,development
1572958445.169,1726,352,None,Move,development
1572958445.177,1739,347,None,Move,development
1572958445.185,1747,344,None,Move,development
1572958445.1929998,1758,339,None,Move,development
1572958445.2,1769,335,None,Move,development
1572958445.21,1781,330,None,Move,development
1572958445.216,1790,324,None,Move,development
1572958445.225,1798,317,None,Move,development
1572958445.2329998,1805,311,None,Move,development
1572958445.2410002,1811,304,None,Move,development
1572958445.2489998,1817,296,None,Move,development
1572958445.2570002,1822,289,None,Move,development
1572958445.266,1826,284,None,Move,development
1572958445.2729998,1829,279,None,Move,development
1572958445.281,1831,277,None,Move,development
1572958445.289,1832,275,None,Move,development
1572958445.296,1833,273,None,Move,development
1572958445.305,1834,271,None,Move,development
1572958445.313,1834,269,None,Move,development
1572958445.3279998,1834,268,None,Move,development
1572958445.337,1834,267,None,Move,development
1572958445.345,1834,266,None,Move,development
1572958445.36,1834,266,None,Move,development
1572958445.369,1834,265,None,Move,development
1572958445.385,1834,264,None,Move,development
1572958445.393,1834,263,None,Move,development
1572958445.441,1834,262,None,Move,development
1572958445.449,1834,261,None,Move,development
1572958445.457,1834,259,None,Move,development
1572958445.4729998,1834,257,None,Move,development
1572958445.482,1833,254,None,Move,development
1572958445.4970002,1832,249,None,Move,development
1572958445.505,1829,239,None,Move,development
1572958445.5129998,1829,231,None,Move,development
1572958445.521,1827,224,None,Move,development
1572958445.529,1826,221,None,Move,development
1572958445.5370002,1826,217,None,Move,development
1572958445.545,1825,212,None,Move,development
1572958445.553,1825,209,None,Move,development
1572958445.561,1825,208,None,Move,development
1572958445.577,1825,207,None,Move,development
1572958446.002,1823,207,None,Move,development
1572958446.01,1821,207,None,Move,development
1572958446.0170002,1818,207,None,Move,development
1572958446.025,1814,207,None,Move,development
1572958446.033,1809,207,None,Move,development
1572958446.041,1801,204,None,Move,development
1572958446.049,1793,203,None,Move,development
1572958446.0570002,1782,200,None,Move,development
1572958446.066,1776,199,None,Move,development
1572958446.074,1771,199,None,Move,development
1572958446.081,1767,199,None,Move,development
1572958446.09,1762,199,None,Move,development
1572958446.0979998,1755,197,None,Move,development
1572958446.106,1746,196,None,Move,development
1572958446.113,1738,193,None,Move,development
1572958446.1220002,1727,190,None,Move,development
1572958446.1279998,1713,185,None,Move,development
1572958446.1360002,1694,179,None,Move,development
1572958446.144,1673,170,None,Move,development
1572958446.1520002,1647,160,None,Move,development
1572958446.161,1613,146,None,Move,development
1572958446.169,1583,133,None,Move,development
1572958446.178,1529,117,None,Move,development
1572958446.185,1498,111,None,Move,development
1572958446.1929998,1466,105,None,Move,development
1572958446.201,1446,99,None,Move,development
1572958446.209,1430,95,None,Move,development
1572958446.217,1417,91,None,Move,development
1572958446.225,1411,90,None,Move,development
1572958446.234,1404,86,None,Move,development
1572958446.2410002,1400,85,None,Move,development
1572958446.2489998,1399,84,None,Move,development
1572958446.2570002,1398,83,None,Move,development
1572958446.265,1397,82,None,Move,development
1572958446.2729998,1396,81,None,Move,development
1572958446.29,1395,80,None,Move,development
1572958446.361,1395,80,None,Move,development
1572958446.377,1395,79,None,Move,development
1572958446.385,1395,78,None,Move,development
1572958446.394,1395,77,None,Move,development
1572958446.4020002,1395,76,None,Move,development
1572958446.41,1395,75,None,Move,development
1572958446.417,1396,73,None,Move,development
1572958446.425,1397,70,None,Move,development
1572958446.4329998,1399,68,None,Move,development
1572958446.441,1401,67,None,Move,development
1572958446.45,1403,65,None,Move,development
1572958446.458,1407,63,None,Move,development
1572958446.466,1410,63,None,Move,development
1572958446.4729998,1413,60,None,Move,development
1572958446.481,1418,60,None,Move,development
1572958446.4889998,1422,59,None,Move,development
1572958446.496,1427,59,None,Move,development
1572958446.504,1431,59,None,Move,development
1572958446.512,1437,59,None,Move,development
1572958446.522,1440,59,None,Move,development
1572958446.529,1444,59,None,Move,development
1572958446.5370002,1447,59,None,Move,development
1572958446.545,1448,59,None,Move,development
1572958446.553,1449,59,None,Move,development
1572958446.561,1451,60,None,Move,development
1572958446.5779998,1451,60,None,Move,development
1572958446.593,1452,60,None,Move,development
1572958446.617,1454,60,None,Move,development
1572958446.625,1455,60,None,Move,development
1572958446.6339998,1458,62,None,Move,development
1572958446.6420002,1460,62,None,Move,development
1572958446.649,1465,65,None,Move,development
1572958446.657,1468,67,None,Move,development
1572958446.665,1473,69,None,Move,development
1572958446.673,1478,72,None,Move,development
1572958446.6820002,1485,76,None,Move,development
1572958446.69,1490,78,None,Move,development
1572958446.697,1495,81,None,Move,development
1572958446.705,1500,85,None,Move,development
1572958446.7129998,1505,90,None,Move,development
1572958446.721,1511,96,None,Move,development
1572958446.728,1516,100,None,Move,development
1572958446.7370002,1519,103,None,Move,development
1572958446.745,1522,106,None,Move,development
1572958446.754,1525,111,None,Move,development
1572958446.76,1528,115,None,Move,development
1572958446.769,1530,117,None,Move,development
1572958446.7770002,1531,119,None,Move,development
1572958446.945,1532,121,None,Move,development
1572958446.9529998,1532,122,None,Move,development
1572958446.962,1533,125,None,Move,development
1572958446.97,1534,128,None,Move,development
1572958446.978,1534,131,None,Move,development
1572958446.985,1535,136,None,Move,development
1572958446.9929998,1536,139,None,Move,development
1572958447.0010002,1536,142,None,Move,development
1572958447.0089998,1536,147,None,Move,development
1572958447.029,1536,149,None,Move,development
1572958447.038,1536,163,None,Move,development
1572958447.045,1536,169,None,Move,development
1572958447.053,1535,171,None,Move,development
1572958447.061,1532,175,None,Move,development
1572958447.069,1530,178,None,Move,development
1572958447.0779998,1528,181,None,Move,development
1572958447.086,1526,184,None,Move,development
1572958447.094,1524,186,None,Move,development
1572958447.1,1520,188,None,Move,development
1572958447.1079998,1518,189,None,Move,development
1572958447.117,1514,190,None,Move,development
1572958447.14,1494,193,None,Move,development
1572958447.1479998,1482,193,None,Move,development
1572958447.156,1473,193,None,Move,development
1572958447.163,1459,193,None,Move,development
1572958447.171,1443,190,None,Move,development
1572958447.179,1429,186,None,Move,development
1572958447.187,1414,183,None,Move,development
1572958447.196,1400,182,None,Move,development
1572958447.204,1386,178,None,Move,development
1572958447.212,1377,176,None,Move,development
1572958447.219,1365,173,None,Move,development
1572958447.2270002,1352,169,None,Move,development
1572958447.235,1345,165,None,Move,development
1572958447.2429998,1337,164,None,Move,development
1572958447.252,1332,161,None,Move,development
1572958447.2589998,1321,158,None,Move,development
1572958447.268,1315,156,None,Move,development
1572958447.275,1308,153,None,Move,development
1572958447.283,1305,152,None,Move,development
1572958447.291,1301,150,None,Move,development
1572958447.299,1299,150,None,Move,development
1572958447.3079998,1296,147,None,Move,development
1572958447.316,1294,145,None,Move,development
1572958447.324,1293,144,None,Move,development
1572958447.33,1292,143,None,Move,development
1572958447.339,1290,142,None,Move,development
1572958447.347,1289,139,None,Move,development
1572958447.355,1288,137,None,Move,development
1572958447.363,1288,134,None,Move,development
1572958447.3720002,1288,130,None,Move,development
1572958447.38,1288,127,None,Move,development
1572958447.3860002,1288,123,None,Move,development
1572958447.395,1288,120,None,Move,development
1572958447.4020002,1288,117,None,Move,development
1572958447.41,1289,114,None,Move,development
1572958447.419,1289,112,None,Move,development
1572958447.428,1291,108,None,Move,development
1572958447.436,1291,106,None,Move,development
1572958447.4429998,1292,105,None,Move,development
1572958447.451,1292,105,None,Move,development
1572958447.459,1292,104,None,Move,development
1572958447.468,1292,103,None,Move,development
1572958447.476,1293,101,None,Move,development
1572958447.492,1294,99,None,Move,development
1572958447.498,1294,98,None,Move,development
1572958447.5070002,1294,96,None,Move,development
1572958447.514,1294,93,None,Move,development
1572958447.522,1295,92,None,Move,development
1572958447.532,1295,90,None,Move,development
1572958447.539,1296,88,None,Move,development
1572958447.5470002,1296,86,None,Move,development
1572958447.596,1296,86,None,Move,development
1572958447.668,1296,86,Left,Pressed,development
1572958447.764,1296,86,Left,Released,development
1572958448.42,1300,86,None,Move,development
1572958448.428,1307,88,None,Move,development
1572958448.435,1314,90,None,Move,development
1572958448.4429998,1324,94,None,Move,development
1572958448.451,1337,97,None,Move,development
1572958448.458,1357,102,None,Move,development
1572958448.467,1377,106,None,Move,development
1572958448.475,1401,113,None,Move,development
1572958448.484,1425,119,None,Move,development
1572958448.492,1466,133,None,Move,development
1572958448.5,1500,144,None,Move,development
1572958448.508,1537,156,None,Move,development
1572958448.514,1574,170,None,Move,development
1572958448.522,1608,184,None,Move,development
1572958448.53,1628,194,None,Move,development
1572958448.54,1659,210,None,Move,development
1572958448.548,1694,226,None,Move,development
1572958448.556,1714,239,None,Move,development
1572958448.564,1729,247,None,Move,development
1572958448.571,1742,257,None,Move,development
1572958448.579,1753,263,None,Move,development
1572958448.587,1760,269,None,Move,development
1572958448.596,1767,275,None,Move,development
1572958448.604,1774,281,None,Move,development
1572958448.6120002,1777,283,None,Move,development
1572958448.62,1779,285,None,Move,development
1572958448.627,1780,287,None,Move,development
1572958448.6339998,1781,289,None,Move,development
1572958448.651,1781,290,None,Move,development
1572958448.691,1781,291,None,Move,development
1572958448.708,1781,291,None,Move,development
1572958448.716,1780,292,None,Move,development
1572958448.724,1779,295,None,Move,development
1572958448.732,1777,297,None,Move,development
1572958448.74,1774,302,None,Move,development
1572958448.7470002,1771,307,None,Move,development
1572958448.755,1768,314,None,Move,development
1572958448.7629998,1767,321,None,Move,development
1572958448.772,1764,326,None,Move,development
1572958448.78,1761,334,None,Move,development
1572958448.788,1761,340,None,Move,development
1572958448.795,1760,347,None,Move,development
1572958448.802,1759,353,None,Move,development
1572958448.812,1759,358,None,Move,development
1572958448.819,1757,364,None,Move,development
1572958448.8279998,1757,367,None,Move,development
1572958448.836,1757,371,None,Move,development
1572958448.844,1756,373,None,Move,development
1572958448.8520002,1756,374,None,Move,development
1572958448.86,1756,375,None,Move,development
1572958448.867,1756,376,None,Move,development
1572958449.186,1756,375,None,Move,development
1572958449.194,1756,372,None,Move,development
1572958449.202,1756,368,None,Move,development
1572958449.209,1756,363,None,Move,development
1572958449.217,1756,359,None,Move,development
1572958449.226,1756,353,None,Move,development
1572958449.234,1756,346,None,Move,development
1572958449.242,1758,343,None,Move,development
1572958449.25,1759,340,None,Move,development
1572958449.258,1759,337,None,Move,development
1572958449.265,1760,335,None,Move,development
1572958449.272,1760,333,None,Move,development
1572958449.282,1760,332,None,Move,development
1572958449.289,1761,330,None,Move,development
1572958449.298,1761,328,None,Move,development
1572958449.306,1761,327,None,Move,development
1572958449.314,1761,326,None,Move,development
1572958449.321,1761,325,None,Move,development
1572958449.3279998,1761,325,None,Move,development
1572958449.346,1761,324,None,Move,development
1572958449.354,1761,323,None,Move,development
1572958449.3620002,1762,321,None,Move,development
1572958449.37,1762,320,None,Move,development
1572958449.3760002,1762,319,None,Move,development
1572958449.3839998,1762,318,None,Move,development
1572958449.394,1763,317,None,Move,development
1572958449.401,1763,315,None,Move,development
1572958449.409,1764,313,None,Move,development
1572958449.418,1764,312,None,Move,development
1572958449.426,1764,310,None,Move,development
1572958449.434,1764,309,None,Move,development
1572958449.4420002,1765,308,None,Move,development
1572958449.49,1765,307,None,Move,development
1572958449.505,1766,307,None,Move,development
1572958449.546,1766,307,None,Move,development
1572958449.561,1766,305,None,Move,development
1572958449.586,1767,303,None,Move,development
1572958449.6020002,1767,302,None,Move,development
1572958449.609,1767,301,None,Move,development
1572958449.6160002,1767,300,None,Move,development
1572958449.625,1767,299,None,Move,development
1572958449.706,1767,298,None,Move,development
1572958449.714,1767,298,None,Move,development
1572958449.72,1767,297,None,Move,development
1572958449.729,1768,295,None,Move,development
1572958449.738,1768,293,None,Move,development
1572958449.746,1769,291,None,Move,development
1572958449.754,1769,289,None,Move,development
1572958449.762,1769,287,None,Move,development
1572958449.778,1770,286,None,Move,development
1572958449.785,1770,285,None,Move,development
1572958449.8820002,1770,285,Left,Pressed,development
1572958449.961,1770,285,Left,Released,development
1572958450.5779998,1774,294,None,Move,development
1572958450.586,1777,312,None,Move,development
1572958450.594,1783,341,None,Move,development
1572958450.6020002,1789,377,None,Move,development
1572958450.619,1797,426,None,Move,development
1572958450.6260002,1798,448,None,Move,development
1572958450.6339998,1798,466,None,Move,development
1572958450.655,1798,490,None,Move,development
1572958450.6620002,1798,498,None,Move,development
1572958450.668,1798,502,None,Move,development
1572958450.674,1797,503,None,Move,development
1572958450.6820002,1794,502,None,Move,development
1572958450.69,1790,498,None,Move,development
1572958450.698,1782,487,None,Move,development
1572958450.706,1768,474,None,Move,development
1572958450.717,1753,460,None,Move,development
1572958450.7229998,1728,442,None,Move,development
1572958450.73,1706,425,None,Move,development
1572958450.738,1679,400,None,Move,development
1572958450.7470002,1675,395,None,Move,development
1572958450.988,1675,396,None,Move,development
1572958451.012,1675,395,None,Move,development
1572958451.02,1675,390,None,Move,development
1572958451.028,1675,387,None,Move,development
1572958451.036,1675,384,None,Move,development
1572958451.044,1675,382,None,Move,development
1572958451.052,1675,377,None,Move,development
1572958451.06,1675,372,None,Move,development
1572958451.0670002,1675,365,None,Move,development
1572958451.076,1677,357,None,Move,development
1572958451.084,1678,350,None,Move,development
1572958451.092,1679,344,None,Move,development
1572958451.1,1681,332,None,Move,development
1572958451.1079998,1685,325,None,Move,development
1572958451.1160002,1690,314,None,Move,development
1572958451.123,1696,303,None,Move,development
1572958451.1320002,1704,292,None,Move,development
1572958451.14,1713,281,None,Move,development
1572958451.1479998,1721,272,None,Move,development
1572958451.156,1728,266,None,Move,development
1572958451.165,1739,260,None,Move,development
1572958451.173,1748,255,None,Move,development
1572958451.181,1753,253,None,Move,development
1572958451.187,1758,250,None,Move,development
1572958451.196,1765,248,None,Move,development
1572958451.204,1769,246,None,Move,development
1572958451.212,1774,244,None,Move,development
1572958451.22,1777,244,None,Move,development
1572958451.228,1781,244,None,Move,development
1572958451.235,1782,244,None,Move,development
1572958451.244,1784,244,None,Move,development
1572958451.252,1785,244,None,Move,development
1572958451.26,1786,244,None,Move,development
1572958451.268,1788,244,None,Move,development
1572958451.275,1791,244,None,Move,development
1572958451.283,1793,245,None,Move,development
1572958451.291,1795,247,None,Move,development
1572958451.299,1800,249,None,Move,development
1572958451.3070002,1804,252,None,Move,development
1572958451.316,1806,254,None,Move,development
1572958451.323,1808,256,None,Move,development
1572958451.332,1809,257,None,Move,development
1572958451.34,1811,259,None,Move,development
1572958451.347,1812,261,None,Move,development
1572958451.356,1814,266,None,Move,development
1572958451.3639998,1815,268,None,Move,development
1572958451.381,1816,270,None,Move,development
1572958451.3879998,1816,274,None,Move,development
1572958451.396,1816,276,None,Move,development
1572958451.4120002,1816,277,None,Move,development
1572958451.419,1816,278,None,Move,development
1572958451.436,1816,279,None,Move,development
1572958451.452,1815,279,None,Move,development
1572958451.467,1814,280,None,Move,development
1572958451.4829998,1814,281,None,Move,development
1572958451.5,1813,282,None,Move,development
1572958451.508,1812,283,None,Move,development
1572958451.524,1811,283,None,Move,development
1572958452.244,1809,284,None,Move,development
1572958452.254,1808,285,None,Move,development
1572958452.26,1806,286,None,Move,development
1572958452.269,1804,287,None,Move,development
1572958452.2770002,1799,290,None,Move,development
1572958452.285,1797,293,None,Move,development
1572958452.292,1789,301,None,Move,development
1572958452.3,1783,308,None,Move,development
1572958452.3070002,1775,319,None,Move,development
1572958452.324,1764,334,None,Move,development
1572958452.333,1727,392,None,Move,development
1572958452.341,1714,413,None,Move,development
1572958452.3479998,1705,426,None,Move,development
1572958452.356,1690,446,None,Move,development
1572958452.3660002,1678,463,None,Move,development
1572958452.373,1665,478,None,Move,development
1572958452.38,1657,489,None,Move,development
1572958452.389,1647,503,None,Move,development
1572958452.397,1640,511,None,Move,development
1572958452.4120002,1634,520,None,Move,development
1572958452.42,1620,533,None,Move,development
1572958452.428,1617,537,None,Move,development
1572958452.436,1613,542,None,Move,development
1572958452.444,1612,542,None,Move,development
1572958452.451,1611,544,None,Move,development
1572958452.6160002,1610,544,None,Move,development
1572958455.065,1610,543,None,Move,development
1572958455.073,1613,539,None,Move,development
1572958455.081,1615,535,None,Move,development
1572958455.09,1618,531,None,Move,development
1572958455.0979998,1621,529,None,Move,development
1572958455.106,1623,527,None,Move,development
1572958455.113,1624,526,None,Move,development
1572958455.121,1624,525,None,Move,development
1572958455.137,1625,524,None,Move,development
1572958455.154,1626,524,None,Move,development
1572958455.211,1628,523,None,Move,development
1572958455.218,1630,522,None,Move,development
1572958455.225,1633,521,None,Move,development
1572958455.234,1638,519,None,Move,development
1572958455.242,1644,513,None,Move,development
1572958455.25,1651,508,None,Move,development
1572958455.258,1660,500,None,Move,development
1572958455.2670002,1669,491,None,Move,development
1572958455.275,1679,481,None,Move,development
1572958455.283,1686,474,None,Move,development
1572958455.29,1693,467,None,Move,development
1572958455.298,1703,459,None,Move,development
1572958455.306,1710,453,None,Move,development
1572958455.315,1719,447,None,Move,development
1572958455.322,1726,443,None,Move,development
1572958455.331,1729,442,None,Move,development
1572958455.3379998,1731,441,None,Move,development
1572958455.346,1732,440,None,Move,development
1572958455.5470002,1734,440,None,Move,development
1572958455.555,1735,439,None,Move,development
1572958455.562,1737,437,None,Move,development
1572958455.57,1740,435,None,Move,development
1572958455.5779998,1742,433,None,Move,development
1572958455.5879998,1746,429,None,Move,development
1572958455.603,1751,424,None,Move,development
1572958455.61,1760,415,None,Move,development
1572958455.617,1765,412,None,Move,development
1572958455.625,1769,410,None,Move,development
1572958455.6339998,1771,409,None,Move,development
1572958455.6420002,1773,409,None,Move,development
1572958455.651,1775,408,None,Move,development
1572958455.659,1775,408,None,Move,development
1572958455.875,1776,411,None,Move,development
1572958455.8820002,1778,414,None,Move,development
1572958455.89,1778,417,None,Move,development
1572958455.8979998,1778,418,None,Move,development
1572958455.906,1778,420,None,Move,development
1572958455.915,1778,421,None,Move,development
1572958455.923,1778,422,None,Move,development
1572958455.937,1778,423,None,Move,development
1572958455.945,1778,424,None,Move,development
1572958456.051,1778,424,Left,Pressed,development
1572958456.107,1778,424,Left,Released,development
1572958456.5070002,1780,429,None,Move,development
1572958456.515,1784,436,None,Move,development
1572958456.5229998,1785,442,None,Move,development
1572958456.53,1788,451,None,Move,development
1572958456.538,1792,460,None,Move,development
1572958456.546,1797,469,None,Move,development
1572958456.555,1803,478,None,Move,development
1572958456.563,1805,483,None,Move,development
1572958456.571,1810,492,None,Move,development
1572958456.584,1812,497,None,Move,development
1572958456.591,1815,502,None,Move,development
1572958456.597,1819,507,None,Move,development
1572958456.6020002,1820,510,None,Move,development
1572958456.611,1822,515,None,Move,development
1572958456.619,1824,520,None,Move,development
1572958456.627,1829,527,None,Move,development
1572958456.635,1830,531,None,Move,development
1572958456.6420002,1833,538,None,Move,development
1572958456.65,1834,543,None,Move,development
1572958456.658,1835,549,None,Move,development
1572958456.667,1835,557,None,Move,development
1572958456.676,1837,570,None,Move,development
1572958456.6829998,1837,580,None,Move,development
1572958456.6920002,1837,588,None,Move,development
1572958456.708,1837,598,None,Move,development
1572958456.716,1837,622,None,Move,development
1572958456.725,1837,625,None,Move,development
1572958456.7329998,1837,630,None,Move,development
1572958456.7410002,1837,633,None,Move,development
1572958456.7489998,1837,635,None,Move,development
1572958456.756,1837,637,None,Move,development
1572958456.764,1837,639,None,Move,development
1572958456.772,1837,640,None,Move,development
1572958456.781,1837,641,None,Move,development
1572958456.789,1837,641,None,Move,development
1572958456.806,1837,642,None,Move,development
1572958456.814,1837,643,None,Move,development
1572958456.829,1836,644,None,Move,development
1572958456.846,1835,645,None,Move,development
1572958456.87,1833,645,None,Move,development
1572958456.885,1833,646,None,Move,development
1572958456.893,1832,647,None,Move,development
1572958456.909,1831,647,None,Move,development
1572958456.924,1831,647,None,Move,development
1572958456.94,1830,647,None,Move,development
1572958456.957,1829,647,None,Move,development
1572958456.974,1828,647,None,Move,development
1572958456.982,1827,646,None,Move,development
1572958456.9889998,1826,644,None,Move,development
1572958456.996,1825,642,None,Move,development
1572958457.004,1821,635,None,Move,development
1572958457.0129998,1819,632,None,Move,development
1572958457.021,1815,626,None,Move,development
1572958457.03,1813,622,None,Move,development
1572958457.038,1811,618,None,Move,development
1572958457.046,1808,613,None,Move,development
1572958457.053,1807,609,None,Move,development
1572958457.061,1806,606,None,Move,development
1572958457.069,1806,604,None,Move,development
1572958457.079,1805,599,None,Move,development
1572958457.085,1805,598,None,Move,development
1572958457.107,1805,596,None,Move,development
1572958457.115,1804,589,None,Move,development
1572958457.123,1802,586,None,Move,development
1572958457.131,1802,584,None,Move,development
1572958457.139,1801,582,None,Move,development
1572958457.147,1800,579,None,Move,development
1572958457.155,1799,576,None,Move,development
1572958457.163,1798,571,None,Move,development
1572958457.171,1797,569,None,Move,development
1572958457.179,1795,566,None,Move,development
1572958457.188,1795,565,None,Move,development
1572958457.196,1795,564,None,Move,development
1572958457.211,1794,562,None,Move,development
1572958457.218,1794,561,None,Move,development
1572958457.2429998,1793,560,None,Move,development
1572958457.2589998,1793,559,None,Move,development
1572958457.282,1793,559,None,Move,development
1572958457.289,1792,558,None,Move,development
1572958457.315,1791,557,None,Move,development
1572958457.3379998,1791,556,None,Move,development
1572958457.363,1790,554,None,Move,development
1572958457.371,1790,553,None,Move,development
1572958457.379,1789,552,None,Move,development
1572958457.387,1789,552,None,Move,development
1572958457.394,1789,551,None,Move,development
1572958457.411,1788,550,None,Move,development
1572958457.418,1788,549,None,Move,development
1572958457.435,1787,548,None,Move,development
1572958459.835,1786,558,None,Move,development
1572958459.845,1782,576,None,Move,development
1572958459.851,1779,594,None,Move,development
1572958459.859,1770,616,None,Move,development
1572958459.8660002,1760,642,None,Move,development
1572958459.875,1747,662,None,Move,development
1572958459.883,1736,679,None,Move,development
1572958459.891,1726,694,None,Move,development
1572958459.899,1718,703,None,Move,development
1572958459.907,1709,712,None,Move,development
1572958459.9220002,1700,720,None,Move,development
1572958459.931,1675,729,None,Move,development
1572958459.939,1665,732,None,Move,development
1572958459.947,1656,733,None,Move,development
1572958459.955,1644,733,None,Move,development
1572958459.962,1630,733,None,Move,development
1572958459.97,1618,733,None,Move,development
1572958459.979,1604,731,None,Move,development
1572958459.9870002,1590,726,None,Move,development
1572958459.995,1577,723,None,Move,development
1572958460.002,1564,717,None,Move,development
1572958460.018,1546,709,None,Move,development
1572958460.025,1529,700,None,Move,development
1572958460.031,1516,692,None,Move,development
1572958460.041,1504,686,None,Move,development
1572958460.048,1491,678,None,Move,development
1572958460.055,1480,670,None,Move,development
1572958460.061,1467,658,None,Move,development
1572958460.0670002,1455,649,None,Move,development
1572958460.075,1448,640,None,Move,development
1572958460.082,1442,631,None,Move,development
1572958460.09,1439,622,None,Move,development
1572958460.099,1436,611,None,Move,development
1572958460.107,1434,601,None,Move,development
1572958460.115,1434,589,None,Move,development
1572958460.123,1434,577,None,Move,development
1572958460.13,1434,563,None,Move,development
1572958460.1379998,1435,547,None,Move,development
1572958460.147,1438,535,None,Move,development
1572958460.154,1441,522,None,Move,development
1572958460.163,1446,509,None,Move,development
1572958460.171,1449,503,None,Move,development
1572958460.179,1451,498,None,Move,development
1572958460.187,1452,494,None,Move,development
1572958460.194,1453,491,None,Move,development
1572958460.2029998,1454,490,None,Move,development
1572958460.211,1454,489,None,Move,development
1572958460.219,1454,489,None,Move,development
1572958460.2270002,1455,488,None,Move,development
1572958460.2429998,1455,487,None,Move,development
1572958461.45,1458,488,None,Move,development
1572958461.458,1468,498,None,Move,development
1572958461.466,1472,503,None,Move,development
1572958461.475,1475,505,None,Move,development
1572958461.4829998,1479,510,None,Move,development
1572958461.4910002,1484,514,None,Move,development
1572958461.498,1486,516,None,Move,development
1572958461.506,1488,518,None,Move,development
1572958461.514,1488,519,None,Move,development
1572958461.524,1490,521,None,Move,development
1572958461.531,1492,523,None,Move,development
1572958461.538,1495,525,None,Move,development
1572958461.5470002,1497,528,None,Move,development
1572958461.555,1499,531,None,Move,development
1572958461.563,1504,536,None,Move,development
1572958461.571,1510,543,None,Move,development
1572958461.579,1515,549,None,Move,development
1572958461.587,1525,560,None,Move,development
1572958461.595,1534,569,None,Move,development
1572958461.603,1542,578,None,Move,development
1572958461.611,1553,591,None,Move,development
1572958461.6179998,1563,603,None,Move,development
1572958461.627,1572,614,None,Move,development
1572958461.6339998,1580,621,None,Move,development
1572958461.643,1585,626,None,Move,development
1572958461.6520002,1586,629,None,Move,development
1572958461.666,1590,633,None,Move,development
1572958461.674,1592,637,None,Move,development
1572958461.696,1593,639,None,Move,development
1572958461.7029998,1594,640,None,Move,development
1572958461.711,1594,641,None,Move,development
1572958461.73,1594,641,None,Move,development
1572958461.754,1595,642,None,Move,development
1572958461.771,1596,643,None,Move,development
1572958461.842,1596,644,None,Move,development
1572958462.8679998,1594,639,None,Move,development
1572958462.887,1592,633,None,Move,development
1572958462.8920002,1592,630,None,Move,development
1572958462.899,1592,626,None,Move,development
1572958462.908,1592,625,None,Move,development
1572958462.916,1592,623,None,Move,development
1572958462.924,1592,619,None,Move,development
1572958462.931,1594,618,None,Move,development
1572958462.939,1597,616,None,Move,development
1572958462.947,1599,615,None,Move,development
1572958462.955,1601,614,None,Move,development
1572958462.964,1605,612,None,Move,development
1572958462.972,1610,609,None,Move,development
1572958462.98,1617,608,None,Move,development
1572958462.995,1637,608,None,Move,development
1572958463.006,1649,608,None,Move,development
1572958463.022,1670,611,None,Move,development
1572958463.032,1680,613,None,Move,development
1572958463.048,1696,619,None,Move,development
1572958463.059,1699,619,None,Move,development
1572958463.071,1706,621,None,Move,development
1572958463.086,1712,624,None,Move,development
1572958463.101,1715,626,None,Move,development
1572958463.121,1717,627,None,Move,development
1572958463.131,1718,627,None,Move,development
1572958463.141,1721,629,None,Move,development
1572958463.1479998,1723,631,None,Move,development
1572958463.155,1725,632,None,Move,development
1572958463.163,1726,632,None,Move,development
1572958463.171,1727,633,None,Move,development
1572958463.179,1728,633,None,Move,development
1572958463.188,1728,634,None,Move,development
1572958463.196,1729,634,None,Move,development
1572958463.204,1730,634,None,Move,development
1572958463.214,1731,634,None,Move,development
1572958463.22,1732,634,None,Move,development
1572958463.2270002,1733,634,None,Move,development
1572958463.235,1735,634,None,Move,development
1572958463.2429998,1735,633,None,Move,development
1572958463.252,1738,632,None,Move,development
1572958463.26,1743,630,None,Move,development
1572958463.276,1750,626,None,Move,development
1572958463.283,1757,622,None,Move,development
1572958463.291,1763,621,None,Move,development
1572958463.299,1772,618,None,Move,development
1572958463.3079998,1779,617,None,Move,development
1572958463.316,1785,615,None,Move,development
1572958463.324,1790,615,None,Move,development
1572958463.331,1793,614,None,Move,development
1572958463.339,1794,614,None,Move,development
1572958463.347,1795,614,None,Move,development
1572958463.707,1795,614,None,Move,development
1572958464.252,1797,616,None,Move,development
1572958464.26,1797,620,None,Move,development
1572958464.268,1798,624,None,Move,development
1572958464.276,1798,628,None,Move,development
1572958464.292,1798,636,None,Move,development
1572958464.299,1798,639,None,Move,development
1572958464.3079998,1798,642,None,Move,development
1572958464.316,1798,644,None,Move,development
1572958464.325,1798,647,None,Move,development
1572958464.332,1798,649,None,Move,development
1572958464.34,1798,650,None,Move,development
1572958464.3479998,1798,651,None,Move,development
1572958464.355,1797,653,None,Move,development
1572958464.363,1796,654,None,Move,development
1572958464.3720002,1795,655,None,Move,development
1572958464.38,1794,655,None,Move,development
1572958464.3879998,1793,656,None,Move,development
1572958464.396,1793,657,None,Move,development
1572958464.403,1793,657,None,Move,development
1572958464.419,1792,658,None,Move,development
1572958464.436,1792,659,None,Move,development
1572958464.5570002,1790,661,None,Move,development
1572958464.565,1790,664,None,Move,development
1572958464.572,1789,667,None,Move,development
1572958464.58,1788,671,None,Move,development
1572958464.5879998,1786,674,None,Move,development
1572958464.603,1785,677,None,Move,development
1572958464.6120002,1784,682,None,Move,development
1572958464.62,1784,683,None,Move,development
1572958464.6279998,1784,683,None,Move,development
1572958464.6520002,1783,684,None,Move,development
1572958464.947,1783,684,Left,Pressed,development
1572958465.0270002,1783,684,Left,Released,development
1572958465.363,1782,686,None,Move,development
1572958465.371,1782,686,None,Move,development
1572958465.38,1781,687,None,Move,development
1572958465.387,1780,688,None,Move,development
1572958465.396,1779,689,None,Move,development
1572958465.404,1775,691,None,Move,development
1572958465.411,1770,695,None,Move,development
1572958465.42,1761,698,None,Move,development
1572958465.429,1746,704,None,Move,development
1572958465.436,1728,709,None,Move,development
1572958465.449,1714,714,None,Move,development
1572958465.455,1693,719,None,Move,development
1572958465.462,1673,724,None,Move,development
1572958465.468,1653,729,None,Move,development
1572958465.478,1635,734,None,Move,development
1572958465.485,1616,737,None,Move,development
1572958465.492,1604,741,None,Move,development
1572958465.5,1595,743,None,Move,development
1572958465.508,1587,743,None,Move,development
1572958465.516,1584,743,None,Move,development
1572958465.524,1583,743,None,Move,development
1572958466.668,1583,745,None,Move,development
1572958466.678,1584,745,None,Move,development
1572958466.686,1585,745,None,Move,development
1572958466.6929998,1586,746,None,Move,development
1572958466.708,1587,747,None,Move,development
1572958466.728,1588,749,None,Move,development
1572958466.74,1589,749,None,Move,development
1572958466.7470002,1590,750,None,Move,development
1572958466.764,1591,750,None,Move,development
1572958466.779,1592,751,None,Move,development
1572958466.788,1593,751,None,Move,development
1572958466.796,1593,752,None,Move,development
1572958466.812,1593,753,None,Move,development
1572958466.82,1594,753,None,Move,development
1572958466.829,1595,754,None,Move,development
1572958466.853,1595,755,None,Move,development
1572958467.548,1595,746,None,Move,development
1572958467.556,1595,734,None,Move,development
1572958467.564,1592,722,None,Move,development
1572958467.572,1586,699,None,Move,development
1572958467.58,1585,681,None,Move,development
1572958467.5879998,1581,646,None,Move,development
1572958467.596,1581,614,None,Move,development
1572958467.604,1578,576,None,Move,development
1572958467.6120002,1578,547,None,Move,development
1572958467.62,1578,514,None,Move,development
1572958467.6279998,1578,481,None,Move,development
1572958467.6360002,1578,460,None,Move,development
1572958467.644,1578,435,None,Move,development
1572958467.6520002,1579,419,None,Move,development
1572958467.661,1582,409,None,Move,development
1572958467.669,1585,398,None,Move,development
1572958467.677,1586,395,None,Move,development
1572958467.685,1587,393,None,Move,development
1572958467.6920002,1587,392,None,Move,development
1572958467.7,1588,391,None,Move,development
1572958467.822,1588,391,None,Move,development
1572958467.83,1589,395,None,Move,development
1572958467.8379998,1589,400,None,Move,development
1572958467.846,1590,404,None,Move,development
1572958467.854,1591,413,None,Move,development
1572958467.8620002,1594,419,None,Move,development
1572958467.8839998,1600,448,None,Move,development
1572958467.8920002,1603,455,None,Move,development
1572958467.9,1606,464,None,Move,development
1572958467.908,1608,469,None,Move,development
1572958467.916,1608,472,None,Move,development
1572958467.924,1610,475,None,Move,development
1572958467.9320002,1613,480,None,Move,development
1572958467.94,1613,483,None,Move,development
1572958467.948,1615,486,None,Move,development
1572958467.956,1616,490,None,Move,development
1572958467.964,1617,494,None,Move,development
1572958467.972,1618,496,None,Move,development
1572958467.98,1619,498,None,Move,development
1572958467.988,1619,500,None,Move,development
1572958467.996,1620,502,None,Move,development
1572958468.004,1621,504,None,Move,development
1572958468.012,1622,506,None,Move,development
1572958468.02,1623,509,None,Move,development
1572958468.028,1624,511,None,Move,development
1572958468.036,1625,513,None,Move,development
1572958468.044,1626,515,None,Move,development
1572958468.052,1630,518,None,Move,development
1572958468.06,1632,520,None,Move,development
1572958468.0679998,1634,522,None,Move,development
1572958468.077,1639,526,None,Move,development
1572958468.085,1644,529,None,Move,development
1572958468.093,1651,534,None,Move,development
1572958468.1,1658,539,None,Move,development
1572958468.1079998,1665,543,None,Move,development
1572958468.117,1676,547,None,Move,development
1572958468.125,1685,552,None,Move,development
1572958468.133,1695,556,None,Move,development
1572958468.1479998,1706,561,None,Move,development
1572958468.156,1730,570,None,Move,development
1572958468.164,1739,575,None,Move,development
1572958468.1720002,1746,576,None,Move,development
1572958468.18,1754,580,None,Move,development
1572958468.189,1759,583,None,Move,development
1572958468.197,1766,586,None,Move,development
1572958468.205,1770,588,None,Move,development
1572958468.212,1774,590,None,Move,development
1572958468.22,1776,591,None,Move,development
1572958468.228,1780,593,None,Move,development
1572958468.2470002,1785,597,None,Move,development
1572958468.254,1786,598,None,Move,development
1572958468.262,1788,598,None,Move,development
1572958468.269,1788,598,None,Move,development
1572958468.276,1789,599,None,Move,development
1572958468.292,1790,599,None,Move,development
1572958468.3079998,1790,600,None,Move,development
1572958468.484,1790,601,None,Move,development
1572958468.492,1790,603,None,Move,development
1572958468.5,1790,604,None,Move,development
1572958468.516,1790,604,None,Move,development
1572958468.524,1790,605,None,Move,development
1572958468.532,1790,606,None,Move,development
1572958468.54,1790,607,None,Move,development
1572958468.548,1790,608,None,Move,development
1572958468.556,1791,610,None,Move,development
1572958468.564,1792,613,None,Move,development
1572958468.572,1795,616,None,Move,development
1572958468.58,1796,621,None,Move,development
1572958468.589,1799,628,None,Move,development
1572958468.596,1800,632,None,Move,development
1572958468.604,1804,643,None,Move,development
1572958468.6120002,1809,656,None,Move,development
1572958468.62,1814,668,None,Move,development
1572958468.6279998,1818,677,None,Move,development
1572958468.6360002,1824,686,None,Move,development
1572958468.644,1828,693,None,Move,development
1572958468.6520002,1831,700,None,Move,development
1572958468.66,1834,705,None,Move,development
1572958468.668,1835,707,None,Move,development
1572958468.676,1836,709,None,Move,development
1572958468.684,1836,710,None,Move,development
1572958468.732,1836,712,None,Move,development
1572958468.74,1834,713,None,Move,development
1572958468.748,1830,716,None,Move,development
1572958468.756,1825,719,None,Move,development
1572958468.765,1820,721,None,Move,development
1572958468.7729998,1808,726,None,Move,development
1572958468.781,1799,729,None,Move,development
1572958468.789,1790,732,None,Move,development
1572958468.7970002,1778,733,None,Move,development
1572958468.812,1768,735,None,Move,development
1572958468.82,1743,737,None,Move,development
1572958468.83,1733,738,None,Move,development
1572958468.8379998,1725,738,None,Move,development
1572958468.846,1718,738,None,Move,development
1572958468.853,1710,738,None,Move,development
1572958468.8679998,1705,738,None,Move,development
1572958468.8760002,1699,735,None,Move,development
1572958468.8839998,1697,735,None,Move,development
1572958468.9,1696,735,None,Move,development
1572958469.413,1696,734,None,Move,development
1572958469.421,1696,733,None,Move,development
1572958469.428,1699,729,None,Move,development
1572958469.436,1702,727,None,Move,development
1572958469.445,1705,722,None,Move,development
1572958469.4529998,1710,715,None,Move,development
1572958469.461,1713,710,None,Move,development
1572958469.469,1717,705,None,Move,development
1572958469.476,1722,698,None,Move,development
1572958469.484,1725,692,None,Move,development
1572958469.492,1728,689,None,Move,development
1572958469.5,1731,686,None,Move,development
1572958469.508,1735,682,None,Move,development
1572958469.516,1738,679,None,Move,development
1572958469.525,1740,676,None,Move,development
1572958469.533,1745,673,None,Move,development
1572958469.541,1747,671,None,Move,development
1572958469.549,1748,669,None,Move,development
1572958469.5570002,1749,666,None,Move,development
1572958469.565,1749,666,None,Move,development
1572958469.573,1750,665,None,Move,development
1572958469.581,1750,664,None,Move,development
1572958469.5879998,1750,662,None,Move,development
1572958469.596,1750,661,None,Move,development
1572958469.604,1750,660,None,Move,development
1572958469.6120002,1751,660,None,Move,development
1572958469.62,1752,658,None,Move,development
1572958469.6279998,1752,657,None,Move,development
1572958469.637,1752,655,None,Move,development
1572958469.645,1754,653,None,Move,development
1572958469.6520002,1754,651,None,Move,development
1572958469.66,1755,649,None,Move,development
1572958469.668,1755,647,None,Move,development
1572958469.676,1756,645,None,Move,development
1572958469.684,1757,643,None,Move,development
1572958469.6929998,1758,640,None,Move,development
1572958469.708,1759,638,None,Move,development
1572958469.716,1760,634,None,Move,development
1572958469.724,1761,634,None,Move,development
1572958469.734,1762,632,None,Move,development
1572958469.7489998,1763,632,None,Move,development
1572958469.7570002,1763,631,None,Move,development
1572958469.764,1763,630,None,Move,development
1572958469.796,1764,629,None,Move,development
1572958469.804,1765,628,None,Move,development
1572958469.836,1765,627,None,Move,development
1572958469.86,1766,626,None,Move,development
1572958469.908,1767,625,None,Move,development
1572958469.925,1768,622,None,Move,development
1572958469.9320002,1768,622,None,Move,development
1572958469.94,1769,620,None,Move,development
1572958469.948,1769,618,None,Move,development
1572958469.956,1770,616,None,Move,development
1572958469.964,1770,613,None,Move,development
1572958469.972,1771,611,None,Move,development
1572958469.981,1772,608,None,Move,development
1572958469.9889998,1772,607,None,Move,development
1572958469.996,1772,606,None,Move,development
1572958470.004,1772,605,None,Move,development
1572958470.012,1772,604,None,Move,development
1572958472.219,1773,604,None,Move,development
1572958472.228,1773,606,None,Move,development
1572958472.234,1774,606,None,Move,development
1572958472.242,1775,608,None,Move,development
1572958472.258,1776,610,None,Move,development
1572958472.275,1777,611,None,Move,development
1572958472.283,1777,612,None,Move,development
1572958472.291,1778,613,None,Move,development
1572958472.306,1779,614,None,Move,development
1572958472.314,1779,615,None,Move,development
1572958472.61,1779,616,None,Move,development
1572958472.6279998,1779,616,None,Move,development
1572958472.691,1779,617,None,Move,development
1572958472.722,1779,618,None,Move,development
1572958473.674,1779,619,None,Move,development
1572958473.6829998,1779,620,None,Move,development
1572958475.107,1778,622,None,Move,development
1572958475.115,1775,622,None,Move,development
1572958475.123,1771,622,None,Move,development
1572958475.1339998,1765,622,None,Move,development
1572958475.1420002,1762,622,None,Move,development
1572958475.149,1754,620,None,Move,development
1572958475.157,1742,619,None,Move,development
1572958475.163,1732,616,None,Move,development
1572958475.171,1721,613,None,Move,development
1572958475.1829998,1714,610,None,Move,development
1572958475.19,1706,610,None,Move,development
1572958475.199,1701,609,None,Move,development
1572958475.207,1697,608,None,Move,development
1572958475.215,1694,607,None,Move,development
1572958475.222,1693,607,None,Move,development
1572958475.229,1692,607,None,Move,development
1572958478.0029998,1690,606,None,Move,development
1572958478.0110002,1688,604,None,Move,development
1572958478.019,1686,600,None,Move,development
1572958478.0270002,1683,598,None,Move,development
1572958478.036,1680,596,None,Move,development
1572958478.044,1678,592,None,Move,development
1572958478.052,1674,588,None,Move,development
1572958478.06,1668,580,None,Move,development
1572958478.0670002,1664,573,None,Move,development
1572958478.075,1658,564,None,Move,development
1572958478.083,1654,554,None,Move,development
1572958478.091,1651,547,None,Move,development
1572958478.1,1646,532,None,Move,development
1572958478.1079998,1641,514,None,Move,development
1572958478.1160002,1634,490,None,Move,development
1572958478.123,1628,466,None,Move,development
1572958478.131,1625,448,None,Move,development
1572958478.139,1621,420,None,Move,development
1572958478.147,1613,391,None,Move,development
1572958478.165,1604,344,None,Move,development
1572958478.173,1601,326,None,Move,development
1572958478.179,1597,312,None,Move,development
1572958478.187,1596,299,None,Move,development
1572958478.195,1594,289,None,Move,development
1572958478.2029998,1593,279,None,Move,development
1572958478.211,1591,270,None,Move,development
1572958478.219,1590,262,None,Move,development
1572958478.228,1589,255,None,Move,development
1572958478.235,1587,249,None,Move,development
1572958478.2429998,1586,242,None,Move,development
1572958478.2510002,1585,234,None,Move,development
1572958478.2589998,1583,227,None,Move,development
1572958478.2670002,1582,219,None,Move,development
1572958478.276,1581,214,None,Move,development
1572958478.284,1579,204,None,Move,development
1572958478.291,1578,199,None,Move,development
1572958478.299,1577,195,None,Move,development
1572958478.3070002,1577,192,None,Move,development
1572958478.315,1576,188,None,Move,development
1572958478.323,1575,184,None,Move,development
1572958478.331,1574,182,None,Move,development
1572958478.34,1574,177,None,Move,development
1572958478.347,1574,175,None,Move,development
1572958478.355,1574,173,None,Move,development
1572958478.363,1574,171,None,Move,development
1572958478.371,1574,170,None,Move,development
1572958478.379,1574,166,None,Move,development
1572958478.3879998,1574,162,None,Move,development
1572958478.396,1574,154,None,Move,development
1572958478.403,1574,146,None,Move,development
1572958478.411,1577,133,None,Move,development
1572958478.419,1579,121,None,Move,development
1572958478.428,1582,109,None,Move,development
1572958478.436,1585,94,None,Move,development
1572958478.444,1588,84,None,Move,development
1572958478.452,1591,77,None,Move,development
1572958478.46,1593,72,None,Move,development
1572958478.467,1594,71,None,Move,development
1572958478.475,1595,71,None,Move,development
1572958542.881,1596,69,None,Move,development
1572958542.894,1591,36,None,Move,development
1572958543.008,1594,35,None,Move,development
1572958543.02,1603,35,None,Move,development
1572958543.032,1607,35,None,Move,development
1572958543.043,1608,35,None,Move,development
1572958543.065,1608,37,None,Move,development
1572958543.077,1607,40,None,Move,development
1572958543.09,1597,59,None,Move,development
1572958543.103,1594,69,None,Move,development
1572958543.117,1592,92,None,Move,development
1572958543.123,1594,100,None,Move,development
1572958543.135,1599,106,None,Move,development
1572958543.149,1607,110,None,Move,development
1572958543.16,1607,110,None,Move,development
1572958543.216,1607,112,None,Move,development
1572958543.225,1607,125,None,Move,development
1572958543.232,1607,149,None,Move,development
1572958543.242,1607,190,None,Move,development
1572958543.252,1607,227,None,Move,development
1572958543.262,1606,257,None,Move,development
1572958543.272,1606,305,None,Move,development
1572958543.283,1606,321,None,Move,development
1572958543.295,1606,333,None,Move,development
1572958543.305,1609,354,None,Move,development
1572958543.315,1610,360,None,Move,development
1572958543.323,1610,365,None,Move,development
1572958543.335,1610,368,None,Move,development
1572958543.347,1610,370,None,Move,development
1572958543.408,1612,371,None,Move,development
1572958543.418,1614,373,None,Move,development
1572958543.428,1619,379,None,Move,development
1572958543.438,1625,387,None,Move,development
1572958543.449,1641,414,None,Move,development
1572958543.457,1648,435,None,Move,development
1572958543.465,1653,453,None,Move,development
1572958543.476,1653,469,None,Move,development
1572958543.486,1650,478,None,Move,development
1572958543.496,1643,482,None,Move,development
1572958543.505,1610,485,None,Move,development
1572958543.516,1584,477,None,Move,development
1572958543.525,1554,467,None,Move,development
1572958543.534,1529,459,None,Move,development
1572958543.544,1526,458,None,Move,development
1572958543.792,1524,460,None,Move,development
1572958543.804,1520,470,None,Move,development
1572958543.81,1515,479,None,Move,development
1572958543.819,1514,483,None,Move,development
1572958543.827,1511,490,None,Move,development
1572958543.835,1510,497,None,Move,development
1572958543.841,1510,505,None,Move,development
1572958543.847,1510,508,None,Move,development
1572958543.88,1510,509,None,Move,development
1572958543.889,1510,510,None,Move,development
1572958543.904,1512,510,None,Move,development
1572958543.9120002,1513,510,None,Move,development
1572958543.92,1513,510,None,Move,development
1572958543.928,1515,510,None,Move,development
1572958543.968,1516,510,None,Move,development
1572958544.04,1517,510,None,Move,development
1572958544.056,1518,510,None,Move,development
1572958544.081,1519,510,None,Move,development
1572958544.393,1520,510,None,Move,development
1572958544.425,1520,510,None,Move,development
1572958545.396,1526,514,None,Move,development
1572958545.404,1565,553,None,Move,development
1572958545.4120002,1578,566,None,Move,development
1572958545.42,1597,584,None,Move,development
1572958545.429,1636,624,None,Move,development
1572958545.437,1679,667,None,Move,development
1572958545.445,1743,731,None,Move,development
1572958545.452,1794,782,None,Move,development
1572958545.471,1838,825,None,Move,development
1572958545.478,1949,930,None,Move,development
1572958545.4870002,1937,944,None,Move,development
1572958545.495,1934,958,None,Move,development
1572958545.504,1932,969,None,Move,development
1572958545.512,1926,975,None,Move,development
1572958545.52,1924,979,None,Move,development
1572958545.5270002,1923,981,None,Move,development
1572958545.535,1919,982,None,Move,development
1572958545.711,1919,982,None,Move,development
1572958545.718,1918,981,None,Move,development
1572958545.7270002,1917,979,None,Move,development
1572958545.736,1913,974,None,Move,development
1572958545.745,1911,971,None,Move,development
1572958545.754,1905,962,None,Move,development
1572958545.762,1900,955,None,Move,development
1572958545.77,1888,942,None,Move,development
1572958545.779,1879,931,None,Move,development
1572958545.789,1865,916,None,Move,development
1572958545.799,1842,888,None,Move,development
1572958545.806,1827,873,None,Move,development
1572958545.816,1813,855,None,Move,development
1572958545.824,1799,838,None,Move,development
1572958545.833,1786,824,None,Move,development
1572958545.843,1770,807,None,Move,development
1572958545.85,1758,793,None,Move,development
1572958545.86,1745,780,None,Move,development
1572958545.867,1731,765,None,Move,development
1572958545.873,1720,756,None,Move,development
1572958545.883,1711,744,None,Move,development
1572958545.891,1701,733,None,Move,development
1572958545.9,1691,720,None,Move,development
1572958545.911,1670,696,None,Move,development
1572958545.919,1664,689,None,Move,development
1572958545.926,1658,684,None,Move,development
1572958545.935,1655,680,None,Move,development
1572958545.9420002,1652,677,None,Move,development
1572958545.952,1650,675,None,Move,development
1572958545.962,1648,673,None,Move,development
1572958545.971,1647,672,None,Move,development
1572958545.978,1647,671,None,Move,development
1572958547.631,1647,669,None,Move,development
1572958547.637,1647,665,None,Move,development
1572958547.647,1648,660,None,Move,development
1572958547.655,1648,656,None,Move,development
1572958547.664,1648,650,None,Move,development
1572958547.6720002,1649,639,None,Move,development
1572958547.679,1649,631,None,Move,development
1572958547.687,1651,621,None,Move,development
1572958547.696,1652,609,None,Move,development
1572958547.705,1655,598,None,Move,development
1572958547.712,1658,588,None,Move,development
1572958547.718,1663,579,None,Move,development
1572958547.7270002,1667,570,None,Move,development
1572958547.735,1671,563,None,Move,development
1572958547.744,1675,556,None,Move,development
1572958547.75,1678,552,None,Move,development
1572958547.758,1680,549,None,Move,development
1572958547.7670002,1684,544,None,Move,development
1572958547.776,1685,542,None,Move,development
1572958547.791,1687,537,None,Move,development
1572958547.8,1691,532,None,Move,development
1572958547.809,1692,527,None,Move,development
1572958547.8170002,1693,525,None,Move,development
1572958547.826,1695,522,None,Move,development
1572958547.835,1696,520,None,Move,development
1572958547.843,1697,517,None,Move,development
1572958547.853,1700,513,None,Move,development
1572958547.861,1702,510,None,Move,development
1572958547.869,1704,508,None,Move,development
1572958547.877,1704,506,None,Move,development
1572958547.885,1705,505,None,Move,development
1572958547.8920002,1706,504,None,Move,development
1572958547.901,1707,503,None,Move,development
1572958549.264,1709,499,None,Move,development
1572958549.272,1709,495,None,Move,development
1572958549.28,1710,490,None,Move,development
1572958549.2870002,1711,482,None,Move,development
1572958549.296,1712,477,None,Move,development
1572958549.303,1714,471,None,Move,development
1572958549.311,1715,464,None,Move,development
1572958549.32,1718,459,None,Move,development
1572958549.327,1719,453,None,Move,development
1572958549.336,1720,448,None,Move,development
1572958549.343,1723,439,None,Move,development
1572958549.351,1725,434,None,Move,development
1572958549.357,1728,426,None,Move,development
1572958549.367,1731,421,None,Move,development
1572958549.375,1733,414,None,Move,development
1572958549.383,1736,409,None,Move,development
1572958549.3920002,1738,404,None,Move,development
1572958549.4,1739,401,None,Move,development
1572958549.408,1742,397,None,Move,development
1572958549.416,1744,394,None,Move,development
1572958549.4220002,1745,392,None,Move,development
1572958549.431,1747,389,None,Move,development
1572958549.439,1748,387,None,Move,development
1572958549.448,1749,383,None,Move,development
1572958549.455,1750,380,None,Move,development
1572958549.462,1751,379,None,Move,development
1572958549.471,1752,376,None,Move,development
1572958549.478,1753,373,None,Move,development
1572958549.4870002,1754,371,None,Move,development
1572958549.495,1755,368,None,Move,development
1572958549.502,1758,363,None,Move,development
1572958549.5110002,1759,361,None,Move,development
1572958549.519,1760,357,None,Move,development
1572958549.526,1761,354,None,Move,development
1572958549.534,1762,351,None,Move,development
1572958549.543,1763,346,None,Move,development
1572958549.551,1766,339,None,Move,development
1572958549.564,1767,336,None,Move,development
1572958549.572,1768,333,None,Move,development
1572958549.581,1768,330,None,Move,development
1572958549.587,1769,325,None,Move,development
1572958549.596,1769,323,None,Move,development
1572958549.603,1771,319,None,Move,development
1572958549.6120002,1772,317,None,Move,development
1572958549.621,1772,315,None,Move,development
1572958549.63,1773,313,None,Move,development
1572958549.637,1774,310,None,Move,development
1572958549.645,1774,310,None,Move,development
1572958549.655,1774,309,None,Move,development
1572958549.695,1774,308,None,Move,development
1572958549.711,1775,307,None,Move,development
1572958549.7270002,1775,306,None,Move,development
1572958549.742,1776,305,None,Move,development
1572958549.783,1777,303,None,Move,development
1572958549.799,1778,301,None,Move,development
1572958549.809,1779,298,None,Move,development
1572958549.824,1781,294,None,Move,development
1572958549.833,1782,293,None,Move,development
1572958549.839,1782,292,None,Move,development
1572958549.847,1783,292,None,Move,development
1572958549.946,1783,292,Left,Pressed,development
1572958550.034,1783,292,Left,Released,development
1572958550.4320002,1783,292,None,Move,development
1572958550.4420002,1783,305,None,Move,development
1572958550.45,1784,313,None,Move,development
1572958550.458,1786,324,None,Move,development
1572958550.464,1786,334,None,Move,development
1572958550.474,1787,342,None,Move,development
1572958550.482,1787,358,None,Move,development
1572958550.49,1789,374,None,Move,development
1572958550.498,1791,390,None,Move,development
1572958550.5070002,1792,406,None,Move,development
1572958550.519,1794,422,None,Move,development
1572958550.5270002,1797,439,None,Move,development
1572958550.5370002,1800,455,None,Move,development
1572958550.549,1807,482,None,Move,development
1572958550.559,1810,498,None,Move,development
1572958550.5670002,1813,507,None,Move,development
1572958550.573,1816,517,None,Move,development
1572958550.58,1820,528,None,Move,development
1572958550.587,1823,535,None,Move,development
1572958550.595,1826,543,None,Move,development
1572958550.603,1827,550,None,Move,development
1572958550.611,1827,553,None,Move,development
1572958550.617,1830,558,None,Move,development
1572958550.625,1831,566,None,Move,development
1572958550.633,1832,571,None,Move,development
1572958550.6420002,1832,574,None,Move,development
1572958550.649,1833,579,None,Move,development
1572958550.658,1833,583,None,Move,development
1572958550.666,1834,588,None,Move,development
1572958550.674,1834,592,None,Move,development
1572958550.6820002,1834,595,None,Move,development
1572958550.69,1834,599,None,Move,development
1572958550.696,1834,603,None,Move,development
1572958550.705,1834,608,None,Move,development
1572958550.712,1834,610,None,Move,development
1572958550.721,1834,611,None,Move,development
1572958550.73,1834,613,None,Move,development
1572958550.738,1834,617,None,Move,development
1572958550.746,1834,618,None,Move,development
1572958550.754,1834,620,None,Move,development
1572958550.7610002,1834,621,None,Move,development
1572958550.769,1834,622,None,Move,development
1572958550.7770002,1834,623,None,Move,development
1572958550.785,1834,624,None,Move,development
1572958550.801,1834,625,None,Move,development
1572958551.235,1831,625,None,Move,development
1572958551.248,1828,622,None,Move,development
1572958551.262,1820,620,None,Move,development
1572958551.27,1815,616,None,Move,development
1572958551.283,1800,612,None,Move,development
1572958551.292,1791,608,None,Move,development
1572958551.3,1781,603,None,Move,development
1572958551.306,1770,600,None,Move,development
1572958551.314,1755,594,None,Move,development
1572958551.322,1745,591,None,Move,development
1572958551.33,1734,586,None,Move,development
1572958551.337,1725,583,None,Move,development
1572958551.345,1718,579,None,Move,development
1572958551.353,1710,576,None,Move,development
1572958551.361,1701,572,None,Move,development
1572958551.369,1692,569,None,Move,development
1572958551.377,1687,565,None,Move,development
1572958551.385,1682,561,None,Move,development
1572958551.393,1677,559,None,Move,development
1572958551.401,1672,555,None,Move,development
1572958551.409,1668,552,None,Move,development
1572958551.417,1666,550,None,Move,development
1572958551.426,1664,549,None,Move,development
1572958551.434,1663,548,None,Move,development
1572958551.4420002,1662,548,None,Move,development
1572958551.449,1662,547,None,Move,development
1572958551.458,1660,545,None,Move,development
1572958551.466,1658,543,None,Move,development
1572958551.474,1656,542,None,Move,development
1572958551.481,1656,541,None,Move,development
1572958551.49,1655,540,None,Move,development
1572958551.4970002,1654,539,None,Move,development
1572958551.505,1653,538,None,Move,development
1572958553.649,1653,537,None,Move,development
1572958719.6120002,1640,544,None,Move,development
1572958719.644,1565,558,None,Move,development
1572958719.669,1565,558,None,Move,development
1572958719.677,1568,558,None,Move,development
1572958719.685,1572,558,None,Move,development
1572958719.6920002,1576,561,None,Move,development
1572958719.7,1582,563,None,Move,development
1572958719.709,1589,567,None,Move,development
1572958719.728,1606,581,None,Move,development
1572958719.734,1611,585,None,Move,development
1572958719.742,1620,592,None,Move,development
1572958719.7489998,1627,600,None,Move,development
1572958719.756,1637,613,None,Move,development
1572958719.765,1647,626,None,Move,development
1572958719.7729998,1657,639,None,Move,development
1572958719.781,1668,656,None,Move,development
1572958719.789,1680,672,None,Move,development
1572958719.7970002,1699,693,None,Move,development
1572958719.805,1711,708,None,Move,development
1572958719.812,1727,726,None,Move,development
1572958719.82,1738,739,None,Move,development
1572958719.829,1750,752,None,Move,development
1572958719.837,1760,767,None,Move,development
1572958719.845,1767,778,None,Move,development
1572958719.853,1769,786,None,Move,development
1572958719.861,1770,793,None,Move,development
1572958719.8679998,1769,798,None,Move,development
1572958719.8760002,1763,803,None,Move,development
1572958719.885,1757,806,None,Move,development
1572958719.893,1746,812,None,Move,development
1572958719.901,1731,817,None,Move,development
1572958719.909,1719,820,None,Move,development
1572958719.917,1705,820,None,Move,development
1572958719.936,1693,820,None,Move,development
1572958719.952,1678,818,None,Move,development
1572958719.961,1632,793,None,Move,development
1572958719.969,1603,773,None,Move,development
1572958719.9770002,1596,765,None,Move,development
1572958719.984,1590,758,None,Move,development
1572958719.9929998,1586,749,None,Move,development
1572958720.0010002,1585,741,None,Move,development
1572958720.0089998,1583,729,None,Move,development
1572958720.0170002,1583,715,None,Move,development
1572958720.025,1583,703,None,Move,development
1572958720.033,1583,691,None,Move,development
1572958720.04,1583,677,None,Move,development
1572958720.048,1585,668,None,Move,development
1572958720.0570002,1586,663,None,Move,development
1572958720.065,1589,657,None,Move,development
1572958720.073,1590,653,None,Move,development
1572958720.081,1591,651,None,Move,development
1572958720.089,1591,649,None,Move,development
1572958720.096,1592,648,None,Move,development
1572958720.121,1592,648,None,Move,development
1572958721.0029998,1590,648,None,Move,development
1572958721.0110002,1589,648,None,Move,development
1572958721.019,1587,648,None,Move,development
1572958721.0270002,1586,652,None,Move,development
1572958721.043,1585,653,None,Move,development
1572958721.051,1584,651,None,Move,development
1572958721.059,1584,646,None,Move,development
1572958721.0670002,1584,644,None,Move,development
1572958721.075,1584,642,None,Move,development
1572958721.354,1583,642,None,Move,development
1572958721.3620002,1582,646,None,Move,development
1572958721.37,1580,650,None,Move,development
1572958721.3779998,1578,653,None,Move,development
1572958721.387,1578,654,None,Move,development
1572958721.393,1574,654,None,Move,development
1572958721.4020002,1572,652,None,Move,development
1572958721.41,1571,648,None,Move,development
1572958721.419,1567,645,None,Move,development
1572958721.426,1565,641,None,Move,development
1572958721.434,1563,638,None,Move,development
1572958721.4420002,1562,635,None,Move,development
1572958721.451,1560,632,None,Move,development
1572958721.458,1559,629,None,Move,development
1572958721.466,1558,625,None,Move,development
1572958721.474,1558,622,None,Move,development
1572958721.482,1557,617,None,Move,development
1572958721.49,1556,612,None,Move,development
1572958721.498,1556,606,None,Move,development
1572958721.5070002,1556,602,None,Move,development
1572958721.514,1556,596,None,Move,development
1572958721.522,1556,587,None,Move,development
1572958721.531,1559,579,None,Move,development
1572958721.538,1562,570,None,Move,development
1572958721.546,1567,559,None,Move,development
1572958721.554,1571,549,None,Move,development
1572958721.562,1576,540,None,Move,development
1572958721.569,1585,529,None,Move,development
1572958721.579,1595,519,None,Move,development
1572958721.586,1606,508,None,Move,development
1572958721.595,1615,502,None,Move,development
1572958721.603,1630,496,None,Move,development
1572958721.61,1646,491,None,Move,development
1572958721.619,1664,489,None,Move,development
1572958721.627,1682,489,None,Move,development
1572958721.6339998,1700,491,None,Move,development
1572958721.6420002,1716,496,None,Move,development
1572958721.651,1731,503,None,Move,development
1572958721.659,1746,511,None,Move,development
1572958721.666,1752,518,None,Move,development
1572958721.675,1758,527,None,Move,development
1572958721.681,1759,532,None,Move,development
1572958721.69,1759,535,None,Move,development
1572958721.699,1759,540,None,Move,development
1572958721.706,1758,543,None,Move,development
1572958721.714,1756,544,None,Move,development
1572958721.722,1753,546,None,Move,development
1572958721.73,1751,548,None,Move,development
1572958721.738,1749,549,None,Move,development
1572958721.746,1747,550,None,Move,development
1572958721.755,1746,551,None,Move,development
1572958721.762,1745,551,None,Move,development
1572958721.899,1745,552,None,Move,development
1572958721.906,1745,553,None,Move,development
1572958721.915,1745,554,None,Move,development
1572958721.9220002,1745,554,None,Move,development
1572958721.931,1745,556,None,Move,development
1572958721.939,1746,557,None,Move,development
1572958721.947,1747,558,None,Move,development
1572958721.955,1747,559,None,Move,development
1572958721.971,1747,560,None,Move,development
1572958722.059,1747,560,None,Move,development
1572958722.0670002,1747,559,None,Move,development
1572958722.083,1747,558,None,Move,development
1572958722.091,1747,557,None,Move,development
1572958722.115,1747,556,None,Move,development
1572958722.139,1747,556,None,Move,development
1572958722.147,1746,555,None,Move,development
1572958722.155,1745,554,None,Move,development
1572958722.1620002,1745,554,None,Move,development
1572958722.171,1744,554,None,Move,development
1572958722.179,1742,553,None,Move,development
1572958722.187,1741,552,None,Move,development
1572958722.218,1740,551,None,Move,development
1572958722.235,1740,550,None,Move,development
1572958722.2510002,1740,550,None,Move,development
1572958722.258,1740,549,None,Move,development
1572958722.275,1740,547,None,Move,development
1572958722.291,1740,546,None,Move,development
1572958722.3070002,1740,545,None,Move,development
1572958722.315,1740,544,None,Move,development
1572958722.339,1740,543,None,Move,development
1572958722.363,1740,543,None,Move,development
1572958722.395,1740,542,None,Move,development
1572958722.419,1740,541,None,Move,development
1572958722.4420002,1740,540,None,Move,development
1572958722.451,1740,539,None,Move,development
1572958722.458,1740,538,None,Move,development
1572958722.467,1741,536,None,Move,development
1572958722.475,1742,534,None,Move,development
1572958722.482,1742,534,None,Move,development
1572958722.4910002,1742,533,None,Move,development
1572958722.498,1742,532,None,Move,development
1572958722.515,1742,531,None,Move,development
1572958722.539,1743,530,None,Move,development
1572958722.675,1744,529,None,Move,development
1572958722.691,1744,528,None,Move,development
1572958722.699,1744,528,None,Move,development
1572958722.715,1744,527,None,Move,development
1572958722.899,1745,526,None,Move,development
1572958722.907,1745,525,None,Move,development
1572958722.915,1745,524,None,Move,development
1572958722.939,1745,523,None,Move,development
1572958723.155,1745,521,None,Move,development
1572958723.2029998,1745,521,None,Move,development
1572958723.219,1745,521,None,Move,development
1572958723.235,1744,521,None,Move,development
1572958723.2429998,1743,521,None,Move,development
1572958723.2510002,1742,521,None,Move,development
1572958723.2589998,1741,521,None,Move,development
1572958723.2670002,1739,521,None,Move,development
1572958723.275,1737,521,None,Move,development
1572958723.283,1735,520,None,Move,development
1572958723.291,1733,518,None,Move,development
1572958723.299,1730,516,None,Move,development
1572958723.3070002,1726,514,None,Move,development
1572958723.315,1725,512,None,Move,development
1572958723.323,1721,508,None,Move,development
1572958723.331,1718,507,None,Move,development
1572958723.339,1714,503,None,Move,development
1572958723.347,1709,501,None,Move,development
1572958723.355,1704,498,None,Move,development
1572958723.363,1697,496,None,Move,development
1572958723.371,1690,493,None,Move,development
1572958723.379,1680,490,None,Move,development
1572958723.387,1667,487,None,Move,development
1572958723.395,1657,484,None,Move,development
1572958723.403,1644,482,None,Move,development
1572958723.411,1630,479,None,Move,development
1572958723.419,1620,478,None,Move,development
1572958723.427,1607,476,None,Move,development
1572958723.435,1599,473,None,Move,development
1572958723.4429998,1594,473,None,Move,development
1572958723.452,1586,470,None,Move,development
1572958723.459,1582,470,None,Move,development
1572958723.467,1579,469,None,Move,development
1572958723.475,1575,468,None,Move,development
1572958723.4829998,1573,468,None,Move,development
1572958723.4989998,1573,467,None,Move,development
1572958723.5470002,1572,467,None,Move,development
1572958723.564,1571,466,None,Move,development
1572958723.756,1571,464,None,Move,development
1572958723.811,1571,463,None,Move,development
1572958723.851,1571,462,None,Move,development
1572958723.891,1571,461,None,Move,development
1572958723.907,1571,460,None,Move,development
1572958723.931,1572,460,None,Move,development
1572958724.427,1572,460,None,Move,development
1572958724.4420002,1570,461,None,Move,development
1572958724.451,1569,462,None,Move,development
1572958725.211,1569,462,None,Move,development
1572958725.347,1568,462,None,Move,development
1572958725.38,1569,461,None,Move,development
1572958725.3879998,1570,461,None,Move,development
1572958725.8739998,1570,461,None,Move,development
1572958725.891,1569,461,None,Move,development
1572958725.924,1568,461,None,Move,development
1572958725.981,1567,461,None,Move,development
1572958727.084,1568,463,None,Move,development
1572958727.091,1571,466,None,Move,development
1572958727.099,1575,474,None,Move,development
1572958727.1079998,1577,477,None,Move,development
1572958727.1160002,1581,485,None,Move,development
1572958727.1239998,1587,494,None,Move,development
1572958727.1320002,1591,503,None,Move,development
1572958727.14,1598,516,None,Move,development
1572958727.147,1604,527,None,Move,development
1572958727.155,1612,540,None,Move,development
1572958727.164,1618,552,None,Move,development
1572958727.186,1648,616,None,Move,development
1572958727.195,1654,632,None,Move,development
1572958727.202,1661,647,None,Move,development
1572958727.218,1667,664,None,Move,development
1572958727.2270002,1686,712,None,Move,development
1572958727.25,1693,737,None,Move,development
1572958727.2670002,1732,843,None,Move,development
1572958727.275,1758,913,None,Move,development
1572958727.284,1766,926,None,Move,development
1572958727.292,1771,938,None,Move,development
1572958727.3,1777,949,None,Move,development
1572958727.3079998,1785,960,None,Move,development
1572958727.316,1789,965,None,Move,development
1572958727.324,1794,971,None,Move,development
1572958727.331,1798,974,None,Move,development
1572958727.34,1800,976,None,Move,development
1572958727.3479998,1803,980,None,Move,development
1572958727.356,1804,981,None,Move,development
1572958727.3639998,1804,982,None,Move,development
1572958727.38,1806,983,None,Move,development
1572958727.387,1806,984,None,Move,development
1572958727.404,1806,985,None,Move,development
1572958727.428,1806,987,None,Move,development
1572958727.532,1806,987,None,Move,development
1572958727.54,1806,985,None,Move,development
1572958727.5470002,1805,983,None,Move,development
1572958727.555,1805,980,None,Move,development
1572958727.564,1804,977,None,Move,development
1572958727.572,1804,974,None,Move,development
1572958727.58,1803,970,None,Move,development
1572958727.5879998,1803,964,None,Move,development
1572958727.596,1802,961,None,Move,development
1572958727.603,1802,957,None,Move,development
1572958727.611,1801,953,None,Move,development
1572958727.62,1800,949,None,Move,development
1572958727.6279998,1800,944,None,Move,development
1572958727.6360002,1799,940,None,Move,development
1572958727.644,1797,933,None,Move,development
1572958727.6520002,1795,928,None,Move,development
1572958727.659,1793,922,None,Move,development
1572958727.667,1792,918,None,Move,development
1572958727.676,1792,914,None,Move,development
1572958727.684,1791,909,None,Move,development
1572958727.6920002,1790,907,None,Move,development
1572958727.7,1790,903,None,Move,development
1572958727.708,1790,898,None,Move,development
1572958727.728,1790,891,None,Move,development
1572958727.7329998,1790,886,None,Move,development
1572958727.74,1790,882,None,Move,development
1572958727.755,1790,875,None,Move,development
1572958727.764,1790,869,None,Move,development
1572958727.771,1790,866,None,Move,development
1572958727.779,1790,863,None,Move,development
1572958727.7870002,1792,860,None,Move,development
1572958727.796,1792,858,None,Move,development
1572958727.804,1792,854,None,Move,development
1572958727.812,1793,852,None,Move,development
1572958727.82,1793,850,None,Move,development
1572958727.8279998,1793,849,None,Move,development
1572958727.843,1793,848,None,Move,development
1572958727.916,1793,847,None,Move,development
1572958727.9320002,1794,846,None,Move,development
1572958727.947,1794,845,None,Move,development
1572958727.955,1794,843,None,Move,development
1572958727.972,1794,841,None,Move,development
1572958728.004,1794,841,None,Move,development
1572958728.1720002,1794,840,None,Move,development
1572958728.179,1794,837,None,Move,development
1572958728.187,1794,836,None,Move,development
1572958728.196,1794,835,None,Move,development
1572958728.204,1794,834,None,Move,development
1572958728.212,1794,833,None,Move,development
1572958728.22,1794,832,None,Move,development
1572958728.228,1794,832,None,Move,development
1572958728.235,1793,831,None,Move,development
1572958728.2429998,1792,830,None,Move,development
1572958728.252,1789,828,None,Move,development
1572958728.26,1786,827,None,Move,development
1572958728.268,1781,824,None,Move,development
1572958728.276,1776,821,None,Move,development
1572958728.284,1769,818,None,Move,development
1572958728.291,1758,812,None,Move,development
1572958728.299,1743,803,None,Move,development
1572958728.3079998,1730,797,None,Move,development
1572958728.316,1708,784,None,Move,development
1572958728.324,1695,776,None,Move,development
1572958728.332,1683,770,None,Move,development
1572958728.34,1670,760,None,Move,development
1572958728.3479998,1659,754,None,Move,development
1572958728.355,1649,746,None,Move,development
1572958728.3639998,1644,742,None,Move,development
1572958728.3720002,1638,735,None,Move,development
1572958728.38,1636,732,None,Move,development
1572958728.3879998,1636,730,None,Move,development
1572958728.396,1635,728,None,Move,development
1572958728.403,1634,726,None,Move,development
1572958728.411,1634,725,None,Move,development
1572958728.42,1634,724,None,Move,development
1572958728.428,1634,723,None,Move,development
1572958730.334,1633,716,None,Move,development
1572958730.342,1631,711,None,Move,development
1572958730.35,1629,708,None,Move,development
1572958730.3579998,1628,706,None,Move,development
1572958730.3660002,1626,703,None,Move,development
1572958730.3739998,1625,699,None,Move,development
1572958730.3820002,1624,696,None,Move,development
1572958730.39,1622,693,None,Move,development
1572958730.3979998,1621,688,None,Move,development
1572958730.406,1618,683,None,Move,development
1572958730.414,1614,674,None,Move,development
1572958730.4220002,1611,669,None,Move,development
1572958730.43,1607,662,None,Move,development
1572958730.438,1603,653,None,Move,development
1572958730.446,1596,643,None,Move,development
1572958730.454,1590,633,None,Move,development
1572958730.462,1584,623,None,Move,development
1572958730.47,1580,616,None,Move,development
1572958730.478,1578,612,None,Move,development
1572958730.486,1575,607,None,Move,development
1572958730.494,1574,604,None,Move,development
1572958730.502,1573,601,None,Move,development
1572958730.5110002,1573,599,None,Move,development
1572958730.519,1572,596,None,Move,development
1572958730.532,1572,595,None,Move,development
1572958730.542,1571,592,None,Move,development
1572958730.55,1571,591,None,Move,development
1572958730.5579998,1571,590,None,Move,development
1572958730.566,1571,589,None,Move,development
1572958730.582,1571,588,None,Move,development
1572958730.59,1571,587,None,Move,development
1572958730.606,1571,586,None,Move,development
1572958730.6139998,1571,585,None,Move,development
1572958730.6220002,1571,584,None,Move,development
1572958730.63,1571,583,None,Move,development
1572958730.6379998,1571,582,None,Move,development
1572958730.646,1571,580,None,Move,development
1572958730.654,1571,578,None,Move,development
1572958730.6620002,1572,577,None,Move,development
1572958730.67,1574,574,None,Move,development
1572958730.678,1576,571,None,Move,development
1572958730.686,1579,567,None,Move,development
1572958730.694,1582,564,None,Move,development
1572958730.702,1587,558,None,Move,development
1572958730.71,1593,554,None,Move,development
1572958730.718,1600,550,None,Move,development
1572958730.726,1608,546,None,Move,development
1572958730.734,1617,541,None,Move,development
1572958730.742,1626,538,None,Move,development
1572958730.75,1640,534,None,Move,development
1572958730.758,1649,531,None,Move,development
1572958730.766,1658,528,None,Move,development
1572958730.774,1668,525,None,Move,development
1572958730.782,1679,522,None,Move,development
1572958730.79,1687,519,None,Move,development
1572958730.798,1696,516,None,Move,development
1572958730.806,1707,511,None,Move,development
1572958730.814,1715,509,None,Move,development
1572958730.822,1722,506,None,Move,development
1572958730.83,1726,504,None,Move,development
1572958730.8379998,1732,501,None,Move,development
1572958730.846,1735,499,None,Move,development
1572958730.854,1737,498,None,Move,development
1572958730.8620002,1741,497,None,Move,development
1572958730.87,1742,496,None,Move,development
1572958730.8779998,1742,495,None,Move,development
1572958730.8860002,1744,494,None,Move,development
1572958730.9020002,1745,493,None,Move,development
1572958730.91,1746,493,None,Move,development
1572958730.918,1747,492,None,Move,development
1572958730.926,1749,491,None,Move,development
1572958730.934,1750,491,None,Move,development
1572958730.9420002,1751,489,None,Move,development
1572958730.95,1754,488,None,Move,development
1572958730.958,1756,487,None,Move,development
1572958730.966,1756,486,None,Move,development
1572958730.974,1759,484,None,Move,development
1572958730.982,1761,483,None,Move,development
1572958730.99,1762,482,None,Move,development
1572958731.006,1763,482,None,Move,development
1572958731.014,1764,481,None,Move,development
1572958731.022,1765,481,None,Move,development
1572958731.03,1767,480,None,Move,development
1572958731.038,1771,479,None,Move,development
1572958731.046,1773,479,None,Move,development
1572958731.054,1778,478,None,Move,development
1572958731.062,1781,478,None,Move,development
1572958731.07,1786,477,None,Move,development
1572958731.0779998,1789,477,None,Move,development
1572958731.086,1792,476,None,Move,development
1572958731.094,1794,476,None,Move,development
1572958731.1020002,1796,475,None,Move,development
1572958731.35,1797,480,None,Move,development
1572958731.3579998,1797,484,None,Move,development
1572958731.3660002,1797,487,None,Move,development
1572958731.3739998,1797,492,None,Move,development
1572958731.3820002,1797,495,None,Move,development
1572958731.391,1797,500,None,Move,development
1572958731.3979998,1797,504,None,Move,development
1572958731.406,1797,509,None,Move,development
1572958731.414,1796,512,None,Move,development
1572958731.4220002,1795,517,None,Move,development
1572958731.43,1795,518,None,Move,development
1572958731.438,1794,522,None,Move,development
1572958731.447,1794,524,None,Move,development
1572958731.454,1793,526,None,Move,development
1572958731.462,1792,528,None,Move,development
1572958731.47,1791,530,None,Move,development
1572958731.478,1791,532,None,Move,development
1572958731.486,1789,534,None,Move,development
1572958731.494,1789,535,None,Move,development
1572958731.502,1787,537,None,Move,development
1572958731.51,1786,538,None,Move,development
1572958731.518,1784,539,None,Move,development
1572958731.526,1781,542,None,Move,development
1572958731.534,1778,544,None,Move,development
1572958731.542,1775,546,None,Move,development
1572958731.55,1770,547,None,Move,development
1572958731.5579998,1766,548,None,Move,development
1572958731.566,1759,550,None,Move,development
1572958731.574,1753,552,None,Move,development
1572958731.582,1744,554,None,Move,development
1572958731.59,1732,557,None,Move,development
1572958731.5979998,1717,560,None,Move,development
1572958731.606,1701,563,None,Move,development
1572958731.6139998,1689,565,None,Move,development
1572958731.6220002,1674,568,None,Move,development
1572958731.63,1668,569,None,Move,development
1572958731.6379998,1660,571,None,Move,development
1572958731.646,1655,572,None,Move,development
1572958731.654,1653,573,None,Move,development
1572958731.6620002,1651,573,None,Move,development
1572958731.67,1650,573,None,Move,development
1572958731.71,1649,574,None,Move,development
1572958732.88,1649,574,None,Move,development
1572958732.8879998,1650,574,None,Move,development
1572958732.895,1651,574,None,Move,development
1572958732.903,1653,574,None,Move,development
1572958732.911,1653,574,None,Move,development
1572958732.921,1656,574,None,Move,development
1572958732.928,1659,576,None,Move,development
1572958732.936,1661,577,None,Move,development
1572958732.944,1663,579,None,Move,development
1572958732.951,1666,580,None,Move,development
1572958732.96,1672,584,None,Move,development
1572958732.967,1676,588,None,Move,development
1572958732.975,1683,590,None,Move,development
1572958732.984,1690,595,None,Move,development
1572958732.992,1698,597,None,Move,development
1572958733.0,1707,602,None,Move,development
1572958733.0070002,1714,605,None,Move,development
1572958733.015,1721,609,None,Move,development
1572958733.0229998,1730,612,None,Move,development
1572958733.032,1736,614,None,Move,development
1572958733.04,1743,617,None,Move,development
1572958733.048,1750,620,None,Move,development
1572958733.056,1755,622,None,Move,development
1572958733.063,1758,625,None,Move,development
1572958733.071,1762,627,None,Move,development
1572958733.079,1764,629,None,Move,development
1572958733.087,1767,631,None,Move,development
1572958733.104,1769,633,None,Move,development
1572958733.111,1771,635,None,Move,development
1572958733.119,1772,636,None,Move,development
1572958733.135,1773,637,None,Move,development
1572958733.143,1774,639,None,Move,development
1572958733.1520002,1775,640,None,Move,development
1572958733.16,1776,642,None,Move,development
1572958733.175,1778,644,None,Move,development
1572958733.184,1780,647,None,Move,development
1572958733.1920002,1781,649,None,Move,development
1572958733.2,1784,653,None,Move,development
1572958733.208,1785,655,None,Move,development
1572958733.217,1788,660,None,Move,development
1572958733.224,1789,662,None,Move,development
1572958733.231,1792,665,None,Move,development
1572958733.2389998,1793,667,None,Move,development
1572958733.2470002,1795,669,None,Move,development
1572958733.255,1797,673,None,Move,development
1572958733.264,1799,675,None,Move,development
1572958733.272,1800,677,None,Move,development
1572958733.28,1801,678,None,Move,development
1572958733.2870002,1802,680,None,Move,development
1572958733.295,1803,680,None,Move,development
1572958733.303,1804,681,None,Move,development
1572958733.311,1804,682,None,Move,development
1572958733.3279998,1804,683,None,Move,development
1572958733.343,1804,684,None,Move,development
1572958733.76,1801,680,None,Move,development
1572958733.768,1800,680,None,Move,development
1572958733.776,1799,679,None,Move,development
1572958733.784,1798,677,None,Move,development
1572958733.801,1798,676,None,Move,development
1572958733.809,1797,675,None,Move,development
1572958733.8170002,1797,674,None,Move,development
1572958733.824,1796,673,None,Move,development
1572958733.832,1796,673,None,Move,development
1572958733.8479998,1795,672,None,Move,development
1572958733.96,1795,672,Left,Pressed,development
1572958734.048,1795,672,Left,Released,development
1572958734.3860002,1792,672,None,Move,development
1572958734.4,1787,669,None,Move,development
1572958734.408,1782,667,None,Move,development
1572958734.416,1774,664,None,Move,development
1572958734.425,1763,659,None,Move,development
1572958734.4329998,1753,656,None,Move,development
1572958734.441,1740,652,None,Move,development
1572958734.449,1725,645,None,Move,development
1572958734.456,1713,639,None,Move,development
1572958734.464,1698,632,None,Move,development
1572958734.472,1679,624,None,Move,development
1572958734.481,1668,616,None,Move,development
1572958734.4889998,1657,606,None,Move,development
1572958734.4970002,1646,597,None,Move,development
1572958734.505,1638,588,None,Move,development
1572958734.5129998,1633,582,None,Move,development
1572958734.52,1625,573,None,Move,development
1572958734.528,1621,568,None,Move,development
1572958734.536,1619,566,None,Move,development
1572958734.545,1618,562,None,Move,development
1572958734.553,1616,560,None,Move,development
1572958734.561,1616,559,None,Move,development
1572958734.576,1615,559,None,Move,development
1572958734.593,1615,558,None,Move,development
1572958902.846,1614,558,None,Move,development
1572958903.0170002,1616,556,None,Move,development
1572958903.049,1626,553,None,Move,development
1572958903.059,1705,541,None,Move,development
1572958903.0670002,1706,541,None,Move,development
1572958903.075,1707,540,None,Move,development
1572958903.107,1708,540,None,Move,development
1572958903.1139998,1711,541,None,Move,development
1572958903.1220002,1719,545,None,Move,development
1572958903.13,1731,553,None,Move,development
1572958903.1379998,1746,563,None,Move,development
1572958903.147,1769,576,None,Move,development
1572958903.155,1797,596,None,Move,development
1572958903.163,1814,607,None,Move,development
1572958903.17,1834,622,None,Move,development
1572958903.178,1852,636,None,Move,development
1572958903.186,1863,647,None,Move,development
1572958903.194,1871,656,None,Move,development
1572958903.2029998,1874,665,None,Move,development
1572958903.218,1875,673,None,Move,development
1572958903.226,1877,698,None,Move,development
1572958903.234,1876,711,None,Move,development
1572958903.244,1873,725,None,Move,development
1572958903.2510002,1867,740,None,Move,development
1572958903.2589998,1862,754,None,Move,development
1572958903.2670002,1856,767,None,Move,development
1572958903.275,1844,784,None,Move,development
1572958903.283,1834,799,None,Move,development
1572958903.29,1822,812,None,Move,development
1572958903.298,1809,827,None,Move,development
1572958903.3070002,1796,840,None,Move,development
1572958903.315,1783,851,None,Move,development
1572958903.323,1769,863,None,Move,development
1572958903.331,1758,873,None,Move,development
1572958903.353,1747,882,None,Move,development
1572958903.367,1692,913,None,Move,development
1572958903.375,1680,916,None,Move,development
1572958903.3820002,1673,918,None,Move,development
1572958903.391,1663,919,None,Move,development
1572958903.3979998,1656,922,None,Move,development
1572958903.406,1648,923,None,Move,development
1572958903.413,1639,925,None,Move,development
1572958903.4220002,1632,929,None,Move,development
1572958903.431,1625,931,None,Move,development
1572958903.439,1620,934,None,Move,development
1572958903.447,1616,936,None,Move,development
1572958903.455,1609,941,None,Move,development
1572958903.462,1603,948,None,Move,development
1572958903.47,1595,955,None,Move,development
1572958903.478,1589,964,None,Move,development
1572958903.4870002,1582,973,None,Move,development
1572958903.495,1574,984,None,Move,development
1572958903.51,1565,992,None,Move,development
1572958903.5170002,1555,1003,None,Move,development
1572958903.522,1546,1009,None,Move,development
1572958903.528,1537,1014,None,Move,development
1572958903.535,1528,1018,None,Move,development
1572958903.543,1523,1021,None,Move,development
1572958903.551,1520,1021,None,Move,development
1572958903.559,1519,1021,None,Move,development
1572958903.5670002,1518,1021,None,Move,development
1572958903.63,1518,1021,None,Move,development
1572958903.6379998,1518,1020,None,Move,development
1572958903.646,1518,1018,None,Move,development
1572958903.655,1519,1016,None,Move,development
1572958903.663,1519,1012,None,Move,development
1572958903.671,1520,1008,None,Move,development
1572958903.679,1520,1005,None,Move,development
1572958903.686,1521,1000,None,Move,development
1572958903.694,1522,996,None,Move,development
1572958903.702,1523,989,None,Move,development
1572958903.71,1524,985,None,Move,development
1572958903.7429998,1527,976,None,Move,development
1572958903.7489998,1543,931,None,Move,development
1572958903.758,1546,924,None,Move,development
1572958903.766,1550,919,None,Move,development
1572958903.775,1551,917,None,Move,development
1572958903.782,1554,914,None,Move,development
1572958903.791,1555,912,None,Move,development
1572958903.799,1556,911,None,Move,development
1572958903.816,1557,910,None,Move,development
1572958903.833,1558,910,None,Move,development
1572958903.856,1558,910,None,Move,development
1572958903.8620002,1558,910,Left,Pressed,development
1572958903.8679998,1560,910,None,Drag,development
1572958903.8760002,1564,910,None,Drag,file system
1572958903.8860002,1568,910,None,Drag,file system
1572958903.893,1574,910,None,Drag,file system
1572958903.9020002,1584,910,None,Drag,file system
1572958903.908,1596,910,None,Drag,file system
1572958903.915,1610,910,None,Drag,file system
1572958903.921,1628,910,None,Drag,file system
1572958903.928,1652,910,None,Drag,file system
1572958903.936,1677,910,None,Drag,file system
1572958903.945,1699,910,None,Drag,file system
1572958903.9529998,1723,910,None,Drag,file system
1572958903.968,1743,910,None,Drag,file system
1572958903.976,1777,911,None,Drag,file system
1572958903.984,1789,913,None,Drag,file system
1572958903.992,1793,914,None,Drag,file system
1572958904.0010002,1795,914,None,Drag,file system
1572958904.008,1797,915,None,Drag,file system
1572958904.025,1798,915,None,Drag,file system
1572958904.032,1798,915,Left,Released,file system
1572958904.048,1799,915,None,Move,file system
1572958904.066,1801,915,None,Move,file system
1572958904.086,1802,916,None,Move,file system
1572958904.094,1806,916,None,Move,file system
1572958904.103,1807,916,None,Move,file system
1572958904.109,1807,916,None,Move,file system
1572958904.1239998,1810,917,None,Move,file system
1572958904.129,1812,918,None,Move,file system
1572958904.145,1814,921,None,Move,file system
1572958904.161,1816,926,None,Move,file system
1572958904.176,1825,938,None,Move,file system
1572958904.1920002,1827,940,None,Move,file system
1572958904.208,1829,943,None,Move,file system
1572958904.2229998,1830,945,None,Move,file system
1572958904.23,1832,946,None,Move,file system
1572958904.3079998,1834,946,None,Move,file system
1572958904.409,1834,947,None,Move,file system
1572958904.531,1835,948,None,Move,browsing
1572958904.546,1835,948,None,Move,browsing
1572958904.562,1834,948,None,Move,browsing
1572958904.577,1833,948,None,Move,browsing
1572958904.593,1833,947,None,Move,browsing
1572958904.609,1833,946,None,Move,browsing
1572958904.6239998,1833,942,None,Move,browsing
1572958904.631,1834,942,None,Move,browsing
1572958904.647,1835,940,None,Move,browsing
1572958904.6620002,1835,938,None,Move,browsing
1572958904.678,1834,936,None,Move,browsing
1572958904.709,1833,936,None,Move,browsing
1572958904.725,1832,936,None,Move,browsing
1572958904.731,1831,937,None,Move,browsing
1572958904.7470002,1827,943,None,Move,browsing
1572958904.762,1825,946,None,Move,browsing
1572958904.778,1814,959,None,Move,browsing
1572958904.794,1811,963,None,Move,browsing
1572958904.809,1805,967,None,Move,browsing
1572958904.825,1786,977,None,Move,browsing
1572958904.831,1781,980,None,Move,browsing
1572958904.847,1764,982,None,Move,browsing
1572958904.863,1743,985,None,Move,browsing
1572958904.8779998,1719,985,None,Move,browsing
1572958904.894,1696,988,None,Move,browsing
1572958904.91,1680,991,None,Move,browsing
1572958904.925,1672,991,None,Move,browsing
1572958904.9320002,1665,994,None,Move,browsing
1572958904.947,1657,994,None,Move,browsing
1572958904.9629998,1638,997,None,Move,browsing
1572958904.979,1617,1005,None,Move,browsing
1572958904.994,1607,1011,None,Move,browsing
1572958905.01,1601,1013,None,Move,browsing
1572958905.026,1597,1015,None,Move,browsing
1572958905.032,1594,1016,None,Move,browsing
1572958905.048,1585,1017,None,Move,browsing
1572958905.063,1566,1019,None,Move,browsing
1572958905.079,1548,1020,None,Move,browsing
1572958905.095,1539,1023,None,Move,browsing
1572958905.1260002,1512,1028,None,Move,browsing
1572958905.1320002,1508,1029,None,Move,browsing
1572958905.1479998,1495,1034,None,Move,browsing
1572958905.164,1486,1039,None,Move,browsing
1572958905.195,1485,1042,None,Move,browsing
1572958905.2329998,1485,1043,None,Move,browsing
1572958905.248,1484,1045,None,Move,browsing
1572958905.28,1484,1047,None,Move,browsing
1572958905.295,1484,1048,None,Move,browsing
1572958905.311,1484,1051,None,Move,browsing
1572958905.327,1484,1053,None,Move,browsing
1572958905.349,1485,1054,None,Move,browsing
1572958905.3639998,1490,1058,None,Move,browsing
1572958905.38,1491,1058,None,Move,browsing
1572958905.396,1493,1058,None,Move,browsing
1572958905.411,1495,1058,None,Move,browsing
1572958905.4329998,1495,1058,None,Move,browsing
1572958905.449,1498,1055,None,Move,browsing
1572958905.465,1499,1054,None,Move,browsing
1572958905.48,1503,1049,None,Move,browsing
1572958905.496,1505,1048,None,Move,browsing
1572958905.5270002,1506,1047,None,Move,browsing
1572958905.549,1506,1046,None,Move,browsing
1572958905.565,1507,1045,None,Move,browsing
1572958905.627,1507,1045,Left,Pressed,browsing
1572958905.712,1507,1045,Left,Released,file system
1572958905.75,1507,1045,None,Move,file system
1572958906.035,1507,1044,None,Move,file system
1572958906.051,1507,1042,None,Move,file system
1572958906.066,1507,1036,None,Move,file system
1572958906.082,1508,1030,None,Move,file system
1572958906.097,1511,1020,None,Move,file system
1572958906.113,1517,1012,None,Move,file system
1572958906.129,1523,1008,None,Move,file system
1572958906.135,1525,1007,None,Move,file system
1572958906.151,1527,1005,None,Move,file system
1572958906.167,1527,1005,None,Move,file system
1572958906.214,1528,1005,None,Move,file system
1572958906.298,1529,1004,None,Move,file system
1572958906.314,1529,1003,None,Move,file system
1572958906.336,1530,1002,None,Move,file system
1572958906.3520002,1532,1002,None,Move,file system
1572958906.367,1533,1001,None,Move,file system
1572958906.383,1533,1000,None,Move,file system
1572958906.399,1534,999,None,Move,file system
1572958906.414,1540,996,None,Move,file system
1572958906.436,1543,995,None,Move,file system
1572958906.452,1552,987,None,Move,file system
1572958906.467,1557,983,None,Move,file system
1572958906.4829998,1566,974,None,Move,file system
1572958906.4989998,1573,965,None,Move,file system
1572958906.514,1581,955,None,Move,file system
1572958906.536,1585,948,None,Move,file system
1572958906.552,1593,917,None,Move,file system
1572958906.5679998,1593,899,None,Move,file system
1572958906.583,1593,882,None,Move,file system
1572958906.599,1593,870,None,Move,file system
1572958906.615,1593,863,None,Move,file system
1572958906.63,1593,857,None,Move,file system
1572958906.637,1593,855,None,Move,file system
1572958906.6520002,1593,853,None,Move,file system
1572958906.668,1593,849,None,Move,file system
1572958906.699,1593,847,None,Move,file system
1572958906.715,1593,846,None,Move,file system
1572958906.8,1593,846,None,Move,file system
1572958906.831,1588,852,None,Move,file system
1572958906.837,1581,866,None,Move,file system
1572958906.853,1569,881,None,Move,file system
1572958906.869,1565,886,None,Move,file system
1572958906.8839998,1565,887,None,Move,file system
1572958906.9,1564,888,None,Move,file system
1572958907.201,1562,887,None,Move,file system
1572958907.216,1562,884,None,Move,file system
1572958907.232,1561,882,None,Move,file system
1572958907.238,1560,880,None,Move,file system
1572958907.254,1559,878,None,Move,file system
1572958907.301,1559,878,Left,Pressed,file system
1572958907.3860002,1559,878,Left,Released,file system
1572958907.951,1559,876,None,Move,development
1572958907.959,1561,871,None,Move,development
1572958907.967,1562,869,None,Move,development
1572958907.975,1563,867,None,Move,development
1572958907.9829998,1564,863,None,Move,development
1572958907.9910002,1566,858,None,Move,development
1572958907.9989998,1569,853,None,Move,development
1572958908.0070002,1573,844,None,Move,development
1572958908.015,1576,839,None,Move,development
1572958908.024,1578,830,None,Move,development
1572958908.032,1578,828,None,Move,development
1572958908.344,1578,828,None,Move,development
1572958908.351,1578,831,None,Move,development
1572958908.359,1578,832,None,Move,development
1572958908.367,1577,834,None,Move,development
1572958908.375,1574,837,None,Move,development
1572958908.383,1572,839,None,Move,development
1572958908.39,1570,840,None,Move,development
1572958908.3979998,1568,841,None,Move,development
1572958908.407,1567,842,None,Move,development
1572958908.414,1566,842,None,Move,development
1572958908.424,1564,842,None,Move,development
1572958908.4320002,1562,841,None,Move,development
1572958908.44,1561,840,None,Move,development
1572958908.448,1559,837,None,Move,development
1572958908.4629998,1558,835,None,Move,development
1572958908.47,1557,834,None,Move,development
1572958908.479,1557,834,None,Move,development
1572958908.4870002,1557,833,None,Move,development
1572958908.495,1557,832,None,Move,development
1572958908.5029998,1557,831,None,Move,development
1572958908.5110002,1557,830,None,Move,development
1572958908.519,1557,829,None,Move,development
1572958908.5270002,1557,828,None,Move,development
1572958908.535,1557,828,None,Move,development
1572958908.551,1557,826,None,Move,development
1572958908.559,1557,826,None,Move,development
1572958908.5670002,1557,823,None,Move,development
1572958908.575,1558,821,None,Move,development
1572958908.583,1558,819,None,Move,development
1572958908.591,1558,817,None,Move,development
1572958908.599,1558,816,None,Move,development
1572958908.607,1558,814,None,Move,development
1572958908.615,1558,812,None,Move,development
1572958908.623,1559,808,None,Move,development
1572958908.631,1560,804,None,Move,development
1572958908.639,1562,801,None,Move,development
1572958908.647,1563,797,None,Move,development
1572958908.655,1564,796,None,Move,development
1572958908.6620002,1564,795,None,Move,development
1572958909.855,1565,793,None,Move,development
1572958909.863,1566,791,None,Move,development
1572958909.871,1566,789,None,Move,development
1572958909.8779998,1567,786,None,Move,development
1572958909.8860002,1569,784,None,Move,development
1572958909.894,1569,782,None,Move,development
1572958909.9020002,1572,779,None,Move,development
1572958909.91,1574,777,None,Move,development
1572958909.919,1577,774,None,Move,development
1572958909.928,1580,772,None,Move,development
1572958909.936,1585,769,None,Move,development
1572958909.9420002,1589,767,None,Move,development
1572958909.95,1592,766,None,Move,development
1572958909.958,1595,765,None,Move,development
1572958909.966,1597,764,None,Move,development
1572958909.976,1599,763,None,Move,development
1572958909.984,1601,763,None,Move,development
1572958909.992,1602,763,None,Move,development
1572958910.008,1603,763,None,Move,development
1572958910.506,1604,763,None,Move,development
1572958910.514,1606,761,None,Move,development
1572958910.522,1608,759,None,Move,development
1572958910.529,1611,755,None,Move,development
1572958910.5370002,1617,750,None,Move,development
1572958910.546,1621,745,None,Move,development
1572958910.554,1628,737,None,Move,development
1572958910.562,1636,728,None,Move,development
1572958910.569,1644,717,None,Move,development
1572958910.577,1652,704,None,Move,development
1572958910.59,1662,685,None,Move,development
1572958910.596,1670,668,None,Move,development
1572958910.603,1679,652,None,Move,development
1572958910.61,1689,635,None,Move,development
1572958910.6179998,1698,622,None,Move,development
1572958910.625,1706,615,None,Move,development
1572958910.633,1713,607,None,Move,development
1572958910.641,1718,603,None,Move,development
1572958910.649,1722,600,None,Move,development
1572958910.657,1725,598,None,Move,development
1572958910.666,1726,597,None,Move,development
1572958910.674,1728,596,None,Move,development
1572958910.6820002,1730,595,None,Move,development
1572958910.688,1732,593,None,Move,development
1572958910.696,1734,592,None,Move,development
1572958910.706,1735,591,None,Move,development
1572958910.714,1736,590,None,Move,development
1572958910.721,1737,590,None,Move,development
1572958910.729,1738,589,None,Move,development
1572958910.7370002,1738,588,None,Move,development
1572958910.76,1739,587,None,Move,development
1572958910.779,1740,587,None,Move,development
1572958910.843,1741,586,None,Move,development
1572958911.113,1741,586,Left,Pressed,development
1572958911.171,1741,586,Left,Released,development
1572961684.0029998,1739,587,None,Move,development
1572961684.048,1746,586,None,Move,development
1572961684.071,1739,587,Left,Pressed,development
1572961684.496,1739,587,Left,Released,development
1572961686.7270002,1732,578,None,Move,browsing
1572961686.746,1703,538,None,Move,browsing
1572961686.756,1700,533,None,Move,browsing
1572961686.776,1696,526,None,Move,browsing
1572961686.7870002,1696,467,None,Move,browsing
1572961686.824,1699,460,None,Move,browsing
1572961686.8620002,1705,452,None,Move,browsing
1572961686.873,1723,443,None,Move,browsing
1572961686.89,1741,439,None,Move,browsing
1572961686.9020002,1755,439,None,Move,browsing
1572961686.913,1769,439,None,Move,browsing
1572961686.924,1794,440,None,Move,browsing
1572961686.934,1815,444,None,Move,browsing
1572961686.9420002,1825,453,None,Move,browsing
1572961686.951,1832,458,None,Move,browsing
1572961686.96,1847,465,None,Move,browsing
1572961686.969,1863,476,None,Move,browsing
1572961686.979,1875,482,None,Move,browsing
1572961686.99,1885,485,None,Move,browsing
1572961687.0,1894,489,None,Move,browsing
1572961687.008,1901,493,None,Move,browsing
1572961687.018,1913,495,None,Move,browsing
1572961687.03,1928,500,None,Move,browsing
1572961687.038,1933,502,None,Move,browsing
1572961687.048,1936,502,None,Move,browsing
1572961687.0570002,1935,502,None,Move,browsing
1572961687.066,1936,502,None,Move,browsing
1572961687.074,1934,501,None,Move,browsing
1572961687.081,1936,494,None,Move,browsing
1572961687.09,1945,485,None,Move,browsing
1572961687.097,1940,473,None,Move,browsing
1572961687.106,1937,464,None,Move,browsing
1572961687.1160002,1934,453,None,Move,browsing
1572961687.123,1932,445,None,Move,browsing
1572961687.1320002,1940,431,None,Move,browsing
1572961687.14,1940,417,None,Move,browsing
1572961687.145,1937,405,None,Move,browsing
1572961687.154,1932,392,None,Move,browsing
1572961687.166,1940,378,None,Move,browsing
1572961687.175,1940,360,None,Move,browsing
1572961687.186,1940,339,None,Move,browsing
1572961687.195,1938,323,None,Move,browsing
1572961687.205,1932,310,None,Move,browsing
1572961687.215,1940,288,None,Move,browsing
1572961687.225,1940,267,None,Move,browsing
1572961687.235,1937,251,None,Move,browsing
1572961687.245,1935,237,None,Move,browsing
1572961687.254,1929,227,None,Move,browsing
1572961687.266,1937,185,None,Move,browsing
1572961687.275,1936,164,None,Move,browsing
1572961687.293,1932,154,None,Move,browsing
1572961687.315,1924,146,None,Move,browsing
1572961687.322,1921,143,None,Move,browsing
1572961687.335,1922,142,None,Move,browsing
1572961687.34,1919,141,None,Move,browsing
1572961687.3860002,1917,141,None,Move,browsing
1572961687.395,1916,141,None,Move,browsing
1572961687.405,1915,141,None,Move,browsing
1572961687.4120002,1905,144,None,Move,browsing
1572961687.415,1882,156,None,Move,browsing
1572961687.425,1851,171,None,Move,browsing
1572961687.436,1806,200,None,Move,browsing
1572961687.44,1766,228,None,Move,browsing
1572961687.445,1741,248,None,Move,browsing
1572961687.454,1725,259,None,Move,browsing
1572961687.462,1713,270,None,Move,browsing
1572961687.467,1702,280,None,Move,browsing
1572961687.475,1689,293,None,Move,browsing
1572961687.486,1676,309,None,Move,browsing
1572961687.495,1660,327,None,Move,browsing
1572961687.502,1641,348,None,Move,browsing
1572961687.505,1627,367,None,Move,browsing
1572961687.515,1614,382,None,Move,browsing
1572961687.522,1606,392,None,Move,browsing
1572961687.526,1597,407,None,Move,browsing
1572961687.536,1591,417,None,Move,browsing
1572961687.545,1585,432,None,Move,browsing
1572961687.552,1581,442,None,Move,browsing
1572961687.554,1575,452,None,Move,browsing
1572961687.5670002,1574,456,None,Move,browsing
1572961687.573,1572,459,None,Move,browsing
1572961687.582,1571,464,None,Move,browsing
1572961687.585,1569,465,None,Move,browsing
1572961687.595,1569,466,None,Move,browsing
1572961687.6020002,1569,467,None,Move,browsing
1572961687.6179998,1569,470,None,Move,browsing
1572961687.633,1569,472,None,Move,browsing
1572961687.641,1569,473,None,Move,browsing
1572961687.657,1569,476,None,Move,browsing
1572961687.6720002,1574,479,None,Move,browsing
1572961687.688,1591,479,None,Move,browsing
1572961687.704,1609,479,None,Move,browsing
1572961687.719,1623,479,None,Move,browsing
1572961687.735,1631,479,None,Move,browsing
1572961687.7410002,1633,479,None,Move,browsing
1572961687.7570002,1636,479,None,Move,browsing
1572961688.073,1637,479,Left,Pressed,browsing
1572961688.289,1637,479,Left,Released,browsing
1572961688.7589998,1597,483,None,Move,browsing
1572961688.774,1515,497,None,Move,browsing
1572961688.79,1398,521,None,Move,browsing
1572961688.805,1263,557,None,Move,browsing
1572961688.821,1139,611,None,Move,browsing
1572961688.837,1018,667,None,Move,browsing
1572961688.843,987,680,None,Move,browsing
1572961688.859,896,720,None,Move,browsing
1572961688.875,852,741,None,Move,browsing
1572961688.89,811,759,None,Move,browsing
1572961688.906,783,777,None,Move,browsing
1572961688.916,776,780,None,Move,browsing
1572961688.918,766,788,None,Move,browsing
1572961688.9329998,760,793,None,Move,browsing
1572961689.175,749,808,None,Move,browsing
1572961689.191,728,836,None,Move,browsing
1572961689.206,695,884,None,Move,browsing
1572961689.222,673,915,None,Move,browsing
1572961689.238,655,942,None,Move,browsing
1572961689.244,647,955,None,Move,browsing
1572961689.26,635,977,None,Move,browsing
1572961689.275,624,992,None,Move,browsing
1572961689.291,618,1004,None,Move,browsing
1572961689.3070002,615,1009,None,Move,browsing
1572961689.322,610,1015,None,Move,browsing
1572961689.344,606,1021,None,Move,browsing
1572961689.36,605,1026,None,Move,browsing
1572961689.3760002,605,1029,None,Move,browsing
1572961689.391,605,1033,None,Move,browsing
1572961689.407,605,1040,None,Move,browsing
1572961689.4220002,605,1046,None,Move,browsing
1572961689.438,605,1053,None,Move,browsing
1572961689.445,605,1056,None,Move,browsing
1572961689.46,605,1059,None,Move,browsing
1572961689.476,605,1062,None,Move,browsing
1572961689.492,605,1067,None,Move,browsing
1572961689.5070002,605,1069,None,Move,browsing
1572961689.5229998,605,1071,None,Move,browsing
1572961689.538,605,1074,None,Move,browsing
1572961689.545,605,1075,None,Move,browsing
1572961689.561,605,1079,None,Move,browsing
1572961689.7610002,605,1079,Left,Pressed,browsing
1572961689.976,605,1079,Left,Released,browsing
1572961690.225,615,1057,None,Move,file system
1572961690.24,632,1020,None,Move,file system
1572961690.2470002,644,997,None,Move,file system
1572961690.262,668,940,None,Move,file system
1572961690.278,696,874,None,Move,file system
1572961690.289,707,856,None,Move,file system
1572961690.3,716,838,None,Move,file system
1572961690.3079998,729,823,None,Move,file system
1572961690.3170002,742,810,None,Move,file system
1572961690.324,750,800,None,Move,file system
1572961690.336,760,794,None,Move,file system
1572961690.345,767,786,None,Move,file system
1572961690.3520002,777,783,None,Move,file system
1572961690.3579998,784,779,None,Move,file system
1572961690.367,793,777,None,Move,file system
1572961690.373,802,776,None,Move,file system
1572961690.389,808,776,None,Move,file system
1572961690.395,815,780,None,Move,file system
1572961690.401,822,783,None,Move,file system
1572961690.409,825,786,None,Move,file system
1572961690.416,828,793,None,Move,file system
1572961690.423,832,797,None,Move,file system
1572961690.431,836,802,None,Move,file system
1572961690.438,838,809,None,Move,file system
1572961690.446,840,813,None,Move,file system
1572961690.4529998,841,818,None,Move,file system
1572961690.46,841,824,None,Move,file system
1572961690.467,841,829,None,Move,file system
1572961690.475,841,833,None,Move,file system
1572961690.482,841,840,None,Move,file system
1572961690.49,841,844,None,Move,file system
1572961690.4970002,841,847,None,Move,file system
1572961690.5029998,839,850,None,Move,file system
1572961690.519,836,859,None,Move,file system
1572961690.534,830,873,None,Move,file system
1572961690.5470002,829,876,None,Move,file system
1572961690.562,826,882,None,Move,file system
1572961690.5779998,822,890,None,Move,file system
1572961690.594,818,893,None,Move,file system
1572961690.609,815,895,None,Move,file system
1572961690.794,815,895,Left,Pressed,file system
1572961691.01,815,895,Left,Released,file system
1572961691.296,807,861,None,Move,office
1572961691.311,775,763,None,Move,office
1572961691.327,755,678,None,Move,office
1572961691.343,739,563,None,Move,office
1572961691.349,734,531,None,Move,office
1572961691.365,714,441,None,Move,office
1572961691.381,698,389,None,Move,office
1572961691.396,688,328,None,Move,office
1572961691.4120002,682,302,None,Move,office
1572961691.427,679,286,None,Move,office
1572961691.4429998,677,273,None,Move,office
1572961691.45,677,271,None,Move,office
1572961691.465,677,267,None,Move,office
1572961691.481,677,264,None,Move,office
1572961691.881,681,253,None,Move,office
1572961691.897,688,235,None,Move,office
1572961691.9120002,701,195,None,Move,office
1572961691.928,710,160,None,Move,office
1572961691.944,714,141,None,Move,office
1572961691.952,720,120,None,Move,office
1572961691.968,723,102,None,Move,office
1572961691.984,727,86,None,Move,office
1572961691.9989998,730,73,None,Move,office
1572961692.015,731,65,None,Move,office
1572961692.03,731,61,None,Move,office
1572961692.046,731,59,None,Move,office
1572961692.053,731,58,None,Move,office
1572961692.084,731,57,None,Move,office
1572961693.6339998,731,57,Left,Pressed,office
1572961693.789,731,57,Left,Released,office
1572961694.236,761,58,None,Move,browsing
1572961694.252,793,63,None,Move,browsing
1572961694.258,867,81,None,Move,browsing
1572961694.274,1025,146,None,Move,browsing
1572961694.285,1140,189,None,Move,browsing
1572961694.293,1211,223,None,Move,browsing
1572961694.3,1290,270,None,Move,browsing
1572961694.306,1358,316,None,Move,browsing
1572961694.321,1450,378,None,Move,browsing
1572961694.337,1537,446,None,Move,browsing
1572961694.3579998,1579,479,None,Move,browsing
1572961694.3739998,1622,504,None,Move,browsing
1572961694.39,1635,511,None,Move,browsing
1572961694.4020002,1637,513,None,Move,browsing
1572961694.41,1639,516,None,Move,browsing
1572961694.415,1640,517,None,Move,browsing
1572961694.43,1641,519,None,Move,browsing
1572961694.49,1641,520,None,Move,browsing
1572961694.505,1641,522,None,Move,browsing
1572961694.791,1641,522,Left,Pressed,browsing
1572961695.0070002,1641,522,Left,Released,browsing
1572961697.688,1637,520,None,Move,browsing
1572961697.7029998,1731,551,None,Move,browsing
1572961698.195,1726,533,None,Move,browsing
1572961698.211,1685,444,None,Move,browsing
1572961698.226,1668,413,None,Move,browsing
1572961698.242,1559,213,None,Move,browsing
1572961698.2570002,1455,40,None,Move,browsing
1572961698.2729998,1364,-65,None,Move,browsing
1572961698.28,1318,-80,None,Move,browsing
1572961698.295,1231,-60,None,Move,browsing
1572961698.311,1197,-56,None,Move,browsing
1572961698.326,1121,-38,None,Move,browsing
1572961698.342,1029,-72,None,Move,browsing
1572961698.36,1018,-15,None,Move,browsing
1572961698.367,1008,-13,None,Move,browsing
1572961698.375,1002,-7,None,Move,browsing
1572961698.38,1000,-3,None,Move,browsing
1572961698.396,999,-2,None,Move,browsing
1572961698.496,998,0,None,Move,browsing
1572961698.5110002,997,0,None,Move,browsing
1572961698.803,997,0,None,Move,browsing
1572961698.824,1016,18,None,Move,browsing
1572961698.832,1029,33,None,Move,browsing
1572961698.839,1046,56,None,Move,browsing
1572961698.847,1062,78,None,Move,browsing
1572961698.85,1077,109,None,Move,browsing
1572961698.8660002,1100,165,None,Move,browsing
1572961698.881,1108,190,None,Move,browsing
1572961698.896,1118,226,None,Move,browsing
1572961698.9120002,1128,266,None,Move,browsing
1572961698.928,1136,297,None,Move,browsing
1572961698.9429998,1140,316,None,Move,browsing
1572961698.959,1148,333,None,Move,browsing
1572961698.975,1151,343,None,Move,browsing
1572961698.981,1155,348,None,Move,browsing
1572961698.9970002,1157,352,None,Move,browsing
1572961699.012,1160,356,None,Move,browsing
1572961699.028,1162,358,None,Move,browsing
1572961699.044,1165,359,None,Move,browsing
1572961699.059,1167,361,None,Move,browsing
1572961699.075,1169,362,None,Move,browsing
1572961699.097,1170,363,None,Move,browsing
1572961700.452,1172,363,None,Move,browsing
1572961700.468,1193,360,None,Move,browsing
1572961700.4829998,1243,370,None,Move,browsing
1572961700.49,1277,384,None,Move,browsing
1572961700.506,1393,431,None,Move,browsing
1572961700.521,1506,478,None,Move,browsing
1572961700.5370002,1596,519,None,Move,browsing
1572961700.552,1646,556,None,Move,browsing
1572961700.5679998,1662,575,None,Move,browsing
1572961700.59,1662,577,None,Move,browsing
1572961700.606,1645,576,None,Move,browsing
1572961700.6220002,1617,573,None,Move,browsing
1572961700.637,1606,569,None,Move,browsing
1572961700.8070002,1604,569,None,Move,browsing
1572961700.822,1592,591,None,Move,browsing
1572961700.8379998,1594,604,None,Move,browsing
1572961700.853,1596,608,None,Move,browsing
1572961700.869,1603,628,None,Move,browsing
1572961700.885,1615,665,None,Move,browsing
1572961700.891,1625,692,None,Move,browsing
1572961700.907,1644,754,None,Move,browsing
1572961700.9220002,1662,809,None,Move,browsing
1572961700.938,1673,847,None,Move,browsing
1572961700.954,1679,874,None,Move,browsing
1572961700.969,1682,892,None,Move,browsing
1572961700.985,1686,909,None,Move,browsing
1572961700.992,1687,918,None,Move,browsing
1572961701.0070002,1689,933,None,Move,browsing
1572961701.0229998,1690,943,None,Move,browsing
1572961701.038,1693,958,None,Move,browsing
1572961701.054,1696,969,None,Move,browsing
1572961701.07,1697,976,None,Move,browsing
1572961701.085,1697,981,None,Move,browsing
1572961701.092,1697,983,None,Move,browsing
1572961701.107,1697,987,None,Move,browsing
1572961701.123,1694,990,None,Move,browsing
1572961701.139,1689,995,None,Move,browsing
1572961701.154,1683,1000,None,Move,browsing
1572961701.17,1674,1004,None,Move,browsing
1572961701.186,1664,1009,None,Move,browsing
1572961701.1920002,1658,1012,None,Move,browsing
1572961701.208,1639,1015,None,Move,browsing
1572961701.2229998,1616,1018,None,Move,browsing
1572961701.2389998,1606,1018,None,Move,browsing
1572961701.255,1588,1019,None,Move,browsing
1572961701.27,1577,1022,None,Move,browsing
1572961701.286,1573,1023,None,Move,browsing
1572961701.292,1571,1024,None,Move,browsing
1572961701.3079998,1568,1027,None,Move,browsing
1572961701.324,1564,1031,None,Move,browsing
1572961701.339,1558,1034,None,Move,browsing
1572961701.355,1555,1037,None,Move,browsing
1572961701.371,1551,1040,None,Move,browsing
1572961701.3860002,1547,1042,None,Move,browsing
1572961701.393,1546,1042,None,Move,browsing
1572961701.408,1540,1043,None,Move,browsing
1572961701.424,1537,1043,None,Move,browsing
1572961701.44,1530,1043,None,Move,browsing
1572961701.455,1528,1043,None,Move,browsing
1572961701.471,1527,1043,None,Move,browsing
1572961701.925,1527,1043,Left,Pressed,browsing
1572961701.972,1527,1043,Left,Released,file system
1572961703.026,1527,1046,None,Move,file system
1572961703.041,1527,1048,None,Move,file system
1572961703.53,1527,1047,None,Move,file system
1572961703.545,1527,1034,None,Move,file system
1572961703.561,1527,1016,None,Move,file system
1572961703.576,1531,981,None,Move,file system
1572961703.592,1534,911,None,Move,file system
1572961703.607,1534,862,None,Move,file system
1572961703.6139998,1536,824,None,Move,file system
1572961703.63,1538,738,None,Move,file system
1572961703.645,1538,668,None,Move,file system
1572961703.661,1540,623,None,Move,file system
1572961703.676,1548,598,None,Move,file system
1572961703.6920002,1556,586,None,Move,file system
1572961703.708,1561,582,None,Move,file system
1572961703.714,1563,581,None,Move,file system
1572961704.2629998,1568,580,None,Move,file system
1572961704.278,1571,579,None,Move,file system
1572961704.31,1572,579,None,Move,file system
1572961704.316,1573,579,None,Move,file system
1572961704.332,1575,579,None,Move,file system
1572961704.347,1576,579,None,Move,file system
1572961704.363,1578,579,None,Move,file system
1572961704.379,1581,578,None,Move,file system
1572961705.3820002,1580,575,None,Move,file system
1572961705.397,1576,571,None,Move,file system
1572961705.536,1575,572,None,Move,file system
1572961705.551,1572,575,None,Move,file system
1572961705.5670002,1562,592,None,Move,file system
1572961705.582,1541,620,None,Move,file system
1572961705.5979998,1519,650,None,Move,file system
1572961705.613,1497,680,None,Move,file system
1572961705.62,1486,695,None,Move,file system
1572961705.6360002,1466,719,None,Move,file system
1572961705.651,1456,738,None,Move,file system
1572961705.667,1447,754,None,Move,file system
1572961705.6820002,1443,767,None,Move,file system
1572961705.698,1439,779,None,Move,file system
1572961705.714,1438,788,None,Move,file system
1572961705.72,1436,794,None,Move,file system
1572961705.736,1436,798,None,Move,file system
1572961705.752,1435,804,None,Move,file system
1572961705.7670002,1434,809,None,Move,file system
1572961705.783,1434,813,None,Move,file system
1572961705.799,1434,815,None,Move,file system
1572961705.814,1434,817,None,Move,file system
1572961705.82,1434,818,None,Move,file system
1572961705.836,1435,821,None,Move,file system
1572961705.851,1439,831,None,Move,file system
1572961705.867,1443,846,None,Move,file system
1572961705.883,1446,865,None,Move,file system
1572961705.8979998,1446,881,None,Move,file system
1572961705.914,1446,892,None,Move,file system
1572961705.92,1444,895,None,Move,file system
1572961705.936,1444,896,None,Move,file system
1572961705.952,1442,899,None,Move,file system
1572961706.2370002,1442,898,None,Move,file system
1572961706.252,1440,890,None,Move,file system
1572961706.268,1439,886,None,Move,file system
1572961706.283,1439,881,None,Move,file system
1572961706.299,1437,877,None,Move,file system
1572961706.315,1437,875,None,Move,file system
1572961707.421,1437,875,Left,Pressed,file system
1572961707.4889998,1437,875,Left,Released,file system
1572961708.123,1438,870,None,Move,office
1572961708.129,1446,853,None,Move,office
1572961708.145,1467,816,None,Move,office
1572961708.16,1511,751,None,Move,office
1572961708.176,1540,706,None,Move,office
1572961708.1920002,1598,631,None,Move,office
1572961708.207,1658,555,None,Move,office
1572961708.2229998,1704,503,None,Move,office
1572961708.229,1717,491,None,Move,office
1572961708.245,1736,474,None,Move,office
1572961708.2610002,1743,465,None,Move,office
1572961710.144,1743,475,None,Move,office
1572961710.159,1738,511,None,Move,office
1572961710.175,1716,600,None,Move,office
1572961710.191,1690,697,None,Move,office
1572961710.206,1668,786,None,Move,office
1572961710.222,1644,864,None,Move,office
1572961710.238,1628,921,None,Move,office
1572961710.244,1623,940,None,Move,office
1572961710.2589998,1617,972,None,Move,office
1572961710.275,1615,989,None,Move,office
1572961710.291,1614,999,None,Move,office
1572961710.306,1614,1001,None,Move,office
1572961710.613,1614,1001,Left,Pressed,office
1572961710.698,1614,1001,Left,Released,file system
1572961711.158,1609,997,None,Move,file system
1572961711.174,1600,987,None,Move,file system
1572961711.189,1584,973,None,Move,file system
1572961711.205,1567,957,None,Move,file system
1572961711.22,1556,945,None,Move,file system
1572961711.236,1545,935,None,Move,file system
1572961711.252,1541,929,None,Move,file system
1572961711.258,1540,926,None,Move,file system
1572961711.274,1538,923,None,Move,file system
1572961711.293,1537,920,None,Move,file system
1572961711.877,1537,920,Left,Pressed,file system
1572961711.94,1537,920,Left,Released,file system
1572961712.657,1537,919,None,Move,office
1572961712.664,1538,908,None,Move,office
1572961712.679,1562,856,None,Move,office
1572961712.695,1611,765,None,Move,office
1572961712.711,1667,654,None,Move,office
1572961712.726,1716,545,None,Move,office
1572961712.742,1749,450,None,Move,office
1572961712.758,1761,412,None,Move,office
1572961712.764,1764,398,None,Move,office
1572961712.78,1772,375,None,Move,office
1572961712.795,1778,360,None,Move,office
1572961712.811,1781,350,None,Move,office
1572961712.827,1782,347,None,Move,office
1572961713.244,1778,353,None,Move,office
1572961713.2589998,1754,385,None,Move,office
1572961713.266,1737,408,None,Move,office
1572961713.281,1690,464,None,Move,office
1572961713.2970002,1661,498,None,Move,office
1572961713.312,1610,558,None,Move,office
1572961713.3279998,1568,613,None,Move,office
1572961713.344,1540,648,None,Move,office
1572961713.359,1514,678,None,Move,office
1572961713.3660002,1503,687,None,Move,office
1572961713.3820002,1491,705,None,Move,office
1572961713.397,1480,715,None,Move,office
1572961713.413,1476,720,None,Move,office
1572961713.428,1473,723,None,Move,office
1572961713.444,1470,724,None,Move,office
1572961713.466,1469,725,None,Move,office
1572961713.482,1469,725,None,Move,office
1572961713.4970002,1467,725,None,Move,office
1572961713.5129998,1466,725,None,Move,office
1572961713.529,1461,725,None,Move,office
1572961713.544,1457,725,None,Move,office
1572961713.56,1449,725,None,Move,office
1572961713.566,1443,725,None,Move,office
1572961713.582,1434,726,None,Move,office
1572961713.597,1422,726,None,Move,office
1572961713.613,1409,728,None,Move,office
1572961713.6279998,1399,733,None,Move,office
1572961713.644,1390,741,None,Move,office
1572961713.66,1385,748,None,Move,office
1572961713.666,1384,751,None,Move,office
1572961713.6820002,1381,756,None,Move,office
1572961713.697,1379,758,None,Move,office
1572961713.7129998,1379,760,None,Move,office
1572961713.728,1377,761,None,Move,office
1572961713.744,1376,762,None,Move,office
1572961713.766,1374,762,None,Move,office
1572961713.782,1372,762,None,Move,office
1572961713.7970002,1371,762,None,Move,office
1572961713.829,1370,762,None,Move,office
1572961713.867,1369,762,None,Move,office
1572961713.8820002,1367,762,None,Move,office
1572961713.8979998,1353,749,None,Move,office
1572961713.913,1324,712,None,Move,office
1572961713.929,1300,676,None,Move,office
1572961713.945,1229,581,None,Move,office
1572961713.961,1145,462,None,Move,office
1572961713.967,1094,393,None,Move,office
1572961713.982,994,254,None,Move,office
1572961713.998,938,172,None,Move,office
1572961714.014,920,146,None,Move,office
1572961714.029,917,142,None,Move,office
1572961714.23,917,146,None,Move,office
1572961714.245,919,157,None,Move,office
1572961714.2610002,924,176,None,Move,office
1572961714.2670002,925,184,None,Move,office
1572961714.283,928,207,None,Move,office
1572961714.299,930,223,None,Move,office
1572961714.314,931,234,None,Move,office
1572961714.33,931,240,None,Move,office
1572961714.346,931,244,None,Move,office
1572961714.3679998,931,247,None,Move,office
1572961714.383,931,249,None,Move,office
1572961714.399,931,251,None,Move,office
1572961714.415,930,253,None,Move,office
1572961714.43,929,255,None,Move,office
1572961714.462,929,256,None,Move,office
1572961714.468,929,256,None,Move,office
1572961714.5,928,257,None,Move,office
1572961714.515,928,258,None,Move,office
1572961714.531,927,259,None,Move,office
1572961714.546,926,260,None,Move,office
1572961714.5679998,925,261,None,Move,office
1572961714.584,925,262,None,Move,office
1572961714.599,924,265,None,Move,office
1572961714.615,922,267,None,Move,office
1572961714.631,920,270,None,Move,office
1572961714.646,918,273,None,Move,office
1572961714.663,916,276,None,Move,office
1572961714.847,916,276,Left,Pressed,office
1572961714.903,915,276,None,Drag,office
1572961714.919,912,276,None,Drag,office
1572961714.934,909,274,None,Drag,office
1572961714.95,895,266,None,Drag,office
1572961714.966,875,255,None,Drag,office
1572961714.972,863,247,None,Drag,office
1572961714.988,844,233,None,Drag,office
1572961715.0029998,826,222,None,Drag,office
1572961715.019,814,212,None,Drag,office
1572961715.035,808,207,None,Drag,office
1572961715.104,806,204,None,Drag,office
1572961715.135,806,204,Left,Released,office
1572961715.405,808,204,None,Move,office
1572961715.42,811,204,None,Move,office
1572961715.436,835,206,None,Move,office
1572961715.452,881,213,None,Move,office
1572961715.467,946,222,None,Move,office
1572961715.474,997,229,None,Move,office
1572961715.4889998,1102,240,None,Move,office
1572961715.505,1173,248,None,Move,office
1572961715.521,1269,256,None,Move,office
1572961715.536,1381,261,None,Move,office
1572961715.552,1451,263,None,Move,office
1572961715.5670002,1489,263,None,Move,office
1572961715.574,1499,263,None,Move,office
1572961715.59,1507,263,None,Move,office
1572961715.7370002,1508,262,None,Move,office
1572961715.752,1503,257,None,Move,office
1572961715.768,1487,246,None,Move,office
1572961715.774,1478,244,None,Move,office
1572961715.79,1455,233,None,Move,office
1572961715.805,1430,225,None,Move,office
1572961715.821,1401,218,None,Move,office
1572961715.837,1378,212,None,Move,office
1572961715.8520002,1365,208,None,Move,office
1572961715.8679998,1356,207,None,Move,office
1572961715.8739998,1354,206,None,Move,office
1572961715.89,1347,204,None,Move,office
1572961715.906,1339,203,None,Move,office
1572961715.921,1336,202,None,Move,office
1572961715.937,1329,199,None,Move,office
1572961715.9529998,1326,199,None,Move,office
1572961716.075,1326,199,Left,Pressed,office
1572961717.94,1326,199,Left,Released,office
1572961718.21,1328,202,None,Move,browsing
1572961718.226,1331,205,None,Move,browsing
1572961718.2410002,1348,217,None,Move,browsing
1572961718.2570002,1373,230,None,Move,browsing
1572961718.2729998,1404,245,None,Move,browsing
1572961718.288,1443,262,None,Move,browsing
1572961718.295,1462,273,None,Move,browsing
1572961718.311,1500,299,None,Move,browsing
1572961718.327,1537,327,None,Move,browsing
1572961718.342,1561,349,None,Move,browsing
1572961718.3579998,1580,362,None,Move,browsing
1572961718.373,1590,370,None,Move,browsing
1572961718.389,1594,373,None,Move,browsing
1572961718.458,1594,373,Left,Pressed,browsing
1572961718.543,1594,373,Left,Released,browsing
1572961718.941,1595,375,None,Move,browsing
1572961718.956,1601,409,None,Move,browsing
1572961718.972,1621,473,None,Move,browsing
1572961718.9870002,1668,590,None,Move,browsing
1572961719.0029998,1749,726,None,Move,browsing
1572961719.01,1793,795,None,Move,browsing
1572961719.025,1833,848,None,Move,browsing
1572961719.041,1916,959,None,Move,browsing
1572961719.056,1939,1029,None,Move,browsing
1572961719.072,1927,1060,None,Move,browsing
1572961719.0879998,1922,1078,None,Move,browsing
1572961719.103,1919,1081,None,Move,browsing
1572961719.11,1917,1083,None,Move,browsing
1572961719.1260002,1913,1080,None,Move,browsing
1572961719.141,1907,1079,None,Move,browsing
1572961719.157,1905,1080,None,Move,browsing
1572961719.1720002,1903,1080,None,Move,browsing
1572961719.188,1901,1079,None,Move,browsing
1572961719.204,1898,1080,None,Move,browsing
1572961719.21,1896,1081,None,Move,browsing
1572961719.226,1894,1080,None,Move,browsing
1572961719.242,1883,1081,None,Move,browsing
1572961719.2570002,1876,1082,None,Move,browsing
1572961719.2729998,1861,1081,None,Move,browsing
1572961719.288,1846,1080,None,Move,browsing
1572961719.304,1833,1082,None,Move,browsing
1572961719.31,1824,1082,None,Move,browsing
1572961719.326,1812,1083,None,Move,browsing
1572961719.342,1802,1081,None,Move,browsing
1572961719.357,1793,1080,None,Move,browsing
1572961719.373,1782,1079,None,Move,browsing
1572961719.3879998,1763,1079,None,Move,browsing
1572961719.404,1749,1079,None,Move,browsing
1572961719.411,1740,1077,None,Move,browsing
1572961719.426,1730,1076,None,Move,browsing
1572961719.4420002,1725,1074,None,Move,browsing
1572961719.457,1721,1071,None,Move,browsing
1572961719.4729998,1721,1069,None,Move,browsing
1572961719.4889998,1721,1068,None,Move,browsing
1572961719.506,1719,1064,None,Move,browsing
1572961719.512,1717,1060,None,Move,browsing
1572961719.528,1713,1054,None,Move,browsing
1572961719.544,1709,1048,None,Move,browsing
1572961719.559,1706,1043,None,Move,browsing
1572961719.575,1702,1037,None,Move,browsing
1572961719.59,1701,1034,None,Move,browsing
1572961719.606,1700,1029,None,Move,browsing
1572961719.613,1699,1027,None,Move,browsing
1572961719.6279998,1697,1024,None,Move,browsing
1572961719.644,1691,1021,None,Move,browsing
1572961719.66,1681,1017,None,Move,browsing
1572961719.691,1664,1015,None,Move,browsing
1572961719.706,1649,1012,None,Move,browsing
1572961719.7129998,1641,1012,None,Move,browsing
1572961719.728,1632,1012,None,Move,browsing
1572961719.744,1624,1012,None,Move,browsing
1572961719.76,1618,1012,None,Move,browsing
1572961719.775,1610,1012,None,Move,browsing
1572961719.791,1599,1014,None,Move,browsing
1572961719.8070002,1589,1014,None,Move,browsing
1572961719.813,1584,1014,None,Move,browsing
1572961719.829,1578,1014,None,Move,browsing
1572961719.845,1573,1014,None,Move,browsing
1572961719.86,1572,1015,None,Move,browsing
1572961719.8760002,1571,1015,None,Move,browsing
1572961719.891,1567,1016,None,Move,browsing
1572961719.914,1563,1016,None,Move,browsing
1572961719.929,1554,1017,None,Move,browsing
1572961719.945,1551,1017,None,Move,browsing
1572961719.961,1545,1018,None,Move,browsing
1572961719.976,1541,1019,None,Move,browsing
1572961719.992,1539,1019,None,Move,browsing
1572961720.0070002,1536,1020,None,Move,browsing
1572961720.014,1535,1021,None,Move,browsing
1572961720.045,1532,1023,None,Move,browsing
1572961720.061,1531,1025,None,Move,browsing
1572961720.077,1530,1026,None,Move,browsing
1572961720.092,1529,1027,None,Move,browsing
1572961720.1139998,1528,1028,None,Move,browsing
1572961720.13,1527,1029,None,Move,browsing
1572961720.177,1527,1031,None,Move,browsing
1572961720.381,1527,1031,Left,Pressed,browsing
1572961720.4970002,1527,1031,Left,Released,file system
1572961721.7129998,1524,1031,None,Move,file system
1572961721.728,1518,1029,None,Move,file system
1572961721.735,1511,1027,None,Move,file system
1572961721.75,1493,1019,None,Move,file system
1572961721.766,1476,1010,None,Move,file system
1572961721.781,1456,1000,None,Move,file system
1572961721.7970002,1446,993,None,Move,file system
1572961721.813,1443,990,None,Move,file system
1572961721.835,1440,988,None,Move,file system
1572961721.956,1440,988,Left,Pressed,file system
1572961722.04,1440,988,Left,Released,file system
1572961722.5779998,1439,984,None,Move,development
1572961722.586,1436,972,None,Move,development
1572961722.594,1431,963,None,Move,development
1572961722.6020002,1425,950,None,Move,development
1572961722.61,1415,937,None,Move,development
1572961722.619,1405,921,None,Move,development
1572961722.627,1388,898,None,Move,development
1572961722.635,1369,872,None,Move,development
1572961722.643,1341,831,None,Move,development
1572961722.651,1307,789,None,Move,development
1572961722.659,1257,727,None,Move,development
1572961722.666,1198,653,None,Move,development
1572961722.674,1132,571,None,Move,development
1572961722.6820002,1065,485,None,Move,development
1572961722.69,991,398,None,Move,development
1572961722.698,917,312,None,Move,development
1572961722.706,845,237,None,Move,development
1572961722.714,774,175,None,Move,development
1572961722.722,705,127,None,Move,development
1572961722.73,668,102,None,Move,development
1572961722.738,634,86,None,Move,development
1572961722.746,617,81,None,Move,development
1572961722.754,609,80,None,Move,development
1572961722.762,607,80,None,Move,development
1572961722.786,607,80,None,Move,development
1572961722.804,607,80,None,Move,development
1572961722.812,612,76,None,Move,development
1572961722.82,613,75,None,Move,development
1572961722.8279998,615,72,None,Move,development
1572961722.836,618,68,None,Move,development
1572961722.844,620,63,None,Move,development
1572961722.8520002,621,59,None,Move,development
1572961722.86,624,53,None,Move,development
1572961722.8679998,626,48,None,Move,development
1572961722.8760002,627,47,None,Move,development
1572961723.236,629,48,None,Move,development
1572961723.244,630,49,None,Move,development
1572961723.2510002,631,51,None,Move,development
1572961723.2589998,632,52,None,Move,development
1572961723.268,633,54,None,Move,development
1572961723.275,634,56,None,Move,development
1572961723.284,634,57,None,Move,development
1572961723.292,635,58,None,Move,development
1572961723.3,635,59,None,Move,development
1572961723.3079998,635,61,None,Move,development
1572961723.316,635,62,None,Move,development
1572961723.324,636,64,None,Move,development
1572961724.052,636,65,None,Move,development
1572961724.06,632,67,None,Move,development
1572961724.0670002,623,68,None,Move,development
1572961724.076,613,71,None,Move,development
1572961724.091,602,74,None,Move,development
1572961724.097,588,79,None,Move,development
1572961724.1020002,566,88,None,Move,development
1572961724.107,550,94,None,Move,development
1572961724.1160002,522,106,None,Move,development
1572961724.125,485,120,None,Move,development
1572961724.133,445,140,None,Move,development
1572961724.141,407,157,None,Move,development
1572961724.149,380,169,None,Move,development
1572961724.157,350,182,None,Move,development
1572961724.165,328,191,None,Move,development
1572961724.1720002,306,201,None,Move,development
1572961724.18,291,207,None,Move,development
1572961724.197,270,215,None,Move,development
1572961724.204,259,219,None,Move,development
1572961724.211,252,222,None,Move,development
1572961724.236,238,223,None,Move,development
1572961724.242,231,223,None,Move,development
1572961724.248,227,223,None,Move,development
1572961724.254,221,223,None,Move,development
1572961724.26,216,223,None,Move,development
1572961724.2670002,212,223,None,Move,development
1572961724.275,205,222,None,Move,development
1572961724.283,202,222,None,Move,development
1572961724.293,198,222,None,Move,development
1572961724.3,193,221,None,Move,development
1572961724.3079998,185,221,None,Move,development
1572961724.315,180,221,None,Move,development
1572961724.323,171,221,None,Move,development
1572961724.332,163,221,None,Move,development
1572961724.34,159,221,None,Move,development
1572961724.3479998,153,221,None,Move,development
1572961724.356,146,221,None,Move,development
1572961724.3639998,140,221,None,Move,development
1572961724.3720002,137,221,None,Move,development
1572961724.38,133,221,None,Move,development
1572961724.389,129,221,None,Move,development
1572961724.397,126,220,None,Move,development
1572961724.405,124,220,None,Move,development
1572961724.413,120,219,None,Move,development
1572961724.42,118,219,None,Move,development
1572961724.428,114,217,None,Move,development
1572961724.436,110,217,None,Move,development
1572961724.444,109,217,None,Move,development
1572961724.452,107,217,None,Move,development
1572961724.469,106,217,None,Move,development
1572961724.8639998,106,216,None,Move,development
1572961724.883,106,214,None,Move,development
1572961724.891,106,212,None,Move,development
1572961724.899,106,211,None,Move,development
1572961724.907,106,210,None,Move,development
1572961724.916,106,209,None,Move,development
1572961724.924,107,207,None,Move,development
1572961724.9320002,108,206,None,Move,development
1572961724.939,108,206,None,Move,development
1572961724.947,109,204,None,Move,development
1572961724.955,111,202,None,Move,development
1572961724.971,112,201,None,Move,development
1572961724.988,113,200,None,Move,development
1572961725.196,114,199,None,Move,development
1572961725.222,114,198,None,Move,development
1572961725.2470002,115,197,None,Move,development
1572961725.302,117,196,None,Move,development
1572961725.326,118,196,None,Move,development
1572961725.341,119,195,None,Move,development
1572961725.351,120,195,None,Move,development
1572961725.359,121,195,None,Move,development
1572961725.3679998,122,194,None,Move,development
1572961725.375,124,194,None,Move,development
1572961725.383,128,194,None,Move,development
1572961725.391,131,194,None,Move,development
1572961725.399,135,194,None,Move,development
1572961725.407,146,195,None,Move,development
1572961725.415,150,197,None,Move,development
1572961725.423,161,200,None,Move,development
1572961725.431,171,203,None,Move,development
1572961725.439,184,207,None,Move,development
1572961725.447,197,212,None,Move,development
1572961725.466,224,225,None,Move,development
1572961725.4729998,238,230,None,Move,development
1572961725.479,251,236,None,Move,development
1572961725.486,266,243,None,Move,development
1572961725.494,287,251,None,Move,development
1572961725.502,307,262,None,Move,development
1572961725.51,342,281,None,Move,development
1572961725.519,381,298,None,Move,development
1572961725.5270002,416,317,None,Move,development
1572961725.535,455,334,None,Move,development
1572961725.544,486,352,None,Move,development
1572961725.551,511,368,None,Move,development
1572961725.559,526,376,None,Move,development
1572961725.5670002,540,385,None,Move,development
1572961725.575,550,392,None,Move,development
1572961725.583,559,398,None,Move,development
1572961725.591,566,402,None,Move,development
1572961725.599,571,406,None,Move,development
1572961725.606,576,410,None,Move,development
1572961725.6139998,579,413,None,Move,development
1572961725.623,583,415,None,Move,development
1572961725.6379998,584,416,None,Move,development
1572961725.647,585,417,None,Move,development
1572961725.6620002,585,418,None,Move,development
1572961725.678,585,419,None,Move,development
1572961725.695,585,420,None,Move,development
1572961725.702,585,421,None,Move,development
1572961725.712,585,422,None,Move,development
1572961725.726,585,423,None,Move,development
1572961725.734,585,424,None,Move,development
1572961725.75,585,426,None,Move,development
1572961725.781,585,428,None,Move,development
1572961726.1179998,585,430,None,Move,development
1572961726.1339998,588,433,None,Move,development
1572961726.147,592,434,None,Move,development
1572961726.155,601,437,None,Move,development
1572961726.163,616,441,None,Move,development
1572961726.17,632,446,None,Move,development
1572961726.178,652,450,None,Move,development
1572961726.186,675,455,None,Move,development
1572961726.194,710,459,None,Move,development
1572961726.2029998,756,464,None,Move,development
1572961726.211,811,469,None,Move,development
1572961726.219,856,472,None,Move,development
1572961726.226,901,472,None,Move,development
1572961726.234,935,471,None,Move,development
1572961726.242,970,466,None,Move,development
1572961726.25,1008,462,None,Move,development
1572961726.2589998,1039,458,None,Move,development
1572961726.2670002,1075,451,None,Move,development
1572961726.275,1099,446,None,Move,development
1572961726.283,1115,444,None,Move,development
1572961726.29,1133,437,None,Move,development
1572961726.298,1146,434,None,Move,development
1572961726.3070002,1158,429,None,Move,development
1572961726.315,1171,423,None,Move,development
1572961726.323,1180,419,None,Move,development
1572961726.331,1185,415,None,Move,development
1572961726.339,1192,410,None,Move,development
1572961726.346,1197,407,None,Move,development
1572961726.354,1201,401,None,Move,development
1572961726.3620002,1205,396,None,Move,development
1572961726.371,1206,395,None,Move,development
1572961726.379,1207,393,None,Move,development
1572961726.387,1209,390,None,Move,development
1572961726.395,1209,388,None,Move,development
1572961726.4020002,1210,386,None,Move,development
1572961726.41,1211,383,None,Move,development
1572961726.427,1212,381,None,Move,development
1572961726.435,1212,379,None,Move,development
1572961726.4429998,1212,377,None,Move,development
1572961726.458,1213,376,None,Move,development
1572961726.466,1213,375,None,Move,development
1572961726.474,1213,374,None,Move,development
1572961726.4829998,1213,373,None,Move,development
1572961727.236,1213,373,None,Move,development
1572961727.254,1211,373,None,Move,development
1572961727.266,1211,373,None,Move,development
1572961727.274,1208,373,None,Move,development
1572961727.283,1205,373,None,Move,development
1572961727.29,1199,373,None,Move,development
1572961727.2970002,1190,373,None,Move,development
1572961727.305,1186,373,None,Move,development
1572961727.313,1177,373,None,Move,development
1572961727.323,1169,373,None,Move,development
1572961727.33,1151,374,None,Move,development
1572961727.3379998,1136,376,None,Move,development
1572961727.347,1118,379,None,Move,development
1572961727.354,1100,382,None,Move,development
1572961727.3620002,1077,388,None,Move,development
1572961727.37,1053,393,None,Move,development
1572961727.379,1026,397,None,Move,development
1572961727.3860002,991,404,None,Move,development
1572961727.395,956,408,None,Move,development
1572961727.403,933,412,None,Move,development
1572961727.411,893,419,None,Move,development
1572961727.417,847,423,None,Move,development
1572961727.426,793,426,None,Move,development
1572961727.435,752,428,None,Move,development
1572961727.4420002,714,431,None,Move,development
1572961727.45,680,433,None,Move,development
1572961727.459,655,433,None,Move,development
1572961727.466,626,433,None,Move,development
1572961727.4729998,605,433,None,Move,development
1572961727.482,585,433,None,Move,development
1572961727.49,571,432,None,Move,development
1572961727.498,551,432,None,Move,development
1572961727.506,533,429,None,Move,development
1572961727.514,517,427,None,Move,development
1572961727.522,498,424,None,Move,development
1572961727.529,482,421,None,Move,development
1572961727.538,466,417,None,Move,development
1572961727.546,449,412,None,Move,development
1572961727.555,433,409,None,Move,development
1572961727.562,410,404,None,Move,development
1572961727.57,394,401,None,Move,development
1572961727.5779998,379,396,None,Move,development
1572961727.587,369,391,None,Move,development
1572961727.594,358,387,None,Move,development
1572961727.6020002,347,382,None,Move,development
1572961727.623,336,377,None,Move,development
1572961727.633,302,356,None,Move,development
1572961727.64,293,351,None,Move,development
1572961727.647,288,346,None,Move,development
1572961727.655,282,341,None,Move,development
1572961727.665,277,333,None,Move,development
1572961727.674,273,328,None,Move,development
1572961727.681,270,323,None,Move,development
1572961727.689,267,316,None,Move,development
1572961727.698,266,310,None,Move,development
1572961727.705,265,305,None,Move,development
1572961727.7129998,264,299,None,Move,development
1572961727.721,264,293,None,Move,development
1572961727.729,263,289,None,Move,development
1572961727.736,263,285,None,Move,development
1572961727.744,263,280,None,Move,development
1572961727.752,263,277,None,Move,development
1572961727.76,263,274,None,Move,development
1572961727.768,263,269,None,Move,development
1572961727.776,263,266,None,Move,development
1572961727.785,263,263,None,Move,development
1572961727.792,261,258,None,Move,development
1572961727.8,261,255,None,Move,development
1572961727.8079998,260,253,None,Move,development
1572961727.815,260,250,None,Move,development
1572961727.823,258,247,None,Move,development
1572961727.847,249,230,None,Move,development
1572961727.855,244,226,None,Move,development
1572961727.8620002,242,224,None,Move,development
1572961727.87,241,223,None,Move,development
1572961727.8779998,239,222,None,Move,development
1572961727.8860002,237,221,None,Move,development
1572961727.894,235,221,None,Move,development
1572961727.9020002,233,221,None,Move,development
1572961727.91,229,221,None,Move,development
1572961727.918,227,221,None,Move,development
1572961727.926,221,221,None,Move,development
1572961727.9329998,213,221,None,Move,development
1572961727.941,207,221,None,Move,development
1572961727.95,198,221,None,Move,development
1572961727.958,188,222,None,Move,development
1572961727.967,182,223,None,Move,development
1572961727.974,171,223,None,Move,development
1572961727.982,163,223,None,Move,development
1572961727.9889998,153,226,None,Move,development
1572961727.9970002,147,226,None,Move,development
1572961728.006,138,226,None,Move,development
1572961728.014,132,227,None,Move,development
1572961728.022,130,227,None,Move,development
1572961728.03,125,228,None,Move,development
1572961728.045,124,228,None,Move,development
1572961728.053,123,229,None,Move,development
1572961728.062,122,229,None,Move,development
1572961728.079,121,230,None,Move,development
1572961728.151,119,232,None,Move,development
1572961728.2370002,118,230,None,Move,development
1572961728.248,118,227,None,Move,development
1572961728.256,118,222,None,Move,development
1572961728.265,118,218,None,Move,development
1572961728.275,118,213,None,Move,development
1572961728.281,119,208,None,Move,development
1572961728.288,121,202,None,Move,development
1572961728.2970002,122,197,None,Move,development
1572961728.305,124,192,None,Move,development
1572961728.313,125,186,None,Move,development
1572961728.321,127,179,None,Move,development
1572961728.329,127,175,None,Move,development
1572961728.336,127,173,None,Move,development
1572961728.344,127,170,None,Move,development
1572961728.353,127,169,None,Move,development
1572961728.361,127,168,None,Move,development
1572961728.454,127,168,Left,Pressed,development
1572961728.538,127,168,Left,Released,development
1572961729.5370002,127,168,None,Move,development
1572961729.554,127,176,None,Move,development
1572961729.561,127,181,None,Move,development
1572961729.569,127,185,None,Move,development
1572961729.577,128,188,None,Move,development
1572961729.585,129,195,None,Move,development
1572961729.593,129,197,None,Move,development
1572961729.601,130,201,None,Move,development
1572961729.609,131,203,None,Move,development
1572961729.617,132,208,None,Move,development
1572961729.625,135,211,None,Move,development
1572961729.633,135,213,None,Move,development
1572961729.641,136,215,None,Move,development
1572961729.649,137,217,None,Move,development
1572961729.657,138,221,None,Move,development
1572961729.665,139,224,None,Move,development
1572961729.673,139,226,None,Move,development
1572961729.681,140,228,None,Move,development
1572961729.689,140,230,None,Move,development
1572961729.697,141,233,None,Move,development
1572961729.705,142,234,None,Move,development
1572961729.7129998,142,236,None,Move,development
1572961729.721,143,237,None,Move,development
1572961733.745,143,237,Left,Pressed,development
1572961733.8170002,143,237,Left,Released,development
1572961734.042,144,237,None,Move,development
1572961734.05,148,236,None,Move,development
1572961734.0579998,154,236,None,Move,development
1572961734.065,166,235,None,Move,development
1572961734.073,186,235,None,Move,development
1572961734.081,213,235,None,Move,development
1572961734.089,259,236,None,Move,development
1572961734.0979998,317,242,None,Move,development
1572961734.1079998,403,248,None,Move,development
1572961734.1139998,483,259,None,Move,development
1572961734.1220002,574,272,None,Move,development
1572961734.129,665,281,None,Move,development
1572961734.137,759,290,None,Move,development
1572961734.145,838,296,None,Move,development
1572961734.154,925,305,None,Move,development
1572961734.1620002,1019,314,None,Move,development
1572961734.17,1094,322,None,Move,development
1572961734.178,1161,331,None,Move,development
1572961734.185,1215,336,None,Move,development
1572961734.1929998,1259,343,None,Move,development
1572961734.202,1306,351,None,Move,development
1572961734.21,1341,355,None,Move,development
1572961734.218,1366,357,None,Move,development
1572961734.226,1383,358,None,Move,development
1572961734.234,1389,358,None,Move,development
1572961734.2410002,1397,358,None,Move,development
1572961734.2489998,1399,358,None,Move,development
1572961734.2570002,1401,358,None,Move,development
1572961734.274,1403,357,None,Move,development
1572961734.282,1404,356,None,Move,development
1572961734.29,1405,356,None,Move,development
1572961734.2970002,1406,354,None,Move,development
1572961734.305,1408,353,None,Move,development
1572961734.313,1410,349,None,Move,development
1572961734.321,1412,346,None,Move,development
1572961734.33,1414,344,None,Move,development
1572961734.3379998,1419,337,None,Move,development
1572961734.346,1425,330,None,Move,development
1572961734.354,1427,327,None,Move,development
1572961734.361,1433,319,None,Move,development
1572961734.369,1437,313,None,Move,development
1572961734.377,1443,306,None,Move,development
1572961734.3860002,1447,297,None,Move,development
1572961734.394,1450,289,None,Move,development
1572961734.4020002,1454,280,None,Move,development
1572961734.41,1454,274,None,Move,development
1572961734.417,1456,265,None,Move,development
1572961734.425,1456,259,None,Move,development
1572961734.4329998,1455,251,None,Move,development
1572961734.4420002,1454,246,None,Move,development
1572961734.45,1453,238,None,Move,development
1572961734.459,1450,231,None,Move,development
1572961734.466,1449,224,None,Move,development
1572961734.4729998,1448,220,None,Move,development
1572961734.481,1445,211,None,Move,development
1572961734.4889998,1442,204,None,Move,development
1572961734.498,1439,197,None,Move,development
1572961734.506,1436,189,None,Move,development
1572961734.514,1433,178,None,Move,development
1572961734.526,1431,171,None,Move,development
1572961734.533,1426,164,None,Move,development
1572961734.54,1424,158,None,Move,development
1572961734.545,1421,153,None,Move,development
1572961734.554,1417,146,None,Move,development
1572961734.562,1415,141,None,Move,development
1572961734.572,1411,136,None,Move,development
1572961734.5779998,1408,132,None,Move,development
1572961734.585,1405,129,None,Move,development
1572961734.593,1402,125,None,Move,development
1572961734.601,1400,123,None,Move,development
1572961734.61,1398,121,None,Move,development
1572961734.6179998,1396,119,None,Move,development
1572961734.6260002,1394,117,None,Move,development
1572961734.6339998,1392,115,None,Move,development
1572961734.641,1389,112,None,Move,development
1572961734.649,1385,109,None,Move,development
1572961734.657,1382,107,None,Move,development
1572961734.666,1377,102,None,Move,development
1572961734.674,1370,97,None,Move,development
1572961734.6820002,1365,95,None,Move,development
1572961734.69,1358,91,None,Move,development
1572961734.706,1354,89,None,Move,development
1572961734.7129998,1351,86,None,Move,development
1572961734.718,1348,84,None,Move,development
1572961734.725,1344,82,None,Move,development
1572961734.731,1341,80,None,Move,development
1572961734.738,1337,76,None,Move,development
1572961734.746,1334,74,None,Move,development
1572961734.754,1329,71,None,Move,development
1572961734.7610002,1321,69,None,Move,development
1572961734.769,1312,66,None,Move,development
1572961734.7770002,1307,63,None,Move,development
1572961734.786,1302,62,None,Move,development
1572961734.794,1294,61,None,Move,development
1572961734.802,1288,61,None,Move,development
1572961734.81,1285,60,None,Move,development
1572961734.8170002,1280,60,None,Move,development
1572961735.016,1282,61,None,Move,development
1572961735.026,1287,63,None,Move,development
1572961735.033,1291,65,None,Move,development
1572961735.041,1295,67,None,Move,development
1572961735.049,1300,69,None,Move,development
1572961735.0570002,1303,71,None,Move,development
1572961735.066,1308,74,None,Move,development
1572961735.074,1313,76,None,Move,development
1572961735.086,1317,77,None,Move,development
1572961735.092,1321,78,None,Move,development
1572961735.097,1323,79,None,Move,development
1572961735.105,1328,81,None,Move,development
1572961735.113,1329,81,None,Move,development
1572961735.121,1330,82,None,Move,development
1572961735.635,1330,82,Left,Pressed,development
1572961735.7370002,1330,82,Left,Released,development
1572961736.268,1332,88,None,Move,browsing
1572961736.29,1341,109,None,Move,browsing
1572961736.306,1371,204,None,Move,browsing
1572961736.321,1439,424,None,Move,browsing
1572961736.337,1467,521,None,Move,browsing
1572961736.3520002,1525,747,None,Move,browsing
1572961736.3679998,1565,920,None,Move,browsing
1572961736.385,1590,1063,None,Move,browsing
1572961736.39,1593,1105,None,Move,browsing
1572961736.406,1594,1092,None,Move,browsing
1572961736.421,1594,1083,None,Move,browsing
1572961736.437,1593,1082,None,Move,browsing
1572961736.4529998,1590,1081,None,Move,browsing
1572961736.468,1588,1081,None,Move,browsing
1572961736.484,1588,1080,None,Move,browsing
1572961736.506,1587,1080,None,Move,browsing
1572961736.522,1586,1080,None,Move,browsing
1572961736.5370002,1585,1079,None,Move,browsing
1572961736.553,1584,1080,None,Move,browsing
1572961736.569,1583,1079,None,Move,browsing
1572961736.586,1582,1080,None,Move,browsing
1572961736.591,1581,1079,None,Move,browsing
1572961736.606,1573,1079,None,Move,browsing
1572961736.6220002,1555,1078,None,Move,browsing
1572961736.637,1534,1075,None,Move,browsing
1572961736.653,1514,1074,None,Move,browsing
1572961736.669,1499,1071,None,Move,browsing
1572961736.684,1492,1070,None,Move,browsing
1572961736.691,1489,1069,None,Move,browsing
1572961736.707,1484,1068,None,Move,browsing
1572961736.722,1476,1065,None,Move,browsing
1572961736.738,1471,1062,None,Move,browsing
1572961736.754,1463,1057,None,Move,browsing
1572961736.769,1454,1053,None,Move,browsing
1572961736.785,1448,1048,None,Move,browsing
1572961736.791,1443,1044,None,Move,browsing
1572961736.8070002,1437,1039,None,Move,browsing
1572961736.823,1433,1035,None,Move,browsing
1572961736.8379998,1432,1033,None,Move,browsing
1572961736.854,1432,1031,None,Move,browsing
1572961736.869,1432,1029,None,Move,browsing
1572961736.885,1434,1027,None,Move,browsing
1572961736.8920002,1435,1026,None,Move,browsing
1572961736.907,1438,1024,None,Move,browsing
1572961736.923,1440,1022,None,Move,browsing
1572961736.938,1442,1021,None,Move,browsing
1572961736.954,1445,1020,None,Move,browsing
1572961736.97,1448,1019,None,Move,browsing
1572961736.985,1450,1018,None,Move,browsing
1572961736.992,1451,1018,None,Move,browsing
1572961737.054,1452,1018,None,Move,browsing
1572961737.07,1453,1017,None,Move,browsing
1572961737.086,1458,1016,None,Move,browsing
1572961737.092,1462,1016,None,Move,browsing
1572961737.1079998,1474,1016,None,Move,browsing
1572961737.123,1492,1016,None,Move,browsing
1572961737.139,1519,1020,None,Move,browsing
1572961737.155,1544,1026,None,Move,browsing
1572961737.17,1569,1034,None,Move,browsing
1572961737.186,1581,1035,None,Move,browsing
1572961737.1920002,1596,1040,None,Move,browsing
1572961737.208,1617,1046,None,Move,browsing
1572961737.224,1623,1049,None,Move,browsing
1572961737.271,1624,1050,None,Move,browsing
1572961737.298,1623,1050,None,Move,browsing
1572961737.299,1622,1051,None,Move,browsing
1572961737.314,1620,1051,None,Move,browsing
1572961737.33,1613,1052,None,Move,browsing
1572961737.345,1601,1053,None,Move,browsing
1572961737.361,1586,1051,None,Move,browsing
1572961737.377,1567,1049,None,Move,browsing
1572961737.3920002,1554,1046,None,Move,browsing
1572961737.3979998,1549,1045,None,Move,browsing
1572961737.414,1542,1044,None,Move,browsing
1572961737.43,1536,1043,None,Move,browsing
1572961737.4770002,1536,1043,None,Move,browsing
1572961737.4989998,1535,1043,None,Move,browsing
1572961737.514,1533,1044,None,Move,browsing
1572961737.53,1530,1045,None,Move,browsing
1572961737.546,1529,1046,None,Move,browsing
1572961737.561,1526,1046,None,Move,browsing
1572961737.577,1522,1047,None,Move,browsing
1572961737.716,1521,1047,Left,Pressed,browsing
1572961737.762,1521,1047,Left,Released,file system
1572961738.349,1520,1047,None,Move,file system
1572961738.3639998,1518,1042,None,Move,file system
1572961738.38,1517,1040,None,Move,file system
1572961738.396,1514,1033,None,Move,file system
1572961738.4020002,1513,1029,None,Move,file system
1572961738.418,1510,1025,None,Move,file system
1572961738.4329998,1510,1023,None,Move,file system
1572961738.449,1508,1020,None,Move,file system
1572961738.465,1507,1018,None,Move,file system
1572961738.48,1506,1015,None,Move,file system
1572961738.496,1505,1014,None,Move,file system
1572961738.502,1504,1013,None,Move,file system
1572961738.518,1502,1011,None,Move,file system
1572961738.534,1498,1010,None,Move,file system
1572961738.549,1494,1009,None,Move,file system
1572961738.565,1489,1008,None,Move,file system
1572961738.58,1482,1006,None,Move,file system
1572961738.596,1479,1005,None,Move,file system
1572961738.603,1475,1004,None,Move,file system
1572961738.6179998,1466,1000,None,Move,file system
1572961738.6339998,1459,999,None,Move,file system
1572961738.649,1454,998,None,Move,file system
1572961738.665,1451,997,None,Move,file system
1572961738.681,1447,995,None,Move,file system
1572961738.698,1446,995,None,Move,file system
1572961738.7029998,1444,994,None,Move,file system
1572961738.718,1441,993,None,Move,file system
1572961738.734,1433,992,None,Move,file system
1572961738.75,1425,990,None,Move,file system
1572961738.765,1418,988,None,Move,file system
1572961738.781,1413,987,None,Move,file system
1572961738.85,1411,987,Left,Pressed,file system
1572961738.92,1411,987,Left,Released,file system
1572961739.107,1407,987,None,Move,development
1572961739.115,1395,983,None,Move,development
1572961739.1239998,1379,978,None,Move,development
1572961739.131,1352,969,None,Move,development
1572961739.14,1295,949,None,Move,development
1572961739.1479998,1240,928,None,Move,development
1572961739.156,1162,895,None,Move,development
1572961739.163,1071,857,None,Move,development
1572961739.171,968,812,None,Move,development
1572961739.179,861,763,None,Move,development
1572961739.187,742,710,None,Move,development
1572961739.195,638,658,None,Move,development
1572961739.2029998,495,590,None,Move,development
1572961739.211,375,537,None,Move,development
1572961739.219,277,499,None,Move,development
1572961739.2270002,199,472,None,Move,development
1572961739.235,154,460,None,Move,development
1572961739.2429998,140,456,None,Move,development
1572961739.2510002,135,454,None,Move,development
1572961739.2589998,133,454,None,Move,development
1572961739.2670002,133,453,None,Move,development
1572961739.275,134,451,None,Move,development
1572961739.283,135,449,None,Move,development
1572961739.291,137,447,None,Move,development
1572961739.299,141,441,None,Move,development
1572961739.3070002,147,432,None,Move,development
1572961739.315,150,425,None,Move,development
1572961739.323,156,416,None,Move,development
1572961739.331,160,411,None,Move,development
1572961739.339,166,402,None,Move,development
1572961739.347,167,399,None,Move,development
1572961739.476,171,399,None,Move,development
1572961739.4829998,180,404,None,Move,development
1572961739.492,188,408,None,Move,development
1572961739.5,193,409,None,Move,development
1572961739.508,196,411,None,Move,development
1572961739.516,197,411,None,Move,development
1572961739.524,198,410,None,Move,development
1572961739.541,198,408,None,Move,development
1572961739.548,198,407,None,Move,development
1572961739.556,199,405,None,Move,development
1572961739.564,199,403,None,Move,development
1572961739.572,199,400,None,Move,development
1572961739.58,198,395,None,Move,development
1572961739.587,195,387,None,Move,development
1572961739.597,190,378,None,Move,development
1572961739.604,182,365,None,Move,development
1572961739.611,174,354,None,Move,development
1572961739.62,167,345,None,Move,development
1572961739.627,159,332,None,Move,development
1572961739.635,151,321,None,Move,development
1572961739.643,147,314,None,Move,development
1572961739.651,142,305,None,Move,development
1572961739.66,140,300,None,Move,development
1572961739.667,137,295,None,Move,development
1572961739.675,136,292,None,Move,development
1572961739.684,135,289,None,Move,development
1572961739.6920002,135,287,None,Move,development
1572961739.7,134,285,None,Move,development
1572961739.707,134,283,None,Move,development
1572961739.7229998,133,281,None,Move,development
1572961739.731,133,277,None,Move,development
1572961739.7389998,133,274,None,Move,development
1572961739.7470002,133,270,None,Move,development
1572961739.755,133,264,None,Move,development
1572961739.764,133,259,None,Move,development
1572961739.772,133,250,None,Move,development
1572961739.78,132,244,None,Move,development
1572961739.7870002,132,237,None,Move,development
1572961739.795,130,231,None,Move,development
1572961739.804,130,226,None,Move,development
1572961739.811,130,222,None,Move,development
1572961739.819,129,217,None,Move,development
1572961739.8279998,129,214,None,Move,development
1572961739.835,129,212,None,Move,development
1572961739.844,129,210,None,Move,development
1572961739.8520002,129,209,None,Move,development
1572961739.86,129,208,None,Move,development
1572961739.8679998,129,208,None,Move,development
1572961739.8760002,129,207,None,Move,development
1572961739.8839998,129,206,None,Move,development
1572961739.8920002,129,204,None,Move,development
1572961739.9,129,202,None,Move,development
1572961739.908,128,200,None,Move,development
1572961739.916,128,198,None,Move,development
1572961739.924,128,197,None,Move,development
1572961739.931,128,197,None,Move,development
1572961739.94,128,196,None,Move,development
1572961739.972,128,195,None,Move,development
1572961739.988,128,194,None,Move,development
1572961740.004,128,193,None,Move,development
1572961740.012,128,192,None,Move,development
1572961740.02,128,191,None,Move,development
1572961740.028,128,191,None,Move,development
1572961740.036,128,190,None,Move,development
1572961740.053,128,189,None,Move,development
1572961740.06,128,188,None,Move,development
1572961740.075,128,187,None,Move,development
1572961740.3779998,128,187,None,Move,development
1572961740.394,132,189,None,Move,development
1572961740.403,139,192,None,Move,development
1572961740.411,142,194,None,Move,development
1572961740.42,149,200,None,Move,development
1572961740.427,154,202,None,Move,development
1572961740.435,163,208,None,Move,development
1572961740.4429998,172,213,None,Move,development
1572961740.451,185,221,None,Move,development
1572961740.459,197,227,None,Move,development
1572961740.467,210,235,None,Move,development
1572961740.476,223,241,None,Move,development
1572961740.4829998,240,250,None,Move,development
1572961740.4910002,256,256,None,Move,development
1572961740.4989998,273,265,None,Move,development
1572961740.5070002,288,273,None,Move,development
1572961740.515,306,280,None,Move,development
1572961740.5229998,319,286,None,Move,development
1572961740.532,347,302,None,Move,development
1572961740.539,366,310,None,Move,development
1572961740.5470002,382,317,None,Move,development
1572961740.555,399,325,None,Move,development
1572961740.564,415,332,None,Move,development
1572961740.571,424,336,None,Move,development
1572961740.581,435,341,None,Move,development
1572961740.5879998,442,344,None,Move,development
1572961740.596,445,345,None,Move,development
1572961740.604,446,346,None,Move,development
1572961740.7410002,446,346,Left,Pressed,development
1572961740.805,446,346,Left,Released,development
1572961741.076,448,348,None,Move,development
1572961741.084,448,348,None,Move,development
1572961741.091,443,342,None,Move,development
1572961741.099,434,336,None,Move,development
1572961741.107,430,332,None,Move,development
1572961741.115,423,325,None,Move,development
1572961741.1239998,420,322,None,Move,development
1572961741.1320002,417,319,None,Move,development
1572961741.14,415,316,None,Move,development
1572961741.147,415,315,None,Move,development
1572961741.228,415,315,Left,Pressed,development
1572961741.3079998,415,315,Left,Released,development
1572961741.971,415,312,None,Move,development
1572961741.98,415,305,None,Move,development
1572961741.988,416,294,None,Move,development
1572961741.996,419,286,None,Move,development
1572961742.004,423,279,None,Move,development
1572961742.0110002,430,271,None,Move,development
1572961742.019,441,262,None,Move,development
1572961742.0270002,451,252,None,Move,development
1572961742.0370002,469,246,None,Move,development
1572961742.044,496,234,None,Move,development
1572961742.052,530,223,None,Move,development
1572961742.061,574,213,None,Move,development
1572961742.0670002,629,203,None,Move,development
1572961742.075,681,192,None,Move,development
1572961742.083,753,181,None,Move,development
1572961742.092,824,172,None,Move,development
1572961742.1,910,163,None,Move,development
1572961742.1079998,981,158,None,Move,development
1572961742.1160002,1050,155,None,Move,development
1572961742.123,1100,152,None,Move,development
1572961742.1320002,1154,150,None,Move,development
1572961742.139,1195,148,None,Move,development
1572961742.147,1233,145,None,Move,development
1572961742.156,1256,142,None,Move,development
1572961742.164,1272,139,None,Move,development
1572961742.1720002,1285,135,None,Move,development
1572961742.179,1288,135,None,Move,development
1572961742.187,1290,133,None,Move,development
1572961742.252,1290,132,None,Move,development
1572961742.2589998,1290,132,None,Move,development
1572961742.269,1289,131,None,Move,development
1572961742.276,1287,130,None,Move,development
1572961742.285,1283,129,None,Move,development
1572961742.293,1280,128,None,Move,development
1572961742.299,1275,125,None,Move,development
1572961742.3070002,1272,124,None,Move,development
1572961742.315,1266,120,None,Move,development
1572961742.324,1261,118,None,Move,development
1572961742.332,1256,115,None,Move,development
1572961742.34,1254,113,None,Move,development
1572961742.3479998,1253,112,None,Move,development
1572961742.355,1253,111,None,Move,development
1572961742.363,1253,110,None,Move,development
1572961742.371,1253,106,None,Move,development
1572961742.381,1253,102,None,Move,development
1572961742.389,1255,97,None,Move,development
1572961742.397,1258,93,None,Move,development
1572961742.405,1260,91,None,Move,development
1572961742.4120002,1262,88,None,Move,development
1572961742.42,1265,86,None,Move,development
1572961742.428,1268,84,None,Move,development
1572961742.437,1272,81,None,Move,development
1572961742.447,1276,79,None,Move,development
1572961742.452,1279,79,None,Move,development
1572961742.46,1283,78,None,Move,development
1572961742.467,1288,77,None,Move,development
1572961742.475,1294,77,None,Move,development
1572961742.484,1299,77,None,Move,development
1572961742.4929998,1305,77,None,Move,development
1572961742.5010002,1310,78,None,Move,development
1572961742.5089998,1315,81,None,Move,development
1572961742.5170002,1318,82,None,Move,development
1572961742.524,1323,84,None,Move,development
1572961742.532,1326,86,None,Move,development
1572961742.54,1329,87,None,Move,development
1572961742.549,1331,89,None,Move,development
1572961742.5570002,1332,89,None,Move,development
1572961742.565,1333,90,None,Move,development
1572961742.58,1334,91,None,Move,development
1572961742.596,1335,92,None,Move,development
1572961742.686,1335,92,Left,Pressed,development
1572961742.9910002,1335,92,Left,Released,development
1572961743.1,1336,93,None,Move,browsing
1572961743.109,1340,97,None,Move,browsing
1572961743.1179998,1351,107,None,Move,browsing
1572961743.127,1372,126,None,Move,browsing
1572961743.137,1402,148,None,Move,browsing
1572961743.146,1441,171,None,Move,browsing
1572961743.1520002,1486,203,None,Move,browsing
1572961743.163,1524,230,None,Move,browsing
1572961743.1720002,1638,307,None,Move,browsing
1572961743.18,1683,342,None,Move,browsing
1572961743.189,1729,376,None,Move,browsing
1572961743.197,1762,403,None,Move,browsing
1572961743.205,1785,423,None,Move,browsing
1572961743.211,1804,440,None,Move,browsing
1572961743.219,1818,452,None,Move,browsing
1572961743.2270002,1828,461,None,Move,browsing
1572961743.2370002,1837,470,None,Move,browsing
1572961743.2389998,1843,476,None,Move,browsing
1572961743.3170002,1843,476,Left,Pressed,browsing
1572961743.369,1843,476,Left,Released,browsing
1572961744.024,1825,470,None,Move,browsing
1572961744.04,1798,458,None,Move,browsing
1572961744.056,1696,413,None,Move,browsing
1572961744.071,1573,371,None,Move,browsing
1572961744.087,1438,325,None,Move,browsing
1572961744.1020002,1319,283,None,Move,browsing
1572961744.125,1235,251,None,Move,browsing
1572961744.14,1177,224,None,Move,browsing
1572961744.156,1164,216,None,Move,browsing
1572961744.171,1150,200,None,Move,browsing
1572961744.187,1142,182,None,Move,browsing
1572961744.2029998,1137,161,None,Move,browsing
1572961744.218,1133,140,None,Move,browsing
1572961744.225,1131,130,None,Move,browsing
1572961744.24,1131,122,None,Move,browsing
1572961744.542,1124,120,None,Move,browsing
1572961744.5570002,1112,120,None,Move,browsing
1572961744.573,1081,119,None,Move,browsing
1572961744.5879998,1056,113,None,Move,browsing
1572961744.604,1017,106,None,Move,browsing
1572961744.62,988,99,None,Move,browsing
1572961744.6260002,980,96,None,Move,browsing
1572961744.6420002,968,90,None,Move,browsing
1572961744.657,962,86,None,Move,browsing
1572961744.673,958,81,None,Move,browsing
1572961744.689,953,69,None,Move,browsing
1572961744.704,947,54,None,Move,browsing
1572961744.72,944,42,None,Move,browsing
1572961744.726,942,37,None,Move,browsing
1572961744.742,941,34,None,Move,browsing
1572961744.758,941,32,None,Move,browsing
1572961744.82,940,30,None,Move,browsing
1572961744.827,940,27,None,Move,browsing
1572961744.842,939,20,None,Move,browsing
1572961744.8579998,939,16,None,Move,browsing
1572961744.8739998,939,13,None,Move,browsing
1572961744.889,939,11,None,Move,browsing
1572961744.905,939,11,None,Move,browsing
1572961744.974,939,11,Left,Pressed,browsing
1572961745.059,939,11,Left,Released,browsing
1572961745.19,939,11,None,Move,browsing
1572961745.206,942,19,None,Move,browsing
1572961745.228,951,48,None,Move,browsing
1572961745.244,961,83,None,Move,browsing
1572961745.2589998,973,124,None,Move,browsing
1572961745.275,984,186,None,Move,browsing
1572961745.29,990,247,None,Move,browsing
1572961745.306,990,329,None,Move,browsing
1572961745.322,990,410,None,Move,browsing
1572961745.3279998,990,443,None,Move,browsing
1572961745.344,989,503,None,Move,browsing
1572961745.36,987,541,None,Move,browsing
1572961745.375,987,565,None,Move,browsing
1572961745.391,990,584,None,Move,browsing
1572961745.406,992,589,None,Move,browsing
1572961745.845,991,588,None,Move,browsing
1572961745.861,986,581,None,Move,browsing
1572961745.877,960,555,None,Move,browsing
1572961745.8920002,912,509,None,Move,browsing
1572961745.908,835,427,None,Move,browsing
1572961745.923,756,317,None,Move,browsing
1572961745.93,719,256,None,Move,browsing
1572961745.946,640,128,None,Move,browsing
1572961745.961,552,-17,None,Move,browsing
1572961745.9770002,492,-37,None,Move,browsing
1572961745.992,479,-20,None,Move,browsing
1572961746.008,465,-4,None,Move,browsing
1572961746.1620002,464,0,None,Move,browsing
1572961746.177,462,5,None,Move,browsing
1572961746.1929998,458,12,None,Move,browsing
1572961746.209,451,18,None,Move,browsing
1572961746.224,446,20,None,Move,browsing
1572961746.231,442,20,None,Move,browsing
1572961746.246,438,20,None,Move,browsing
1572961746.331,437,20,Left,Pressed,browsing
1572961746.409,437,20,Left,Released,browsing
1572961746.494,437,20,None,Move,browsing
1572961746.5089998,442,20,None,Move,browsing
1572961746.532,455,22,None,Move,browsing
1572961746.5470002,474,27,None,Move,browsing
1572961746.563,505,32,None,Move,browsing
1572961746.579,535,38,None,Move,browsing
1572961746.594,554,41,None,Move,browsing
1572961746.748,556,41,None,Move,browsing
1572961746.7629998,553,41,None,Move,browsing
1572961746.779,541,39,None,Move,browsing
1572961746.795,526,35,None,Move,browsing
1572961746.81,507,31,None,Move,browsing
1572961746.826,494,27,None,Move,browsing
1572961746.832,483,22,None,Move,browsing
1572961746.8479998,482,22,None,Move,browsing
1572961746.895,482,21,None,Move,browsing
1572961746.995,482,21,None,Move,browsing
1572961747.0110002,483,21,None,Move,browsing
1572961747.026,486,21,None,Move,browsing
1572961747.033,488,20,None,Move,browsing
1572961747.049,492,20,None,Move,browsing
1572961747.064,493,20,None,Move,browsing
1572961747.08,496,20,None,Move,browsing
1572961747.096,499,20,None,Move,browsing
1572961747.111,501,20,None,Move,browsing
1572961747.127,502,20,None,Move,browsing
1572961747.133,503,20,None,Move,browsing
1572961747.149,504,20,None,Move,browsing
1572961747.165,505,20,None,Move,browsing
1572961747.18,506,20,None,Move,browsing
1572961747.28,506,20,Left,Pressed,browsing
1572961747.349,506,20,Left,Released,browsing
1572961747.45,507,20,None,Move,browsing
1572961747.465,508,24,None,Move,browsing
1572961747.481,511,36,None,Move,browsing
1572961747.4970002,519,57,None,Move,browsing
1572961747.512,530,79,None,Move,browsing
1572961747.528,536,93,None,Move,browsing
1572961747.534,539,102,None,Move,browsing
1572961747.55,544,119,None,Move,browsing
1572961747.566,546,131,None,Move,browsing
1572961747.581,545,137,None,Move,browsing
1572961747.597,543,139,None,Move,browsing
1572961747.613,531,141,None,Move,browsing
1572961747.6279998,514,137,None,Move,browsing
1572961747.635,498,134,None,Move,browsing
1572961747.65,452,120,None,Move,browsing
1572961747.666,365,87,None,Move,browsing
1572961747.6820002,305,64,None,Move,browsing
1572961747.697,273,47,None,Move,browsing
1572961747.7129998,251,33,None,Move,browsing
1572961747.728,246,31,None,Move,browsing
1572961747.735,236,21,None,Move,browsing
1572961747.7510002,234,19,None,Move,browsing
1572961747.766,232,16,None,Move,browsing
1572961747.782,231,15,None,Move,browsing
1572961748.1139998,231,15,Left,Pressed,browsing
1572961748.199,231,15,Left,Released,browsing
1572961748.252,231,14,None,Move,browsing
1572961748.268,232,14,None,Move,browsing
1572961748.283,252,14,None,Move,browsing
1572961748.299,288,18,None,Move,browsing
1572961748.315,329,25,None,Move,browsing
1572961748.33,373,30,None,Move,browsing
1572961748.337,392,35,None,Move,browsing
1572961748.3520002,418,40,None,Move,browsing
1572961748.3679998,429,42,None,Move,browsing
1572961748.5,430,42,None,Move,browsing
1572961748.515,422,42,None,Move,browsing
1572961748.531,411,41,None,Move,browsing
1572961748.5370002,401,38,None,Move,browsing
1572961748.553,382,34,None,Move,browsing
1572961748.569,365,31,None,Move,browsing
1572961748.584,353,27,None,Move,browsing
1572961748.6,351,27,None,Move,browsing
1572961748.769,351,27,Left,Pressed,browsing
1572961748.885,351,27,Left,Released,browsing
1572961749.038,351,27,None,Move,browsing
1572961749.054,356,31,None,Move,browsing
1572961749.07,368,40,None,Move,browsing
1572961749.085,387,59,None,Move,browsing
1572961749.101,413,84,None,Move,browsing
1572961749.1160002,434,108,None,Move,browsing
1572961749.1320002,455,134,None,Move,browsing
1572961749.139,462,147,None,Move,browsing
1572961749.154,473,170,None,Move,browsing
1572961749.17,477,186,None,Move,browsing
1572961749.185,477,193,None,Move,browsing
1572961749.201,474,198,None,Move,browsing
1572961749.217,467,199,None,Move,browsing
1572961749.2389998,458,199,None,Move,browsing
1572961749.255,442,194,None,Move,browsing
1572961749.27,414,183,None,Move,browsing
1572961749.286,393,171,None,Move,browsing
1572961749.301,380,158,None,Move,browsing
1572961749.3170002,374,140,None,Move,browsing
1572961749.333,372,124,None,Move,browsing
1572961749.339,373,115,None,Move,browsing
1572961749.355,377,100,None,Move,browsing
1572961749.371,383,81,None,Move,browsing
1572961749.3860002,384,68,None,Move,browsing
1572961749.4020002,384,54,None,Move,browsing
1572961749.417,384,45,None,Move,browsing
1572961749.44,383,39,None,Move,browsing
1572961749.455,382,35,None,Move,browsing
1572961749.471,382,34,None,Move,browsing
1572961749.486,382,33,None,Move,browsing
1572961749.502,382,32,None,Move,browsing
1572961749.533,382,32,None,Move,browsing
1572961749.54,382,31,None,Move,browsing
1572961749.555,382,30,None,Move,browsing
1572961749.571,382,29,None,Move,browsing
1572961749.587,380,27,None,Move,browsing
1572961749.6020002,379,25,None,Move,browsing
1572961749.687,379,25,Left,Pressed,browsing
1572961749.756,379,25,Left,Released,browsing
1572961749.819,379,25,None,Move,browsing
1572961749.834,379,28,None,Move,browsing
1572961749.841,379,39,None,Move,browsing
1572961749.856,382,64,None,Move,browsing
1572961749.8720002,384,98,None,Move,browsing
1572961749.887,381,118,None,Move,browsing
1572961749.903,370,153,None,Move,browsing
1572961749.919,359,176,None,Move,browsing
1572961749.934,347,189,None,Move,browsing
1572961749.941,342,193,None,Move,browsing
1572961749.957,333,196,None,Move,browsing
1572961749.972,321,196,None,Move,browsing
1572961749.988,307,195,None,Move,browsing
1572961750.0029998,283,185,None,Move,browsing
1572961750.019,252,169,None,Move,browsing
1572961750.035,215,142,None,Move,browsing
1572961750.041,194,127,None,Move,browsing
1572961750.0570002,154,85,None,Move,browsing
1572961750.072,117,44,None,Move,browsing
1572961750.0879998,95,18,None,Move,browsing
1572961750.104,91,11,None,Move,browsing
1572961750.119,90,8,None,Move,browsing
1572961750.141,89,6,None,Move,browsing
1572961750.157,89,5,None,Move,browsing
1572961750.173,89,2,None,Move,browsing
1572961750.188,88,-3,None,Move,browsing
1572961750.204,86,-3,None,Move,browsing
1572961750.22,83,-2,None,Move,browsing
1572961750.304,83,0,Left,Pressed,browsing
1572961750.389,83,0,Left,Released,browsing
1572961750.969,83,0,None,Move,browsing
1572961750.984,88,11,None,Move,browsing
1572961751.0,94,17,None,Move,browsing
1572961751.016,112,35,None,Move,browsing
1572961751.031,119,41,None,Move,browsing
1572961751.048,140,56,None,Move,browsing
1572961751.053,149,62,None,Move,browsing
1572961751.069,167,75,None,Move,browsing
1572961751.085,191,90,None,Move,browsing
1572961751.1,225,111,None,Move,browsing
1572961751.1160002,269,135,None,Move,browsing
1572961751.1320002,340,173,None,Move,browsing
1572961751.147,419,218,None,Move,browsing
1572961751.154,455,239,None,Move,browsing
1572961751.169,543,291,None,Move,browsing
1572961751.185,632,343,None,Move,browsing
1572961751.201,699,383,None,Move,browsing
1572961751.216,760,418,None,Move,browsing
1572961751.232,774,426,None,Move,browsing
1572961751.248,791,436,None,Move,browsing
1572961751.254,791,437,None,Move,browsing
1572961751.301,791,437,None,Move,browsing
1572961751.3170002,790,436,None,Move,browsing
1572961751.332,783,430,None,Move,browsing
1572961751.3479998,768,415,None,Move,browsing
1572961751.3860002,710,361,None,Move,browsing
1572961751.401,674,329,None,Move,browsing
1572961751.417,640,305,None,Move,browsing
1572961751.4320002,584,269,None,Move,browsing
1572961751.455,529,243,None,Move,browsing
1572961751.47,470,210,None,Move,browsing
1572961751.486,430,188,None,Move,browsing
1572961751.502,392,165,None,Move,browsing
1572961751.5170002,364,147,None,Move,browsing
1572961751.533,342,130,None,Move,browsing
1572961751.548,327,117,None,Move,browsing
1572961751.555,318,107,None,Move,browsing
1572961751.571,305,96,None,Move,browsing
1572961751.586,295,90,None,Move,browsing
1572961751.6020002,283,82,None,Move,browsing
1572961751.617,278,78,None,Move,browsing
1572961751.633,275,77,None,Move,browsing
1572961751.649,272,75,None,Move,browsing
1572961751.655,270,73,None,Move,browsing
1572961751.671,268,71,None,Move,browsing
1572961751.686,266,69,None,Move,browsing
1572961751.702,264,67,None,Move,browsing
1572961751.718,260,65,None,Move,browsing
1572961751.7329998,253,60,None,Move,browsing
1572961751.7489998,248,57,None,Move,browsing
1572961751.756,246,56,None,Move,browsing
1572961751.771,239,53,None,Move,browsing
1572961751.7870002,231,47,None,Move,browsing
1572961751.802,222,39,None,Move,browsing
1572961751.8179998,215,31,None,Move,browsing
1572961751.834,206,23,None,Move,browsing
1572961751.856,195,11,None,Move,browsing
1572961751.871,189,4,None,Move,browsing
1572961751.887,184,-1,None,Move,browsing
1572961752.056,184,0,None,Move,browsing
1572961752.0879998,192,7,None,Move,browsing
1572961752.103,211,29,None,Move,browsing
1572961752.119,222,40,None,Move,browsing
1572961752.135,227,45,None,Move,browsing
1572961752.157,230,48,None,Move,browsing
1572961752.219,230,48,Left,Pressed,browsing
1572961752.351,230,48,Left,Released,browsing
1572961752.436,228,48,None,Move,browsing
1572961752.451,223,43,None,Move,browsing
1572961752.457,218,39,None,Move,browsing
1572961752.4729998,210,34,None,Move,browsing
1572961752.4889998,206,31,None,Move,browsing
1572961752.504,206,30,None,Move,browsing
1572961752.705,206,30,Left,Pressed,browsing
1572961752.79,206,30,Left,Released,browsing
1572961752.9220002,206,30,None,Move,browsing
1572961752.937,211,34,None,Move,browsing
1572961752.9529998,226,40,None,Move,browsing
1572961752.959,251,52,None,Move,browsing
1572961752.975,340,92,None,Move,browsing
1572961752.9910002,475,163,None,Move,browsing
1572961753.006,667,265,None,Move,browsing
1572961753.022,860,374,None,Move,browsing
1572961753.0370002,1020,467,None,Move,browsing
1572961753.053,1165,554,None,Move,browsing
1572961753.06,1237,593,None,Move,browsing
1572961753.075,1330,638,None,Move,browsing
1572961753.091,1383,651,None,Move,browsing
1572961753.107,1423,652,None,Move,browsing
1572961753.1220002,1461,633,None,Move,browsing
1572961753.1379998,1499,604,None,Move,browsing
1572961753.16,1546,557,None,Move,browsing
1572961753.176,1585,509,None,Move,browsing
1572961753.191,1615,476,None,Move,browsing
1572961753.207,1645,457,None,Move,browsing
1572961753.222,1672,453,None,Move,browsing
1572961753.238,1686,451,None,Move,browsing
1572961753.254,1690,451,None,Move,browsing
1572961753.26,1691,452,None,Move,browsing
1572961753.276,1692,453,None,Move,browsing
1572961753.291,1694,459,None,Move,browsing
1572961753.3070002,1700,477,None,Move,browsing
1572961753.323,1701,497,None,Move,browsing
1572961753.3379998,1702,525,None,Move,browsing
1572961753.354,1696,554,None,Move,browsing
1572961753.361,1695,559,None,Move,browsing
1572961753.377,1689,571,None,Move,browsing
1572961753.3920002,1687,575,None,Move,browsing
1572961753.408,1687,577,None,Move,browsing
1572961753.478,1687,577,Left,Pressed,browsing
1572961753.541,1687,577,Left,Released,browsing
1572961753.594,1686,577,None,Move,browsing
1572961753.61,1678,572,None,Move,browsing
1572961753.625,1641,546,None,Move,browsing
1572961753.641,1576,504,None,Move,browsing
1572961753.663,1465,443,None,Move,browsing
1572961753.679,1330,379,None,Move,browsing
1572961753.694,1205,324,None,Move,browsing
1572961753.71,1116,287,None,Move,browsing
1572961753.725,1086,262,None,Move,browsing
1572961753.7410002,1074,246,None,Move,browsing
1572961754.026,1066,241,None,Move,browsing
1572961754.042,1064,241,None,Move,browsing
1572961754.08,1062,241,None,Move,browsing
1572961754.095,1062,241,None,Move,browsing
1572961754.111,1062,242,None,Move,browsing
1572961754.127,1062,243,None,Move,browsing
1572961754.1420002,1064,244,None,Move,browsing
1572961754.158,1065,245,None,Move,browsing
1572961754.164,1066,245,None,Move,browsing
1572961754.18,1070,246,None,Move,browsing
1572961754.196,1077,245,None,Move,browsing
1572961754.211,1090,240,None,Move,browsing
1572961754.2270002,1107,235,None,Move,browsing
1572961754.242,1129,225,None,Move,browsing
1572961754.2610002,1156,214,None,Move,browsing
1572961754.264,1174,207,None,Move,browsing
1572961754.28,1191,201,None,Move,browsing
1572961754.296,1231,185,None,Move,browsing
1572961754.311,1286,165,None,Move,browsing
1572961754.327,1368,141,None,Move,browsing
1572961754.343,1450,117,None,Move,browsing
1572961754.351,1486,108,None,Move,browsing
1572961754.359,1512,98,None,Move,browsing
1572961754.367,1541,89,None,Move,browsing
1572961754.375,1566,79,None,Move,browsing
1572961754.383,1583,75,None,Move,browsing
1572961754.391,1597,71,None,Move,browsing
1572961754.4,1606,70,None,Move,browsing
1572961754.408,1610,70,None,Move,browsing
1572961754.416,1615,69,None,Move,browsing
1572961754.5270002,1617,68,None,Move,browsing
1572961754.543,1621,66,None,Move,browsing
1572961754.5579998,1632,62,None,Move,browsing
1572961754.564,1641,59,None,Move,browsing
1572961754.58,1654,54,None,Move,browsing
1572961754.596,1667,45,None,Move,browsing
1572961754.611,1674,40,None,Move,browsing
1572961754.627,1679,34,None,Move,browsing
1572961754.643,1682,31,None,Move,browsing
1572961754.658,1684,29,None,Move,browsing
1572961754.665,1685,28,None,Move,browsing
1572961754.68,1687,28,None,Move,browsing
1572961754.696,1688,27,None,Move,browsing
1572961754.7429998,1688,27,None,Move,browsing
1572961754.7589998,1689,27,None,Move,browsing
1572961754.765,1690,26,None,Move,browsing
1572961754.781,1696,25,None,Move,browsing
1572961754.796,1705,25,None,Move,browsing
1572961754.812,1720,24,None,Move,browsing
1572961754.827,1732,24,None,Move,browsing
1572961754.843,1738,24,None,Move,browsing
1572961754.9970002,1740,24,Left,Pressed,browsing
1572961755.066,1740,24,Left,Released,browsing
1572961755.545,1737,24,None,Move,file system
1572961755.5670002,1705,27,None,Move,file system
1572961755.583,1646,29,None,Move,file system
1572961755.599,1549,29,None,Move,file system
1572961755.6139998,1418,31,None,Move,file system
1572961755.63,1286,40,None,Move,file system
1572961755.646,1213,46,None,Move,file system
1572961755.661,1164,54,None,Move,file system
1572961755.668,1145,57,None,Move,file system
1572961755.6829998,1111,60,None,Move,file system
1572961755.699,1085,63,None,Move,file system
1572961755.715,1053,65,None,Move,file system
1572961755.73,1022,71,None,Move,file system
1572961755.746,1005,74,None,Move,file system
1572961755.768,992,79,None,Move,file system
1572961755.784,986,82,None,Move,file system
1572961755.799,980,85,None,Move,file system
1572961755.815,977,88,None,Move,file system
1572961755.83,973,92,None,Move,file system
1572961755.846,969,97,None,Move,file system
1572961755.8620002,964,101,None,Move,file system
1572961755.8679998,960,103,None,Move,file system
1572961755.8839998,953,106,None,Move,file system
1572961755.899,944,110,None,Move,file system
1572961755.915,935,113,None,Move,file system
1572961755.931,931,116,None,Move,file system
1572961755.946,925,119,None,Move,file system
1572961755.962,921,121,None,Move,file system
1572961755.968,918,122,None,Move,file system
1572961755.984,910,124,None,Move,file system
1572961756.0,905,126,None,Move,file system
1572961756.015,888,129,None,Move,file system
1572961756.031,877,133,None,Move,file system
1572961756.0470002,868,134,None,Move,file system
1572961756.062,864,135,None,Move,file system
1572961756.069,862,135,None,Move,file system
1572961756.084,860,136,None,Move,file system
1572961756.1,859,136,None,Move,file system
1572961756.147,858,137,None,Move,file system
1572961756.1620002,857,140,None,Move,file system
1572961756.169,857,141,None,Move,file system
1572961756.185,856,145,None,Move,file system
1572961756.2,852,157,None,Move,file system
1572961756.216,850,165,None,Move,file system
1572961756.232,848,180,None,Move,file system
1572961756.2470002,844,219,None,Move,file system
1572961756.2629998,844,229,None,Move,file system
1572961756.269,844,236,None,Move,file system
1572961756.285,844,254,None,Move,file system
1572961756.301,846,264,None,Move,file system
1572961756.316,847,269,None,Move,file system
1572961756.3879998,847,269,None,Move,file system
1572961756.403,847,256,None,Move,file system
1572961756.419,841,225,None,Move,file system
1572961756.436,831,187,None,Move,file system
1572961756.452,816,134,None,Move,file system
1572961756.467,794,72,None,Move,file system
1572961756.472,782,45,None,Move,file system
1572961756.488,772,13,None,Move,file system
1572961756.504,767,-6,None,Move,file system
1572961756.519,765,-5,None,Move,file system
1572961756.535,765,-4,None,Move,file system
1572961756.55,765,-4,None,Move,file system
1572961756.604,765,0,Right,Pressed,file system
1572961756.705,765,0,Right,Released,file system
1572961756.952,763,0,None,Move,file system
1572961756.968,755,0,None,Move,file system
1572961756.974,749,0,None,Move,file system
1572961756.99,730,-1,None,Move,file system
1572961757.005,704,-2,None,Move,file system
1572961757.021,681,-2,None,Move,file system
1572961757.0370002,654,-2,None,Move,file system
1572961757.052,646,-1,None,Move,file system
1572961757.0679998,629,-1,None,Move,file system
1572961757.074,625,-1,None,Move,file system
1572961757.09,621,0,None,Move,file system
1572961757.175,619,0,None,Move,file system
1572961757.19,619,3,None,Move,file system
1572961757.206,619,15,None,Move,file system
1572961757.222,619,23,None,Move,file system
1572961757.2370002,622,42,None,Move,file system
1572961757.2529998,625,65,None,Move,file system
1572961757.275,626,74,None,Move,file system
1572961757.291,627,78,None,Move,file system
1572961757.3920002,627,76,None,Move,file system
1572961757.407,623,61,None,Move,file system
1572961757.4220002,620,42,None,Move,file system
1572961757.438,622,25,None,Move,file system
1572961757.454,639,7,None,Move,file system
1572961757.476,666,-4,None,Move,file system
1572961757.492,697,-5,None,Move,file system
1572961757.5070002,738,-3,None,Move,file system
1572961757.5229998,776,-3,None,Move,file system
1572961757.538,801,-2,None,Move,file system
1572961757.554,816,-1,None,Move,file system
1572961757.57,821,0,None,Move,file system
1572961757.576,822,-1,None,Move,file system
1572961757.592,823,0,None,Move,file system
1572961757.7770002,823,0,Right,Pressed,file system
1572961757.925,823,0,Right,Released,file system
1572961757.94,823,0,None,Move,file system
1572961757.956,823,1,None,Move,file system
1572961757.971,821,2,None,Move,file system
1572961757.978,821,2,None,Move,file system
1572961757.994,818,3,None,Move,file system
1572961758.0089998,816,3,None,Move,file system
1572961758.025,814,4,None,Move,file system
1572961758.195,814,5,None,Move,file system
1572961758.211,814,9,None,Move,file system
1572961758.226,815,23,None,Move,file system
1572961758.242,818,33,None,Move,file system
1572961758.258,819,42,None,Move,file system
1572961758.2729998,820,46,None,Move,file system
1572961758.28,821,47,None,Move,file system
1572961758.36,821,46,None,Move,file system
1572961758.38,821,33,None,Move,file system
1572961758.395,818,11,None,Move,file system
1572961758.411,816,-8,None,Move,file system
1572961758.427,816,-4,None,Move,file system
1572961758.4420002,816,-2,None,Move,file system
1572961758.485,816,0,Right,Pressed,file system
1572961758.585,816,0,Right,Released,file system
1572961758.6320002,815,0,None,Move,file system
1572961758.6479998,812,2,None,Move,file system
1572961758.663,809,4,None,Move,file system
1572961758.686,806,7,None,Move,file system
1572961758.701,802,8,None,Move,file system
1572961758.717,800,9,None,Move,file system
1572961758.8639998,800,9,Left,Pressed,file system
1572961758.9329998,800,9,Left,Released,file system
1572961764.365,800,17,None,Move,file system
1572961764.38,798,82,None,Move,file system
1572961764.396,787,156,None,Move,file system
1572961764.411,764,252,None,Move,file system
1572961764.418,747,295,None,Move,file system
1572961764.4329998,716,367,None,Move,file system
1572961764.449,688,429,None,Move,file system
1572961764.465,662,475,None,Move,file system
1572961764.48,644,503,None,Move,file system
1572961764.496,636,519,None,Move,file system
1572961764.518,627,535,None,Move,file system
1572961764.534,617,548,None,Move,file system
1572961764.549,608,557,None,Move,file system
1572961764.565,603,563,None,Move,file system
1572961764.581,592,571,None,Move,file system
1572961764.596,582,577,None,Move,file system
1572961764.6120002,567,580,None,Move,file system
1572961764.6179998,561,581,None,Move,file system
1572961764.6339998,545,585,None,Move,file system
1572961764.65,528,591,None,Move,file system
1572961764.665,519,595,None,Move,file system
1572961764.681,513,597,None,Move,file system
1572961764.75,512,596,None,Move,file system
1572961764.766,512,581,None,Move,file system
1572961764.781,512,567,None,Move,file system
1572961764.7970002,512,561,None,Move,file system
1572961764.812,512,548,None,Move,file system
1572961764.819,512,543,None,Move,file system
1572961764.835,513,539,None,Move,file system
1572961764.951,513,539,Left,Pressed,file system
1572961764.9970002,513,539,Left,Released,file system
1572961765.151,512,540,None,Move,file system
1572961765.167,501,543,None,Move,file system
1572961765.1820002,480,549,None,Move,file system
1572961765.198,463,552,None,Move,file system
1572961765.214,421,556,None,Move,file system
1572961765.22,403,557,None,Move,file system
1572961765.236,364,557,None,Move,file system
1572961765.252,330,557,None,Move,file system
1572961765.2670002,309,554,None,Move,file system
1572961765.283,302,553,None,Move,file system
1572961765.298,300,552,None,Move,file system
1572961765.321,298,550,None,Move,file system
1572961765.336,297,548,None,Move,file system
1572961765.3520002,296,545,None,Move,file system
1572961765.367,295,542,None,Move,file system
1572961765.383,294,537,None,Move,file system
1572961765.399,294,533,None,Move,file system
1572961765.421,294,531,None,Move,file system
1572961765.484,294,530,Left,Pressed,file system
1572961765.521,295,530,None,Drag,file system
1572961765.5370002,296,530,None,Drag,file system
1572961765.553,296,530,Left,Released,file system
1572961765.684,296,530,None,Move,file system
1572961765.7,296,538,None,Move,file system
1572961765.715,296,557,None,Move,file system
1572961765.722,296,572,None,Move,file system
1572961765.738,296,597,None,Move,file system
1572961765.7529998,296,628,None,Move,file system
1572961765.769,296,660,None,Move,file system
1572961765.784,296,680,None,Move,file system
1572961765.8,298,695,None,Move,file system
1572961765.816,303,707,None,Move,file system
1572961765.822,304,708,None,Move,file system
1572961765.923,304,708,Left,Pressed,file system
1572961766.0010002,304,708,Left,Released,file system
1572961766.139,304,712,None,Move,file system
1572961766.155,304,730,None,Move,file system
1572961766.171,304,752,None,Move,file system
1572961766.186,300,773,None,Move,file system
1572961766.202,300,787,None,Move,file system
1572961766.217,301,806,None,Move,file system
1572961766.224,301,809,None,Move,file system
1572961766.24,301,813,None,Move,file system
1572961766.255,302,814,None,Move,file system
1572961766.2870002,302,815,None,Move,file system
1572961766.302,302,816,None,Move,file system
1572961766.325,302,817,None,Move,file system
1572961766.34,302,820,None,Move,file system
1572961766.356,301,825,None,Move,file system
1572961766.371,299,829,None,Move,file system
1572961766.387,296,836,None,Move,file system
1572961766.403,292,844,None,Move,file system
1572961766.418,287,855,None,Move,file system
1572961766.425,286,857,None,Move,file system
1572961766.44,285,862,None,Move,file system
1572961766.525,284,862,Left,Pressed,file system
1572961766.5879998,284,862,Left,Released,file system
1572961766.688,284,862,None,Move,file system
1572961766.7029998,284,861,None,Move,file system
1572961766.719,284,860,None,Move,file system
1572961766.726,284,859,None,Move,file system
1572961766.7410002,284,858,None,Move,file system
1572961766.7570002,285,857,None,Move,file system
1572961766.772,288,855,None,Move,file system
1572961766.788,293,852,None,Move,file system
1572961766.804,302,850,None,Move,file system
1572961766.819,313,850,None,Move,file system
1572961766.826,319,850,None,Move,file system
1572961766.842,332,850,None,Move,file system
1572961766.857,346,850,None,Move,file system
1572961766.873,357,850,None,Move,file system
1572961766.8879998,365,852,None,Move,file system
1572961766.904,368,852,None,Move,file system
1572961767.0270002,369,852,Left,Pressed,file system
1572961767.105,369,852,Left,Released,file system
1572961767.2589998,370,850,None,Move,file system
1572961767.275,371,848,None,Move,file system
1572961767.29,375,844,None,Move,file system
1572961767.306,384,839,None,Move,file system
1572961767.321,399,832,None,Move,file system
1572961767.3279998,410,829,None,Move,file system
1572961767.344,425,822,None,Move,file system
1572961767.359,439,817,None,Move,file system
1572961767.375,457,806,None,Move,file system
1572961767.39,471,798,None,Move,file system
1572961767.406,486,785,None,Move,file system
1572961767.4220002,491,779,None,Move,file system
1572961767.428,502,768,None,Move,file system
1572961767.444,517,755,None,Move,file system
1572961767.459,528,742,None,Move,file system
1572961767.475,531,739,None,Move,file system
1572961767.606,531,737,None,Move,file system
1572961767.6220002,532,737,None,Move,file system
1572961767.629,532,735,None,Move,file system
1572961767.644,533,732,None,Move,file system
1572961767.66,533,727,None,Move,file system
1572961767.675,535,723,None,Move,file system
1572961767.691,535,721,None,Move,file system
1572961767.707,535,720,None,Move,file system
1572961767.745,535,719,None,Move,file system
1572961767.76,539,716,None,Move,file system
1572961767.776,554,709,None,Move,file system
1572961767.791,587,701,None,Move,file system
1572961767.8070002,636,694,None,Move,file system
1572961767.829,716,687,None,Move,file system
1572961767.845,802,687,None,Move,file system
1572961767.86,880,698,None,Move,file system
1572961767.8779998,967,712,None,Move,file system
1572961767.894,1034,725,None,Move,file system
1572961767.91,1067,735,None,Move,file system
1572961767.929,1086,743,None,Move,file system
1572961767.9770002,1088,746,None,Move,file system
1572961767.992,1088,749,None,Move,file system
1572961768.0070002,1089,757,None,Move,file system
1572961768.03,1092,768,None,Move,file system
1572961768.045,1097,791,None,Move,file system
1572961768.061,1102,798,None,Move,file system
1572961768.076,1108,810,None,Move,file system
1572961768.092,1113,816,None,Move,file system
1572961768.1079998,1114,819,None,Move,file system
1572961768.127,1114,821,None,Move,file system
1572961768.13,1114,822,None,Move,file system
1572961768.145,1114,825,None,Move,file system
1572961768.161,1114,828,None,Move,file system
1572961768.176,1114,833,None,Move,file system
1572961768.1920002,1114,834,None,Move,file system
1572961768.23,1114,836,None,Move,file system
1572961768.246,1114,839,None,Move,file system
1572961768.2610002,1114,841,None,Move,file system
1572961768.2770002,1114,843,None,Move,file system
1572961768.292,1112,848,None,Move,file system
1572961768.3079998,1110,852,None,Move,file system
1572961768.324,1105,856,None,Move,file system
1572961768.33,1103,859,None,Move,file system
1572961768.346,1097,863,None,Move,file system
1572961768.361,1094,866,None,Move,file system
1572961768.65,1092,867,Left,Pressed,file system
1572961768.712,1092,867,Left,Released,file system
1572961768.9970002,1090,867,None,Move,file system
1572961769.012,1085,863,None,Move,file system
1572961769.028,1078,856,None,Move,file system
1572961769.034,1072,852,None,Move,file system
1572961769.05,1052,835,None,Move,file system
1572961769.066,1030,816,None,Move,file system
1572961769.081,1005,790,None,Move,file system
1572961769.097,969,748,None,Move,file system
1572961769.1120002,941,700,None,Move,file system
1572961769.1279998,917,650,None,Move,file system
1572961769.135,907,621,None,Move,file system
1572961769.15,890,576,None,Move,file system
1572961769.166,885,553,None,Move,file system
1572961769.1820002,882,531,None,Move,file system
1572961769.197,882,523,None,Move,file system
1572961769.2129998,882,519,None,Move,file system
1572961769.298,882,519,Left,Pressed,file system
1572961769.3660002,882,519,Left,Released,file system
1572961769.467,882,517,None,Move,file system
1572961769.484,872,500,None,Move,file system
1572961769.4989998,847,453,None,Move,file system
1572961769.516,796,369,None,Move,file system
1572961769.531,750,296,None,Move,file system
1572961769.535,723,259,None,Move,file system
1572961769.551,685,202,None,Move,file system
1572961769.566,666,171,None,Move,file system
1572961769.583,652,145,None,Move,file system
1572961769.5979998,644,135,None,Move,file system
1572961769.6139998,642,130,None,Move,file system
1572961769.63,631,120,None,Move,file system
1572961769.635,629,118,None,Move,file system
1572961769.651,623,114,None,Move,file system
1572961769.667,620,113,None,Move,file system
1572961769.736,618,112,None,Move,file system
1572961769.7510002,611,122,None,Move,file system
1572961769.7670002,603,139,None,Move,file system
1572961769.783,586,169,None,Move,file system
1572961769.798,574,192,None,Move,file system
1572961769.814,568,202,None,Move,file system
1572961769.83,559,217,None,Move,file system
1572961769.836,558,221,None,Move,file system
1572961769.883,557,222,None,Move,file system
1572961769.899,555,222,None,Move,file system
1572961769.914,550,217,None,Move,file system
1572961769.931,533,205,None,Move,file system
1572961769.936,528,203,None,Move,file system
1572961769.952,517,199,None,Move,file system
1572961769.967,511,198,None,Move,file system
1572961770.036,512,198,None,Move,file system
1572961770.052,515,198,None,Move,file system
1572961770.0679998,534,201,None,Move,file system
1572961770.083,559,207,None,Move,file system
1572961770.099,586,215,None,Move,file system
1572961770.115,609,220,None,Move,file system
1572961770.13,616,221,None,Move,file system
1572961770.137,617,221,None,Move,file system
1572961770.2370002,617,221,Left,Pressed,file system
1572961770.3,617,221,Left,Released,file system
1572961770.4529998,617,221,Left,Pressed,file system
1572961770.5,617,221,Left,Released,file system
1572961772.256,625,222,None,Move,file system
1572961772.271,670,227,None,Move,file system
1572961772.2870002,778,251,None,Move,file system
1572961772.303,851,272,None,Move,file system
1572961772.3179998,1024,314,None,Move,file system
1572961772.334,1153,342,None,Move,file system
1572961772.349,1248,360,None,Move,file system
1572961772.356,1275,363,None,Move,file system
1572961772.3720002,1305,367,None,Move,file system
1572961772.387,1318,368,None,Move,file system
1572961772.403,1321,368,None,Move,file system
1572961772.419,1322,368,None,Move,file system
1572961772.6360002,1321,371,None,Move,file system
1572961772.651,1321,377,None,Move,file system
1572961772.658,1320,385,None,Move,file system
1572961772.673,1310,433,None,Move,file system
1572961772.689,1277,529,None,Move,file system
1572961772.704,1233,641,None,Move,file system
1572961772.72,1193,771,None,Move,file system
1572961772.736,1159,908,None,Move,file system
1572961772.758,1148,965,None,Move,file system
1572961772.7729998,1145,983,None,Move,file system
1572961772.789,1143,986,None,Move,file system
1572961772.805,1142,986,None,Move,file system
1572961772.82,1141,983,None,Move,file system
1572961772.836,1138,977,None,Move,file system
1572961772.8520002,1137,972,None,Move,file system
1572961772.8579998,1137,970,None,Move,file system
1572961772.8739998,1136,967,None,Move,file system
1572961772.89,1136,966,None,Move,file system
1572961772.905,1136,966,None,Move,file system
1572961772.921,1134,966,None,Move,file system
1572961772.936,1131,966,None,Move,file system
1572961772.958,1128,968,None,Move,file system
1572961772.974,1127,969,None,Move,file system
1572961773.106,1127,969,Left,Pressed,file system
1572961773.191,1127,969,Left,Released,file system
1572961773.322,1126,969,None,Move,file system
1572961773.3379998,1124,963,None,Move,file system
1572961773.353,1116,951,None,Move,file system
1572961773.36,1110,942,None,Move,file system
1572961773.3760002,1092,914,None,Move,file system
1572961773.391,1051,851,None,Move,file system
1572961773.407,985,746,None,Move,file system
1572961773.4220002,931,661,None,Move,file system
1572961773.438,751,402,None,Move,file system
1572961773.454,684,319,None,Move,file system
1572961773.46,639,247,None,Move,file system
1572961773.476,535,104,None,Move,file system
1572961773.4910002,499,40,None,Move,file system
1572961773.5070002,494,20,None,Move,file system
1572961773.5229998,494,13,None,Move,file system
1572961773.538,494,8,None,Move,file system
1572961773.554,495,6,None,Move,file system
1572961773.592,495,5,None,Move,file system
1572961773.607,496,2,None,Move,file system
1572961773.623,498,-3,None,Move,file system
1572961773.639,498,-1,None,Move,file system
1572961773.654,502,-5,None,Move,file system
1572961773.661,503,-4,None,Move,file system
1572961773.676,506,-4,None,Move,file system
1572961773.6920002,508,-2,None,Move,office
1572961773.708,513,-2,None,Move,office
1572961773.7229998,514,-1,None,Move,office
1572961773.7389998,516,0,None,Move,office
1572961773.755,522,0,None,Move,office
1572961773.7610002,525,0,None,Move,office
1572961773.7770002,533,4,None,Move,office
1572961773.792,540,7,None,Move,office
1572961773.8079998,545,10,None,Move,office
1572961773.824,549,15,None,Move,office
1572961773.839,551,18,None,Move,office
1572961773.861,553,21,None,Move,office
1572961773.877,553,22,None,Move,office
1572961773.962,554,23,Left,Pressed,office
1572961774.062,554,23,Left,Released,file system
1572961774.156,556,23,None,Move,file system
1572961774.1620002,560,23,None,Move,file system
1572961774.178,580,23,None,Move,file system
1572961774.1929998,625,23,None,Move,file system
1572961774.209,692,25,None,Move,file system
1572961774.225,770,28,None,Move,file system
1572961774.24,844,28,None,Move,file system
1572961774.262,889,27,None,Move,file system
1572961774.278,914,21,None,Move,file system
1572961774.294,918,19,None,Move,file system
1572961774.4629998,917,19,None,Move,file system
1572961774.478,903,17,None,Move,file system
1572961774.494,894,14,None,Move,file system
1572961774.51,875,10,None,Move,file system
1572961774.525,862,6,None,Move,file system
1572961774.541,855,4,None,Move,file system
1572961774.556,852,2,None,Move,file system
1572961774.594,851,2,None,Move,file system
1572961774.61,847,-1,None,Move,file system
1572961774.625,839,-2,None,Move,file system
1572961774.641,833,-1,None,Move,file system
1572961774.657,820,-2,None,Move,file system
1572961774.663,818,0,None,Move,file system
1572961774.679,813,-3,None,Move,file system
1572961774.694,805,-1,None,Move,file system
1572961774.71,798,-1,None,Move,file system
1572961774.726,796,-1,None,Move,file system
1572961774.7410002,794,-1,None,Move,file system
1572961774.7570002,792,-1,None,Move,file system
1572961774.857,792,0,Right,Pressed,file system
1572961774.9420002,792,0,Right,Released,file system
1572961775.18,789,-3,None,Move,file system
1572961775.196,784,-2,None,Move,file system
1572961775.212,782,-1,None,Move,file system
1572961775.2270002,780,-1,None,Move,file system
1572961775.327,779,0,Left,Pressed,file system
1572961775.4120002,779,0,Left,Released,office
1572961776.082,780,3,None,Move,office
1572961776.0979998,789,21,None,Move,office
1572961776.113,800,46,None,Move,office
1572961776.129,814,74,None,Move,office
1572961776.145,840,116,None,Move,office
1572961776.167,877,173,None,Move,office
1572961776.1820002,923,232,None,Move,office
1572961776.198,973,289,None,Move,office
1572961776.214,1034,343,None,Move,office
1572961776.229,1077,376,None,Move,office
1572961776.245,1119,407,None,Move,office
1572961776.2610002,1149,427,None,Move,office
1572961776.2670002,1160,434,None,Move,office
1572961776.283,1178,446,None,Move,office
1572961776.298,1190,455,None,Move,office
1572961776.314,1194,458,None,Move,office
1572961776.43,1195,459,None,Move,office
1572961776.446,1197,461,None,Move,office
1572961776.461,1199,464,None,Move,office
1572961777.0,1200,464,None,Move,office
1572961777.016,1209,461,None,Move,office
1572961777.031,1240,452,None,Move,office
1572961777.0470002,1270,442,None,Move,office
1572961777.063,1367,413,None,Move,office
1572961777.069,1421,394,None,Move,office
1572961777.085,1525,354,None,Move,office
1572961777.1,1580,327,None,Move,office
1572961777.1160002,1672,277,None,Move,office
1572961777.1320002,1765,232,None,Move,office
1572961777.147,1793,222,None,Move,office
1572961777.163,1804,217,None,Move,office
1572961777.169,1804,216,None,Move,office
1572961777.185,1806,213,None,Move,office
1572961777.201,1808,211,None,Move,office
1572961777.216,1810,205,None,Move,office
1572961777.232,1811,202,None,Move,office
1572961777.248,1817,195,None,Move,office
1572961777.27,1826,183,None,Move,office
1572961777.285,1834,176,None,Move,office
1572961777.301,1842,170,None,Move,office
1572961777.3170002,1846,166,None,Move,office
1572961777.332,1851,162,None,Move,office
1572961777.3479998,1855,156,None,Move,office
1572961777.3639998,1859,151,None,Move,office
1572961777.37,1861,144,None,Move,office
1572961777.3860002,1864,136,None,Move,office
1572961777.401,1868,119,None,Move,office
1572961777.417,1873,88,None,Move,office
1572961777.4320002,1877,44,None,Move,office
1572961777.448,1879,18,None,Move,office
1572961777.47,1885,0,None,Move,office
1572961777.6020002,1886,0,None,Move,office
1572961777.6179998,1886,4,None,Move,office
1572961777.633,1886,13,None,Move,office
1572961777.649,1883,21,None,Move,office
1572961777.671,1883,25,None,Move,office
1572961777.7489998,1883,25,Left,Pressed,office
1572961777.849,1883,25,Left,Released,office
1572961778.0029998,1882,26,None,Move,office
1572961778.019,1881,26,None,Move,office
1572961778.034,1871,29,None,Move,office
1572961778.05,1846,34,None,Move,office
1572961778.065,1801,41,None,Move,office
1572961778.072,1762,45,None,Move,office
1572961778.092,1711,50,None,Move,office
1572961778.097,1649,58,None,Move,office
1572961778.104,1593,66,None,Move,office
1572961778.111,1530,74,None,Move,office
1572961778.119,1468,83,None,Move,office
1572961778.135,1357,101,None,Move,office
1572961778.151,1276,111,None,Move,office
1572961778.166,1227,116,None,Move,office
1572961778.1720002,1207,118,None,Move,office
1572961778.188,1175,119,None,Move,office
1572961778.2029998,1151,119,None,Move,office
1572961778.219,1126,122,None,Move,office
1572961778.234,1104,125,None,Move,office
1572961778.25,1085,128,None,Move,office
1572961778.266,1068,130,None,Move,office
1572961778.272,1058,130,None,Move,office
1572961778.288,1046,130,None,Move,office
1572961778.303,1031,128,None,Move,office
1572961778.319,1009,124,None,Move,office
1572961778.335,998,122,None,Move,office
1572961778.35,979,118,None,Move,office
1572961778.3660002,956,111,None,Move,office
1572961778.3720002,938,108,None,Move,office
1572961778.3879998,920,105,None,Move,office
1572961778.404,906,100,None,Move,office
1572961778.419,899,98,None,Move,office
1572961778.52,897,97,Left,Pressed,office
1572961778.589,897,97,Left,Released,file system
1572961778.705,897,97,Right,Pressed,file system
1572961778.805,897,97,Right,Released,file system
1572961778.867,896,97,None,Move,file system
1572961778.8739998,896,97,None,Move,file system
1572961778.889,892,98,None,Move,file system
1572961778.905,886,101,None,Move,file system
1572961778.921,879,105,None,Move,file system
1572961778.936,871,111,None,Move,file system
1572961778.952,865,116,None,Move,file system
1572961778.974,858,120,None,Move,file system
1572961778.99,854,125,None,Move,file system
1572961779.005,850,128,None,Move,file system
1572961779.021,847,131,None,Move,file system
1572961779.0370002,845,132,None,Move,file system
1572961779.291,845,132,Left,Pressed,file system
1572961779.375,845,132,Left,Released,file system
1572961779.475,844,133,None,Move,file system
1572961779.5070002,844,144,None,Move,file system
1572961779.522,830,226,None,Move,file system
1572961779.538,805,350,None,Move,file system
1572961779.554,764,555,None,Move,file system
1572961779.569,705,812,None,Move,file system
1572961779.576,676,917,None,Move,file system
1572961779.591,620,1039,None,Move,file system
1572961779.607,588,1070,None,Move,file system
1572961779.623,583,1072,None,Move,file system
1572961779.6379998,580,1072,None,Move,file system
1572961779.707,578,1072,None,Move,file system
1572961779.7229998,577,1069,None,Move,file system
1572961779.738,569,1061,None,Move,file system
1572961779.754,554,1047,None,Move,file system
1572961779.77,539,1037,None,Move,file system
1572961779.776,534,1034,None,Move,file system
1572961779.792,522,1024,None,Move,file system
1572961779.8070002,508,1014,None,Move,file system
1572961779.823,497,1008,None,Move,file system
1572961779.839,471,998,None,Move,file system
1572961779.854,442,989,None,Move,file system
1572961779.87,424,984,None,Move,file system
1572961779.8760002,415,984,None,Move,file system
1572961779.8920002,399,983,None,Move,file system
1572961779.908,386,982,None,Move,file system
1572961779.923,370,982,None,Move,file system
1572961779.939,352,982,None,Move,file system
1572961779.955,333,982,None,Move,file system
1572961779.97,320,983,None,Move,file system
1572961779.9770002,316,985,None,Move,file system
1572961779.992,309,987,None,Move,file system
1572961780.008,305,988,None,Move,file system
1572961780.024,302,990,None,Move,file system
1572961780.039,298,992,None,Move,file system
1572961780.055,297,993,None,Move,file system
1572961780.071,297,994,None,Move,file system
1572961780.077,296,994,None,Move,file system
1572961780.092,296,996,None,Move,file system
1572961780.1079998,296,1000,None,Move,file system
1572961780.1239998,296,1002,None,Move,file system
1572961780.139,296,1004,None,Move,file system
1572961780.155,296,1005,None,Move,file system
1572961780.171,296,1008,None,Move,file system
1572961780.177,297,1010,None,Move,file system
1572961780.1929998,302,1020,None,Move,file system
1572961780.208,305,1026,None,Move,file system
1572961780.224,311,1032,None,Move,file system
1572961780.24,316,1036,None,Move,file system
1572961780.255,321,1038,None,Move,file system
1572961780.271,325,1040,None,Move,file system
1572961780.2770002,328,1041,None,Move,file system
1572961780.293,329,1041,None,Move,file system
1572961780.309,330,1041,None,Move,file system
1572961780.425,331,1041,Left,Pressed,file system
1572961780.51,331,1041,Left,Released,file system
1572961781.08,331,1041,Left,Pressed,browsing
1572961781.158,331,1041,Left,Released,browsing
1572961781.528,332,1041,None,Move,file system
1572961781.544,332,1036,None,Move,file system
1572961781.559,333,1031,None,Move,file system
1572961781.581,333,1030,None,Move,file system
1572961781.597,333,1028,None,Move,file system
1572961781.613,332,1026,None,Move,file system
1572961781.6279998,330,1025,None,Move,file system
1572961781.644,313,1021,None,Move,file system
1572961781.66,263,1011,None,Move,file system
1572961781.675,206,1001,None,Move,file system
1572961781.6820002,179,997,None,Move,file system
1572961781.697,120,987,None,Move,file system
1572961781.7129998,97,983,None,Move,file system
1572961781.728,59,977,None,Move,file system
1572961781.744,35,977,None,Move,file system
1572961781.76,18,977,None,Move,file system
1572961781.775,15,977,None,Move,file system
1572961781.782,13,977,None,Move,file system
1572961781.7970002,11,977,None,Move,file system
1572961781.813,10,979,None,Move,file system
1572961781.829,9,979,None,Move,file system
1572961781.845,9,980,None,Move,file system
1572961781.86,8,982,None,Move,file system
1572961781.8779998,8,986,None,Move,file system
1572961781.8820002,8,988,None,Move,file system
1572961781.8979998,9,990,None,Move,file system
1572961781.913,9,994,None,Move,file system
1572961781.929,11,1001,None,Move,file system
1572961781.945,12,1005,None,Move,file system
1572961781.96,13,1008,None,Move,file system
1572961781.982,14,1009,None,Move,file system
1572961782.03,16,1010,None,Move,file system
1572961782.046,17,1011,None,Move,file system
1572961782.061,20,1012,None,Move,file system
1572961782.077,25,1014,None,Move,file system
1572961782.083,28,1015,None,Move,file system
1572961782.0979998,35,1019,None,Move,file system
1572961782.1829998,37,1022,None,Move,file system
1572961782.199,38,1022,None,Move,file system
1572961782.315,38,1023,None,Move,file system
1572961782.33,38,1024,None,Move,file system
1572961782.346,38,1027,None,Move,file system
1572961782.3620002,37,1030,None,Move,file system
1572961782.3839998,37,1032,None,Move,file system
1572961782.4,37,1035,None,Move,file system
1572961782.415,37,1037,None,Move,file system
1572961782.431,37,1038,None,Move,file system
1572961782.484,37,1038,Left,Pressed,file system
1572961782.5470002,37,1038,Left,Released,file system
1572961783.688,43,1038,None,Move,file system
1572961783.7029998,85,1031,None,Move,file system
1572961783.719,129,1021,None,Move,file system
1572961783.728,180,1013,None,Move,file system
1572961783.736,219,1006,None,Move,file system
1572961783.7510002,380,953,None,Move,file system
1572961783.7670002,423,930,None,Move,file system
1572961783.783,510,884,None,Move,file system
1572961783.7870002,548,857,None,Move,file system
1572961783.803,633,783,None,Move,file system
1572961783.819,697,713,None,Move,file system
1572961783.835,743,654,None,Move,file system
1572961783.85,785,596,None,Move,file system
1572961783.8660002,818,546,None,Move,file system
1572961783.8879998,841,507,None,Move,file system
1572961783.904,858,472,None,Move,file system
1572961783.919,869,441,None,Move,file system
1572961783.935,881,408,None,Move,file system
1572961783.95,889,372,None,Move,file system
1572961783.966,897,345,None,Move,file system
1572961783.982,908,316,None,Move,file system
1572961783.988,915,303,None,Move,file system
1572961784.004,928,275,None,Move,file system
1572961784.019,937,254,None,Move,file system
1572961784.035,943,231,None,Move,file system
1572961784.051,946,210,None,Move,file system
1572961784.066,947,200,None,Move,file system
1572961784.082,950,187,None,Move,file system
1572961784.0879998,953,178,None,Move,file system
1572961784.104,954,173,None,Move,file system
1572961784.12,959,156,None,Move,file system
1572961784.135,964,137,None,Move,file system
1572961784.151,969,122,None,Move,file system
1572961784.167,975,110,None,Move,file system
1572961784.1820002,980,97,None,Move,file system
1572961784.189,986,86,None,Move,file system
1572961784.204,997,68,None,Move,file system
1572961784.22,1007,50,None,Move,file system
1572961784.236,1018,30,None,Move,file system
1572961784.2510002,1025,16,None,Move,file system
1572961784.2670002,1029,10,None,Move,file system
1572961784.283,1030,8,None,Move,file system
1572961784.521,1030,8,Left,Pressed,file system
1572961784.59,1030,8,Left,Released,file system
1572961784.7529998,1030,8,None,Move,file system
1572961784.769,1026,8,None,Move,file system
1572961784.791,1013,8,None,Move,file system
1572961784.806,991,5,None,Move,file system
1572961784.822,955,-2,None,Move,file system
1572961784.837,915,-3,None,Move,file system
1572961784.853,891,-1,None,Move,file system
1572961784.869,879,0,None,Move,file system
1572961784.8839998,879,0,Right,Pressed,file system
1572961784.9910002,879,0,Right,Released,file system
1572961785.0070002,878,0,None,Move,file system
1572961785.0229998,875,4,None,Move,file system
1572961785.038,868,19,None,Move,file system
1572961785.054,862,32,None,Move,file system
1572961785.07,851,61,None,Move,file system
1572961785.085,834,93,None,Move,file system
1572961785.092,828,106,None,Move,file system
1572961785.107,813,129,None,Move,file system
1572961785.123,801,153,None,Move,file system
1572961785.139,795,166,None,Move,file system
1572961785.154,794,176,None,Move,file system
1572961785.17,794,177,None,Move,file system
1572961785.409,794,177,Left,Pressed,file system
