client_timestamp,x,y,button,state,window
1571028848.484,847,189,None,Move,file system
1571028851.556,863,177,None,Move,file system
1571028851.565,899,139,None,Move,file system
1571028851.573,911,101,None,Move,file system
1571028851.58,917,74,None,Move,file system
1571028851.587,920,51,None,Move,file system
1571028851.596,927,11,None,Move,file system
1571028851.603,945,-35,None,Move,file system
1571028851.6120002,973,-63,None,Move,file system
1571028851.62,1005,-63,None,Move,file system
1571028851.629,1044,-76,None,Move,file system
1571028851.6360002,1084,-75,None,Move,file system
1571028851.644,1120,-79,None,Move,file system
1571028851.6520002,1161,-87,None,Move,file system
1571028851.66,1199,-95,None,Move,file system
1571028851.668,1234,-102,None,Move,file system
1571028851.677,1267,-82,None,Move,file system
1571028851.685,1313,-119,None,Move,file system
1571028851.6920002,1358,-103,None,Move,file system
1571028851.7,1407,-103,None,Move,file system
1571028851.708,1458,-100,None,Move,file system
1571028851.716,1513,-100,None,Move,file system
1571028851.724,1563,-81,None,Move,file system
1571028851.732,1613,-88,None,Move,file system
1571028851.7410002,1663,-88,None,Move,file system
1571028851.748,1695,-63,None,Move,file system
1571028851.756,1719,-51,None,Move,file system
1571028851.764,1741,-36,None,Move,file system
1571028851.772,1754,-21,None,Move,file system
1571028851.78,1762,-13,None,Move,file system
1571028851.789,1768,-9,None,Move,file system
1571028851.7970002,1772,-7,None,Move,file system
1571028851.805,1774,-2,None,Move,file system
1571028851.812,1775,-2,None,Move,file system
1571028851.82,1776,-1,None,Move,file system
1571028851.827,1778,-1,None,Move,file system
1571028851.836,1780,-2,None,Move,file system
1571028851.845,1782,-1,None,Move,file system
1571028851.853,1784,-2,None,Move,file system
1571028851.8920002,1777,-3,None,Move,file system
1571028851.901,1757,-5,None,Move,file system
1571028851.909,1707,-11,None,Move,file system
1571028851.917,1636,-11,None,Move,file system
1571028851.924,1520,-23,None,Move,file system
1571028851.9320002,1388,-23,None,Move,file system
1571028851.94,1248,-20,None,Move,file system
1571028851.948,1109,-13,None,Move,file system
1571028851.956,970,-10,None,Move,file system
1571028851.965,856,-3,None,Move,file system
1571028851.972,694,-4,None,Move,file system
1571028851.981,568,3,None,Move,file system
1571028851.988,470,12,None,Move,file system
1571028851.996,377,37,None,Move,file system
1571028852.004,313,68,None,Move,file system
1571028852.012,271,102,None,Move,file system
1571028852.021,233,152,None,Move,file system
1571028852.029,200,223,None,Move,file system
1571028852.0370002,179,300,None,Move,file system
1571028852.044,157,358,None,Move,file system
1571028852.052,156,361,None,Move,file system
1571028852.332,156,362,None,Move,file system
1571028852.34,157,364,None,Move,file system
1571028852.347,160,364,None,Move,file system
1571028852.357,162,364,None,Move,file system
1571028852.365,162,360,None,Move,file system
1571028852.373,162,355,None,Move,file system
1571028852.38,162,350,None,Move,file system
1571028852.387,161,342,None,Move,file system
1571028852.396,156,333,None,Move,file system
1571028852.404,150,324,None,Move,file system
1571028852.4120002,141,313,None,Move,file system
1571028852.421,125,295,None,Move,file system
1571028852.429,104,280,None,Move,file system
1571028852.437,72,262,None,Move,file system
1571028852.444,28,236,None,Move,file system
1571028852.452,-24,209,None,Move,file system
1571028852.46,-66,190,None,Move,file system
1571028852.468,-119,163,None,Move,file system
1571028852.4770002,-165,146,None,Move,file system
1571028852.485,-239,115,None,Move,file system
1571028852.492,-310,90,None,Move,file system
1571028852.5,-391,66,None,Move,file system
1571028852.508,-480,41,None,Move,file system
1571028852.516,-571,19,None,Move,file system
1571028852.536,-652,1,None,Move,file system
1571028852.5370002,-748,-21,None,Move,file system
1571028852.541,-858,-21,None,Move,file system
1571028852.549,-952,-22,None,Move,file system
1571028852.556,-1043,-20,None,Move,file system
1571028852.564,-1124,-22,None,Move,file system
1571028852.572,-1186,-16,None,Move,file system
1571028852.58,-1251,-24,None,Move,file system
1571028852.589,-1316,-23,None,Move,file system
1571028852.597,-1369,-22,None,Move,file system
1571028852.605,-1406,-18,None,Move,file system
1571028852.6120002,-1432,-15,None,Move,file system
1571028852.62,-1445,-7,None,Move,file system
1571028852.627,-1455,-7,None,Move,file system
1571028852.6360002,-1459,-4,None,Move,file system
1571028852.645,-1461,-5,None,Move,file system
1571028852.6520002,-1461,-3,None,Move,file system
1571028852.661,-1460,-5,None,Move,file system
1571028852.668,-1457,-4,None,Move,file system
1571028852.676,-1453,-6,None,Move,file system
1571028852.684,-1450,-6,None,Move,file system
1571028852.908,-1450,0,None,Move,file system
1571028852.916,-1453,-1,None,Move,file system
1571028852.924,-1459,-1,None,Move,file system
1571028852.9320002,-1466,-2,None,Move,file system
1571028852.941,-1472,-2,None,Move,file system
1571028852.949,-1476,-2,None,Move,file system
1571028852.956,-1482,-4,None,Move,file system
1571028852.964,-1485,-5,None,Move,file system
1571028852.972,-1488,-5,None,Move,file system
1571028852.98,-1489,-1,None,Move,file system
1571028852.988,-1489,-2,None,Move,file system
1571028853.02,-1489,0,None,Move,file system
1571028853.053,-1489,0,None,Move,file system
1571028853.109,-1489,0,None,Move,file system
1571028853.117,-1488,0,None,Move,file system
1571028853.125,-1486,2,None,Move,file system
1571028853.1320002,-1483,5,None,Move,file system
1571028853.143,-1477,15,None,Move,file system
1571028853.147,-1469,30,None,Move,file system
1571028853.157,-1454,56,None,Move,file system
1571028853.165,-1431,104,None,Move,file system
1571028853.1720002,-1402,154,None,Move,file system
1571028853.19,-1341,277,None,Move,file system
1571028853.196,-1306,351,None,Move,file system
1571028853.204,-1269,423,None,Move,file system
1571028853.212,-1236,499,None,Move,file system
1571028853.221,-1204,573,None,Move,file system
1571028853.228,-1184,618,None,Move,file system
1571028853.2370002,-1163,660,None,Move,file system
1571028853.244,-1147,697,None,Move,file system
1571028853.262,-1130,726,None,Move,file system
1571028853.268,-1119,749,None,Move,file system
1571028853.27,-1111,767,None,Move,file system
1571028853.2770002,-1106,779,None,Move,file system
1571028853.285,-1102,790,None,Move,file system
1571028853.293,-1102,796,None,Move,file system
1571028853.3,-1100,801,None,Move,file system
1571028853.3070002,-1100,804,None,Move,file system
1571028853.329,-1100,805,None,Move,file system
1571028853.333,-1101,805,None,Move,file system
1571028853.341,-1101,805,None,Move,file system
1571028853.349,-1102,805,None,Move,file system
1571028853.356,-1103,805,None,Move,file system
1571028853.363,-1105,805,None,Move,file system
1571028853.3720002,-1107,805,None,Move,file system
1571028853.381,-1108,803,None,Move,file system
1571028853.389,-1111,798,None,Move,file system
1571028853.397,-1112,789,None,Move,file system
1571028853.406,-1112,780,None,Move,file system
1571028853.414,-1112,771,None,Move,file system
1571028853.421,-1110,757,None,Move,file system
1571028853.429,-1107,740,None,Move,file system
1571028853.437,-1102,726,None,Move,file system
1571028853.566,-1095,724,None,Move,file system
1571028853.573,-1091,722,None,Move,file system
1571028853.581,-1089,721,None,Move,file system
1571028853.587,-1088,720,None,Move,file system
1571028853.596,-1087,717,None,Move,file system
1571028853.603,-1087,716,None,Move,file system
1571028853.613,-1086,714,None,Move,file system
1571028853.621,-1086,713,None,Move,file system
1571028853.629,-1085,712,None,Move,file system
1571028853.637,-1084,712,None,Move,file system
1571028853.6520002,-1083,711,None,Move,file system
1571028853.66,-1082,711,None,Move,file system
1571028853.708,-1082,712,None,Move,file system
1571028853.716,-1086,717,None,Move,file system
1571028853.725,-1094,729,None,Move,file system
1571028853.732,-1105,744,None,Move,file system
1571028853.7410002,-1121,766,None,Move,file system
1571028853.748,-1131,780,None,Move,file system
1571028853.7570002,-1146,804,None,Move,file system
1571028853.765,-1162,829,None,Move,file system
1571028853.772,-1180,863,None,Move,file system
1571028853.781,-1192,884,None,Move,file system
1571028853.788,-1202,903,None,Move,file system
1571028853.7970002,-1209,916,None,Move,file system
1571028853.8070002,-1216,927,None,Move,file system
1571028853.814,-1221,937,None,Move,file system
1571028853.82,-1228,948,None,Move,file system
1571028853.827,-1232,955,None,Move,file system
1571028853.837,-1236,962,None,Move,file system
1571028853.845,-1239,968,None,Move,file system
1571028853.853,-1241,971,None,Move,file system
1571028853.861,-1242,973,None,Move,file system
1571028853.877,-1242,973,None,Move,file system
1571028854.609,-1242,973,None,Move,file system
1571028855.408,-1242,973,None,Move,file system
1571028855.4320002,-1242,972,None,Move,file system
1571028855.465,-1242,971,None,Move,file system
1571028855.496,-1242,971,None,Move,file system
1571028855.521,-1242,970,None,Move,file system
1571028855.529,-1242,970,None,Move,file system
1571028855.5370002,-1242,970,None,Move,file system
1571028855.545,-1243,969,None,Move,file system
1571028855.552,-1245,969,None,Move,file system
1571028855.561,-1248,968,None,Move,file system
1571028855.569,-1257,967,None,Move,file system
1571028855.577,-1265,967,None,Move,file system
1571028855.585,-1274,967,None,Move,file system
1571028855.593,-1287,967,None,Move,file system
1571028855.601,-1300,967,None,Move,file system
1571028855.609,-1314,967,None,Move,file system
1571028855.617,-1330,967,None,Move,file system
1571028855.625,-1347,966,None,Move,file system
1571028855.633,-1362,965,None,Move,file system
1571028855.641,-1378,963,None,Move,file system
1571028855.649,-1392,963,None,Move,file system
1571028855.657,-1410,961,None,Move,file system
1571028855.664,-1425,960,None,Move,file system
1571028855.6720002,-1438,960,None,Move,file system
1571028855.681,-1451,959,None,Move,file system
1571028855.689,-1462,959,None,Move,file system
1571028855.697,-1474,959,None,Move,file system
1571028855.705,-1485,960,None,Move,file system
1571028855.712,-1493,961,None,Move,file system
1571028855.721,-1500,964,None,Move,file system
1571028855.742,-1505,966,None,Move,file system
1571028855.745,-1508,969,None,Move,file system
1571028855.7470002,-1512,971,None,Move,file system
1571028855.752,-1515,974,None,Move,file system
1571028855.7610002,-1517,976,None,Move,file system
1571028855.769,-1520,979,None,Move,file system
1571028855.7770002,-1523,982,None,Move,file system
1571028855.784,-1525,984,None,Move,file system
1571028855.793,-1528,985,None,Move,file system
1571028855.801,-1532,989,None,Move,file system
1571028855.809,-1537,992,None,Move,file system
1571028855.827,-1542,995,None,Move,file system
1571028855.829,-1548,997,None,Move,file system
1571028855.833,-1556,1002,None,Move,file system
1571028855.84,-1564,1006,None,Move,file system
1571028855.849,-1570,1009,None,Move,file system
1571028855.857,-1577,1014,None,Move,file system
1571028855.865,-1583,1017,None,Move,file system
1571028855.873,-1585,1019,None,Move,file system
1571028855.881,-1589,1022,None,Move,file system
1571028855.889,-1590,1024,None,Move,file system
1571028855.896,-1592,1026,None,Move,file system
1571028855.905,-1592,1027,None,Move,file system
1571028855.914,-1592,1028,None,Move,file system
1571028855.921,-1593,1031,None,Move,file system
1571028855.929,-1593,1035,None,Move,file system
1571028855.937,-1594,1041,None,Move,file system
1571028855.945,-1595,1047,None,Move,file system
1571028855.952,-1595,1053,None,Move,file system
1571028855.961,-1596,1058,None,Move,file system
1571028855.969,-1597,1063,None,Move,file system
1571028855.976,-1598,1069,None,Move,file system
1571028855.984,-1599,1073,None,Move,file system
1571028855.992,-1599,1075,None,Move,file system
1571028856.0,-1599,1077,None,Move,file system
1571028856.008,-1599,1077,None,Move,file system
1571028856.024,-1599,1078,None,Move,file system
1571028856.064,-1599,1078,None,Move,file system
1571028856.072,-1598,1078,None,Move,file system
1571028856.08,-1596,1078,None,Move,file system
1571028856.0879998,-1595,1078,None,Move,file system
1571028856.096,-1593,1078,None,Move,file system
1571028856.104,-1590,1077,None,Move,file system
1571028856.1120002,-1585,1076,None,Move,file system
1571028856.12,-1581,1075,None,Move,file system
1571028856.1279998,-1577,1074,None,Move,file system
1571028856.1360002,-1568,1073,None,Move,file system
1571028856.144,-1564,1073,None,Move,file system
1571028856.1520002,-1562,1072,None,Move,file system
1571028856.16,-1559,1071,None,Move,file system
1571028856.168,-1558,1071,None,Move,file system
1571028856.176,-1556,1071,None,Move,file system
1571028856.184,-1555,1071,None,Move,file system
1571028856.1920002,-1555,1071,None,Move,file system
1571028856.535,-1555,1071,Left,Pressed,file system
1571028856.584,-1555,1071,Left,Released,file system
1571028857.1360002,-1554,1069,None,Move,file system
1571028857.144,-1552,1066,None,Move,file system
1571028857.1520002,-1550,1061,None,Move,file system
1571028857.16,-1544,1054,None,Move,file system
1571028857.168,-1536,1048,None,Move,file system
1571028857.176,-1526,1040,None,Move,file system
1571028857.184,-1507,1028,None,Move,file system
1571028857.1920002,-1474,1008,None,Move,file system
1571028857.2,-1445,993,None,Move,file system
1571028857.208,-1411,972,None,Move,file system
1571028857.216,-1371,952,None,Move,file system
1571028857.224,-1331,927,None,Move,file system
1571028857.232,-1293,900,None,Move,file system
1571028857.24,-1259,870,None,Move,file system
1571028857.248,-1225,842,None,Move,file system
1571028857.256,-1195,817,None,Move,file system
1571028857.264,-1167,794,None,Move,file system
1571028857.272,-1138,769,None,Move,file system
1571028857.281,-1113,749,None,Move,file system
1571028857.288,-1093,732,None,Move,file system
1571028857.296,-1070,713,None,Move,file system
1571028857.304,-1043,694,None,Move,file system
1571028857.312,-1024,681,None,Move,file system
1571028857.321,-1005,669,None,Move,file system
1571028857.3279998,-989,658,None,Move,file system
1571028857.336,-977,651,None,Move,file system
1571028857.344,-966,646,None,Move,file system
1571028857.3520002,-958,639,None,Move,file system
1571028857.36,-950,634,None,Move,file system
1571028857.3679998,-943,629,None,Move,file system
1571028857.3760002,-942,627,None,Move,file system
1571028857.393,-939,625,None,Move,file system
1571028857.397,-939,624,None,Move,file system
1571028857.4,-938,623,None,Move,file system
1571028857.408,-938,623,None,Move,file system
1571028857.416,-937,622,None,Move,file system
1571028857.424,-937,621,None,Move,file system
1571028857.4320002,-937,621,None,Move,file system
1571028857.44,-937,620,None,Move,file system
1571028861.545,-933,619,None,Move,office
1571028861.553,-930,618,None,Move,office
1571028861.561,-927,618,None,Move,office
1571028861.569,-924,617,None,Move,office
1571028861.577,-921,617,None,Move,office
1571028861.585,-918,617,None,Move,office
1571028861.593,-914,617,None,Move,office
1571028861.6,-909,619,None,Move,office
1571028861.6079998,-905,621,None,Move,office
1571028861.617,-896,625,None,Move,office
1571028861.625,-887,629,None,Move,office
1571028861.633,-879,632,None,Move,office
1571028861.641,-875,633,None,Move,office
1571028861.649,-872,635,None,Move,office
1571028861.657,-871,635,None,Move,office
1571028861.681,-871,635,None,Move,office
1571028861.689,-874,635,None,Move,office
1571028861.697,-879,635,None,Move,office
1571028861.705,-891,635,None,Move,office
1571028861.712,-905,636,None,Move,office
1571028861.72,-930,636,None,Move,office
1571028861.729,-962,636,None,Move,office
1571028861.7370002,-1008,636,None,Move,office
1571028861.746,-1033,636,None,Move,office
1571028861.754,-1052,636,None,Move,office
1571028862.026,-1053,637,None,Move,office
1571028862.035,-1053,638,None,Move,office
1571028862.042,-1055,639,None,Move,office
1571028862.059,-1055,640,None,Move,office
1571028862.0670002,-1055,643,None,Move,office
1571028862.076,-1055,643,None,Move,office
1571028862.083,-1053,645,None,Move,office
1571028862.092,-1048,647,None,Move,office
1571028862.1,-1042,649,None,Move,office
1571028862.1079998,-1035,651,None,Move,office
1571028862.115,-1026,653,None,Move,office
1571028862.123,-1014,654,None,Move,office
1571028862.133,-997,654,None,Move,office
1571028862.147,-975,654,None,Move,office
1571028862.156,-903,654,None,Move,office
1571028862.164,-872,656,None,Move,office
1571028862.171,-826,658,None,Move,office
1571028862.1920002,-771,662,None,Move,office
1571028862.196,-703,662,None,Move,office
1571028862.204,-549,666,None,Move,office
1571028862.212,-490,668,None,Move,office
1571028862.2270002,-395,671,None,Move,office
1571028862.235,-211,680,None,Move,office
1571028862.245,-116,685,None,Move,office
1571028862.26,8,692,None,Move,office
1571028862.272,279,699,None,Move,office
1571028862.283,417,705,None,Move,office
1571028862.289,567,709,None,Move,office
1571028862.295,681,712,None,Move,office
1571028862.3070002,783,712,None,Move,office
1571028862.316,969,706,None,Move,office
1571028862.324,1027,703,None,Move,office
1571028862.332,1069,699,None,Move,office
1571028862.339,1094,699,None,Move,office
1571028862.347,1112,697,None,Move,office
1571028862.355,1122,697,None,Move,office
1571028862.363,1126,696,None,Move,office
1571028862.3820002,1126,696,None,Move,office
1571028862.468,1126,695,None,Move,office
1571028862.485,1126,693,None,Move,office
1571028862.494,1126,692,None,Move,office
1571028862.5010002,1127,692,None,Move,office
1571028862.5089998,1127,689,None,Move,office
1571028862.5170002,1128,685,None,Move,office
1571028862.524,1131,681,None,Move,office
1571028862.534,1134,672,None,Move,office
1571028862.541,1137,663,None,Move,office
1571028862.55,1143,652,None,Move,office
1571028862.5579998,1147,640,None,Move,office
1571028862.566,1154,627,None,Move,office
1571028862.572,1162,610,None,Move,office
1571028862.58,1167,600,None,Move,office
1571028862.589,1171,589,None,Move,office
1571028862.599,1178,574,None,Move,office
1571028862.606,1181,568,None,Move,office
1571028862.6139998,1184,557,None,Move,office
1571028862.621,1185,554,None,Move,office
1571028862.6279998,1186,549,None,Move,office
1571028862.637,1187,547,None,Move,office
1571028862.646,1187,545,None,Move,office
1571028862.653,1188,544,None,Move,office
1571028862.95,1188,544,None,Move,office
1571028862.958,1186,544,None,Move,office
1571028863.0779998,1185,544,None,Move,office
1571028863.086,1184,543,None,Move,office
1571028863.094,1179,538,None,Move,office
1571028863.1,1173,533,None,Move,office
1571028863.109,1160,518,None,Move,office
1571028863.117,1140,503,None,Move,office
1571028863.1260002,1107,479,None,Move,office
1571028863.1339998,1076,464,None,Move,office
1571028863.1420002,1037,447,None,Move,office
1571028863.15,1004,436,None,Move,office
1571028863.156,959,423,None,Move,office
1571028863.165,907,413,None,Move,office
1571028863.173,852,405,None,Move,office
1571028863.181,796,395,None,Move,office
1571028863.189,743,392,None,Move,office
1571028863.197,709,390,None,Move,office
1571028863.206,671,388,None,Move,office
1571028863.2129998,633,386,None,Move,office
1571028863.22,592,383,None,Move,office
1571028863.229,563,383,None,Move,office
1571028863.2370002,537,381,None,Move,office
1571028863.245,519,381,None,Move,office
1571028863.2529998,503,381,None,Move,office
1571028863.2610002,495,381,None,Move,office
1571028863.269,489,381,None,Move,office
1571028863.276,484,381,None,Move,office
1571028863.285,481,381,None,Move,office
1571028863.293,479,381,None,Move,office
1571028863.301,478,382,None,Move,office
1571028863.309,478,383,None,Move,office
1571028863.3170002,477,383,None,Move,office
1571028863.325,476,384,None,Move,office
1571028863.332,475,385,None,Move,office
1571028863.359,474,386,None,Move,office
1571028863.3739998,473,387,None,Move,office
1571028863.3820002,472,387,None,Move,office
1571028863.3879998,472,387,None,Move,office
1571028863.397,470,389,None,Move,office
1571028863.405,465,393,None,Move,office
1571028863.413,461,396,None,Move,office
1571028863.421,458,400,None,Move,office
1571028863.429,454,403,None,Move,office
1571028863.438,452,406,None,Move,office
1571028863.445,449,409,None,Move,office
1571028863.454,447,411,None,Move,office
1571028863.461,444,412,None,Move,office
1571028863.469,444,413,None,Move,office
1571028863.486,443,414,None,Move,office
1571028864.5029998,439,414,None,Move,office
1571028864.5089998,437,414,None,Move,office
1571028864.5170002,433,414,None,Move,office
1571028864.525,430,414,None,Move,office
1571028864.533,425,411,None,Move,office
1571028864.541,418,410,None,Move,office
1571028864.549,408,406,None,Move,office
1571028864.5570002,393,401,None,Move,office
1571028864.565,379,394,None,Move,office
1571028864.573,360,389,None,Move,office
1571028864.581,342,384,None,Move,office
1571028864.589,325,376,None,Move,office
1571028864.597,301,367,None,Move,office
1571028864.605,286,355,None,Move,office
1571028864.613,267,345,None,Move,office
1571028864.621,246,329,None,Move,office
1571028864.629,227,319,None,Move,office
1571028864.637,219,313,None,Move,office
1571028864.645,212,309,None,Move,office
1571028864.653,209,308,None,Move,office
1571028864.661,204,303,None,Move,office
1571028864.669,199,297,None,Move,office
1571028864.885,196,303,None,Move,office
1571028864.893,194,311,None,Move,office
1571028864.901,193,318,None,Move,office
1571028864.909,190,326,None,Move,office
1571028864.917,188,333,None,Move,office
1571028864.925,183,342,None,Move,office
1571028864.9329998,182,347,None,Move,office
1571028864.941,178,356,None,Move,office
1571028864.949,178,360,None,Move,office
1571028864.957,176,365,None,Move,office
1571028864.969,176,367,None,Move,office
1571028864.9770002,175,371,None,Move,office
1571028864.982,175,373,None,Move,office
1571028864.99,175,378,None,Move,office
1571028864.9970002,175,381,None,Move,office
1571028865.005,175,384,None,Move,office
1571028865.0129998,175,387,None,Move,office
1571028865.021,175,390,None,Move,office
1571028865.029,175,392,None,Move,office
1571028865.0370002,175,396,None,Move,office
1571028865.045,175,397,None,Move,office
1571028865.053,175,401,None,Move,office
1571028865.061,175,403,None,Move,office
1571028865.069,174,407,None,Move,office
1571028865.077,174,408,None,Move,office
1571028865.085,174,412,None,Move,office
1571028865.093,174,414,None,Move,office
1571028865.101,174,417,None,Move,office
1571028865.109,174,420,None,Move,office
1571028865.117,174,423,None,Move,office
1571028865.125,174,425,None,Move,office
1571028865.133,174,427,None,Move,office
1571028865.141,174,429,None,Move,office
1571028865.149,174,431,None,Move,office
1571028865.157,174,433,None,Move,office
1571028865.169,174,434,None,Move,office
1571028865.184,174,435,None,Move,office
1571028865.19,174,436,None,Move,office
1571028865.206,174,437,None,Move,office
1571028865.221,174,439,None,Move,office
1571028865.229,174,441,None,Move,office
1571028865.2370002,174,442,None,Move,office
1571028865.245,174,443,None,Move,office
1571028865.2529998,174,445,None,Move,office
1571028865.2610002,174,446,None,Move,office
1571028865.2770002,174,447,None,Move,office
1571028865.461,174,447,Left,Pressed,office
1571028865.518,174,447,Left,Released,office
1571028866.7489998,177,445,None,Move,office
1571028866.7589998,181,443,None,Move,office
1571028866.766,184,441,None,Move,office
1571028866.7729998,189,439,None,Move,office
1571028866.781,194,436,None,Move,office
1571028866.789,203,432,None,Move,office
1571028866.799,217,427,None,Move,office
1571028866.805,235,422,None,Move,office
1571028866.813,252,417,None,Move,office
1571028866.821,272,414,None,Move,office
1571028866.829,295,408,None,Move,office
1571028866.837,326,404,None,Move,office
1571028866.845,353,400,None,Move,office
1571028866.854,396,393,None,Move,office
1571028866.861,430,391,None,Move,office
1571028866.869,459,391,None,Move,office
1571028866.8779998,480,389,None,Move,office
1571028866.8860002,496,389,None,Move,office
1571028866.894,512,389,None,Move,office
1571028866.901,524,389,None,Move,office
1571028866.91,536,389,None,Move,office
1571028866.917,543,388,None,Move,office
1571028866.926,546,388,None,Move,office
1571028866.9329998,548,387,None,Move,office
1571028866.941,549,386,None,Move,office
1571028866.958,550,386,None,Move,office
1571028866.9970002,551,386,None,Move,office
1571028867.005,552,385,None,Move,office
1571028867.0370002,552,384,None,Move,office
1571028867.254,554,384,None,Move,office
1571028867.2610002,559,386,None,Move,office
1571028867.269,564,388,None,Move,office
1571028867.278,573,393,None,Move,office
1571028867.286,587,397,None,Move,office
1571028867.294,602,402,None,Move,office
1571028867.301,614,407,None,Move,office
1571028867.309,633,412,None,Move,office
1571028867.3170002,647,415,None,Move,office
1571028867.325,665,419,None,Move,office
1571028867.334,685,422,None,Move,office
1571028867.342,715,430,None,Move,office
1571028867.35,746,436,None,Move,office
1571028867.357,779,445,None,Move,office
1571028867.365,803,450,None,Move,office
1571028867.373,847,460,None,Move,office
1571028867.391,883,469,None,Move,office
1571028867.394,911,475,None,Move,office
1571028867.3979998,942,479,None,Move,office
1571028867.406,956,481,None,Move,office
1571028867.413,974,484,None,Move,office
1571028867.421,990,486,None,Move,office
1571028867.429,1000,486,None,Move,office
1571028867.437,1013,487,None,Move,office
1571028867.446,1021,487,None,Move,office
1571028867.454,1025,487,None,Move,office
1571028867.462,1030,487,None,Move,office
1571028867.469,1033,487,None,Move,office
1571028867.4770002,1036,487,None,Move,office
1571028867.485,1038,486,None,Move,office
1571028867.4929998,1040,485,None,Move,office
1571028867.502,1041,485,None,Move,office
1571028867.51,1042,484,None,Move,office
1571028867.541,1043,483,None,Move,office
1571028868.189,1043,483,None,Move,office
1571028868.206,1041,483,None,Move,office
1571028868.214,1039,483,None,Move,office
1571028868.222,1034,487,None,Move,office
1571028868.229,1028,494,None,Move,office
1571028868.2370002,1017,504,None,Move,office
1571028868.245,1008,513,None,Move,office
1571028868.254,991,527,None,Move,office
1571028868.262,965,549,None,Move,office
1571028868.27,945,568,None,Move,office
1571028868.2770002,928,582,None,Move,office
1571028868.285,902,604,None,Move,office
1571028868.293,884,618,None,Move,office
1571028868.301,866,632,None,Move,office
1571028868.31,848,649,None,Move,office
1571028868.3179998,829,665,None,Move,office
1571028868.326,808,683,None,Move,office
1571028868.333,792,698,None,Move,office
1571028868.36,783,709,None,Move,office
1571028868.363,760,732,None,Move,office
1571028868.3660002,749,742,None,Move,office
1571028868.3739998,740,751,None,Move,office
1571028868.3820002,734,756,None,Move,office
1571028868.389,732,760,None,Move,office
1571028868.397,727,763,None,Move,office
1571028868.405,725,766,None,Move,office
1571028868.413,722,768,None,Move,office
1571028868.4220002,717,771,None,Move,office
1571028868.43,712,774,None,Move,office
1571028868.438,707,776,None,Move,office
1571028868.445,702,779,None,Move,office
1571028868.454,695,780,None,Move,office
1571028868.461,689,783,None,Move,office
1571028868.469,682,783,None,Move,office
1571028868.478,676,784,None,Move,office
1571028868.486,664,786,None,Move,office
1571028868.494,656,786,None,Move,office
1571028868.502,645,786,None,Move,office
1571028868.5089998,637,786,None,Move,office
1571028868.5170002,631,786,None,Move,office
1571028868.525,627,786,None,Move,office
1571028868.534,622,786,None,Move,office
1571028868.542,618,786,None,Move,office
1571028868.55,613,784,None,Move,office
1571028868.5579998,606,783,None,Move,office
1571028868.565,600,782,None,Move,office
1571028868.573,593,781,None,Move,office
1571028868.581,590,781,None,Move,office
1571028868.589,586,779,None,Move,office
1571028868.5979998,584,779,None,Move,office
1571028868.606,582,779,None,Move,office
1571028868.6139998,581,779,None,Move,office
1571028868.621,580,779,None,Move,office
1571028868.629,579,779,None,Move,office
1571028868.637,578,779,None,Move,office
1571028868.7570002,578,779,Left,Pressed,office
1571028868.823,578,779,Left,Released,office
1571028869.1179998,579,776,None,Move,office
1571028869.125,584,773,None,Move,office
1571028869.133,588,770,None,Move,office
1571028869.141,591,767,None,Move,office
1571028869.149,600,761,None,Move,office
1571028869.158,611,755,None,Move,office
1571028869.166,632,746,None,Move,office
1571028869.174,649,736,None,Move,office
1571028869.1820002,669,723,None,Move,office
1571028869.19,712,703,None,Move,office
1571028869.198,751,684,None,Move,office
1571028869.206,806,656,None,Move,office
1571028869.214,860,634,None,Move,office
1571028869.222,914,613,None,Move,office
1571028869.23,964,597,None,Move,office
1571028869.238,1029,574,None,Move,office
1571028869.245,1079,559,None,Move,office
1571028869.2529998,1119,549,None,Move,office
1571028869.2610002,1152,538,None,Move,office
1571028869.27,1176,533,None,Move,office
1571028869.278,1193,526,None,Move,office
1571028869.286,1205,521,None,Move,office
1571028869.295,1216,517,None,Move,office
1571028869.302,1223,514,None,Move,office
1571028869.309,1226,512,None,Move,office
1571028869.3170002,1229,508,None,Move,office
1571028869.326,1232,506,None,Move,office
1571028869.334,1234,505,None,Move,office
1571028869.342,1235,503,None,Move,office
1571028869.35,1235,502,None,Move,office
1571028869.357,1237,500,None,Move,office
1571028869.373,1238,499,None,Move,office
1571028869.3820002,1238,499,None,Move,office
1571028869.39,1239,499,None,Move,office
1571028869.3979998,1240,498,None,Move,office
1571028869.406,1241,497,None,Move,office
1571028869.413,1242,497,None,Move,office
1571028869.421,1243,496,None,Move,office
1571028869.429,1244,496,None,Move,office
1571028869.438,1244,495,None,Move,office
1571028869.446,1249,493,None,Move,office
1571028869.454,1249,492,None,Move,office
1571028869.462,1250,491,None,Move,office
1571028869.469,1252,488,None,Move,office
1571028869.478,1255,484,None,Move,office
1571028869.485,1257,479,None,Move,office
1571028869.4929998,1257,473,None,Move,office
1571028869.502,1259,462,None,Move,office
1571028869.51,1259,452,None,Move,office
1571028869.518,1260,446,None,Move,office
1571028869.526,1263,437,None,Move,office
1571028869.91,1263,437,None,Move,office
1571028869.918,1264,438,None,Move,office
1571028869.95,1264,439,None,Move,office
1571028869.958,1264,439,None,Move,office
1571028869.966,1264,441,None,Move,office
1571028869.974,1264,442,None,Move,office
1571028869.982,1264,443,None,Move,office
1571028869.9889998,1264,444,None,Move,office
1571028869.9970002,1264,445,None,Move,office
1571028870.005,1264,445,None,Move,office
1571028870.022,1264,446,None,Move,office
1571028874.462,1264,448,None,Move,office
1571028874.471,1265,461,None,Move,office
1571028874.478,1268,469,None,Move,office
1571028874.486,1273,486,None,Move,office
1571028874.494,1276,500,None,Move,office
1571028874.5029998,1279,516,None,Move,office
1571028874.5110002,1283,535,None,Move,office
1571028874.519,1284,551,None,Move,office
1571028874.526,1286,571,None,Move,office
1571028874.534,1286,598,None,Move,office
1571028874.542,1286,620,None,Move,office
1571028874.55,1286,644,None,Move,office
1571028874.5579998,1286,664,None,Move,office
1571028874.566,1286,678,None,Move,office
1571028874.574,1286,688,None,Move,office
1571028874.582,1286,690,None,Move,office
1571028874.59,1286,692,None,Move,office
1571028874.599,1286,691,None,Move,office
1571028874.606,1284,690,None,Move,office
1571028874.615,1279,686,None,Move,office
1571028874.6239998,1276,685,None,Move,office
1571028874.63,1274,685,None,Move,office
1571028875.039,1273,685,None,Move,office
1571028875.046,1272,686,None,Move,office
1571028875.054,1272,687,None,Move,office
1571028875.064,1272,687,None,Move,office
1571028875.072,1272,688,None,Move,office
1571028875.084,1272,690,None,Move,office
1571028875.095,1272,691,None,Move,office
1571028875.1020002,1272,692,None,Move,office
1571028875.11,1272,693,None,Move,office
1571028875.1179998,1273,693,None,Move,office
1571028875.1260002,1273,694,None,Move,office
1571028875.1339998,1273,695,None,Move,office
1571028875.143,1274,696,None,Move,office
1571028875.151,1275,697,None,Move,office
1571028875.16,1276,697,None,Move,office
1571028875.17,1277,697,None,Move,office
1571028875.179,1278,698,None,Move,office
1571028875.1920002,1279,698,None,Move,office
1571028875.198,1280,699,None,Move,office
1571028875.2029998,1281,699,None,Move,office
1571028875.207,1282,699,None,Move,office
1571028875.215,1283,699,None,Move,office
1571028875.222,1285,699,None,Move,office
1571028875.23,1286,699,None,Move,office
1571028875.238,1287,699,None,Move,office
1571028875.246,1287,699,None,Move,office
1571028875.255,1289,699,None,Move,office
1571028875.2629998,1291,699,None,Move,office
1571028875.271,1292,699,None,Move,office
1571028875.278,1294,698,None,Move,office
1571028875.286,1296,697,None,Move,office
1571028875.294,1298,696,None,Move,office
1571028875.302,1300,695,None,Move,office
1571028875.31,1303,692,None,Move,office
1571028875.3179998,1304,692,None,Move,office
1571028875.329,1306,691,None,Move,office
1571028875.3379998,1308,690,None,Move,office
1571028875.349,1309,689,None,Move,office
1571028883.615,1309,688,None,Move,office
1571028883.6239998,1309,683,None,Move,office
1571028883.6320002,1309,676,None,Move,office
1571028883.64,1309,672,None,Move,office
1571028883.647,1309,668,None,Move,office
1571028883.655,1309,663,None,Move,office
1571028883.663,1309,657,None,Move,office
1571028883.671,1309,653,None,Move,office
1571028883.679,1309,645,None,Move,office
1571028883.687,1309,638,None,Move,office
1571028883.696,1308,632,None,Move,office
1571028883.7029998,1308,627,None,Move,office
1571028883.711,1306,624,None,Move,office
1571028883.719,1306,621,None,Move,office
1571028883.7270002,1306,618,None,Move,office
1571028883.735,1306,616,None,Move,office
1571028883.7429998,1306,614,None,Move,office
1571028883.752,1306,609,None,Move,office
1571028883.7589998,1306,607,None,Move,office
1571028883.7670002,1306,606,None,Move,office
1571028883.775,1306,604,None,Move,office
1571028883.783,1306,602,None,Move,office
1571028883.791,1306,599,None,Move,office
1571028883.8,1306,595,None,Move,office
1571028883.8079998,1306,592,None,Move,office
1571028883.816,1306,589,None,Move,office
1571028883.823,1306,584,None,Move,office
1571028883.831,1305,582,None,Move,office
1571028883.839,1305,580,None,Move,office
1571028883.847,1305,577,None,Move,office
1571028883.856,1305,575,None,Move,office
1571028883.8639998,1305,573,None,Move,office
1571028883.871,1305,570,None,Move,office
1571028883.879,1305,567,None,Move,office
1571028883.887,1310,557,None,Move,office
1571028883.895,1314,543,None,Move,office
1571028883.903,1322,532,None,Move,office
1571028883.9120002,1329,521,None,Move,office
1571028883.92,1338,506,None,Move,office
1571028883.928,1343,495,None,Move,office
1571028883.935,1349,483,None,Move,office
1571028883.9429998,1354,472,None,Move,office
1571028883.951,1360,461,None,Move,office
1571028883.959,1363,454,None,Move,office
1571028883.968,1366,447,None,Move,office
1571028883.976,1367,443,None,Move,office
1571028883.984,1369,439,None,Move,office
1571028883.9910002,1369,436,None,Move,office
1571028883.9989998,1370,434,None,Move,office
1571028888.256,1370,433,None,Move,office
1571028888.264,1367,433,None,Move,office
1571028888.272,1365,433,None,Move,office
1571028888.28,1362,432,None,Move,office
1571028888.288,1359,432,None,Move,office
1571028888.295,1356,432,None,Move,office
1571028888.304,1351,431,None,Move,office
1571028888.312,1342,428,None,Move,office
1571028888.32,1330,423,None,Move,office
1571028888.3279998,1315,419,None,Move,office
1571028888.336,1299,414,None,Move,office
1571028888.344,1278,407,None,Move,office
1571028888.351,1260,402,None,Move,office
1571028888.36,1228,394,None,Move,office
1571028888.3679998,1183,381,None,Move,office
1571028888.377,1144,374,None,Move,office
1571028888.3839998,1099,362,None,Move,office
1571028888.3920002,1051,352,None,Move,office
1571028888.4,1015,343,None,Move,office
1571028888.418,974,333,None,Move,office
1571028888.4220002,943,327,None,Move,office
1571028888.424,906,318,None,Move,office
1571028888.4320002,881,308,None,Move,office
1571028888.44,862,301,None,Move,office
1571028888.448,846,295,None,Move,office
1571028888.456,831,286,None,Move,office
1571028888.464,822,280,None,Move,office
1571028888.472,812,271,None,Move,office
1571028888.48,803,262,None,Move,office
1571028888.488,799,253,None,Move,office
1571028888.496,794,244,None,Move,office
1571028888.504,790,231,None,Move,office
1571028888.512,785,221,None,Move,office
1571028888.52,780,208,None,Move,office
1571028888.528,777,196,None,Move,office
1571028888.536,772,183,None,Move,office
1571028888.544,768,172,None,Move,office
1571028888.552,766,164,None,Move,office
1571028888.56,764,155,None,Move,office
1571028888.5679998,762,151,None,Move,office
1571028888.577,761,144,None,Move,office
1571028888.585,760,138,None,Move,office
1571028888.592,760,133,None,Move,office
1571028888.6,759,129,None,Move,office
1571028888.6079998,759,124,None,Move,office
1571028888.6160002,759,121,None,Move,office
1571028888.625,759,116,None,Move,office
1571028888.6320002,759,113,None,Move,office
1571028888.639,759,111,None,Move,office
1571028888.6479998,759,107,None,Move,office
1571028888.656,760,105,None,Move,office
1571028888.68,761,103,None,Move,office
1571028888.696,762,101,None,Move,office
1571028888.704,763,100,None,Move,office
1571028888.712,765,98,None,Move,office
1571028888.728,765,97,None,Move,office
1571028888.736,766,96,None,Move,office
1571028888.744,767,95,None,Move,office
1571028888.752,767,94,None,Move,office
1571028888.76,769,92,None,Move,office
1571028888.768,771,90,None,Move,office
1571028888.776,772,90,None,Move,office
1571028888.784,774,88,None,Move,office
1571028888.792,776,86,None,Move,office
1571028888.8,778,85,None,Move,office
1571028888.8079998,779,84,None,Move,office
1571028888.816,780,84,None,Move,office
1571028888.824,782,82,None,Move,office
1571028888.84,784,80,None,Move,office
1571028888.856,786,78,None,Move,office
1571028888.8720002,788,77,None,Move,office
1571028888.8879998,789,76,None,Move,office
1571028888.896,790,76,None,Move,office
1571028888.904,791,75,None,Move,office
1571028888.914,793,75,None,Move,office
1571028888.921,793,75,None,Move,office
1571028888.928,795,75,None,Move,office
1571028888.936,798,75,None,Move,office
1571028888.944,802,75,None,Move,office
1571028888.952,806,75,None,Move,office
1571028888.96,811,75,None,Move,office
1571028888.969,812,75,None,Move,office
1571028888.976,817,76,None,Move,office
1571028888.984,820,76,None,Move,office
1571028888.992,824,77,None,Move,office
1571028889.0,826,78,None,Move,office
1571028889.008,828,78,None,Move,office
1571028889.016,829,78,None,Move,office
1571028889.024,830,79,None,Move,office
1571028889.033,831,79,None,Move,office
1571028889.04,833,79,None,Move,office
1571028889.048,835,80,None,Move,office
1571028889.056,837,80,None,Move,office
1571028889.072,839,80,None,Move,office
1571028889.369,839,80,Left,Pressed,office
1571028889.441,839,80,Left,Released,office
1571028890.0089998,838,81,None,Move,office
1571028890.04,837,81,None,Move,office
1571028890.048,836,81,None,Move,office
1571028890.064,835,81,None,Move,office
1571028890.072,834,81,None,Move,office
1571028890.1360002,834,82,None,Move,office
1571028890.144,834,84,None,Move,office
1571028890.1520002,834,90,None,Move,office
1571028890.16,834,95,None,Move,office
1571028890.168,835,101,None,Move,office
1571028890.176,836,108,None,Move,office
1571028890.184,838,114,None,Move,office
1571028890.1920002,841,123,None,Move,office
1571028890.2,845,132,None,Move,office
1571028890.208,848,140,None,Move,office
1571028890.216,850,145,None,Move,office
1571028890.224,855,154,None,Move,office
1571028890.232,856,159,None,Move,office
1571028890.24,859,166,None,Move,office
1571028890.248,863,171,None,Move,office
1571028890.256,865,179,None,Move,office
1571028890.264,870,186,None,Move,office
1571028890.272,879,199,None,Move,office
1571028890.28,894,213,None,Move,office
1571028890.288,912,229,None,Move,office
1571028890.306,929,241,None,Move,office
1571028890.312,946,254,None,Move,office
1571028890.316,963,266,None,Move,office
1571028890.32,978,273,None,Move,office
1571028890.3279998,988,276,None,Move,office
1571028890.336,993,276,None,Move,office
1571028890.344,996,276,None,Move,office
1571028890.3520002,1002,276,None,Move,office
1571028890.36,1006,274,None,Move,office
1571028890.3679998,1009,274,None,Move,office
1571028890.3760002,1013,273,None,Move,office
1571028890.3839998,1018,271,None,Move,office
1571028890.9529998,1020,271,None,Move,office
1571028890.96,1023,274,None,Move,office
1571028890.968,1025,276,None,Move,office
1571028890.976,1028,281,None,Move,office
1571028890.984,1032,287,None,Move,office
1571028890.992,1038,292,None,Move,office
1571028891.0010002,1045,299,None,Move,office
1571028891.008,1053,307,None,Move,office
1571028891.016,1064,318,None,Move,office
1571028891.026,1075,328,None,Move,office
1571028891.033,1086,339,None,Move,office
1571028891.042,1099,350,None,Move,office
1571028891.049,1112,360,None,Move,office
1571028891.056,1123,365,None,Move,office
1571028891.064,1140,371,None,Move,office
1571028891.072,1152,378,None,Move,office
1571028891.08,1167,384,None,Move,office
1571028891.0879998,1182,392,None,Move,office
1571028891.096,1197,401,None,Move,office
1571028891.105,1211,409,None,Move,office
1571028891.113,1228,417,None,Move,office
1571028891.121,1243,425,None,Move,office
1571028891.1279998,1259,434,None,Move,office
1571028891.1360002,1274,442,None,Move,office
1571028891.144,1287,448,None,Move,office
1571028891.1520002,1300,456,None,Move,office
1571028891.16,1311,462,None,Move,office
1571028891.168,1322,469,None,Move,office
1571028891.177,1330,473,None,Move,office
1571028891.184,1337,477,None,Move,office
1571028891.1920002,1341,480,None,Move,office
1571028891.2,1344,481,None,Move,office
1571028891.208,1346,483,None,Move,office
1571028891.216,1348,484,None,Move,office
1571028891.224,1350,486,None,Move,office
1571028891.2329998,1353,488,None,Move,office
1571028891.24,1353,489,None,Move,office
1571028891.248,1354,491,None,Move,office
1571028891.256,1355,493,None,Move,office
1571028891.264,1356,496,None,Move,office
1571028891.272,1358,501,None,Move,office
1571028891.28,1360,506,None,Move,office
1571028891.291,1361,510,None,Move,office
1571028891.303,1363,519,None,Move,office
1571028891.313,1365,525,None,Move,office
1571028891.323,1368,538,None,Move,office
1571028891.3279998,1368,545,None,Move,office
1571028891.3379998,1368,548,None,Move,office
1571028891.3479998,1368,552,None,Move,office
1571028891.3579998,1368,556,None,Move,office
1571028891.3660002,1368,557,None,Move,office
1571028891.3720002,1368,561,None,Move,office
1571028891.377,1368,563,None,Move,office
1571028891.3839998,1368,567,None,Move,office
1571028891.393,1367,572,None,Move,office
1571028891.401,1365,580,None,Move,office
1571028891.409,1365,590,None,Move,office
1571028891.416,1364,597,None,Move,office
1571028891.424,1363,605,None,Move,office
1571028891.4320002,1361,612,None,Move,office
1571028891.44,1361,620,None,Move,office
1571028891.449,1361,622,None,Move,office
1571028891.457,1361,625,None,Move,office
1571028891.465,1361,627,None,Move,office
1571028891.472,1361,628,None,Move,office
1571028891.48,1361,629,None,Move,office
1571028891.528,1361,629,None,Move,office
1571028891.536,1361,630,None,Move,office
1571028891.544,1361,631,None,Move,office
1571028891.555,1361,632,None,Move,office
1571028891.562,1361,634,None,Move,office
1571028891.57,1362,635,None,Move,office
1571028891.5779998,1362,636,None,Move,office
1571028891.584,1363,636,None,Move,office
1571028891.592,1363,637,None,Move,office
1571028891.6,1364,638,None,Move,office
1571028891.6079998,1365,639,None,Move,office
1571028891.6160002,1365,640,None,Move,office
1571028891.625,1366,641,None,Move,office
1571028891.633,1367,642,None,Move,office
1571028891.64,1368,642,None,Move,office
1571028891.6479998,1370,643,None,Move,office
1571028891.656,1371,644,None,Move,office
1571028891.664,1372,644,None,Move,office
1571028891.6720002,1373,645,None,Move,office
1571028891.681,1374,645,None,Move,office
1571028891.689,1375,645,None,Move,office
1571028892.248,1376,645,None,Move,office
1571028893.44,1377,645,None,Move,office
1571028893.448,1378,645,None,Move,office
1571028893.457,1378,643,None,Move,office
1571028893.465,1378,642,None,Move,office
1571028893.4729998,1378,640,None,Move,office
1571028893.48,1378,638,None,Move,office
1571028893.488,1378,636,None,Move,office
1571028893.496,1374,632,None,Move,office
1571028893.505,1372,630,None,Move,office
1571028893.514,1369,627,None,Move,office
1571028893.521,1363,623,None,Move,office
1571028893.529,1360,620,None,Move,office
1571028893.5370002,1359,620,None,Move,office
1571028893.544,1356,618,None,Move,office
1571028893.552,1353,618,None,Move,office
1571028893.56,1351,617,None,Move,office
1571028893.569,1349,616,None,Move,office
1571028893.5779998,1348,615,None,Move,office
1571028893.673,1348,615,Left,Pressed,office
1571028893.769,1348,615,Left,Released,office
1571028894.425,1347,614,None,Move,office
1571028894.4329998,1346,612,None,Move,office
1571028894.441,1345,610,None,Move,office
1571028894.449,1343,605,None,Move,office
1571028894.457,1340,600,None,Move,office
1571028894.465,1339,598,None,Move,office
1571028894.472,1336,593,None,Move,office
1571028894.48,1330,586,None,Move,office
1571028894.4889998,1326,579,None,Move,office
1571028894.4970002,1319,566,None,Move,office
1571028894.505,1313,555,None,Move,office
1571028894.5129998,1309,547,None,Move,office
1571028894.521,1303,536,None,Move,office
1571028894.528,1298,527,None,Move,office
1571028894.536,1294,518,None,Move,office
1571028894.544,1290,513,None,Move,office
1571028894.553,1288,509,None,Move,office
1571028894.561,1285,506,None,Move,office
1571028894.569,1284,503,None,Move,office
1571028894.577,1283,501,None,Move,office
1571028894.585,1282,497,None,Move,office
1571028894.592,1282,497,None,Move,office
1571028894.601,1281,495,None,Move,office
1571028894.61,1280,494,None,Move,office
1571028894.617,1280,493,None,Move,office
1571028894.625,1280,492,None,Move,office
1571028894.633,1279,491,None,Move,office
1571028894.641,1279,489,None,Move,office
1571028894.6479998,1279,489,None,Move,office
1571028894.656,1279,488,None,Move,office
1571028894.665,1279,487,None,Move,office
1571028894.673,1278,485,None,Move,office
1571028894.681,1278,484,None,Move,office
1571028894.689,1278,482,None,Move,office
1571028894.697,1277,480,None,Move,office
1571028894.704,1276,478,None,Move,office
1571028894.712,1275,476,None,Move,office
1571028894.721,1275,474,None,Move,office
1571028894.729,1273,471,None,Move,office
1571028894.7370002,1273,469,None,Move,office
1571028894.745,1272,467,None,Move,office
1571028894.7529998,1271,465,None,Move,office
1571028894.76,1271,464,None,Move,office
1571028894.7770002,1271,463,None,Move,office
1571028899.571,1271,463,None,Move,office
1571028899.579,1272,463,None,Move,office
1571028899.585,1274,466,None,Move,office
1571028899.593,1276,471,None,Move,office
1571028899.601,1280,483,None,Move,office
1571028899.609,1283,496,None,Move,office
1571028899.617,1283,510,None,Move,office
1571028899.6260002,1284,524,None,Move,office
1571028899.6339998,1284,546,None,Move,office
1571028899.6420002,1284,570,None,Move,office
1571028899.6620002,1281,612,None,Move,office
1571028899.664,1275,667,None,Move,office
1571028899.666,1273,697,None,Move,office
1571028899.673,1273,729,None,Move,office
1571028899.681,1273,754,None,Move,office
1571028899.69,1273,776,None,Move,office
1571028899.697,1273,792,None,Move,office
1571028899.705,1274,800,None,Move,office
1571028899.7129998,1275,809,None,Move,office
1571028899.721,1276,813,None,Move,office
1571028899.729,1277,817,None,Move,office
1571028899.738,1277,818,None,Move,office
1571028899.746,1277,818,None,Move,office
1571028899.7610002,1277,818,None,Move,office
1571028899.769,1276,817,None,Move,office
1571028899.7770002,1272,813,None,Move,office
1571028899.785,1269,806,None,Move,office
1571028899.794,1263,793,None,Move,office
1571028899.802,1259,788,None,Move,office
1571028899.81,1258,784,None,Move,office
1571028899.8170002,1257,784,None,Move,office
1571028900.154,1257,784,None,Move,office
1571028900.161,1259,784,None,Move,office
1571028900.169,1260,784,None,Move,office
1571028900.177,1260,785,None,Move,office
1571028900.195,1261,786,None,Move,office
1571028900.217,1261,787,None,Move,office
1571028900.225,1261,788,None,Move,office
1571028900.2410002,1261,789,None,Move,office
1571028900.258,1261,790,None,Move,office
1571028900.2729998,1261,790,None,Move,office
1571028900.306,1261,791,None,Move,office
1571028900.345,1262,792,None,Move,office
1571028900.401,1263,792,None,Move,office
1571028900.417,1264,792,None,Move,office
1571028900.426,1265,791,None,Move,office
1571028900.434,1266,790,None,Move,office
1571028900.449,1267,787,None,Move,office
1571028900.457,1269,785,None,Move,office
1571028900.465,1270,783,None,Move,office
1571028900.474,1270,781,None,Move,office
1571028900.482,1272,778,None,Move,office
1571028900.49,1273,775,None,Move,office
1571028900.4970002,1274,770,None,Move,office
1571028900.505,1277,765,None,Move,office
1571028900.5129998,1278,762,None,Move,office
1571028900.521,1279,757,None,Move,office
1571028900.529,1282,752,None,Move,office
1571028900.538,1283,748,None,Move,office
1571028900.546,1284,743,None,Move,office
1571028900.554,1285,740,None,Move,office
1571028900.562,1286,738,None,Move,office
1571028900.569,1287,734,None,Move,office
1571028900.577,1288,731,None,Move,office
1571028900.585,1289,729,None,Move,office
1571028900.595,1289,727,None,Move,office
1571028900.6020002,1290,725,None,Move,office
1571028900.61,1290,724,None,Move,office
1571028900.617,1291,723,None,Move,office
1571028900.625,1291,723,None,Move,office
1571028900.641,1291,722,None,Move,office
1571028900.658,1291,721,None,Move,office
1571028900.801,1291,720,None,Move,office
1571028910.339,1288,720,None,Move,office
1571028910.347,1287,719,None,Move,office
1571028910.355,1284,716,None,Move,office
1571028910.3620002,1279,711,None,Move,office
1571028910.37,1275,707,None,Move,office
1571028910.379,1266,700,None,Move,office
1571028910.387,1255,686,None,Move,office
1571028910.396,1236,666,None,Move,office
1571028910.403,1221,650,None,Move,office
1571028910.411,1196,626,None,Move,office
1571028910.419,1167,592,None,Move,office
1571028910.426,1137,554,None,Move,office
1571028910.446,1109,513,None,Move,office
1571028910.449,1071,453,None,Move,office
1571028910.452,1039,404,None,Move,office
1571028910.459,1001,344,None,Move,office
1571028910.486,964,283,None,Move,office
1571028910.4889998,886,166,None,Move,office
1571028910.492,860,118,None,Move,office
1571028910.4989998,838,78,None,Move,office
1571028910.5070002,821,54,None,Move,office
1571028910.515,813,35,None,Move,office
1571028910.5229998,807,26,None,Move,office
1571028910.53,805,18,None,Move,office
1571028910.539,804,15,None,Move,office
1571028910.5470002,804,14,None,Move,office
1571028910.555,804,9,None,Move,office
1571028910.563,804,7,None,Move,office
1571028910.571,804,4,None,Move,office
1571028910.579,804,1,None,Move,office
1571028910.587,804,0,None,Move,office
1571028910.595,804,-3,None,Move,office
1571028910.603,804,-2,None,Move,office
1571028910.611,804,-1,None,Move,office
1571028910.619,804,-2,None,Move,office
1571028910.627,804,-2,None,Move,office
1571028910.635,804,0,None,Move,office
1571028910.643,804,-1,None,Move,office
1571028910.651,804,-1,None,Move,office
1571028910.658,804,-1,None,Move,office
1571028910.7229998,805,3,None,Move,office
1571028910.731,810,10,None,Move,office
1571028910.7389998,816,19,None,Move,office
1571028910.7470002,822,30,None,Move,office
1571028910.755,826,39,None,Move,office
1571028910.762,831,50,None,Move,office
1571028910.77,835,60,None,Move,office
1571028910.779,838,67,None,Move,office
1571028910.7870002,841,78,None,Move,office
1571028910.795,845,85,None,Move,office
1571028910.803,848,92,None,Move,office
1571028910.811,851,97,None,Move,office
1571028910.8179998,852,100,None,Move,office
1571028910.826,854,103,None,Move,office
1571028910.835,854,106,None,Move,office
1571028910.843,855,108,None,Move,office
1571028910.851,856,110,None,Move,office
1571028910.859,856,111,None,Move,office
1571028911.139,856,111,None,Move,office
1571028911.146,855,109,None,Move,office
1571028911.155,854,106,None,Move,office
1571028911.163,853,103,None,Move,office
1571028911.171,852,102,None,Move,office
1571028911.179,852,101,None,Move,office
1571028911.187,851,101,None,Move,office
1571028911.195,850,99,None,Move,office
1571028911.202,850,98,None,Move,office
1571028911.211,849,97,None,Move,office
1571028911.219,849,96,None,Move,office
1571028911.2270002,849,94,None,Move,office
1571028911.235,848,94,None,Move,office
1571028911.2429998,848,93,None,Move,office
1571028911.258,847,93,None,Move,office
1571028911.266,846,92,None,Move,office
1571028911.564,846,92,Left,Pressed,office
1571028911.684,846,92,Left,Released,office
1571028912.355,848,94,None,Move,office
1571028912.363,854,99,None,Move,office
1571028912.371,859,106,None,Move,office
1571028912.3779998,871,118,None,Move,office
1571028912.387,891,134,None,Move,office
1571028912.396,932,165,None,Move,office
1571028912.404,985,202,None,Move,office
1571028912.4120002,1038,235,None,Move,office
1571028912.436,1089,262,None,Move,office
1571028912.439,1209,331,None,Move,office
1571028912.4429998,1272,359,None,Move,office
1571028912.451,1332,393,None,Move,office
1571028912.459,1387,418,None,Move,office
1571028912.467,1425,435,None,Move,office
1571028912.475,1465,457,None,Move,office
1571028912.4829998,1500,473,None,Move,office
1571028912.49,1527,488,None,Move,office
1571028912.4989998,1548,501,None,Move,office
1571028912.5070002,1565,513,None,Move,office
1571028912.515,1574,522,None,Move,office
1571028912.5229998,1585,534,None,Move,office
1571028912.542,1595,545,None,Move,office
1571028912.544,1601,554,None,Move,office
1571028912.5470002,1607,563,None,Move,office
1571028912.555,1610,571,None,Move,office
1571028912.563,1612,576,None,Move,office
1571028912.571,1615,581,None,Move,office
1571028912.579,1616,586,None,Move,office
1571028912.587,1617,591,None,Move,office
1571028912.595,1619,594,None,Move,office
1571028912.603,1619,600,None,Move,office
1571028912.611,1621,602,None,Move,office
1571028912.619,1622,605,None,Move,office
1571028912.627,1625,610,None,Move,office
1571028912.635,1627,615,None,Move,office
1571028912.643,1628,620,None,Move,office
1571028912.651,1631,627,None,Move,office
1571028912.659,1635,632,None,Move,office
1571028912.667,1639,639,None,Move,office
1571028912.675,1642,647,None,Move,office
1571028912.6829998,1644,651,None,Move,office
1571028912.691,1646,655,None,Move,office
1571028912.699,1648,660,None,Move,office
1571028912.707,1649,665,None,Move,office
1571028912.715,1652,675,None,Move,office
1571028912.7229998,1657,688,None,Move,office
1571028912.731,1665,707,None,Move,office
1571028912.7389998,1670,725,None,Move,office
1571028912.7470002,1677,741,None,Move,office
1571028912.755,1684,760,None,Move,office
1571028912.7629998,1687,780,None,Move,office
1571028912.771,1689,794,None,Move,office
1571028912.779,1689,804,None,Move,office
1571028912.7870002,1688,813,None,Move,office
1571028912.795,1686,818,None,Move,office
1571028912.803,1685,821,None,Move,office
1571028912.811,1684,824,None,Move,office
1571028912.819,1681,829,None,Move,office
1571028912.827,1680,832,None,Move,office
1571028912.835,1678,837,None,Move,office
1571028912.843,1674,842,None,Move,office
1571028912.851,1672,846,None,Move,office
1571028912.859,1670,849,None,Move,office
1571028912.867,1668,851,None,Move,office
1571028912.875,1668,854,None,Move,office
1571028912.883,1667,855,None,Move,office
1571028912.8920002,1666,857,None,Move,office
1571028912.899,1665,859,None,Move,office
1571028912.979,1665,859,None,Move,office
1571028912.9870002,1665,857,None,Move,office
1571028912.995,1662,855,None,Move,office
1571028913.0029998,1662,853,None,Move,office
1571028913.0110002,1662,850,None,Move,office
1571028913.019,1661,848,None,Move,office
1571028913.028,1661,846,None,Move,office
1571028913.035,1661,844,None,Move,office
1571028913.043,1661,843,None,Move,office
1571028913.051,1661,843,None,Move,office
1571028913.356,1661,840,None,Move,office
1571028913.3639998,1661,839,None,Move,office
1571028913.3720002,1661,838,None,Move,office
1571028913.38,1661,837,None,Move,office
1571028913.3879998,1661,835,None,Move,office
1571028913.396,1661,834,None,Move,office
1571028913.404,1661,834,None,Move,office
1571028913.4120002,1661,832,None,Move,office
1571028913.42,1661,831,None,Move,office
1571028913.428,1661,830,None,Move,office
1571028913.436,1661,829,None,Move,office
1571028913.444,1661,828,None,Move,office
1571028913.452,1661,828,None,Move,office
1571028913.46,1661,827,None,Move,office
1571028913.476,1661,826,None,Move,office
1571028913.492,1661,825,None,Move,office
1571028913.5010002,1661,824,None,Move,office
1571028913.676,1661,823,None,Move,office
1571028913.684,1660,821,None,Move,office
1571028913.6920002,1657,818,None,Move,office
1571028913.7,1651,811,None,Move,office
1571028913.708,1642,800,None,Move,office
1571028913.716,1627,784,None,Move,office
1571028913.724,1608,764,None,Move,office
1571028913.732,1574,722,None,Move,office
1571028913.74,1536,676,None,Move,office
1571028913.748,1481,606,None,Move,office
1571028913.756,1423,535,None,Move,office
1571028913.774,1373,477,None,Move,office
1571028913.775,1328,426,None,Move,office
1571028913.78,1275,368,None,Move,office
1571028913.788,1230,317,None,Move,office
1571028913.796,1187,274,None,Move,office
1571028913.804,1152,238,None,Move,office
1571028913.822,1124,211,None,Move,office
1571028913.825,1109,196,None,Move,office
1571028913.8279998,1100,187,None,Move,office
1571028913.836,1094,179,None,Move,office
1571028913.853,1092,176,None,Move,office
1571028913.856,1092,174,None,Move,office
1571028913.86,1092,173,None,Move,office
1571028913.8679998,1092,169,None,Move,office
1571028913.8760002,1093,167,None,Move,office
1571028913.8839998,1094,165,None,Move,office
1571028913.8920002,1096,162,None,Move,office
1571028913.9,1097,161,None,Move,office
1571028913.908,1098,160,None,Move,office
1571028913.916,1098,158,None,Move,office
1571028913.924,1099,157,None,Move,office
1571028913.9320002,1099,156,None,Move,office
1571028913.948,1099,155,None,Move,office
1571028913.964,1099,154,None,Move,office
1571028913.972,1099,152,None,Move,office
1571028913.98,1097,149,None,Move,office
1571028913.988,1096,145,None,Move,office
1571028913.996,1096,141,None,Move,office
1571028914.004,1095,136,None,Move,office
1571028914.012,1092,131,None,Move,office
1571028914.02,1088,124,None,Move,office
1571028914.028,1085,119,None,Move,office
1571028914.0370002,1080,115,None,Move,office
1571028914.044,1077,113,None,Move,office
1571028914.052,1074,113,None,Move,office
1571028914.06,1069,113,None,Move,office
1571028914.0679998,1066,112,None,Move,office
1571028914.076,1058,112,None,Move,office
1571028914.084,1046,112,None,Move,office
1571028914.093,1030,112,None,Move,office
1571028914.1,1012,112,None,Move,office
1571028914.1079998,993,112,None,Move,office
1571028914.1160002,971,110,None,Move,office
1571028914.1239998,951,110,None,Move,office
1571028914.1320002,931,109,None,Move,office
1571028914.14,915,105,None,Move,office
1571028914.1479998,904,102,None,Move,office
1571028914.156,892,101,None,Move,office
1571028914.164,883,98,None,Move,office
1571028914.1720002,874,95,None,Move,office
1571028914.18,868,92,None,Move,office
1571028914.188,864,90,None,Move,office
1571028914.196,861,89,None,Move,office
1571028914.204,859,88,None,Move,office
1571028914.212,858,87,None,Move,office
1571028914.228,857,86,None,Move,office
1571028914.269,856,86,None,Move,office
1571028914.276,856,86,None,Move,office
1571028914.284,855,86,None,Move,office
1571028914.292,854,85,None,Move,office
1571028914.3,852,84,None,Move,office
1571028914.3079998,850,83,None,Move,office
1571028914.316,847,82,None,Move,office
1571028914.324,842,79,None,Move,office
1571028914.332,840,78,None,Move,office
1571028914.34,838,78,None,Move,office
1571028914.3479998,836,78,None,Move,office
1571028914.356,835,77,None,Move,office
1571028914.3720002,834,77,None,Move,office
1571028914.437,833,77,None,Move,office
1571028914.756,832,78,None,Move,office
1571028914.764,831,80,None,Move,office
1571028914.772,831,83,None,Move,office
1571028914.78,830,90,None,Move,office
1571028914.789,829,102,None,Move,office
1571028914.796,829,112,None,Move,office
1571028914.804,829,122,None,Move,office
1571028914.812,829,134,None,Move,office
1571028914.82,829,142,None,Move,office
1571028914.8279998,829,154,None,Move,office
1571028914.836,829,168,None,Move,office
1571028914.845,829,188,None,Move,office
1571028914.853,829,204,None,Move,office
1571028914.86,829,218,None,Move,office
1571028914.8679998,829,238,None,Move,office
1571028914.8760002,829,252,None,Move,office
1571028914.8839998,829,272,None,Move,office
1571028914.893,829,290,None,Move,office
1571028914.901,827,312,None,Move,office
1571028914.909,827,327,None,Move,office
1571028914.917,827,343,None,Move,office
1571028914.925,825,359,None,Move,office
1571028914.9329998,825,372,None,Move,office
1571028914.941,825,384,None,Move,office
1571028914.949,824,392,None,Move,office
1571028914.957,824,400,None,Move,office
1571028914.965,824,405,None,Move,office
1571028914.9729998,823,409,None,Move,office
1571028914.98,823,412,None,Move,office
1571028914.996,823,414,None,Move,office
1571028915.0129998,823,416,None,Move,office
1571028915.332,823,419,None,Move,office
1571028915.34,823,429,None,Move,office
1571028915.3479998,825,437,None,Move,office
1571028915.356,826,444,None,Move,office
1571028915.3639998,827,454,None,Move,office
1571028915.3720002,827,460,None,Move,office
1571028915.38,827,470,None,Move,office
1571028915.389,827,480,None,Move,office
1571028915.396,827,487,None,Move,office
1571028915.404,827,493,None,Move,office
1571028915.4120002,827,499,None,Move,office
1571028915.42,827,503,None,Move,office
1571028915.428,827,508,None,Move,office
1571028915.437,827,511,None,Move,office
1571028915.445,828,513,None,Move,office
1571028915.452,828,516,None,Move,office
1571028915.46,828,518,None,Move,office
1571028915.468,828,520,None,Move,office
1571028915.476,829,522,None,Move,office
1571028915.484,829,525,None,Move,office
1571028915.4929998,829,527,None,Move,office
1571028915.5010002,829,532,None,Move,office
1571028915.5089998,829,534,None,Move,office
1571028915.516,829,536,None,Move,office
1571028915.524,829,538,None,Move,office
1571028915.532,829,540,None,Move,office
1571028915.54,829,542,None,Move,office
1571028915.549,829,543,None,Move,office
1571028915.572,829,545,None,Move,office
1571028915.708,829,545,Left,Pressed,office
1571028915.772,829,545,Left,Released,office
1571028916.293,828,545,None,Move,office
1571028916.301,825,544,None,Move,office
1571028916.309,822,542,None,Move,office
1571028916.3170002,817,541,None,Move,office
1571028916.325,810,538,None,Move,office
1571028916.333,800,534,None,Move,office
1571028916.341,783,527,None,Move,office
1571028916.3479998,765,520,None,Move,office
1571028916.356,743,511,None,Move,office
1571028916.3639998,725,503,None,Move,office
1571028916.3720002,698,493,None,Move,office
1571028916.381,665,482,None,Move,office
1571028916.389,627,468,None,Move,office
1571028916.397,590,456,None,Move,office
1571028916.404,556,443,None,Move,office
1571028916.4120002,534,436,None,Move,office
1571028916.42,509,426,None,Move,office
1571028916.428,485,420,None,Move,office
1571028916.437,466,415,None,Move,office
1571028916.445,452,410,None,Move,office
1571028916.4529998,437,406,None,Move,office
1571028916.46,430,403,None,Move,office
1571028916.468,424,400,None,Move,office
1571028916.476,419,398,None,Move,office
1571028916.484,415,395,None,Move,office
1571028916.4929998,414,395,None,Move,office
1571028916.5010002,414,394,None,Move,office
1571028916.51,413,393,None,Move,office
1571028916.5170002,412,392,None,Move,office
1571028916.525,411,391,None,Move,office
1571028916.533,411,390,None,Move,office
1571028916.541,410,389,None,Move,office
1571028916.549,410,389,None,Move,office
1571028916.5570002,409,388,None,Move,office
1571028916.565,409,386,None,Move,office
1571028916.581,408,385,None,Move,office
1571028916.589,408,384,None,Move,office
1571028916.605,408,383,None,Move,office
1571028916.613,408,383,None,Move,office
1571028916.621,408,382,None,Move,office
1571028916.629,408,380,None,Move,office
1571028916.6360002,408,379,None,Move,office
1571028916.644,408,378,None,Move,office
1571028916.6520002,408,376,None,Move,office
1571028916.677,408,375,None,Move,office
1571028916.6920002,408,375,None,Move,office
1571028916.717,408,374,None,Move,office
1571028916.756,408,373,None,Move,office
1571028916.764,409,373,None,Move,office
1571028916.772,410,372,None,Move,office
1571028916.781,411,372,None,Move,office
1571028916.789,414,372,None,Move,office
1571028916.7970002,416,372,None,Move,office
1571028916.804,419,372,None,Move,office
1571028916.812,422,372,None,Move,office
1571028916.82,425,372,None,Move,office
1571028916.829,429,373,None,Move,office
1571028916.837,432,374,None,Move,office
1571028916.845,435,375,None,Move,office
1571028916.854,439,377,None,Move,office
1571028916.861,440,377,None,Move,office
1571028916.869,442,378,None,Move,office
1571028916.885,445,379,None,Move,office
1571028916.893,445,379,None,Move,office
1571028916.901,446,379,None,Move,office
1571028916.9729998,446,379,Left,Pressed,office
1571028917.005,447,379,None,Drag,office
1571028917.061,447,379,Left,Released,office
1571028917.396,450,379,None,Move,office
1571028917.404,453,379,None,Move,office
1571028917.413,458,379,None,Move,office
1571028917.4220002,467,382,None,Move,office
1571028917.43,483,385,None,Move,office
1571028917.438,504,390,None,Move,office
1571028917.445,532,394,None,Move,office
1571028917.4529998,588,408,None,Move,office
1571028917.461,644,418,None,Move,office
1571028917.469,712,432,None,Move,office
1571028917.4770002,772,446,None,Move,office
1571028917.485,854,470,None,Move,office
1571028917.4929998,938,491,None,Move,office
1571028917.5,1027,513,None,Move,office
1571028917.508,1115,534,None,Move,office
1571028917.516,1204,556,None,Move,office
1571028917.533,1268,569,None,Move,office
1571028917.536,1357,594,None,Move,office
1571028917.541,1415,613,None,Move,office
1571028917.549,1465,634,None,Move,office
1571028917.556,1505,641,None,Move,office
1571028917.564,1521,645,None,Move,office
1571028917.572,1533,646,None,Move,office
1571028917.581,1539,646,None,Move,office
1571028917.589,1541,644,None,Move,office
1571028917.597,1541,642,None,Move,office
1571028917.605,1541,637,None,Move,office
1571028917.6120002,1540,634,None,Move,office
1571028917.62,1538,629,None,Move,office
1571028917.6279998,1532,620,None,Move,office
1571028917.637,1528,615,None,Move,office
1571028917.645,1525,608,None,Move,office
1571028917.653,1524,606,None,Move,office
1571028917.853,1524,605,None,Move,office
1571028917.8620002,1524,603,None,Move,office
1571028917.87,1525,603,None,Move,office
1571028917.877,1526,603,None,Move,office
1571028917.885,1527,603,None,Move,office
1571028917.893,1528,603,None,Move,office
1571028917.9,1530,603,None,Move,office
1571028917.908,1532,603,None,Move,office
1571028917.916,1534,603,None,Move,office
1571028917.925,1536,602,None,Move,office
1571028917.9329998,1541,602,None,Move,office
1571028917.941,1544,602,None,Move,office
1571028917.949,1550,603,None,Move,office
1571028917.957,1557,607,None,Move,office
1571028917.964,1564,613,None,Move,office
1571028917.972,1573,619,None,Move,office
1571028917.981,1581,630,None,Move,office
1571028917.9889998,1589,639,None,Move,office
1571028917.9970002,1597,658,None,Move,office
1571028918.005,1604,676,None,Move,office
1571028918.0129998,1611,694,None,Move,office
1571028918.02,1619,713,None,Move,office
1571028918.028,1627,737,None,Move,office
1571028918.0370002,1631,753,None,Move,office
1571028918.045,1638,771,None,Move,office
1571028918.053,1643,788,None,Move,office
1571028918.061,1646,798,None,Move,office
1571028918.069,1652,809,None,Move,office
1571028918.076,1655,818,None,Move,office
1571028918.084,1656,821,None,Move,office
1571028918.093,1659,825,None,Move,office
1571028918.101,1660,828,None,Move,office
1571028918.109,1661,830,None,Move,office
1571028918.14,1661,831,None,Move,office
1571028918.149,1661,832,None,Move,office
1571028918.157,1661,832,None,Move,office
1571028918.165,1661,833,None,Move,office
1571028918.173,1661,836,None,Move,office
1571028918.181,1661,838,None,Move,office
1571028918.188,1663,841,None,Move,office
1571028918.196,1664,846,None,Move,office
1571028918.204,1665,851,None,Move,office
1571028918.2129998,1665,859,None,Move,office
1571028918.221,1668,871,None,Move,office
1571028918.229,1668,877,None,Move,office
1571028918.2370002,1670,890,None,Move,office
1571028918.244,1670,900,None,Move,office
1571028918.252,1670,908,None,Move,office
1571028918.2610002,1670,918,None,Move,office
1571028918.269,1670,930,None,Move,office
1571028918.2770002,1670,938,None,Move,office
1571028918.285,1670,944,None,Move,office
1571028918.293,1670,952,None,Move,office
1571028918.301,1670,959,None,Move,office
1571028918.3079998,1669,965,None,Move,office
1571028918.316,1668,970,None,Move,office
1571028918.325,1665,977,None,Move,office
1571028918.333,1663,982,None,Move,office
1571028918.341,1659,989,None,Move,office
1571028918.359,1657,991,None,Move,office
1571028918.3620002,1654,994,None,Move,office
1571028918.3639998,1653,996,None,Move,office
1571028918.3720002,1651,998,None,Move,office
1571028918.381,1649,1000,None,Move,office
1571028918.389,1648,1001,None,Move,office
1571028918.397,1647,1002,None,Move,office
1571028918.405,1645,1003,None,Move,office
1571028918.413,1645,1003,None,Move,office
1571028918.42,1644,1004,None,Move,office
1571028918.428,1643,1004,None,Move,office
1571028918.437,1641,1005,None,Move,office
1571028918.445,1639,1006,None,Move,office
1571028918.4529998,1637,1008,None,Move,office
1571028918.461,1635,1008,None,Move,office
1571028918.469,1632,1010,None,Move,office
1571028918.476,1629,1011,None,Move,office
1571028918.484,1626,1015,None,Move,office
1571028918.4929998,1625,1015,None,Move,office
1571028918.5010002,1623,1017,None,Move,office
1571028918.5089998,1622,1017,None,Move,office
1571028918.5170002,1620,1019,None,Move,office
1571028918.525,1618,1022,None,Move,office
1571028918.532,1617,1024,None,Move,office
1571028918.54,1616,1024,None,Move,office
1571028918.549,1614,1027,None,Move,office
1571028918.5570002,1614,1029,None,Move,office
1571028918.565,1612,1033,None,Move,office
1571028918.573,1611,1036,None,Move,office
1571028918.581,1611,1038,None,Move,office
1571028918.5879998,1610,1040,None,Move,office
1571028918.596,1609,1042,None,Move,office
1571028918.605,1608,1044,None,Move,office
1571028918.613,1607,1046,None,Move,office
1571028918.621,1605,1048,None,Move,office
1571028918.629,1604,1049,None,Move,office
1571028918.637,1603,1049,None,Move,office
1571028918.644,1601,1050,None,Move,office
1571028918.6520002,1599,1051,None,Move,office
1571028918.661,1598,1052,None,Move,office
1571028918.669,1598,1052,None,Move,office
1571028918.677,1596,1053,None,Move,office
1571028918.685,1592,1053,None,Move,office
1571028918.6929998,1591,1053,None,Move,office
1571028918.701,1589,1053,None,Move,office
1571028918.708,1585,1053,None,Move,office
1571028918.717,1582,1053,None,Move,office
1571028918.725,1579,1053,None,Move,office
1571028918.7329998,1576,1053,None,Move,office
1571028918.7410002,1573,1053,None,Move,office
1571028918.7489998,1569,1053,None,Move,office
1571028918.7570002,1566,1053,None,Move,office
1571028918.764,1563,1052,None,Move,office
1571028918.772,1561,1052,None,Move,office
1571028918.781,1556,1049,None,Move,office
1571028918.789,1554,1049,None,Move,office
1571028918.7970002,1551,1048,None,Move,office
1571028918.805,1548,1048,None,Move,office
1571028918.813,1544,1047,None,Move,office
1571028918.82,1542,1046,None,Move,office
1571028918.8279998,1540,1046,None,Move,office
1571028918.837,1538,1045,None,Move,office
1571028918.853,1538,1045,None,Move,office
1571028918.965,1537,1044,None,Move,office
1571028918.9729998,1536,1044,None,Move,office
1571028918.981,1534,1043,None,Move,office
1571028918.9889998,1532,1043,None,Move,office
1571028918.996,1530,1042,None,Move,office
1571028919.005,1527,1041,None,Move,office
1571028919.0129998,1523,1040,None,Move,office
1571028919.021,1520,1040,None,Move,office
1571028919.029,1519,1039,None,Move,office
1571028919.0370002,1518,1039,None,Move,office
1571028919.045,1518,1038,None,Move,office
1571028919.125,1518,1038,Left,Pressed,office
1571028919.2129998,1518,1038,Left,Released,file system
1571028921.5170002,1518,1037,None,Move,file system
1571028921.525,1514,1033,None,Move,file system
1571028921.533,1512,1031,None,Move,file system
1571028921.541,1510,1028,None,Move,file system
1571028921.549,1507,1025,None,Move,file system
1571028921.5570002,1501,1019,None,Move,file system
1571028921.565,1494,1011,None,Move,file system
1571028921.573,1484,1000,None,Move,file system
1571028921.581,1475,993,None,Move,file system
1571028921.589,1466,985,None,Move,file system
1571028921.597,1457,979,None,Move,file system
1571028921.605,1450,973,None,Move,file system
1571028921.613,1446,971,None,Move,file system
1571028921.621,1443,969,None,Move,file system
1571028921.629,1441,967,None,Move,file system
1571028921.637,1441,966,None,Move,file system
1571028921.645,1440,965,None,Move,file system
1571028921.653,1439,964,None,Move,file system
1571028921.669,1439,963,None,Move,file system
1571028921.685,1439,962,None,Move,file system
1571028921.709,1439,960,None,Move,file system
1571028921.725,1438,960,None,Move,file system
1571028921.7329998,1438,959,None,Move,file system
1571028921.7410002,1437,957,None,Move,file system
1571028921.7489998,1437,956,None,Move,file system
1571028921.7570002,1437,955,None,Move,file system
1571028921.7729998,1437,954,None,Move,file system
1571028921.781,1437,953,None,Move,file system
1571028921.789,1437,953,None,Move,file system
1571028921.7970002,1437,952,None,Move,file system
1571028921.813,1436,950,None,Move,file system
1571028921.821,1436,949,None,Move,file system
1571028921.917,1429,930,None,Move,file system
1571028921.9329998,1429,929,None,Move,file system
1571028924.389,1430,928,None,Move,file system
1571028924.396,1431,928,None,Move,file system
1571028924.413,1433,928,None,Move,file system
1571028924.421,1435,928,None,Move,file system
1571028924.428,1436,928,None,Move,file system
1571028924.436,1439,928,None,Move,file system
1571028924.444,1442,929,None,Move,file system
1571028924.452,1446,932,None,Move,file system
1571028924.461,1450,933,None,Move,file system
1571028924.469,1457,936,None,Move,file system
1571028924.4770002,1464,938,None,Move,file system
1571028924.484,1470,940,None,Move,file system
1571028924.492,1477,942,None,Move,file system
1571028924.5,1486,947,None,Move,file system
1571028924.508,1495,950,None,Move,file system
1571028924.5170002,1499,951,None,Move,file system
1571028924.525,1510,954,None,Move,file system
1571028924.533,1517,956,None,Move,file system
1571028924.541,1522,959,None,Move,file system
1571028924.548,1526,960,None,Move,file system
1571028924.556,1531,961,None,Move,file system
1571028924.564,1534,963,None,Move,file system
1571028924.573,1538,965,None,Move,file system
1571028924.581,1540,966,None,Move,file system
1571028924.589,1542,967,None,Move,file system
1571028924.597,1544,968,None,Move,file system
1571028924.604,1545,968,None,Move,file system
1571028924.6120002,1546,969,None,Move,file system
1571028924.62,1547,969,None,Move,file system
1571028924.629,1548,969,None,Move,file system
1571028924.637,1549,970,None,Move,file system
1571028924.645,1550,970,None,Move,file system
1571028924.653,1552,971,None,Move,file system
1571028924.66,1554,972,None,Move,file system
1571028924.668,1555,973,None,Move,file system
1571028924.676,1556,973,None,Move,file system
1571028924.684,1558,974,None,Move,file system
1571028924.6929998,1562,975,None,Move,file system
1571028924.701,1564,976,None,Move,file system
1571028924.71,1568,977,None,Move,file system
1571028924.717,1573,980,None,Move,file system
1571028924.725,1577,980,None,Move,file system
1571028924.7329998,1580,982,None,Move,file system
1571028924.7410002,1583,982,None,Move,file system
1571028924.7489998,1586,982,None,Move,file system
1571028924.7570002,1591,983,None,Move,file system
1571028924.765,1593,983,None,Move,file system
1571028924.7729998,1595,984,None,Move,file system
1571028924.781,1597,984,None,Move,file system
1571028925.78,1597,985,None,Move,file system
1571028925.788,1596,985,None,Move,file system
1571028925.796,1595,985,None,Move,file system
1571028925.804,1594,986,None,Move,file system
1571028925.813,1593,986,None,Move,file system
1571028925.821,1592,986,None,Move,file system
1571028925.829,1590,986,None,Move,file system
1571028925.837,1588,986,None,Move,file system
1571028925.8520002,1586,986,None,Move,file system
1571028925.86,1585,986,None,Move,file system
1571028925.869,1584,986,None,Move,file system
1571028925.877,1583,986,None,Move,file system
1571028925.885,1581,986,None,Move,file system
1571028925.893,1579,986,None,Move,file system
1571028925.9,1576,986,None,Move,file system
1571028925.908,1574,986,None,Move,file system
1571028925.916,1573,986,None,Move,file system
1571028925.925,1572,986,None,Move,file system
1571028925.9329998,1568,986,None,Move,file system
1571028925.941,1566,986,None,Move,file system
1571028925.956,1564,986,None,Move,file system
1571028925.972,1562,986,None,Move,file system
1571028926.0129998,1561,986,None,Move,file system
1571028929.542,1563,986,None,Move,file system
1571028929.584,1571,986,None,Move,file system
1571028932.494,1577,984,None,Move,file system
1571028932.502,1582,981,None,Move,file system
1571028932.51,1588,980,None,Move,file system
1571028932.5170002,1593,979,None,Move,file system
1571028932.525,1600,976,None,Move,file system
1571028932.533,1601,976,None,Move,file system
1571028932.541,1603,976,None,Move,file system
1571028932.822,1602,976,None,Move,file system
1571028932.829,1601,976,None,Move,file system
1571028932.837,1599,976,None,Move,file system
1571028932.845,1597,976,None,Move,file system
1571028932.854,1596,976,None,Move,file system
1571028932.8620002,1595,976,None,Move,file system
1571028932.87,1594,976,None,Move,file system
1571028932.901,1593,976,None,Move,file system
1571028933.1339998,1591,976,None,Move,file system
1571028933.158,1591,976,None,Move,file system
1571028933.19,1590,976,None,Move,file system
1571028933.212,1589,976,None,Move,file system
1571028933.225,1587,976,None,Move,file system
1571028933.2329998,1586,975,None,Move,file system
1571028933.238,1586,975,None,Move,file system
1571028933.246,1584,974,None,Move,file system
1571028933.254,1580,973,None,Move,file system
1571028933.262,1578,973,None,Move,file system
1571028933.27,1576,972,None,Move,file system
1571028933.2770002,1576,972,None,Move,file system
1571028933.285,1574,972,None,Move,file system
1571028933.293,1572,971,None,Move,file system
1571028933.302,1568,970,None,Move,file system
1571028933.31,1564,970,None,Move,file system
1571028933.319,1562,968,None,Move,file system
1571028933.326,1557,968,None,Move,file system
1571028933.333,1553,967,None,Move,file system
1571028933.341,1546,966,None,Move,file system
1571028933.35,1543,964,None,Move,file system
1571028933.3579998,1538,963,None,Move,file system
1571028933.367,1534,962,None,Move,file system
1571028933.375,1529,961,None,Move,file system
1571028933.385,1527,961,None,Move,file system
1571028933.3920002,1524,960,None,Move,file system
1571028933.3979998,1522,960,None,Move,file system
1571028933.406,1521,959,None,Move,file system
1571028933.414,1518,958,None,Move,file system
1571028933.4220002,1517,958,None,Move,file system
1571028933.43,1514,956,None,Move,file system
1571028933.438,1511,956,None,Move,file system
1571028933.445,1509,955,None,Move,file system
1571028933.4529998,1506,954,None,Move,file system
1571028933.461,1505,954,None,Move,file system
1571028933.47,1503,953,None,Move,file system
1571028933.525,1502,953,None,Move,file system
1571028933.542,1502,952,None,Move,file system
1571028933.55,1501,951,None,Move,file system
1571028933.5579998,1500,950,None,Move,file system
1571028933.565,1500,950,None,Move,file system
1571028933.581,1500,949,None,Move,file system
1571028933.5979998,1500,948,None,Move,file system
1571028933.6139998,1500,947,None,Move,file system
1571028933.629,1500,946,None,Move,file system
1571028933.637,1500,945,None,Move,file system
1571028933.6620002,1500,944,None,Move,file system
1571028933.67,1500,944,None,Move,file system
1571028933.685,1500,943,None,Move,file system
1571028933.6929998,1501,942,None,Move,file system
1571028933.702,1502,942,None,Move,file system
1571028933.71,1503,941,None,Move,file system
1571028933.718,1505,940,None,Move,file system
1571028933.7329998,1507,940,None,Move,file system
1571028933.758,1507,940,None,Move,file system
1571028933.782,1508,939,None,Move,file system
1571028933.814,1509,939,None,Move,file system
1571028933.8860002,1510,939,None,Move,file system
1571028933.894,1511,939,None,Move,file system
1571028933.9020002,1512,939,None,Move,file system
1571028933.909,1513,938,None,Move,file system
1571028933.917,1514,938,None,Move,file system
1571028933.926,1516,938,None,Move,file system
1571028933.934,1520,937,None,Move,file system
1571028933.9420002,1522,936,None,Move,file system
1571028933.95,1524,936,None,Move,file system
1571028933.958,1527,935,None,Move,file system
1571028933.965,1530,934,None,Move,file system
1571028933.9729998,1535,933,None,Move,file system
1571028933.981,1538,933,None,Move,file system
1571028933.99,1542,933,None,Move,file system
1571028933.998,1550,932,None,Move,file system
1571028934.006,1556,932,None,Move,file system
1571028934.014,1565,932,None,Move,file system
1571028934.021,1571,932,None,Move,file system
1571028934.029,1575,932,None,Move,file system
1571028934.0370002,1580,932,None,Move,file system
1571028934.046,1584,932,None,Move,file system
1571028934.054,1589,932,None,Move,file system
1571028934.062,1592,932,None,Move,file system
1571028934.07,1595,932,None,Move,file system
1571028934.0779998,1598,932,None,Move,file system
1571028934.085,1603,932,None,Move,file system
1571028934.093,1606,932,None,Move,file system
1571028934.1020002,1608,932,None,Move,file system
1571028934.11,1609,932,None,Move,file system
1571028935.1339998,1609,932,None,Move,file system
1571028935.1420002,1609,934,None,Move,file system
1571028935.149,1609,935,None,Move,file system
1571028935.157,1609,936,None,Move,file system
1571028935.166,1608,937,None,Move,file system
1571028935.174,1608,938,None,Move,file system
1571028935.1820002,1607,939,None,Move,file system
1571028935.19,1607,940,None,Move,file system
1571028935.206,1605,941,None,Move,file system
1571028935.222,1604,944,None,Move,file system
1571028935.23,1603,944,None,Move,file system
1571028935.238,1602,945,None,Move,file system
1571028935.246,1601,947,None,Move,file system
1571028935.262,1599,948,None,Move,file system
1571028935.269,1597,950,None,Move,file system
1571028935.278,1595,952,None,Move,file system
1571028935.286,1593,955,None,Move,file system
1571028935.294,1592,955,None,Move,file system
1571028935.302,1590,957,None,Move,file system
1571028935.31,1588,959,None,Move,file system
1571028935.3179998,1587,960,None,Move,file system
1571028935.326,1586,962,None,Move,file system
1571028935.334,1584,964,None,Move,file system
1571028935.342,1582,965,None,Move,file system
1571028935.35,1580,967,None,Move,file system
1571028935.3579998,1578,969,None,Move,file system
1571028935.3660002,1576,970,None,Move,file system
1571028935.3739998,1573,972,None,Move,file system
1571028935.39,1571,972,None,Move,file system
1571028935.3979998,1569,973,None,Move,file system
1571028935.406,1567,974,None,Move,file system
1571028935.414,1566,974,None,Move,file system
1571028935.4220002,1565,974,None,Move,file system
1571028935.43,1564,974,None,Move,file system
1571028935.437,1563,975,None,Move,file system
1571028935.445,1561,975,None,Move,file system
1571028935.454,1560,976,None,Move,file system
1571028935.462,1560,976,None,Move,file system
1571028935.47,1557,976,None,Move,file system
1571028935.478,1555,976,None,Move,file system
1571028935.486,1552,976,None,Move,file system
1571028935.4929998,1547,976,None,Move,file system
1571028935.5010002,1539,975,None,Move,file system
1571028935.51,1535,974,None,Move,file system
1571028935.518,1526,973,None,Move,file system
1571028935.526,1518,970,None,Move,file system
1571028935.534,1511,968,None,Move,file system
1571028935.542,1499,965,None,Move,file system
1571028935.55,1486,962,None,Move,file system
1571028935.5570002,1478,961,None,Move,file system
1571028935.566,1467,958,None,Move,file system
1571028935.574,1455,955,None,Move,file system
1571028935.582,1450,952,None,Move,file system
1571028935.59,1441,949,None,Move,file system
1571028935.5979998,1432,945,None,Move,file system
1571028935.606,1425,941,None,Move,file system
1571028935.613,1418,937,None,Move,file system
1571028935.6220002,1412,934,None,Move,file system
1571028935.63,1407,931,None,Move,file system
1571028935.6379998,1400,927,None,Move,file system
1571028935.646,1396,926,None,Move,file system
1571028935.654,1393,925,None,Move,file system
1571028935.6620002,1392,925,None,Move,file system
1571028935.669,1391,924,None,Move,file system
1571028935.822,1391,924,None,Move,file system
1571028935.83,1392,924,None,Move,file system
1571028935.8379998,1393,924,None,Move,file system
1571028935.846,1394,924,None,Move,file system
1571028935.854,1396,924,None,Move,file system
1571028935.8620002,1398,924,None,Move,file system
1571028935.87,1401,925,None,Move,file system
1571028935.8779998,1405,927,None,Move,file system
1571028935.8860002,1410,929,None,Move,file system
1571028935.894,1414,930,None,Move,file system
1571028935.9020002,1420,934,None,Move,file system
1571028935.91,1424,935,None,Move,file system
1571028935.918,1428,939,None,Move,file system
1571028935.926,1435,941,None,Move,file system
1571028935.934,1442,947,None,Move,file system
1571028935.9420002,1449,950,None,Move,file system
1571028935.95,1460,956,None,Move,file system
1571028935.957,1467,960,None,Move,file system
1571028935.966,1476,966,None,Move,file system
1571028935.974,1483,971,None,Move,file system
1571028935.982,1488,975,None,Move,file system
1571028935.99,1492,977,None,Move,file system
1571028935.998,1495,979,None,Move,file system
1571028936.006,1497,980,None,Move,file system
1571028936.0129998,1499,980,None,Move,file system
1571028936.022,1499,981,None,Move,file system
1571028936.03,1500,982,None,Move,file system
1571028936.334,1500,982,Left,Pressed,file system
1571028936.3979998,1500,982,Left,Released,file system
1571028937.015,1498,981,None,Move,development
1571028937.0229998,1496,979,None,Move,development
1571028937.031,1492,976,None,Move,development
1571028937.039,1486,971,None,Move,development
1571028937.0470002,1473,960,None,Move,development
1571028937.055,1458,950,None,Move,development
1571028937.063,1441,940,None,Move,development
1571028937.071,1415,922,None,Move,development
1571028937.079,1374,894,None,Move,development
1571028937.087,1322,864,None,Move,development
1571028937.095,1254,822,None,Move,development
1571028937.103,1194,784,None,Move,development
1571028937.111,1140,745,None,Move,development
1571028937.121,1075,698,None,Move,development
1571028937.127,993,641,None,Move,development
1571028937.135,924,593,None,Move,development
1571028937.143,856,555,None,Move,development
1571028937.151,792,520,None,Move,development
1571028937.159,729,488,None,Move,development
1571028937.167,682,468,None,Move,development
1571028937.175,644,451,None,Move,development
1571028937.1829998,620,437,None,Move,development
1571028937.191,605,425,None,Move,development
1571028937.199,592,414,None,Move,development
1571028937.207,584,403,None,Move,development
1571028937.215,576,388,None,Move,development
1571028937.2229998,570,375,None,Move,development
1571028937.231,560,364,None,Move,development
1571028937.2389998,552,353,None,Move,development
1571028937.591,552,355,None,Move,development
1571028937.599,553,357,None,Move,development
1571028937.607,553,359,None,Move,development
1571028937.615,553,360,None,Move,development
1571028937.623,553,362,None,Move,development
1571028937.639,552,364,None,Move,development
1571028937.647,551,365,None,Move,development
1571028937.655,550,366,None,Move,development
1571028937.663,550,366,None,Move,development
1571028937.671,548,367,None,Move,development
1571028937.679,547,367,None,Move,development
1571028937.687,546,368,None,Move,development
1571028937.695,545,368,None,Move,development
1571028937.7029998,543,368,None,Move,development
1571028937.711,541,368,None,Move,development
1571028937.719,539,368,None,Move,development
1571028937.728,536,368,None,Move,development
1571028937.736,532,368,None,Move,development
1571028937.744,526,368,None,Move,development
1571028937.752,519,367,None,Move,development
1571028937.76,507,364,None,Move,development
1571028937.768,495,363,None,Move,development
1571028937.776,480,361,None,Move,development
1571028937.783,464,358,None,Move,development
1571028937.792,448,354,None,Move,development
1571028937.799,428,349,None,Move,development
1571028937.8070002,407,344,None,Move,development
1571028937.815,389,339,None,Move,development
1571028937.823,366,334,None,Move,development
1571028937.831,342,329,None,Move,development
1571028937.841,306,319,None,Move,development
1571028937.8479998,278,313,None,Move,development
1571028937.859,250,308,None,Move,development
1571028937.865,229,300,None,Move,development
1571028937.8760002,201,294,None,Move,development
1571028937.883,177,289,None,Move,development
1571028937.8920002,157,284,None,Move,development
1571028937.899,136,277,None,Move,development
1571028937.91,122,272,None,Move,development
1571028937.916,113,269,None,Move,development
1571028937.925,104,266,None,Move,development
1571028937.9329998,101,264,None,Move,development
1571028937.941,99,263,None,Move,development
1571028937.951,99,262,None,Move,development
1571028937.9910002,99,261,None,Move,development
1571028938.0010002,99,261,None,Move,development
1571028938.015,100,260,None,Move,development
1571028938.031,100,259,None,Move,development
1571028938.0470002,101,259,None,Move,development
1571028938.064,102,258,None,Move,development
1571028938.079,103,257,None,Move,development
1571028938.095,104,257,None,Move,development
1571028938.105,106,255,None,Move,development
1571028938.113,108,255,None,Move,development
1571028938.119,110,254,None,Move,development
1571028938.127,114,253,None,Move,development
1571028938.135,119,252,None,Move,development
1571028938.143,123,252,None,Move,development
1571028938.151,130,251,None,Move,development
1571028938.159,142,251,None,Move,development
1571028938.167,154,251,None,Move,development
1571028938.175,168,251,None,Move,development
1571028938.1829998,186,253,None,Move,development
1571028938.1920002,196,254,None,Move,development
1571028938.199,210,256,None,Move,development
1571028938.207,221,257,None,Move,development
1571028938.215,231,259,None,Move,development
1571028938.2229998,239,260,None,Move,development
1571028938.231,246,262,None,Move,development
1571028938.2429998,249,263,None,Move,development
1571028938.2489998,251,263,None,Move,development
1571028938.258,253,263,None,Move,development
1571028938.439,253,263,Left,Pressed,development
1571028938.4870002,253,263,Left,Released,development
1571028939.303,255,268,None,Move,development
1571028939.311,260,275,None,Move,development
1571028939.319,264,282,None,Move,development
1571028939.327,270,291,None,Move,development
1571028939.335,276,303,None,Move,development
1571028939.344,284,316,None,Move,development
1571028939.351,289,327,None,Move,development
1571028939.359,293,336,None,Move,development
1571028939.367,298,346,None,Move,development
1571028939.375,301,355,None,Move,development
1571028939.383,302,360,None,Move,development
1571028939.3920002,305,370,None,Move,development
1571028939.408,309,379,None,Move,development
1571028939.416,310,382,None,Move,development
1571028939.423,311,386,None,Move,development
1571028939.431,312,388,None,Move,development
1571028939.439,313,392,None,Move,development
1571028939.448,314,393,None,Move,development
1571028939.456,314,393,None,Move,development
1571028939.479,315,394,None,Move,development
1571028940.2229998,316,394,None,Move,development
1571028940.236,320,394,None,Move,development
1571028940.242,326,394,None,Move,development
1571028940.248,330,394,None,Move,development
1571028940.256,343,396,None,Move,development
1571028940.264,355,397,None,Move,development
1571028940.271,375,399,None,Move,development
1571028940.279,400,401,None,Move,development
1571028940.2870002,434,405,None,Move,development
1571028940.295,473,410,None,Move,development
1571028940.304,512,414,None,Move,development
1571028940.312,553,416,None,Move,development
1571028940.32,599,419,None,Move,development
1571028940.327,656,419,None,Move,development
1571028940.334,703,424,None,Move,development
1571028940.343,747,424,None,Move,development
1571028940.351,798,429,None,Move,development
1571028940.36,833,433,None,Move,development
1571028940.3679998,882,436,None,Move,development
1571028940.3760002,921,440,None,Move,development
1571028940.383,952,444,None,Move,development
1571028940.391,976,444,None,Move,development
1571028940.3979998,994,446,None,Move,development
1571028940.406,1012,446,None,Move,development
1571028940.416,1030,448,None,Move,development
1571028940.424,1048,448,None,Move,development
1571028940.4320002,1058,448,None,Move,development
1571028940.439,1068,448,None,Move,development
1571028940.447,1075,448,None,Move,development
1571028940.455,1079,448,None,Move,development
1571028940.4629998,1084,447,None,Move,development
1571028940.472,1087,446,None,Move,development
1571028940.48,1090,445,None,Move,development
1571028940.4870002,1094,444,None,Move,development
1571028940.496,1096,443,None,Move,development
1571028940.5029998,1098,442,None,Move,development
1571028940.51,1100,440,None,Move,development
1571028940.519,1101,439,None,Move,development
1571028940.528,1102,438,None,Move,development
1571028940.536,1102,437,None,Move,development
1571028940.552,1103,436,None,Move,development
1571028940.575,1104,436,None,Move,development
1571028940.583,1104,436,None,Move,development
1571028940.7029998,1104,434,None,Move,development
1571028942.265,811,383,None,Move,development
1571028942.462,621,369,None,Move,development
1571028942.47,522,349,None,Move,development
1571028942.4770002,510,349,None,Move,development
1571028942.4829998,443,337,None,Move,development
1571028942.49,261,324,None,Move,development
1571028942.496,-30,305,None,Move,development
1571028942.5029998,-190,279,None,Move,development
1571028942.512,-233,268,None,Move,development
1571028942.526,-235,268,None,Move,development
1571028942.536,-214,248,None,Move,development
1571028942.5470002,-179,264,None,Move,development
1571028942.562,-183,267,None,Move,development
1571028942.572,-187,268,None,Move,development
1571028942.587,-202,272,None,Move,development
1571028942.597,-210,272,None,Move,development
1571028942.609,-225,270,None,Move,development
1571028942.615,-233,270,None,Move,development
1571028942.6260002,-241,269,None,Move,development
1571028942.6320002,-252,269,None,Move,development
1571028942.639,-261,267,None,Move,development
1571028942.647,-273,266,None,Move,development
1571028942.655,-282,264,None,Move,development
1571028942.663,-292,264,None,Move,development
1571028942.671,-301,263,None,Move,development
1571028942.678,-309,263,None,Move,development
1571028942.686,-318,263,None,Move,development
1571028942.695,-326,262,None,Move,development
1571028942.7029998,-335,262,None,Move,development
1571028942.711,-342,262,None,Move,development
1571028942.719,-350,261,None,Move,development
1571028942.7270002,-356,261,None,Move,development
1571028942.734,-364,260,None,Move,development
1571028942.742,-369,260,None,Move,development
1571028942.7510002,-375,258,None,Move,development
1571028942.7589998,-380,258,None,Move,development
1571028942.7670002,-383,258,None,Move,development
1571028942.775,-386,258,None,Move,development
1571028942.784,-387,258,None,Move,development
1571028942.79,-387,258,None,Move,development
1571028942.903,-387,258,None,Move,development
1571028942.91,-387,258,None,Move,development
1571028942.918,-385,258,None,Move,development
1571028942.927,-382,258,None,Move,development
1571028942.935,-378,258,None,Move,development
1571028942.9429998,-375,259,None,Move,development
1571028942.951,-366,261,None,Move,development
1571028942.96,-354,263,None,Move,development
1571028942.967,-340,265,None,Move,development
1571028942.975,-325,267,None,Move,development
1571028942.9829998,-309,271,None,Move,development
1571028942.9910002,-286,274,None,Move,development
1571028943.0089998,-228,285,None,Move,development
1571028943.019,-190,294,None,Move,development
1571028943.028,-153,301,None,Move,development
1571028943.038,-121,308,None,Move,development
1571028943.045,-84,315,None,Move,development
1571028943.052,-38,327,None,Move,development
1571028943.0579998,-6,333,None,Move,development
1571028943.063,26,344,None,Move,development
1571028943.071,67,356,None,Move,development
1571028943.079,97,366,None,Move,development
1571028943.087,130,377,None,Move,development
1571028943.095,156,387,None,Move,development
1571028943.104,189,398,None,Move,development
1571028943.111,208,405,None,Move,development
1571028943.119,222,412,None,Move,development
1571028943.127,235,415,None,Move,development
1571028943.135,245,416,None,Move,development
1571028943.1420002,251,416,None,Move,development
1571028943.151,252,416,None,Move,development
1571028943.175,251,416,None,Move,development
1571028943.184,249,416,None,Move,development
1571028943.1920002,247,416,None,Move,development
1571028943.198,244,415,None,Move,development
1571028943.207,241,413,None,Move,development
1571028943.215,233,409,None,Move,development
1571028943.2229998,228,405,None,Move,development
1571028943.231,217,399,None,Move,development
1571028943.2389998,202,389,None,Move,development
1571028943.2470002,185,379,None,Move,development
1571028943.254,165,364,None,Move,development
1571028943.2629998,147,350,None,Move,development
1571028943.271,142,345,None,Move,development
1571028943.471,142,345,None,Move,development
1571028943.479,142,348,None,Move,development
1571028943.486,144,356,None,Move,development
1571028943.495,146,361,None,Move,development
1571028943.5029998,147,363,None,Move,development
1571028943.5110002,148,365,None,Move,development
1571028943.519,149,366,None,Move,development
1571028943.528,150,367,None,Move,development
1571028943.5370002,152,368,None,Move,development
1571028943.551,154,368,None,Move,development
1571028943.559,154,368,None,Move,development
1571028943.577,157,370,None,Move,development
1571028943.591,159,371,None,Move,development
1571028943.599,161,371,None,Move,development
1571028943.607,163,371,None,Move,development
1571028943.615,163,371,None,Move,development
1571028943.6239998,164,371,None,Move,development
1571028943.6320002,165,371,None,Move,development
1571028943.64,167,371,None,Move,development
1571028943.647,168,371,None,Move,development
1571028943.663,170,371,None,Move,development
1571028943.671,171,370,None,Move,development
1571028943.679,171,370,None,Move,development
1571028943.687,172,370,None,Move,development
1571028943.695,173,369,None,Move,development
1571028943.7029998,174,369,None,Move,development
1571028943.71,176,368,None,Move,development
1571028943.7270002,178,366,None,Move,development
1571028943.735,179,366,None,Move,development
1571028943.7429998,180,365,None,Move,development
1571028943.7510002,182,364,None,Move,development
1571028943.7589998,182,363,None,Move,development
1571028943.7670002,183,362,None,Move,development
1571028943.775,184,362,None,Move,development
1571028943.783,186,361,None,Move,development
1571028943.791,187,360,None,Move,development
1571028943.799,188,359,None,Move,development
1571028943.815,189,358,None,Move,development
1571028943.823,190,357,None,Move,development
1571028943.839,191,356,None,Move,development
1571028943.847,192,355,None,Move,development
1571028943.855,193,355,None,Move,development
1571028943.863,194,355,None,Move,development
1571028943.879,195,354,None,Move,development
1571028943.992,195,354,Left,Pressed,development
1571028944.054,195,354,Left,Released,development
1571028945.3279998,200,353,None,Move,development
1571028945.335,205,353,None,Move,development
1571028945.343,212,353,None,Move,development
1571028945.351,228,355,None,Move,development
1571028945.359,247,358,None,Move,development
1571028945.367,278,364,None,Move,development
1571028945.375,326,374,None,Move,development
1571028945.383,390,385,None,Move,development
1571028945.391,457,394,None,Move,development
1571028945.399,568,406,None,Move,development
1571028945.407,670,409,None,Move,development
1571028945.415,771,413,None,Move,development
1571028945.423,873,413,None,Move,development
1571028945.431,970,413,None,Move,development
1571028945.4420002,1043,413,None,Move,development
1571028945.449,1129,408,None,Move,development
1571028945.457,1200,402,None,Move,development
1571028945.464,1248,392,None,Move,development
1571028945.472,1284,383,None,Move,development
1571028945.479,1342,377,None,Move,development
1571028945.4870002,1397,372,None,Move,development
1571028945.495,1403,372,None,Move,development
1571028945.9829998,1403,372,None,Move,development
1571028946.0070002,1402,373,None,Move,development
1571028946.031,1401,374,None,Move,development
1571028946.0470002,1399,376,None,Move,development
1571028946.055,1397,377,None,Move,development
1571028946.063,1394,378,None,Move,development
1571028946.071,1391,380,None,Move,development
1571028946.079,1384,383,None,Move,development
1571028946.087,1380,384,None,Move,development
1571028946.095,1375,386,None,Move,development
1571028946.103,1366,389,None,Move,development
1571028946.111,1361,392,None,Move,development
1571028946.119,1353,395,None,Move,development
1571028946.127,1340,399,None,Move,development
1571028946.1360002,1329,404,None,Move,development
1571028946.143,1321,407,None,Move,development
1571028946.151,1312,411,None,Move,development
1571028946.159,1305,414,None,Move,development
1571028946.167,1300,418,None,Move,development
1571028946.175,1295,420,None,Move,development
1571028946.1829998,1292,421,None,Move,development
1571028946.1920002,1291,421,None,Move,development
1571028946.5029998,1291,421,Left,Pressed,development
1571028946.584,1291,421,Left,Released,development
1571028946.76,1290,422,None,Move,development
1571028946.786,1286,423,None,Move,development
1571028946.793,1283,425,None,Move,development
1571028946.81,1270,427,None,Move,development
1571028946.816,1256,428,None,Move,development
1571028946.825,1234,428,None,Move,development
1571028946.833,1206,430,None,Move,development
1571028946.845,1165,432,None,Move,development
1571028946.8520002,1120,432,None,Move,development
1571028946.8579998,1075,432,None,Move,development
1571028946.865,1014,432,None,Move,development
1571028946.8739998,929,432,None,Move,development
1571028946.881,858,428,None,Move,development
1571028946.891,785,425,None,Move,development
1571028946.899,710,419,None,Move,development
1571028946.909,647,411,None,Move,development
1571028946.914,576,400,None,Move,development
1571028946.92,512,389,None,Move,development
1571028946.927,457,378,None,Move,development
1571028946.936,384,361,None,Move,development
1571028946.945,347,349,None,Move,development
1571028946.952,325,340,None,Move,development
1571028946.9629998,302,328,None,Move,development
1571028946.972,272,318,None,Move,development
1571028946.982,235,304,None,Move,development
1571028946.992,234,303,None,Move,development
1571028947.3839998,236,303,None,Move,development
1571028947.3920002,240,303,None,Move,development
1571028947.399,245,303,None,Move,development
1571028947.409,247,303,None,Move,development
1571028947.423,247,303,None,Move,development
1571028947.431,248,304,None,Move,development
1571028947.448,248,304,None,Move,development
1571028947.471,249,305,None,Move,development
1571028947.4870002,250,305,None,Move,development
1571028947.504,250,306,None,Move,development
1571028947.543,250,307,None,Move,development
1571028947.5670002,250,308,None,Move,development
1571028947.591,250,309,None,Move,development
1571028947.7429998,251,309,None,Move,development
1571028947.799,251,308,None,Move,development
1571028947.815,250,308,None,Move,development
1571028947.84,248,308,None,Move,development
1571028947.855,247,308,None,Move,development
1571028947.863,246,308,None,Move,development
1571028947.871,245,309,None,Move,development
1571028947.879,242,311,None,Move,development
1571028947.887,240,313,None,Move,development
1571028947.896,239,316,None,Move,development
1571028947.904,235,323,None,Move,development
1571028947.9120002,234,325,None,Move,development
1571028947.919,230,333,None,Move,development
1571028947.927,228,336,None,Move,development
1571028947.935,227,338,None,Move,development
1571028947.9429998,225,343,None,Move,development
1571028947.952,223,346,None,Move,development
1571028947.96,222,350,None,Move,development
1571028947.968,220,355,None,Move,development
1571028947.975,220,356,None,Move,development
1571028947.9829998,220,357,None,Move,development
1571028947.9910002,219,359,None,Move,development
1571028947.9989998,218,361,None,Move,development
1571028948.008,218,363,None,Move,development
1571028948.016,218,365,None,Move,development
1571028948.0229998,218,366,None,Move,development
1571028948.031,218,368,None,Move,development
1571028948.039,218,369,None,Move,development
1571028948.0470002,217,369,None,Move,development
1571028948.055,216,371,None,Move,development
1571028948.064,216,373,None,Move,development
1571028948.072,214,377,None,Move,development
1571028948.08,213,380,None,Move,development
1571028948.087,211,383,None,Move,development
1571028948.095,210,385,None,Move,development
1571028948.103,210,387,None,Move,development
1571028948.111,207,392,None,Move,development
1571028948.12,206,394,None,Move,development
1571028948.1279998,205,396,None,Move,development
1571028948.1360002,204,401,None,Move,development
1571028948.143,202,404,None,Move,development
1571028948.151,199,410,None,Move,development
1571028948.159,199,415,None,Move,development
1571028948.167,197,421,None,Move,development
1571028948.176,196,425,None,Move,development
1571028948.184,194,432,None,Move,development
1571028948.1920002,194,438,None,Move,development
1571028948.199,194,445,None,Move,development
1571028948.207,194,451,None,Move,development
1571028948.215,194,457,None,Move,development
1571028948.2229998,195,462,None,Move,development
1571028948.232,196,470,None,Move,development
1571028948.24,197,480,None,Move,development
1571028948.248,202,491,None,Move,development
1571028948.255,205,498,None,Move,development
1571028948.2629998,208,507,None,Move,development
1571028948.271,212,514,None,Move,development
1571028948.279,216,521,None,Move,development
1571028948.2870002,221,531,None,Move,development
1571028948.296,224,535,None,Move,development
1571028948.304,228,542,None,Move,development
1571028948.312,230,545,None,Move,development
1571028948.319,234,550,None,Move,development
1571028948.327,236,553,None,Move,development
1571028948.335,239,557,None,Move,development
1571028948.344,240,560,None,Move,development
1571028948.3520002,242,563,None,Move,development
1571028948.36,243,564,None,Move,development
1571028948.3679998,244,566,None,Move,development
1571028948.375,244,567,None,Move,development
1571028948.383,245,569,None,Move,development
1571028948.399,245,571,None,Move,development
1571028948.424,246,573,None,Move,development
1571028948.431,246,574,None,Move,development
1571028948.439,246,576,None,Move,development
1571028948.447,246,576,None,Move,development
1571028948.455,246,578,None,Move,development
1571028948.464,247,582,None,Move,development
1571028948.472,247,586,None,Move,development
1571028948.48,249,591,None,Move,development
1571028948.4870002,250,594,None,Move,development
1571028948.495,251,597,None,Move,development
1571028948.5029998,254,604,None,Move,development
1571028948.512,255,606,None,Move,development
1571028948.52,256,610,None,Move,development
1571028948.528,257,614,None,Move,development
1571028948.536,257,615,None,Move,development
1571028948.543,257,616,None,Move,development
1571028948.551,258,618,None,Move,development
1571028948.559,258,619,None,Move,development
1571028948.679,258,619,Left,Pressed,development
1571028948.769,258,619,Left,Released,development
1571028949.647,259,622,None,Move,development
1571028949.655,262,629,None,Move,development
1571028949.663,263,633,None,Move,development
1571028949.6720002,264,636,None,Move,development
1571028949.68,265,641,None,Move,development
1571028949.689,266,644,None,Move,development
1571028949.696,267,648,None,Move,development
1571028949.706,268,650,None,Move,development
1571028949.7129998,270,653,None,Move,development
1571028949.72,271,656,None,Move,development
1571028949.728,272,660,None,Move,development
1571028949.7370002,273,662,None,Move,development
1571028949.745,275,663,None,Move,development
1571028949.752,277,666,None,Move,development
1571028949.7589998,277,667,None,Move,development
1571028949.7670002,278,669,None,Move,development
1571028949.775,278,671,None,Move,development
1571028949.785,279,672,None,Move,development
1571028949.792,279,672,None,Move,development
1571028952.409,279,672,Left,Pressed,development
1571028952.512,279,672,Left,Released,development
1571028953.45,281,672,None,Move,development
1571028954.1120002,281,670,None,Move,development
1571028954.12,281,668,None,Move,development
1571028954.1279998,281,667,None,Move,development
1571028954.1360002,282,666,None,Move,development
1571028954.1520002,283,663,None,Move,development
1571028954.16,283,663,None,Move,development
1571028954.168,284,661,None,Move,development
1571028954.176,284,660,None,Move,development
1571028954.184,286,658,None,Move,development
1571028954.1920002,287,658,None,Move,development
1571028954.2,288,657,None,Move,development
1571028954.209,290,656,None,Move,development
1571028954.216,292,655,None,Move,development
1571028954.224,294,654,None,Move,development
1571028954.232,296,653,None,Move,development
1571028954.2410002,298,653,None,Move,development
1571028954.248,299,652,None,Move,development
1571028954.256,300,652,None,Move,development
1571028954.265,301,652,None,Move,development
1571028954.28,301,652,None,Move,development
1571028954.3760002,304,652,None,Move,development
1571028954.3839998,310,659,None,Move,development
1571028954.3920002,319,668,None,Move,development
1571028954.4,325,679,None,Move,development
1571028954.408,335,692,None,Move,development
1571028954.416,347,707,None,Move,development
1571028954.424,354,718,None,Move,development
1571028954.4320002,361,729,None,Move,development
1571028954.44,364,738,None,Move,development
1571028954.448,365,741,None,Move,development
1571028954.456,366,744,None,Move,development
1571028954.464,367,747,None,Move,development
1571028954.472,367,751,None,Move,development
1571028954.48,368,753,None,Move,development
1571028954.488,368,754,None,Move,development
1571028954.4970002,369,754,None,Move,development
1571028954.674,369,754,Left,Pressed,development
1571028954.762,369,754,Left,Released,development
1571028957.145,369,754,None,Move,development
1571028957.1520002,367,744,None,Move,development
1571028957.161,367,740,None,Move,development
1571028957.169,366,735,None,Move,development
1571028957.178,365,732,None,Move,development
1571028957.185,362,725,None,Move,development
1571028957.194,361,719,None,Move,development
1571028957.201,358,708,None,Move,development
1571028957.209,355,698,None,Move,development
1571028957.216,352,691,None,Move,development
1571028957.224,348,682,None,Move,development
1571028957.2329998,343,671,None,Move,development
1571028957.242,338,659,None,Move,development
1571028957.2489998,329,644,None,Move,development
1571028957.256,326,637,None,Move,development
1571028957.264,320,628,None,Move,development
1571028957.272,315,617,None,Move,development
1571028957.281,309,610,None,Move,development
1571028957.289,305,600,None,Move,development
1571028957.298,299,591,None,Move,development
1571028957.306,292,578,None,Move,development
1571028957.314,289,565,None,Move,development
1571028957.321,284,551,None,Move,development
1571028957.3279998,278,530,None,Move,development
1571028957.336,273,516,None,Move,development
1571028957.345,268,499,None,Move,development
1571028957.353,261,478,None,Move,development
1571028957.3620002,256,468,None,Move,development
1571028957.369,251,451,None,Move,development
1571028957.3760002,248,439,None,Move,development
1571028957.3839998,244,428,None,Move,development
1571028957.3920002,241,416,None,Move,development
1571028957.4020002,238,405,None,Move,development
1571028957.409,236,401,None,Move,development
1571028957.417,235,396,None,Move,development
1571028957.425,234,391,None,Move,development
1571028957.4320002,234,387,None,Move,development
1571028957.44,233,381,None,Move,development
1571028957.449,233,376,None,Move,development
1571028957.457,233,372,None,Move,development
1571028957.465,233,364,None,Move,development
1571028957.4729998,233,360,None,Move,development
1571028957.481,233,355,None,Move,development
1571028957.4889998,233,351,None,Move,development
1571028957.496,233,346,None,Move,development
1571028957.505,233,344,None,Move,development
1571028957.5129998,233,341,None,Move,development
1571028957.522,233,338,None,Move,development
1571028957.529,233,336,None,Move,development
1571028957.5370002,233,333,None,Move,development
1571028957.544,233,329,None,Move,development
1571028957.552,233,327,None,Move,development
1571028957.56,233,324,None,Move,development
1571028957.569,233,321,None,Move,development
1571028957.577,234,316,None,Move,development
1571028957.585,234,314,None,Move,development
1571028957.593,234,313,None,Move,development
1571028957.601,234,311,None,Move,development
1571028957.6079998,234,310,None,Move,development
1571028957.6160002,235,309,None,Move,development
1571028957.625,235,307,None,Move,development
1571028957.633,235,306,None,Move,development
1571028957.641,236,304,None,Move,development
1571028957.649,236,302,None,Move,development
1571028957.657,237,299,None,Move,development
1571028957.664,237,296,None,Move,development
1571028957.6720002,238,294,None,Move,development
1571028957.681,238,291,None,Move,development
1571028957.689,239,287,None,Move,development
1571028957.697,239,284,None,Move,development
1571028957.705,240,283,None,Move,development
1571028957.7129998,240,283,None,Move,development
1571028957.72,241,282,None,Move,development
1571028958.5370002,245,281,None,Move,development
1571028958.545,249,281,None,Move,development
1571028958.554,255,281,None,Move,development
1571028958.561,264,282,None,Move,development
1571028958.5679998,274,285,None,Move,development
1571028958.577,291,289,None,Move,development
1571028958.585,311,292,None,Move,development
1571028958.593,331,297,None,Move,development
1571028958.601,357,303,None,Move,development
1571028958.609,389,309,None,Move,development
1571028958.617,416,315,None,Move,development
1571028958.625,459,320,None,Move,development
1571028958.633,498,324,None,Move,development
1571028958.6420002,556,329,None,Move,development
1571028958.65,602,332,None,Move,development
1571028958.657,653,339,None,Move,development
1571028958.665,692,346,None,Move,development
1571028958.673,739,354,None,Move,development
1571028958.68,782,359,None,Move,development
1571028958.688,825,366,None,Move,development
1571028958.697,864,370,None,Move,development
1571028958.705,895,374,None,Move,development
1571028958.7129998,925,379,None,Move,development
1571028958.721,948,382,None,Move,development
1571028958.73,967,385,None,Move,development
1571028958.7370002,986,385,None,Move,development
1571028958.744,1001,387,None,Move,development
1571028958.7529998,1011,388,None,Move,development
1571028958.7610002,1023,388,None,Move,development
1571028958.769,1028,390,None,Move,development
1571028958.7770002,1030,390,None,Move,development
1571028958.786,1030,390,None,Move,development
1571028958.792,1031,390,None,Move,development
1571028963.5370002,1031,390,None,Move,development
1571028963.586,1031,391,None,Move,development
1571028963.601,1031,391,None,Move,development
1571028963.627,1030,392,None,Move,development
1571028963.643,1028,392,None,Move,development
1571028963.65,1027,392,None,Move,development
1571028963.657,1026,392,None,Move,development
1571028963.665,1025,392,None,Move,development
1571028963.673,1024,392,None,Move,development
1571028963.6820002,1023,392,None,Move,development
1571028963.69,1021,392,None,Move,development
1571028963.698,1019,393,None,Move,development
1571028963.705,1018,393,None,Move,development
1571028963.7129998,1015,393,None,Move,development
1571028963.722,1013,393,None,Move,development
1571028963.729,1010,393,None,Move,development
1571028963.7370002,1006,393,None,Move,development
1571028963.745,1001,393,None,Move,development
1571028963.754,993,393,None,Move,development
1571028963.7610002,981,393,None,Move,development
1571028963.769,969,393,None,Move,development
1571028963.7770002,957,393,None,Move,development
1571028963.785,941,393,None,Move,development
1571028963.794,924,393,None,Move,development
1571028963.802,908,393,None,Move,development
1571028963.81,886,393,None,Move,development
1571028963.8170002,868,393,None,Move,development
1571028963.825,854,393,None,Move,development
1571028963.833,836,391,None,Move,development
1571028963.841,816,388,None,Move,development
1571028963.849,794,386,None,Move,development
1571028963.8579998,771,381,None,Move,development
1571028963.8660002,743,375,None,Move,development
1571028963.8739998,727,371,None,Move,development
1571028963.881,701,366,None,Move,development
1571028963.889,677,360,None,Move,development
1571028963.897,656,355,None,Move,development
1571028963.905,636,352,None,Move,development
1571028963.914,613,347,None,Move,development
1571028963.9220002,595,342,None,Move,development
1571028963.93,575,338,None,Move,development
1571028963.945,555,333,None,Move,development
1571028963.952,534,330,None,Move,development
1571028963.958,520,328,None,Move,development
1571028963.965,504,325,None,Move,development
1571028963.971,495,322,None,Move,development
1571028963.978,483,321,None,Move,development
1571028963.986,475,319,None,Move,development
1571028963.9929998,470,318,None,Move,development
1571028964.0010002,465,317,None,Move,development
1571028964.0089998,462,317,None,Move,development
1571028964.0170002,460,316,None,Move,development
1571028964.026,457,315,None,Move,development
1571028964.034,454,314,None,Move,development
1571028964.042,453,314,None,Move,development
1571028964.049,452,313,None,Move,development
1571028964.0570002,451,313,None,Move,development
1571028964.065,450,312,None,Move,development
1571028964.073,449,311,None,Move,development
1571028964.082,448,311,None,Move,development
1571028964.09,448,310,None,Move,development
1571028964.0979998,446,309,None,Move,development
1571028964.107,444,307,None,Move,development
1571028964.113,442,306,None,Move,development
1571028964.123,439,304,None,Move,development
1571028964.129,434,300,None,Move,development
1571028964.1379998,430,299,None,Move,development
1571028964.145,425,295,None,Move,development
1571028964.156,420,293,None,Move,development
1571028964.163,413,288,None,Move,development
1571028964.17,406,286,None,Move,development
1571028964.177,399,282,None,Move,development
1571028964.185,392,279,None,Move,development
1571028964.194,383,276,None,Move,development
1571028964.202,379,275,None,Move,development
1571028964.21,368,272,None,Move,development
1571028964.219,364,271,None,Move,development
1571028964.226,355,269,None,Move,development
1571028964.2329998,349,268,None,Move,development
1571028964.2410002,339,268,None,Move,development
1571028964.2489998,332,267,None,Move,development
1571028964.258,326,267,None,Move,development
1571028964.266,314,265,None,Move,development
1571028964.274,308,265,None,Move,development
1571028964.282,299,264,None,Move,development
1571028964.289,295,264,None,Move,development
1571028964.2970002,291,264,None,Move,development
1571028964.305,287,264,None,Move,development
1571028964.315,285,263,None,Move,development
1571028964.322,282,263,None,Move,development
1571028964.33,281,263,None,Move,development
1571028964.466,281,263,Left,Pressed,development
1571028964.569,281,263,Left,Released,development
1571028964.859,281,263,None,Move,development
1571028964.8660002,281,267,None,Move,development
1571028964.875,281,269,None,Move,development
1571028964.883,281,272,None,Move,development
1571028964.89,281,275,None,Move,development
1571028964.8979998,282,280,None,Move,development
1571028964.907,282,283,None,Move,development
1571028964.913,283,287,None,Move,development
1571028964.921,283,291,None,Move,development
1571028964.929,284,294,None,Move,development
1571028964.938,285,297,None,Move,development
1571028964.946,285,300,None,Move,development
1571028964.954,287,304,None,Move,development
1571028964.962,287,306,None,Move,development
1571028964.971,287,308,None,Move,development
1571028964.978,287,310,None,Move,development
1571028964.994,287,310,None,Move,development
1571028965.002,287,311,None,Move,development
1571028966.265,287,311,Left,Pressed,development
1571028966.337,287,311,Left,Released,development
1571028969.946,282,313,None,Move,development
1571028969.954,273,316,None,Move,development
1571028969.962,255,320,None,Move,development
1571028969.97,229,325,None,Move,development
1571028969.978,191,327,None,Move,development
1571028969.986,133,333,None,Move,development
1571028969.994,51,336,None,Move,development
1571028970.002,-30,339,None,Move,development
1571028970.0110002,-112,341,None,Move,development
1571028970.021,-179,343,None,Move,development
1571028970.0270002,-245,345,None,Move,development
1571028970.035,-308,349,None,Move,development
1571028970.044,-371,355,None,Move,development
1571028970.052,-415,359,None,Move,development
1571028970.06,-467,364,None,Move,development
1571028970.0679998,-523,372,None,Move,development
1571028970.074,-575,378,None,Move,development
1571028970.0979998,-673,390,None,Move,development
1571028970.11,-768,393,None,Move,development
1571028970.117,-809,393,None,Move,development
1571028970.123,-860,393,None,Move,development
1571028970.145,-942,383,None,Move,development
1571028970.154,-979,375,None,Move,development
1571028970.166,-1046,350,None,Move,development
1571028970.1720002,-1078,342,None,Move,development
1571028970.179,-1114,331,None,Move,development
1571028970.6260002,-1109,331,None,Move,development
1571028970.635,-1092,334,None,Move,development
1571028970.6420002,-1074,336,None,Move,development
1571028970.65,-1056,339,None,Move,development
1571028970.658,-1041,341,None,Move,development
1571028970.666,-1018,343,None,Move,development
1571028970.674,-994,347,None,Move,development
1571028970.6820002,-967,349,None,Move,development
1571028970.69,-950,349,None,Move,development
1571028970.698,-932,346,None,Move,development
1571028970.706,-918,343,None,Move,development
1571028970.729,-906,342,None,Move,development
1571028970.735,-882,340,None,Move,development
1571028970.7410002,-869,339,None,Move,development
1571028970.7470002,-855,338,None,Move,development
1571028970.755,-845,337,None,Move,development
1571028970.762,-833,336,None,Move,development
1571028970.77,-821,336,None,Move,development
1571028970.778,-811,335,None,Move,development
1571028970.786,-801,334,None,Move,development
1571028970.794,-793,334,None,Move,development
1571028970.802,-788,334,None,Move,development
1571028970.81,-784,334,None,Move,development
1571028970.8179998,-782,334,None,Move,development
1571028970.826,-781,334,None,Move,development
1571028972.41,-780,334,None,Move,development
1571028972.419,-780,334,None,Move,development
1571028972.427,-780,335,None,Move,development
1571028972.435,-779,336,None,Move,development
1571028972.4429998,-779,337,None,Move,development
1571028972.452,-778,337,None,Move,development
1571028972.466,-778,338,None,Move,development
1571028972.4910002,-778,338,None,Move,development
1571028972.706,-778,338,None,Move,development
1571028972.714,-778,336,None,Move,development
1571028972.722,-778,334,None,Move,development
1571028972.731,-778,331,None,Move,development
1571028972.7389998,-778,329,None,Move,development
1571028972.7470002,-778,327,None,Move,development
1571028972.755,-778,325,None,Move,development
1571028972.762,-778,322,None,Move,development
1571028972.8479998,-780,308,None,Move,development
1571028972.854,-780,307,None,Move,development
1571028972.859,-780,306,None,Move,development
1571028972.867,-780,305,None,Move,development
1571028972.8739998,-780,304,None,Move,development
1571028972.8820002,-781,303,None,Move,development
1571028972.899,-781,303,None,Move,development
1571028972.907,-781,302,None,Move,development
1571028972.915,-781,302,None,Move,development
1571028972.93,-781,301,None,Move,development
1571028972.946,-781,300,None,Move,development
1571028972.955,-781,299,None,Move,development
1571028972.9629998,-782,298,None,Move,development
1571028972.971,-782,297,None,Move,development
1571028972.986,-783,296,None,Move,development
1571028973.002,-783,294,None,Move,development
1571028973.0110002,-783,294,None,Move,development
1571028973.035,-783,293,None,Move,development
1571028973.706,-783,300,None,Move,development
1571028973.716,-781,319,None,Move,development
1571028973.732,-777,383,None,Move,development
1571028973.74,-776,429,None,Move,development
1571028973.766,-778,520,None,Move,development
1571028973.7770002,-778,537,None,Move,development
1571028973.789,-779,559,None,Move,development
1571028973.795,-780,565,None,Move,development
1571028973.8070002,-780,567,None,Move,development
1571028973.813,-780,568,None,Move,development
1571028973.9,-780,568,Left,Pressed,development
1571028974.002,-780,568,Left,Released,browsing
1571028974.435,-780,565,None,Move,browsing
1571028974.4429998,-780,562,None,Move,browsing
1571028974.451,-781,557,None,Move,browsing
1571028974.459,-781,553,None,Move,browsing
1571028974.467,-782,546,None,Move,browsing
1571028974.475,-786,535,None,Move,browsing
1571028974.4829998,-788,526,None,Move,browsing
1571028974.4910002,-791,516,None,Move,browsing
1571028974.4989998,-794,506,None,Move,browsing
1571028974.508,-797,497,None,Move,browsing
1571028974.516,-801,489,None,Move,browsing
1571028974.5229998,-803,482,None,Move,browsing
1571028974.532,-806,474,None,Move,browsing
1571028974.542,-807,469,None,Move,browsing
1571028974.55,-808,465,None,Move,browsing
1571028974.556,-810,459,None,Move,browsing
1571028974.563,-811,455,None,Move,browsing
1571028974.57,-812,452,None,Move,browsing
1571028974.5779998,-813,450,None,Move,browsing
1571028974.587,-813,449,None,Move,browsing
1571028974.595,-813,449,None,Move,browsing
1571028974.69,-813,449,Left,Pressed,browsing
1571028974.707,-813,450,None,Drag,browsing
1571028974.715,-811,456,None,Drag,browsing
1571028974.7229998,-810,461,None,Drag,browsing
1571028974.732,-808,471,None,Drag,browsing
1571028974.74,-804,481,None,Drag,browsing
1571028974.7489998,-799,493,None,Drag,browsing
1571028974.758,-794,507,None,Drag,browsing
1571028974.764,-784,530,None,Drag,browsing
1571028974.771,-779,541,None,Drag,browsing
1571028974.779,-773,557,None,Drag,browsing
1571028974.7870002,-765,575,None,Drag,browsing
1571028974.7970002,-756,595,None,Drag,browsing
1571028974.8070002,-748,613,None,Drag,browsing
1571028974.815,-738,631,None,Drag,browsing
1571028974.821,-727,650,None,Drag,browsing
1571028974.8279998,-716,671,None,Drag,browsing
1571028974.836,-705,687,None,Drag,browsing
1571028974.843,-697,698,None,Drag,browsing
1571028974.851,-689,711,None,Drag,browsing
1571028974.8579998,-681,722,None,Drag,browsing
1571028974.867,-676,729,None,Drag,browsing
1571028974.8760002,-672,735,None,Drag,browsing
1571028974.885,-668,741,None,Drag,browsing
1571028974.893,-666,744,None,Drag,browsing
1571028974.901,-664,745,None,Drag,browsing
1571028974.908,-663,747,None,Drag,browsing
1571028974.916,-662,748,None,Drag,browsing
1571028974.927,-661,750,None,Drag,browsing
1571028974.938,-661,750,None,Drag,browsing
1571028974.949,-660,752,None,Drag,browsing
1571028974.958,-660,753,None,Drag,browsing
1571028974.968,-658,754,None,Drag,browsing
1571028974.976,-658,755,None,Drag,browsing
1571028974.985,-658,756,None,Drag,browsing
1571028974.9929998,-657,757,None,Drag,browsing
1571028975.0,-657,758,None,Drag,browsing
1571028975.0070002,-656,760,None,Drag,browsing
1571028975.014,-656,761,None,Drag,browsing
1571028975.021,-655,762,None,Drag,browsing
1571028975.0270002,-654,763,None,Drag,browsing
1571028975.034,-654,764,None,Drag,browsing
1571028975.043,-654,765,None,Drag,browsing
1571028975.053,-653,766,None,Drag,browsing
1571028975.075,-653,767,None,Drag,browsing
1571028975.131,-653,767,Left,Released,browsing
1571028975.2510002,-653,767,Left,Pressed,browsing
1571028975.34,-653,767,Left,Released,browsing
1571028975.46,-653,767,Left,Pressed,browsing
1571028975.539,-651,767,None,Drag,browsing
1571028975.5470002,-651,764,None,Drag,browsing
1571028975.555,-650,758,None,Drag,browsing
1571028975.564,-650,747,None,Drag,browsing
1571028975.571,-650,736,None,Drag,browsing
1571028975.579,-649,718,None,Drag,browsing
1571028975.5879998,-649,701,None,Drag,browsing
1571028975.595,-652,678,None,Drag,browsing
1571028975.603,-655,654,None,Drag,browsing
1571028975.611,-660,628,None,Drag,browsing
1571028975.619,-664,607,None,Drag,browsing
1571028975.627,-670,583,None,Drag,browsing
1571028975.635,-674,567,None,Drag,browsing
1571028975.643,-679,553,None,Drag,browsing
1571028975.651,-682,542,None,Drag,browsing
1571028975.658,-685,533,None,Drag,browsing
1571028975.667,-687,525,None,Drag,browsing
1571028975.676,-689,522,None,Drag,browsing
1571028975.685,-690,517,None,Drag,browsing
1571028975.691,-691,515,None,Drag,browsing
1571028975.702,-691,514,None,Drag,browsing
1571028975.709,-692,513,None,Drag,browsing
1571028975.718,-692,513,None,Drag,browsing
1571028975.771,-692,512,None,Drag,browsing
1571028975.778,-692,512,None,Drag,browsing
1571028975.7870002,-692,511,None,Drag,browsing
1571028975.795,-692,509,None,Drag,browsing
1571028975.803,-692,507,None,Drag,browsing
1571028975.811,-692,505,None,Drag,browsing
1571028975.819,-692,503,None,Drag,browsing
1571028975.827,-693,498,None,Drag,browsing
1571028975.835,-693,496,None,Drag,browsing
1571028975.843,-694,490,None,Drag,browsing
1571028975.851,-695,487,None,Drag,browsing
1571028975.859,-696,482,None,Drag,browsing
1571028975.867,-696,479,None,Drag,browsing
1571028975.875,-698,473,None,Drag,browsing
1571028975.883,-698,473,Left,Released,browsing
1571028975.89,-698,470,None,Move,browsing
1571028975.9,-698,466,None,Move,browsing
1571028975.909,-699,463,None,Move,browsing
1571028975.916,-700,456,None,Move,browsing
1571028975.923,-699,463,Left,Pressed,browsing
1571028975.93,-700,453,None,Drag,browsing
1571028976.043,-700,453,Left,Released,browsing
1571028976.147,-700,453,Left,Pressed,browsing
1571028976.2270002,-700,453,Left,Released,browsing
1571028976.5470002,-700,452,None,Move,browsing
1571028976.556,-701,446,None,Move,browsing
1571028976.564,-702,444,None,Move,browsing
1571028976.571,-703,439,None,Move,browsing
1571028976.579,-703,436,None,Move,browsing
1571028976.587,-704,430,None,Move,browsing
1571028976.595,-705,425,None,Move,browsing
1571028976.603,-706,419,None,Move,browsing
1571028976.611,-707,412,None,Move,browsing
1571028976.619,-708,404,None,Move,browsing
1571028976.627,-709,398,None,Move,browsing
1571028976.635,-710,386,None,Move,browsing
1571028976.643,-711,381,None,Move,browsing
1571028976.6620002,-712,366,None,Move,browsing
1571028976.668,-713,360,None,Move,browsing
1571028976.675,-713,354,None,Move,browsing
1571028976.6829998,-713,348,None,Move,browsing
1571028976.691,-713,341,None,Move,browsing
1571028976.699,-713,336,None,Move,browsing
1571028976.708,-713,331,None,Move,browsing
1571028976.716,-713,328,None,Move,browsing
1571028976.724,-713,325,None,Move,browsing
1571028976.745,-713,323,None,Move,browsing
1571028976.875,-713,323,Left,Pressed,browsing
1571028976.9,-712,325,None,Drag,browsing
1571028976.908,-711,331,None,Drag,browsing
1571028976.915,-710,338,None,Drag,browsing
1571028976.923,-708,348,None,Drag,browsing
1571028976.982,-682,464,None,Drag,browsing
1571028976.99,-677,488,None,Drag,browsing
1571028977.012,-665,541,None,Drag,browsing
1571028977.022,-663,559,None,Drag,browsing
1571028977.032,-659,575,None,Drag,browsing
1571028977.04,-656,588,None,Drag,browsing
1571028977.049,-652,602,None,Drag,browsing
1571028977.0570002,-650,613,None,Drag,browsing
1571028977.066,-648,623,None,Drag,browsing
1571028977.074,-646,633,None,Drag,browsing
1571028977.082,-645,641,None,Drag,browsing
1571028977.089,-642,648,None,Drag,browsing
1571028977.096,-640,657,None,Drag,browsing
1571028977.103,-639,662,None,Drag,browsing
1571028977.1120002,-637,668,None,Drag,browsing
1571028977.119,-635,674,None,Drag,browsing
1571028977.1260002,-633,681,None,Drag,browsing
1571028977.135,-632,686,None,Drag,browsing
1571028977.1420002,-630,693,None,Drag,browsing
1571028977.151,-629,698,None,Drag,browsing
1571028977.157,-627,702,None,Drag,browsing
1571028977.166,-626,709,None,Drag,browsing
1571028977.174,-626,713,None,Drag,browsing
1571028977.1829998,-624,718,None,Drag,browsing
1571028977.194,-623,721,None,Drag,browsing
1571028977.204,-619,734,None,Drag,browsing
1571028977.211,-618,737,None,Drag,browsing
1571028977.221,-616,741,None,Drag,browsing
1571028977.232,-616,746,None,Drag,browsing
1571028977.238,-614,749,None,Drag,browsing
1571028977.245,-613,752,None,Drag,browsing
1571028977.252,-612,754,None,Drag,browsing
1571028977.2610002,-612,756,None,Drag,browsing
1571028977.272,-612,757,None,Drag,browsing
1571028977.279,-612,758,None,Drag,browsing
1571028977.291,-612,758,None,Drag,browsing
1571028977.3070002,-612,759,None,Drag,browsing
1571028977.315,-612,759,None,Drag,browsing
1571028977.331,-611,760,None,Drag,browsing
1571028977.339,-611,760,None,Drag,browsing
1571028977.404,-611,760,Left,Released,browsing
1571028977.548,-611,760,Left,Pressed,browsing
1571028977.604,-611,760,Left,Released,browsing
1571028977.748,-611,760,Left,Pressed,browsing
1571028977.835,-611,759,None,Drag,browsing
1571028977.843,-611,752,None,Drag,browsing
1571028977.851,-611,741,None,Drag,browsing
1571028977.859,-611,728,None,Drag,browsing
1571028977.867,-612,710,None,Drag,browsing
1571028977.875,-613,687,None,Drag,browsing
1571028977.883,-619,653,None,Drag,browsing
1571028977.891,-623,627,None,Drag,browsing
1571028977.9,-628,593,None,Drag,browsing
1571028977.907,-633,558,None,Drag,browsing
1571028977.916,-640,521,None,Drag,browsing
1571028977.923,-648,484,None,Drag,browsing
1571028977.931,-653,447,None,Drag,browsing
1571028977.939,-658,413,None,Drag,browsing
1571028977.947,-663,382,None,Drag,browsing
1571028977.955,-669,355,None,Drag,browsing
1571028977.9629998,-672,335,None,Drag,browsing
1571028977.971,-674,319,None,Drag,browsing
1571028977.979,-676,308,None,Drag,browsing
1571028977.9870002,-677,302,None,Drag,browsing
1571028977.995,-678,295,None,Drag,browsing
1571028978.0029998,-679,288,None,Drag,browsing
1571028978.0110002,-679,286,None,Drag,browsing
1571028978.019,-679,284,None,Drag,browsing
1571028978.0270002,-679,284,None,Drag,browsing
1571028978.115,-679,283,None,Drag,browsing
1571028978.123,-679,283,None,Drag,browsing
1571028978.131,-679,281,None,Drag,browsing
1571028978.139,-679,280,None,Drag,browsing
1571028978.147,-680,279,None,Drag,browsing
1571028978.155,-680,277,None,Drag,browsing
1571028978.163,-680,274,None,Drag,browsing
1571028978.171,-680,269,None,Drag,browsing
1571028978.179,-680,266,None,Drag,browsing
1571028978.187,-681,258,None,Drag,browsing
1571028978.196,-681,253,None,Drag,browsing
1571028978.204,-682,247,None,Drag,browsing
1571028978.212,-682,242,None,Drag,browsing
1571028978.22,-683,236,None,Drag,browsing
1571028978.2270002,-683,233,None,Drag,browsing
1571028978.235,-683,230,None,Drag,browsing
1571028978.2429998,-684,227,None,Drag,browsing
1571028978.2510002,-684,224,None,Drag,browsing
1571028978.2589998,-684,222,None,Drag,browsing
1571028978.2670002,-684,220,None,Drag,browsing
1571028978.275,-684,219,None,Drag,browsing
1571028978.283,-684,219,None,Drag,browsing
1571028978.459,-684,219,Left,Released,browsing
1571028978.579,-684,219,None,Move,browsing
1571028978.587,-684,223,None,Move,browsing
1571028978.595,-684,228,None,Move,browsing
1571028978.603,-684,233,None,Move,browsing
1571028978.611,-684,236,None,Move,browsing
1571028978.619,-684,238,None,Move,browsing
1571028978.6279998,-684,240,None,Move,browsing
1571028978.6360002,-684,240,None,Move,browsing
1571028978.643,-684,242,None,Move,browsing
1571028978.803,-684,242,Left,Pressed,browsing
1571028978.883,-684,242,Left,Released,browsing
1571028979.051,-684,241,None,Move,browsing
1571028979.06,-684,241,None,Move,browsing
1571028979.0779998,-684,240,None,Move,browsing
1571028979.086,-684,239,None,Move,browsing
1571028979.188,-684,239,Left,Pressed,browsing
1571028979.26,-684,239,None,Drag,browsing
1571028979.269,-684,242,None,Drag,browsing
1571028979.275,-684,248,None,Drag,browsing
1571028979.283,-684,254,None,Drag,browsing
1571028979.291,-684,261,None,Drag,browsing
1571028979.3,-684,269,None,Drag,browsing
1571028979.3079998,-684,278,None,Drag,browsing
1571028979.329,-685,297,None,Drag,browsing
1571028979.335,-685,305,None,Drag,browsing
1571028979.343,-685,315,None,Drag,browsing
1571028979.354,-685,324,None,Drag,browsing
1571028979.3620002,-685,332,None,Drag,browsing
1571028979.3720002,-685,351,None,Drag,browsing
1571028979.3820002,-685,356,None,Drag,browsing
1571028979.39,-685,363,None,Drag,browsing
1571028979.399,-685,368,None,Drag,browsing
1571028979.406,-685,371,None,Drag,browsing
1571028979.415,-685,374,None,Drag,browsing
1571028979.4220002,-685,377,None,Drag,browsing
1571028979.43,-685,379,None,Drag,browsing
1571028979.437,-685,381,None,Drag,browsing
1571028979.444,-685,384,None,Drag,browsing
1571028979.462,-685,389,None,Drag,browsing
1571028979.47,-685,394,None,Drag,browsing
1571028979.4770002,-685,400,None,Drag,browsing
1571028979.484,-684,411,None,Drag,browsing
1571028979.492,-684,419,None,Drag,browsing
1571028979.5,-684,430,None,Drag,browsing
1571028979.5070002,-683,443,None,Drag,browsing
1571028979.529,-681,471,None,Drag,browsing
1571028979.536,-680,486,None,Drag,browsing
1571028979.544,-677,505,None,Drag,browsing
1571028979.552,-676,527,None,Drag,browsing
1571028979.5579998,-675,547,None,Drag,browsing
1571028979.5670002,-675,564,None,Drag,browsing
1571028979.574,-672,581,None,Drag,browsing
1571028979.583,-670,595,None,Drag,browsing
1571028979.59,-669,607,None,Drag,browsing
1571028979.6,-667,623,None,Drag,browsing
1571028979.607,-666,634,None,Drag,browsing
1571028979.615,-665,646,None,Drag,browsing
1571028979.623,-663,654,None,Drag,browsing
1571028979.631,-662,663,None,Drag,browsing
1571028979.639,-660,670,None,Drag,browsing
1571028979.647,-659,674,None,Drag,browsing
1571028979.654,-658,681,None,Drag,browsing
1571028979.661,-658,684,None,Drag,browsing
1571028979.669,-657,687,None,Drag,browsing
1571028979.677,-656,689,None,Drag,browsing
1571028979.686,-656,691,None,Drag,browsing
1571028979.694,-656,693,None,Drag,browsing
1571028979.702,-655,695,None,Drag,browsing
1571028979.709,-655,697,None,Drag,browsing
1571028979.717,-655,698,None,Drag,browsing
1571028979.724,-654,701,None,Drag,browsing
1571028979.732,-653,701,None,Drag,browsing
1571028979.74,-653,702,None,Drag,browsing
1571028979.748,-653,702,None,Drag,browsing
1571028979.7570002,-653,703,None,Drag,browsing
1571028979.765,-653,703,None,Drag,browsing
1571028979.7729998,-653,704,None,Drag,browsing
1571028979.788,-652,705,None,Drag,browsing
1571028979.796,-651,707,None,Drag,browsing
1571028979.804,-651,707,None,Drag,browsing
1571028979.813,-651,709,None,Drag,browsing
1571028979.829,-650,712,None,Drag,browsing
1571028979.844,-649,715,None,Drag,browsing
1571028979.857,-647,718,None,Drag,browsing
1571028979.867,-647,720,None,Drag,browsing
1571028979.875,-646,722,None,Drag,browsing
1571028979.883,-644,724,None,Drag,browsing
1571028979.891,-643,727,None,Drag,browsing
1571028979.899,-641,731,None,Drag,browsing
1571028979.906,-637,736,None,Drag,browsing
1571028979.9120002,-635,740,None,Drag,browsing
1571028979.918,-634,742,None,Drag,browsing
1571028979.925,-632,745,None,Drag,browsing
1571028979.9329998,-632,746,None,Drag,browsing
1571028979.941,-631,747,None,Drag,browsing
1571028979.949,-631,748,None,Drag,browsing
1571028979.956,-630,748,None,Drag,browsing
1571028980.036,-630,748,Left,Released,browsing
1571028980.1320002,-630,748,Left,Pressed,browsing
1571028980.221,-630,748,Left,Released,browsing
1571028980.341,-630,748,None,Move,browsing
1571028980.349,-630,748,None,Move,browsing
1571028980.356,-630,746,None,Move,browsing
1571028980.3639998,-630,746,None,Move,browsing
1571028980.3720002,-629,744,None,Move,browsing
1571028980.389,-628,742,None,Move,browsing
1571028980.397,-627,740,None,Move,browsing
1571028980.405,-626,739,None,Move,browsing
1571028980.4120002,-626,737,None,Move,browsing
1571028980.42,-626,736,None,Move,browsing
1571028980.428,-626,735,None,Move,browsing
1571028980.436,-625,734,None,Move,browsing
1571028980.445,-625,731,None,Move,browsing
1571028980.4529998,-625,729,None,Move,browsing
1571028980.461,-625,724,None,Move,browsing
1571028980.468,-626,717,None,Move,browsing
1571028980.476,-627,709,None,Move,browsing
1571028980.484,-629,700,None,Move,browsing
1571028980.492,-632,691,None,Move,browsing
1571028980.5010002,-637,679,None,Move,browsing
1571028980.5089998,-642,668,None,Move,browsing
1571028980.5170002,-645,657,None,Move,browsing
1571028980.524,-648,647,None,Move,browsing
1571028980.532,-650,636,None,Move,browsing
1571028980.7489998,-652,633,None,Move,browsing
1571028980.756,-655,627,None,Move,browsing
1571028980.764,-658,621,None,Move,browsing
1571028980.772,-660,614,None,Move,browsing
1571028980.781,-661,608,None,Move,browsing
1571028980.789,-661,605,None,Move,browsing
1571028980.7970002,-661,603,None,Move,browsing
1571028980.805,-661,599,None,Move,browsing
1571028980.813,-661,598,None,Move,browsing
1571028980.82,-662,595,None,Move,browsing
1571028980.8279998,-662,592,None,Move,browsing
1571028980.836,-662,590,None,Move,browsing
1571028980.845,-662,588,None,Move,browsing
1571028980.853,-662,586,None,Move,browsing
1571028980.861,-662,583,None,Move,browsing
1571028980.8679998,-662,582,None,Move,browsing
1571028980.8760002,-662,581,None,Move,browsing
1571028980.8839998,-662,578,None,Move,browsing
1571028980.8920002,-662,576,None,Move,browsing
1571028980.901,-662,575,None,Move,browsing
1571028980.909,-662,572,None,Move,browsing
1571028980.917,-662,569,None,Move,browsing
1571028980.925,-662,567,None,Move,browsing
1571028980.9329998,-662,565,None,Move,browsing
1571028980.94,-662,563,None,Move,browsing
1571028980.948,-662,561,None,Move,browsing
1571028980.957,-662,558,None,Move,browsing
1571028980.965,-662,557,None,Move,browsing
1571028980.9729998,-662,554,None,Move,browsing
1571028980.981,-662,551,None,Move,browsing
1571028980.988,-662,549,None,Move,browsing
1571028980.996,-662,548,None,Move,browsing
1571028981.004,-663,546,None,Move,browsing
1571028981.0129998,-663,545,None,Move,browsing
1571028981.021,-663,544,None,Move,browsing
1571028981.38,-663,543,None,Move,browsing
1571028981.3879998,-655,543,None,Move,browsing
1571028981.396,-643,540,None,Move,browsing
1571028981.404,-624,538,None,Move,browsing
1571028981.413,-594,538,None,Move,browsing
1571028981.421,-545,538,None,Move,browsing
1571028981.429,-505,538,None,Move,browsing
1571028981.437,-450,539,None,Move,browsing
1571028981.444,-390,543,None,Move,browsing
1571028981.452,-330,547,None,Move,browsing
1571028981.46,-270,549,None,Move,browsing
1571028981.469,-207,551,None,Move,browsing
1571028981.4770002,-148,553,None,Move,browsing
1571028981.485,-85,557,None,Move,browsing
1571028981.4929998,-22,559,None,Move,browsing
1571028981.5010002,38,563,None,Move,browsing
1571028981.508,132,569,None,Move,browsing
1571028981.516,207,575,None,Move,browsing
1571028981.524,297,584,None,Move,browsing
1571028981.533,376,593,None,Move,browsing
1571028981.541,466,599,None,Move,browsing
1571028981.549,543,599,None,Move,browsing
1571028981.5570002,613,599,None,Move,browsing
1571028981.564,666,599,None,Move,browsing
1571028981.573,724,594,None,Move,browsing
1571028981.584,776,584,None,Move,browsing
1571028981.594,813,572,None,Move,browsing
1571028981.6020002,848,556,None,Move,browsing
1571028981.609,869,541,None,Move,browsing
1571028981.619,886,529,None,Move,browsing
1571028981.627,914,513,None,Move,browsing
1571028981.647,925,507,None,Move,browsing
1571028981.885,925,508,None,Move,browsing
1571028981.893,925,511,None,Move,browsing
1571028981.901,926,513,None,Move,browsing
1571028981.908,929,516,None,Move,browsing
1571028981.916,932,518,None,Move,browsing
1571028981.925,939,521,None,Move,browsing
1571028981.9329998,946,524,None,Move,browsing
1571028981.941,954,527,None,Move,browsing
1571028981.949,963,528,None,Move,browsing
1571028981.957,975,530,None,Move,browsing
1571028981.964,979,531,None,Move,browsing
1571028981.972,986,530,None,Move,browsing
1571028981.981,989,528,None,Move,browsing
1571028981.99,994,524,None,Move,browsing
1571028981.9970002,998,519,None,Move,browsing
1571028982.005,1004,512,None,Move,browsing
1571028982.0129998,1008,503,None,Move,browsing
1571028982.02,1017,488,None,Move,browsing
1571028982.03,1021,476,None,Move,browsing
1571028982.038,1028,461,None,Move,browsing
1571028982.045,1033,445,None,Move,browsing
1571028982.053,1040,418,None,Move,browsing
1571028982.061,1047,397,None,Move,browsing
1571028982.069,1052,377,None,Move,browsing
1571028982.076,1060,353,None,Move,browsing
1571028982.084,1065,335,None,Move,browsing
1571028982.092,1070,317,None,Move,browsing
1571028982.101,1073,298,None,Move,browsing
1571028982.109,1076,280,None,Move,browsing
1571028982.117,1078,264,None,Move,browsing
1571028982.125,1078,252,None,Move,browsing
1571028982.133,1079,242,None,Move,browsing
1571028982.14,1079,230,None,Move,browsing
1571028982.1479998,1079,220,None,Move,browsing
1571028982.157,1079,213,None,Move,browsing
1571028982.165,1078,209,None,Move,browsing
1571028982.173,1078,205,None,Move,browsing
1571028982.181,1078,203,None,Move,browsing
1571028982.189,1078,203,None,Move,browsing
1571028982.196,1077,202,None,Move,browsing
1571028982.2370002,1077,201,None,Move,browsing
1571028982.245,1077,200,None,Move,browsing
1571028982.269,1077,199,None,Move,browsing
1571028982.2770002,1077,198,None,Move,browsing
1571028982.293,1077,197,None,Move,browsing
1571028982.301,1077,196,None,Move,browsing
1571028982.3079998,1077,195,None,Move,browsing
1571028982.316,1077,194,None,Move,browsing
1571028982.325,1077,192,None,Move,browsing
1571028982.333,1077,191,None,Move,browsing
1571028982.341,1077,189,None,Move,browsing
1571028982.349,1077,189,None,Move,browsing
1571028982.357,1077,187,None,Move,browsing
1571028982.3660002,1077,186,None,Move,browsing
1571028982.414,1091,158,None,Move,browsing
1571028982.423,1097,149,None,Move,browsing
1571028982.43,1105,138,None,Move,browsing
1571028982.439,1112,129,None,Move,browsing
1571028982.446,1126,114,None,Move,browsing
1571028982.454,1139,104,None,Move,browsing
1571028982.462,1150,94,None,Move,browsing
1571028982.471,1163,83,None,Move,browsing
1571028982.479,1180,69,None,Move,browsing
1571028982.498,1211,45,None,Move,browsing
1571028982.508,1231,32,None,Move,browsing
1571028982.516,1246,22,None,Move,browsing
1571028982.5229998,1259,13,None,Move,browsing
1571028982.53,1275,3,None,Move,browsing
1571028982.538,1289,-7,None,Move,browsing
1571028982.545,1299,-6,None,Move,browsing
1571028982.552,1310,-7,None,Move,browsing
1571028982.56,1319,-4,None,Move,browsing
1571028982.5670002,1328,-4,None,Move,browsing
1571028982.575,1335,-3,None,Move,browsing
1571028982.582,1344,-4,None,Move,browsing
1571028982.589,1350,-3,None,Move,browsing
1571028982.596,1357,-2,None,Move,browsing
1571028982.604,1362,-1,None,Move,browsing
1571028982.613,1368,-1,None,Move,browsing
1571028982.621,1378,-1,None,Move,browsing
1571028982.629,1389,-2,None,Move,browsing
1571028982.637,1399,-1,None,Move,browsing
1571028982.645,1409,0,None,Move,browsing
1571028982.6520002,1421,0,None,Move,browsing
1571028982.66,1433,0,None,Move,browsing
1571028982.669,1449,0,None,Move,browsing
1571028982.677,1463,0,None,Move,browsing
1571028982.685,1475,0,None,Move,browsing
1571028982.6929998,1485,0,None,Move,browsing
1571028982.701,1497,0,None,Move,browsing
1571028982.861,1633,13,None,Move,browsing
1571028982.869,1823,9,None,Move,browsing
1571028982.877,1839,5,None,Move,browsing
1571028982.8839998,1857,2,None,Move,browsing
1571028982.8920002,1874,0,None,Move,browsing
1571028982.899,1893,-1,None,Move,browsing
1571028982.907,1915,0,None,Move,browsing
1571028982.915,1937,-2,None,Move,browsing
1571028982.921,1939,0,None,Move,browsing
1571028982.927,1937,-2,None,Move,browsing
1571028982.9329998,1935,0,None,Move,browsing
1571028982.94,1937,-1,None,Move,browsing
1571028982.948,1933,0,None,Move,browsing
1571028982.957,1931,0,None,Move,browsing
1571028982.965,1929,0,None,Move,browsing
1571028982.9729998,1927,0,None,Move,browsing
1571028982.981,1925,0,None,Move,browsing
1571028982.9889998,1924,-1,None,Move,browsing
1571028982.996,1922,0,None,Move,browsing
1571028983.004,1921,0,None,Move,browsing
1571028983.0129998,1922,0,None,Move,browsing
1571028983.021,1921,0,None,Move,browsing
1571028983.029,1923,0,None,Move,browsing
1571028983.0370002,1920,0,None,Move,browsing
1571028983.045,1921,0,None,Move,browsing
1571028983.052,1920,0,None,Move,browsing
1571028983.925,1919,0,None,Move,browsing
1571028983.9329998,1919,0,None,Move,browsing
1571028983.941,1919,1,None,Move,browsing
1571028983.957,1919,2,None,Move,browsing
1571028985.229,1918,2,None,Move,browsing
1571028985.2529998,1917,2,None,Move,browsing
1571028985.341,1916,2,None,Move,browsing
1571028985.429,1915,2,None,Move,browsing
1571028985.4529998,1914,2,None,Move,browsing
1571028985.485,1913,2,None,Move,browsing
1571028985.4929998,1913,2,None,Move,browsing
1571028985.5010002,1911,3,None,Move,browsing
1571028985.5089998,1909,5,None,Move,browsing
1571028985.5170002,1905,9,None,Move,browsing
1571028985.525,1901,14,None,Move,browsing
1571028985.533,1893,25,None,Move,browsing
1571028985.541,1885,36,None,Move,browsing
1571028985.549,1876,45,None,Move,browsing
1571028985.5570002,1864,60,None,Move,browsing
1571028985.565,1853,73,None,Move,browsing
1571028985.573,1838,88,None,Move,browsing
1571028985.581,1817,110,None,Move,browsing
1571028985.589,1798,126,None,Move,browsing
1571028985.597,1783,141,None,Move,browsing
1571028985.605,1768,155,None,Move,browsing
1571028985.613,1748,171,None,Move,browsing
1571028985.621,1722,190,None,Move,browsing
1571028985.629,1694,208,None,Move,browsing
1571028985.637,1654,230,None,Move,browsing
1571028985.645,1630,244,None,Move,browsing
1571028985.653,1602,264,None,Move,browsing
1571028985.661,1573,281,None,Move,browsing
1571028985.676,1542,300,None,Move,browsing
1571028985.697,1472,345,None,Move,browsing
1571028985.7029998,1455,357,None,Move,browsing
1571028985.709,1440,369,None,Move,browsing
1571028985.717,1427,380,None,Move,browsing
1571028985.726,1414,393,None,Move,browsing
1571028985.7329998,1404,404,None,Move,browsing
1571028985.7410002,1397,414,None,Move,browsing
1571028985.7489998,1391,419,None,Move,browsing
1571028985.7570002,1387,424,None,Move,browsing
1571028985.765,1387,425,None,Move,browsing
1571028985.7729998,1386,426,None,Move,browsing
1571028985.7970002,1386,424,None,Move,browsing
1571028985.813,1388,419,None,Move,browsing
1571028985.821,1389,418,None,Move,browsing
1571028985.829,1391,417,None,Move,browsing
1571028986.326,1392,418,None,Move,browsing
1571028986.333,1392,420,None,Move,browsing
1571028986.341,1392,423,None,Move,browsing
1571028986.35,1392,425,None,Move,browsing
1571028986.3579998,1392,428,None,Move,browsing
1571028986.3660002,1392,431,None,Move,browsing
1571028986.3739998,1392,433,None,Move,browsing
1571028986.381,1392,434,None,Move,browsing
1571028986.389,1392,436,None,Move,browsing
1571028986.397,1392,438,None,Move,browsing
1571028986.405,1392,438,None,Move,browsing
1571028986.413,1392,439,None,Move,browsing
1571028986.421,1392,441,None,Move,browsing
1571028986.437,1392,442,None,Move,browsing
1571028986.445,1392,443,None,Move,browsing
1571028986.4529998,1392,444,None,Move,browsing
1571028986.461,1392,445,None,Move,browsing
1571028986.469,1392,445,None,Move,browsing
1571028986.55,1392,445,None,Move,browsing
1571028986.582,1392,446,None,Move,browsing
1571028986.606,1392,447,None,Move,browsing
1571028986.645,1392,448,None,Move,browsing
1571028986.709,1391,449,None,Move,browsing
1571028986.7489998,1391,450,None,Move,browsing
1571028986.813,1390,450,None,Move,browsing
1571028986.829,1389,450,None,Move,browsing
1571028987.0129998,1388,451,None,Move,browsing
1571028987.054,1387,451,None,Move,browsing
1571028987.11,1387,451,None,Move,browsing
1571028991.789,1383,454,None,Move,browsing
1571028991.796,1370,465,None,Move,browsing
1571028991.805,1357,477,None,Move,browsing
1571028991.813,1332,490,None,Move,browsing
1571028991.821,1299,516,None,Move,browsing
1571028991.829,1250,549,None,Move,browsing
1571028991.837,1202,575,None,Move,browsing
1571028991.845,1134,617,None,Move,browsing
1571028991.853,1053,670,None,Move,browsing
1571028991.86,944,732,None,Move,browsing
1571028991.869,844,794,None,Move,browsing
1571028991.877,727,864,None,Move,browsing
1571028991.885,638,918,None,Move,browsing
1571028991.893,537,983,None,Move,browsing
1571028991.901,437,1045,None,Move,browsing
1571028991.909,340,1106,None,Move,browsing
1571028991.917,251,1140,None,Move,browsing
1571028991.925,161,1139,None,Move,browsing
1571028991.9329998,109,1115,None,Move,browsing
1571028991.941,60,1112,None,Move,browsing
1571028991.949,15,1108,None,Move,browsing
1571028991.957,-16,1094,None,Move,browsing
1571028991.966,-26,1089,None,Move,browsing
1571028991.974,-20,1083,None,Move,browsing
1571028991.981,-12,1082,None,Move,browsing
1571028991.9889998,-13,1082,None,Move,browsing
1571028991.9970002,-10,1079,None,Move,browsing
1571028992.005,-4,1079,None,Move,browsing
1571028992.0129998,-5,1080,None,Move,browsing
1571028992.022,-2,1079,None,Move,browsing
1571028992.028,-1,1079,None,Move,browsing
1571028992.077,0,1079,None,Move,browsing
1571028992.084,0,1077,None,Move,browsing
1571028992.093,0,1075,None,Move,browsing
1571028992.101,4,1072,None,Move,browsing
1571028992.109,6,1068,None,Move,browsing
1571028992.117,7,1066,None,Move,browsing
1571028992.125,8,1064,None,Move,browsing
1571028992.133,10,1061,None,Move,browsing
1571028992.14,13,1056,None,Move,browsing
1571028992.149,14,1053,None,Move,browsing
1571028992.157,18,1045,None,Move,browsing
1571028992.165,22,1038,None,Move,browsing
1571028992.174,27,1027,None,Move,browsing
1571028992.1820002,33,1014,None,Move,browsing
1571028992.189,38,998,None,Move,browsing
1571028992.197,43,982,None,Move,browsing
1571028992.205,49,965,None,Move,browsing
1571028992.2129998,56,947,None,Move,browsing
1571028992.221,63,930,None,Move,browsing
1571028992.229,69,917,None,Move,browsing
1571028992.2370002,76,899,None,Move,browsing
1571028992.245,82,884,None,Move,browsing
1571028992.2529998,95,865,None,Move,browsing
1571028992.26,103,852,None,Move,browsing
1571028992.269,113,839,None,Move,browsing
1571028992.2770002,124,824,None,Move,browsing
1571028992.285,134,813,None,Move,browsing
1571028992.293,145,803,None,Move,browsing
1571028992.301,152,796,None,Move,browsing
1571028992.309,160,790,None,Move,browsing
1571028992.3170002,169,784,None,Move,browsing
1571028992.326,178,776,None,Move,browsing
1571028992.335,185,772,None,Move,browsing
1571028992.345,194,768,None,Move,browsing
1571028992.354,201,764,None,Move,browsing
1571028992.3620002,207,762,None,Move,browsing
1571028992.369,212,760,None,Move,browsing
1571028992.375,217,759,None,Move,browsing
1571028992.3820002,222,756,None,Move,browsing
1571028992.389,226,755,None,Move,browsing
1571028992.397,232,755,None,Move,browsing
1571028992.405,239,755,None,Move,browsing
1571028992.413,247,755,None,Move,browsing
1571028992.421,255,755,None,Move,browsing
1571028992.428,263,755,None,Move,browsing
1571028992.437,272,758,None,Move,browsing
1571028992.445,281,761,None,Move,browsing
1571028992.4529998,291,764,None,Move,browsing
1571028992.461,298,768,None,Move,browsing
1571028992.47,309,773,None,Move,browsing
1571028992.4770002,318,777,None,Move,browsing
1571028992.484,327,783,None,Move,browsing
1571028992.4929998,336,789,None,Move,browsing
1571028992.5010002,345,797,None,Move,browsing
1571028992.5089998,354,805,None,Move,browsing
1571028992.5170002,361,809,None,Move,browsing
1571028992.525,369,816,None,Move,browsing
1571028992.533,372,821,None,Move,browsing
1571028992.542,376,825,None,Move,browsing
1571028992.549,380,830,None,Move,browsing
1571028992.5570002,383,834,None,Move,browsing
1571028992.565,386,839,None,Move,browsing
1571028992.573,388,841,None,Move,browsing
1571028992.581,389,845,None,Move,browsing
1571028992.59,391,849,None,Move,browsing
1571028992.597,394,853,None,Move,browsing
1571028992.606,395,860,None,Move,browsing
1571028992.613,396,867,None,Move,browsing
1571028992.621,398,873,None,Move,browsing
1571028992.629,399,881,None,Move,browsing
1571028992.637,399,886,None,Move,browsing
1571028992.645,399,892,None,Move,browsing
1571028992.653,399,895,None,Move,browsing
1571028992.661,399,901,None,Move,browsing
1571028992.669,399,906,None,Move,browsing
1571028992.677,399,909,None,Move,browsing
1571028992.685,399,912,None,Move,browsing
1571028992.6929998,399,914,None,Move,browsing
1571028992.702,399,916,None,Move,browsing
1571028992.709,399,917,None,Move,browsing
1571028992.717,399,920,None,Move,browsing
1571028992.7329998,399,920,None,Move,browsing
1571028992.7410002,398,921,None,Move,browsing
1571028992.75,398,922,None,Move,browsing
1571028992.7570002,398,923,None,Move,browsing
1571028992.765,398,924,None,Move,browsing
1571028992.7729998,398,926,None,Move,browsing
1571028992.789,398,928,None,Move,browsing
1571028992.7970002,398,930,None,Move,browsing
1571028992.805,398,931,None,Move,browsing
1571028992.813,398,933,None,Move,browsing
1571028992.821,398,934,None,Move,browsing
1571028992.829,398,936,None,Move,browsing
1571028992.837,398,938,None,Move,browsing
1571028992.853,398,939,None,Move,browsing
1571028992.861,398,940,None,Move,browsing
1571028993.127,398,943,None,Move,browsing
1571028993.141,398,946,None,Move,browsing
1571028993.149,398,947,None,Move,browsing
1571028993.157,399,947,None,Move,browsing
1571028993.293,399,947,Left,Pressed,browsing
1571028993.35,399,947,Left,Released,development
1571028994.045,399,947,None,Move,development
1571028994.053,399,939,None,Move,development
1571028994.061,397,927,None,Move,development
1571028994.069,395,916,None,Move,development
1571028994.077,394,902,None,Move,development
1571028994.085,390,886,None,Move,development
1571028994.093,387,870,None,Move,development
1571028994.101,382,846,None,Move,development
1571028994.11,376,815,None,Move,development
1571028994.117,371,784,None,Move,development
1571028994.125,365,752,None,Move,development
1571028994.133,358,717,None,Move,development
1571028994.141,355,690,None,Move,development
1571028994.149,351,659,None,Move,development
1571028994.157,349,637,None,Move,development
1571028994.166,345,609,None,Move,development
1571028994.173,343,579,None,Move,development
1571028994.181,343,557,None,Move,development
1571028994.189,343,543,None,Move,development
1571028994.197,343,527,None,Move,development
1571028994.205,344,515,None,Move,development
1571028994.215,345,509,None,Move,development
1571028994.221,346,502,None,Move,development
1571028994.229,346,500,None,Move,development
1571028994.981,347,499,None,Move,development
1571028994.9889998,347,494,None,Move,development
1571028994.9970002,347,490,None,Move,development
1571028995.005,347,479,None,Move,development
1571028995.014,347,469,None,Move,development
1571028995.021,345,460,None,Move,development
1571028995.03,340,446,None,Move,development
1571028995.0370002,337,433,None,Move,development
1571028995.046,336,421,None,Move,development
1571028995.054,332,405,None,Move,development
1571028995.061,329,392,None,Move,development
1571028995.069,326,382,None,Move,development
1571028995.077,325,373,None,Move,development
1571028995.085,322,365,None,Move,development
1571028995.093,322,359,None,Move,development
1571028995.1020002,319,350,None,Move,development
1571028995.109,318,345,None,Move,development
1571028995.117,317,341,None,Move,development
1571028995.125,316,334,None,Move,development
1571028995.133,314,329,None,Move,development
1571028995.141,313,326,None,Move,development
1571028995.15,313,324,None,Move,development
1571028995.158,312,322,None,Move,development
1571028995.165,311,320,None,Move,development
1571028995.173,311,318,None,Move,development
1571028995.181,311,317,None,Move,development
1571028995.189,310,315,None,Move,development
1571028995.197,310,315,None,Move,development
1571028995.206,310,313,None,Move,development
1571028995.214,310,311,None,Move,development
1571028995.221,309,310,None,Move,development
1571028995.229,309,308,None,Move,development
1571028995.2370002,309,307,None,Move,development
1571028995.245,309,305,None,Move,development
1571028995.2529998,309,304,None,Move,development
1571028995.262,309,303,None,Move,development
1571028995.27,309,302,None,Move,development
1571028995.285,308,301,None,Move,development
1571028995.357,308,300,None,Move,development
1571028995.3660002,308,299,None,Move,development
1571028995.3739998,307,297,None,Move,development
1571028995.3820002,307,296,None,Move,development
1571028995.39,307,294,None,Move,development
1571028995.397,307,292,None,Move,development
1571028995.405,307,291,None,Move,development
1571028995.413,306,289,None,Move,development
1571028995.421,306,287,None,Move,development
1571028995.429,305,282,None,Move,development
1571028995.437,305,281,None,Move,development
1571028995.446,302,274,None,Move,development
1571028995.4529998,302,271,None,Move,development
1571028995.461,302,269,None,Move,development
1571028995.469,301,267,None,Move,development
1571028995.4770002,301,265,None,Move,development
1571028995.486,301,264,None,Move,development
1571028995.566,301,264,Left,Pressed,development
1571028995.639,301,264,Left,Released,development
1571028995.806,301,263,None,Move,development
1571028995.814,302,262,None,Move,development
1571028995.823,305,261,None,Move,development
1571028995.83,311,261,None,Move,development
1571028995.839,316,261,None,Move,development
1571028995.854,325,261,None,Move,development
1571028995.8620002,371,259,None,Move,development
1571028995.87,395,259,None,Move,development
1571028995.879,440,259,None,Move,development
1571028995.8860002,494,261,None,Move,development
1571028995.895,543,261,None,Move,development
1571028995.903,624,261,None,Move,development
1571028995.91,697,261,None,Move,development
1571028995.918,775,259,None,Move,development
1571028995.926,854,250,None,Move,development
1571028995.934,929,238,None,Move,development
1571028995.9420002,989,225,None,Move,development
1571028995.951,1058,208,None,Move,development
1571028995.959,1131,187,None,Move,development
1571028995.967,1184,168,None,Move,development
1571028995.974,1243,140,None,Move,development
1571028995.982,1297,122,None,Move,development
1571028995.99,1351,103,None,Move,development
1571028995.998,1356,100,None,Move,development
1571028996.278,1378,100,None,Move,development
1571028996.286,1411,98,None,Move,development
1571028996.295,1448,98,None,Move,development
1571028996.303,1501,98,None,Move,development
1571028996.311,1550,98,None,Move,development
1571028996.3179998,1583,98,None,Move,development
1571028996.326,1628,98,None,Move,development
1571028996.336,1673,98,None,Move,development
1571028996.367,1699,101,None,Move,development
1571028996.3739998,1734,105,None,Move,development
1571028996.3820002,1764,107,None,Move,development
1571028996.39,1784,107,None,Move,development
1571028996.3979998,1804,111,None,Move,development
1571028996.407,1822,111,None,Move,development
1571028996.416,1838,111,None,Move,development
1571028996.425,1854,112,None,Move,development
1571028996.4329998,1866,112,None,Move,development
1571028996.44,1878,112,None,Move,development
1571028996.446,1888,112,None,Move,development
1571028996.454,1894,112,None,Move,development
1571028996.4629998,1899,112,None,Move,development
1571028996.471,1902,112,None,Move,development
1571028996.479,1904,112,None,Move,development
1571028996.486,1905,112,None,Move,development
1571028996.494,1905,112,None,Move,development
1571028996.519,1905,113,None,Move,development
1571028996.55,1905,113,None,Move,development
1571028996.57,1905,111,None,Move,development
1571028996.58,1905,109,None,Move,development
1571028996.587,1904,107,None,Move,development
1571028996.593,1904,105,None,Move,development
1571028996.599,1903,103,None,Move,development
1571028996.606,1903,98,None,Move,development
1571028996.6139998,1902,95,None,Move,development
1571028996.6220002,1900,92,None,Move,development
1571028996.631,1899,87,None,Move,development
1571028996.639,1899,83,None,Move,development
1571028996.647,1897,78,None,Move,development
1571028996.655,1896,73,None,Move,development
1571028996.6620002,1896,70,None,Move,development
1571028996.67,1895,68,None,Move,development
1571028996.678,1895,66,None,Move,development
1571028996.687,1895,65,None,Move,development
1571028996.695,1895,63,None,Move,development
1571028996.7029998,1895,61,None,Move,development
1571028996.711,1895,60,None,Move,development
1571028996.718,1895,58,None,Move,development
1571028996.726,1895,54,None,Move,development
1571028996.734,1895,54,None,Move,development
1571028996.742,1895,52,None,Move,development
1571028996.7510002,1895,50,None,Move,development
1571028996.7589998,1895,48,None,Move,development
1571028996.7670002,1895,46,None,Move,development
1571028996.774,1894,45,None,Move,development
1571028996.782,1894,44,None,Move,development
1571028996.79,1894,43,None,Move,development
1571028996.798,1894,43,None,Move,development
1571028996.8070002,1894,42,None,Move,development
1571028996.815,1893,40,None,Move,development
1571028996.822,1892,39,None,Move,development
1571028996.83,1892,37,None,Move,development
1571028996.8379998,1890,35,None,Move,development
1571028996.846,1890,33,None,Move,development
1571028996.854,1888,31,None,Move,development
1571028996.863,1887,29,None,Move,development
1571028996.871,1887,27,None,Move,development
1571028997.087,1887,27,Left,Pressed,development
1571028997.271,1887,27,Left,Released,development
1571028997.824,1885,27,None,Move,browsing
1571028997.847,1884,27,None,Move,browsing
1571028997.861,1881,27,None,Move,browsing
1571028997.87,1880,27,None,Move,browsing
1571028997.8760002,1879,27,None,Move,browsing
1571028997.881,1875,29,None,Move,browsing
1571028997.887,1867,35,None,Move,browsing
1571028997.895,1858,42,None,Move,browsing
1571028997.9020002,1841,52,None,Move,browsing
1571028997.91,1815,70,None,Move,browsing
1571028997.918,1782,97,None,Move,browsing
1571028997.927,1737,125,None,Move,browsing
1571028997.935,1675,172,None,Move,browsing
1571028997.9420002,1630,204,None,Move,browsing
1571028997.951,1565,252,None,Move,browsing
1571028997.978,1500,296,None,Move,browsing
1571028997.985,1358,390,None,Move,browsing
1571028997.9910002,1269,450,None,Move,browsing
1571028998.012,1062,547,None,Move,browsing
1571028998.018,1000,570,None,Move,browsing
1571028998.025,939,589,None,Move,browsing
1571028998.03,888,597,None,Move,browsing
1571028998.06,762,618,None,Move,browsing
1571028998.0670002,731,623,None,Move,browsing
1571028998.074,700,629,None,Move,browsing
1571028998.079,679,634,None,Move,browsing
1571028998.086,659,639,None,Move,browsing
1571028998.095,638,646,None,Move,browsing
1571028998.103,622,653,None,Move,browsing
1571028998.111,607,659,None,Move,browsing
1571028998.119,592,667,None,Move,browsing
1571028998.127,585,671,None,Move,browsing
1571028998.133,576,677,None,Move,browsing
1571028998.1420002,571,681,None,Move,browsing
1571028998.15,568,685,None,Move,browsing
1571028998.159,564,688,None,Move,browsing
1571028998.167,561,692,None,Move,browsing
1571028998.175,559,694,None,Move,browsing
1571028998.1820002,555,699,None,Move,browsing
1571028998.19,553,701,None,Move,browsing
1571028998.198,549,706,None,Move,browsing
1571028998.207,546,709,None,Move,browsing
1571028998.215,543,713,None,Move,browsing
1571028998.222,537,719,None,Move,browsing
1571028998.231,529,725,None,Move,browsing
1571028998.238,524,731,None,Move,browsing
1571028998.246,518,738,None,Move,browsing
1571028998.254,507,746,None,Move,browsing
1571028998.262,500,751,None,Move,browsing
1571028998.271,491,757,None,Move,browsing
1571028998.279,480,765,None,Move,browsing
1571028998.2870002,467,772,None,Move,browsing
1571028998.295,454,778,None,Move,browsing
1571028998.303,442,786,None,Move,browsing
1571028998.31,429,793,None,Move,browsing
1571028998.319,418,799,None,Move,browsing
1571028998.327,403,805,None,Move,browsing
1571028998.335,389,813,None,Move,browsing
1571028998.343,378,821,None,Move,browsing
1571028998.351,367,828,None,Move,browsing
1571028998.359,357,835,None,Move,browsing
1571028998.367,352,839,None,Move,browsing
1571028998.373,347,845,None,Move,browsing
1571028998.383,343,848,None,Move,browsing
1571028998.391,340,851,None,Move,browsing
1571028998.417,336,859,None,Move,browsing
1571028998.4220002,336,861,None,Move,browsing
1571028998.43,336,863,None,Move,browsing
1571028998.439,334,867,None,Move,browsing
1571028998.448,334,874,None,Move,browsing
1571028998.468,334,886,None,Move,browsing
1571028998.476,336,896,None,Move,browsing
1571028998.482,339,907,None,Move,browsing
1571028998.488,343,919,None,Move,browsing
1571028998.495,346,930,None,Move,browsing
1571028998.502,350,943,None,Move,browsing
1571028998.5270002,355,955,None,Move,browsing
1571028998.534,361,971,None,Move,browsing
1571028998.539,363,977,None,Move,browsing
1571028998.5470002,366,982,None,Move,browsing
1571028998.553,367,986,None,Move,browsing
1571028998.559,369,988,None,Move,browsing
1571028998.5670002,370,990,None,Move,browsing
1571028998.575,372,991,None,Move,browsing
1571028998.59,373,992,None,Move,browsing
1571028998.607,374,993,None,Move,browsing
1571028998.631,375,993,None,Move,browsing
1571028998.639,376,993,None,Move,browsing
1571028998.647,376,993,None,Move,browsing
1571028998.654,377,993,None,Move,browsing
1571028998.6620002,379,992,None,Move,browsing
1571028998.671,381,991,None,Move,browsing
1571028998.679,385,987,None,Move,browsing
1571028998.687,390,983,None,Move,browsing
1571028998.695,392,982,None,Move,browsing
1571028998.702,397,977,None,Move,browsing
1571028998.711,404,973,None,Move,browsing
1571028998.718,413,970,None,Move,browsing
1571028998.7270002,422,964,None,Move,browsing
1571028998.735,433,958,None,Move,browsing
1571028998.742,441,954,None,Move,browsing
1571028998.7510002,454,947,None,Move,browsing
1571028998.758,465,943,None,Move,browsing
1571028998.766,475,940,None,Move,browsing
1571028998.774,486,935,None,Move,browsing
1571028998.783,497,932,None,Move,browsing
1571028998.791,503,929,None,Move,browsing
1571028998.799,512,926,None,Move,browsing
1571028998.8070002,519,925,None,Move,browsing
1571028998.815,523,925,None,Move,browsing
1571028998.822,529,923,None,Move,browsing
1571028998.83,531,923,None,Move,browsing
1571028998.839,534,923,None,Move,browsing
1571028998.847,535,923,None,Move,browsing
1571028998.934,535,923,Left,Pressed,browsing
1571028999.015,535,923,Left,Released,office
1571028999.255,535,921,None,Move,office
1571028999.264,535,912,None,Move,office
1571028999.271,535,903,None,Move,office
1571028999.279,535,884,None,Move,office
1571028999.2870002,535,864,None,Move,office
1571028999.295,533,846,None,Move,office
1571028999.303,530,823,None,Move,office
1571028999.312,523,787,None,Move,office
1571028999.319,519,764,None,Move,office
1571028999.327,513,733,None,Move,office
1571028999.335,507,705,None,Move,office
1571028999.343,505,679,None,Move,office
1571028999.351,505,661,None,Move,office
1571028999.359,505,645,None,Move,office
1571028999.367,506,631,None,Move,office
1571028999.3739998,507,623,None,Move,office
1571028999.383,510,614,None,Move,office
1571028999.391,511,608,None,Move,office
1571028999.399,512,604,None,Move,office
1571028999.407,512,602,None,Move,office
1571028999.415,513,602,None,Move,office
1571028999.423,513,601,None,Move,office
1571029001.711,515,604,None,Move,office
1571029001.719,554,657,None,Move,office
1571029001.7270002,579,697,None,Move,office
1571029001.735,601,737,None,Move,office
1571029001.7429998,611,759,None,Move,office
1571029001.7510002,617,776,None,Move,office
1571029001.7589998,624,792,None,Move,office
1571029001.7670002,627,801,None,Move,office
1571029001.775,627,805,None,Move,office
1571029001.783,627,808,None,Move,office
1571029001.791,628,809,None,Move,office
1571029001.887,628,807,None,Move,office
1571029001.895,628,801,None,Move,office
1571029001.903,628,797,None,Move,office
1571029001.911,628,791,None,Move,office
1571029001.919,628,783,None,Move,office
1571029001.928,628,775,None,Move,office
1571029001.936,627,764,None,Move,office
1571029001.951,626,744,None,Move,office
1571029001.959,623,736,None,Move,office
1571029001.967,621,731,None,Move,office
1571029001.975,620,723,None,Move,office
1571029001.9829998,617,716,None,Move,office
1571029001.9910002,616,709,None,Move,office
1571029001.9989998,615,705,None,Move,office
1571029002.0110002,614,700,None,Move,office
1571029002.018,613,697,None,Move,office
1571029002.024,612,693,None,Move,office
1571029002.031,612,692,None,Move,office
1571029002.039,611,690,None,Move,office
1571029002.048,611,689,None,Move,office
1571029002.055,611,687,None,Move,office
1571029002.063,610,686,None,Move,office
1571029002.071,610,685,None,Move,office
1571029002.087,610,684,None,Move,office
1571029002.095,610,683,None,Move,office
1571029002.2389998,610,683,Left,Pressed,office
1571029002.319,610,683,Left,Released,office
1571029002.407,610,683,None,Move,office
1571029002.415,609,680,None,Move,office
1571029002.423,608,675,None,Move,office
1571029002.431,605,666,None,Move,office
1571029002.439,602,658,None,Move,office
1571029002.448,599,649,None,Move,office
1571029002.455,596,637,None,Move,office
1571029002.464,589,618,None,Move,office
1571029002.471,583,604,None,Move,office
1571029002.479,573,580,None,Move,office
1571029002.4870002,564,557,None,Move,office
1571029002.495,558,543,None,Move,office
1571029002.5029998,546,518,None,Move,office
1571029002.512,538,500,None,Move,office
1571029002.519,531,487,None,Move,office
1571029002.5270002,527,474,None,Move,office
1571029002.535,524,471,None,Move,office
1571029002.543,524,469,None,Move,office
1571029002.551,523,467,None,Move,office
1571029002.56,523,466,None,Move,office
1571029002.88,525,473,None,Move,office
1571029002.8879998,528,482,None,Move,office
1571029002.895,531,491,None,Move,office
1571029002.903,533,496,None,Move,office
1571029002.911,534,500,None,Move,office
1571029002.919,535,502,None,Move,office
1571029002.927,535,503,None,Move,office
1571029002.935,535,504,None,Move,office
1571029002.944,535,505,None,Move,office
1571029003.2,535,505,Left,Pressed,office
1571029003.279,535,505,Left,Released,office
1571029003.583,535,503,None,Move,office
1571029003.596,535,500,None,Move,office
1571029003.605,535,497,None,Move,office
1571029003.6120002,535,492,None,Move,office
1571029003.619,535,488,None,Move,office
1571029003.625,535,483,None,Move,office
1571029003.6320002,535,477,None,Move,office
1571029003.639,535,472,None,Move,office
1571029003.647,534,468,None,Move,office
1571029003.656,534,460,None,Move,office
1571029003.664,531,451,None,Move,office
1571029003.6720002,528,444,None,Move,office
1571029003.679,527,440,None,Move,office
1571029003.687,527,435,None,Move,office
1571029003.695,526,431,None,Move,office
1571029003.7029998,525,424,None,Move,office
1571029003.711,522,417,None,Move,office
1571029003.719,519,412,None,Move,office
1571029003.728,518,408,None,Move,office
1571029003.735,518,406,None,Move,office
1571029003.7429998,517,405,None,Move,office
1571029003.7510002,517,404,None,Move,office
1571029004.911,517,404,Left,Pressed,office
1571029005.0070002,517,404,Left,Released,office
1571029006.198,517,405,None,Move,office
1571029006.3179998,526,454,None,Move,office
1571029006.325,529,468,None,Move,office
1571029006.331,530,470,None,Move,office
1571029006.343,530,471,None,Move,office
1571029006.495,530,470,None,Move,office
1571029006.5029998,530,466,None,Move,office
1571029006.5110002,530,461,None,Move,office
1571029006.519,530,455,None,Move,office
1571029006.5270002,530,447,None,Move,office
1571029006.534,527,440,None,Move,office
1571029006.542,526,432,None,Move,office
1571029006.551,524,423,None,Move,office
1571029006.559,523,413,None,Move,office
1571029006.5670002,522,407,None,Move,office
1571029006.575,519,400,None,Move,office
1571029006.583,517,391,None,Move,office
1571029006.591,513,381,None,Move,office
1571029006.5979998,511,372,None,Move,office
1571029006.607,509,364,None,Move,office
1571029006.615,507,359,None,Move,office
1571029006.6239998,506,352,None,Move,office
1571029006.631,506,348,None,Move,office
1571029006.64,505,347,None,Move,office
1571029006.647,505,346,None,Move,office
1571029006.8,505,346,Left,Pressed,office
1571029006.887,505,346,Left,Released,office
1571029007.103,505,351,None,Move,office
1571029007.111,510,365,None,Move,office
1571029007.119,515,380,None,Move,office
1571029007.1260002,518,394,None,Move,office
1571029007.135,523,407,None,Move,office
1571029007.143,528,419,None,Move,office
1571029007.151,531,434,None,Move,office
1571029007.159,534,442,None,Move,office
1571029007.167,535,454,None,Move,office
1571029007.175,538,463,None,Move,office
1571029007.1820002,538,468,None,Move,office
1571029007.191,540,472,None,Move,office
1571029007.199,543,477,None,Move,office
1571029007.207,544,481,None,Move,office
1571029007.215,544,483,None,Move,office
1571029007.224,545,485,None,Move,office
1571029007.231,546,485,None,Move,office
1571029007.238,546,486,None,Move,office
1571029008.407,547,483,None,Move,office
1571029008.415,548,479,None,Move,office
1571029008.423,548,477,None,Move,office
1571029008.431,548,472,None,Move,office
1571029008.439,548,470,None,Move,office
1571029008.447,548,466,None,Move,office
1571029008.455,548,463,None,Move,office
1571029008.4629998,548,458,None,Move,office
1571029008.471,548,452,None,Move,office
1571029008.479,548,449,None,Move,office
1571029008.4870002,548,443,None,Move,office
1571029008.495,548,437,None,Move,office
1571029008.5029998,548,432,None,Move,office
1571029008.5110002,548,426,None,Move,office
1571029008.519,548,422,None,Move,office
1571029008.5270002,548,417,None,Move,office
1571029008.535,548,413,None,Move,office
1571029008.543,548,410,None,Move,office
1571029008.551,548,405,None,Move,office
1571029008.559,548,403,None,Move,office
1571029008.5670002,548,401,None,Move,office
1571029008.8079998,548,401,Left,Pressed,office
1571029008.928,548,401,Left,Released,office
1571029009.039,548,399,None,Move,office
1571029009.0470002,548,397,None,Move,office
1571029009.055,548,393,None,Move,office
1571029009.063,548,390,None,Move,office
1571029009.071,548,387,None,Move,office
1571029009.079,548,383,None,Move,office
1571029009.087,548,380,None,Move,office
1571029009.095,548,376,None,Move,office
1571029009.103,548,372,None,Move,office
1571029009.111,548,368,None,Move,office
1571029009.119,548,363,None,Move,office
1571029009.127,547,361,None,Move,office
1571029009.135,547,358,None,Move,office
1571029009.143,547,355,None,Move,office
1571029009.151,547,353,None,Move,office
1571029009.159,547,351,None,Move,office
1571029009.167,547,350,None,Move,office
1571029009.175,547,349,None,Move,office
1571029009.92,547,349,Left,Pressed,office
1571029009.984,547,349,Left,Released,office
1571029010.431,547,355,None,Move,office
1571029010.439,547,360,None,Move,office
1571029010.447,547,362,None,Move,office
1571029010.455,548,364,None,Move,office
1571029010.4629998,548,367,None,Move,office
1571029010.471,548,370,None,Move,office
1571029010.479,549,375,None,Move,office
1571029010.4870002,550,379,None,Move,office
1571029010.495,550,382,None,Move,office
1571029010.5029998,553,387,None,Move,office
1571029010.5110002,553,392,None,Move,office
1571029010.519,554,395,None,Move,office
1571029010.5270002,555,400,None,Move,office
1571029010.535,556,404,None,Move,office
1571029010.543,558,415,None,Move,office
1571029010.551,559,423,None,Move,office
1571029010.559,562,432,None,Move,office
1571029010.5670002,565,438,None,Move,office
1571029010.576,568,447,None,Move,office
1571029010.583,569,455,None,Move,office
1571029010.591,570,464,None,Move,office
1571029010.599,571,469,None,Move,office
1571029010.607,573,473,None,Move,office
1571029010.615,574,480,None,Move,office
1571029010.623,577,486,None,Move,office
1571029010.6320002,578,493,None,Move,office
1571029010.639,579,496,None,Move,office
1571029010.647,580,500,None,Move,office
1571029010.655,580,501,None,Move,office
1571029010.663,581,502,None,Move,office
1571029010.671,581,504,None,Move,office
1571029010.679,581,506,None,Move,office
1571029010.711,581,507,None,Move,office
1571029011.335,582,505,None,Move,office
1571029011.343,583,494,None,Move,office
1571029011.351,583,488,None,Move,office
1571029011.359,583,480,None,Move,office
1571029011.367,583,471,None,Move,office
1571029011.375,581,461,None,Move,office
1571029011.3839998,580,451,None,Move,office
1571029011.3920002,580,435,None,Move,office
1571029011.399,579,424,None,Move,office
1571029011.407,579,414,None,Move,office
1571029011.415,579,406,None,Move,office
1571029011.423,579,400,None,Move,office
1571029011.431,579,394,None,Move,office
1571029011.44,579,389,None,Move,office
1571029011.448,579,385,None,Move,office
1571029011.456,579,383,None,Move,office
1571029011.4629998,579,381,None,Move,office
1571029011.832,579,381,Left,Pressed,office
1571029011.92,579,381,Left,Released,office
1571029012.111,579,383,None,Move,office
1571029012.119,580,391,None,Move,office
1571029012.127,581,396,None,Move,office
1571029012.1360002,582,404,None,Move,office
1571029012.144,586,415,None,Move,office
1571029012.1520002,587,419,None,Move,office
1571029012.159,587,425,None,Move,office
1571029012.167,588,434,None,Move,office
1571029012.175,588,438,None,Move,office
1571029012.184,588,443,None,Move,office
1571029012.1920002,588,446,None,Move,office
1571029012.2,589,449,None,Move,office
1571029012.207,589,451,None,Move,office
1571029012.215,589,453,None,Move,office
1571029012.2229998,589,454,None,Move,office
1571029012.231,589,456,None,Move,office
1571029012.248,589,457,None,Move,office
1571029012.256,589,458,None,Move,office
1571029012.4629998,589,458,Left,Pressed,office
1571029012.536,589,458,Left,Released,office
1571029093.437,590,458,None,Move,office
1571029093.468,608,816,None,Move,office
1571029093.474,609,853,None,Move,office
1571029093.48,612,863,None,Move,office
1571029093.488,615,874,None,Move,office
1571029093.496,618,886,None,Move,office
1571029093.504,623,901,None,Move,office
1571029093.512,627,911,None,Move,office
1571029093.52,632,924,None,Move,office
1571029093.528,633,932,None,Move,office
1571029093.536,633,941,None,Move,office
1571029093.544,633,951,None,Move,office
1571029093.552,633,963,None,Move,office
1571029093.56,631,975,None,Move,office
1571029093.5679998,628,989,None,Move,office
1571029093.576,626,1009,None,Move,office
1571029093.584,626,1025,None,Move,office
1571029093.592,627,1047,None,Move,office
1571029093.6,633,1073,None,Move,office
1571029093.6079998,643,1099,None,Move,office
1571029093.6160002,655,1106,None,Move,office
1571029093.6239998,666,1098,None,Move,office
1571029093.6320002,673,1090,None,Move,office
1571029093.64,681,1088,None,Move,office
1571029093.6479998,686,1082,None,Move,office
1571029093.656,688,1080,None,Move,office
1571029093.664,689,1079,None,Move,office
1571029093.688,686,1079,None,Move,office
1571029093.696,678,1079,None,Move,office
1571029093.704,670,1077,None,Move,office
1571029093.712,654,1076,None,Move,office
1571029093.72,641,1073,None,Move,office
1571029093.728,631,1071,None,Move,office
1571029093.7370002,615,1068,None,Move,office
1571029093.752,599,1068,None,Move,office
1571029093.76,581,1064,None,Move,office
1571029093.768,575,1061,None,Move,office
1571029093.776,572,1057,None,Move,office
1571029093.784,564,1048,None,Move,office
1571029093.792,560,1037,None,Move,office
1571029093.8,555,1026,None,Move,office
1571029093.8079998,553,1012,None,Move,office
1571029093.816,553,1008,None,Move,office
1571029093.824,554,1003,None,Move,office
1571029093.832,558,996,None,Move,office
1571029093.84,561,993,None,Move,office
1571029093.8479998,567,989,None,Move,office
1571029093.856,574,985,None,Move,office
1571029093.8639998,579,981,None,Move,office
1571029093.8720002,588,973,None,Move,office
1571029093.88,597,967,None,Move,office
1571029093.8879998,606,961,None,Move,office
1571029093.896,617,953,None,Move,office
1571029093.904,626,946,None,Move,office
1571029093.9120002,634,938,None,Move,office
1571029093.92,643,929,None,Move,office
1571029093.928,650,921,None,Move,office
1571029093.936,654,916,None,Move,office
1571029093.944,660,909,None,Move,office
1571029093.952,662,904,None,Move,office
1571029093.96,665,899,None,Move,office
1571029093.968,668,892,None,Move,office
1571029093.976,670,886,None,Move,office
1571029093.984,675,877,None,Move,office
1571029093.992,676,872,None,Move,office
1571029094.0,678,869,None,Move,office
1571029094.008,678,866,None,Move,office
1571029094.016,679,862,None,Move,office
1571029094.024,679,861,None,Move,office
1571029094.032,679,860,None,Move,office
1571029094.04,679,859,None,Move,office
1571029094.048,679,858,None,Move,office
1571029094.056,678,856,None,Move,office
1571029094.064,677,853,None,Move,office
1571029094.072,674,848,None,Move,office
1571029094.08,670,843,None,Move,office
1571029094.0879998,662,833,None,Move,office
1571029094.096,654,824,None,Move,office
1571029094.104,647,818,None,Move,office
1571029094.1120002,640,813,None,Move,office
1571029094.12,633,807,None,Move,office
1571029094.1279998,627,801,None,Move,office
1571029094.1360002,624,798,None,Move,office
1571029094.145,621,796,None,Move,office
1571029094.1520002,617,793,None,Move,office
1571029094.16,614,791,None,Move,office
1571029094.168,610,789,None,Move,office
1571029094.176,606,785,None,Move,office
1571029094.184,601,783,None,Move,office
1571029094.1920002,595,779,None,Move,office
1571029094.201,590,776,None,Move,office
1571029094.208,587,774,None,Move,office
1571029094.216,585,773,None,Move,office
1571029094.225,583,772,None,Move,office
1571029094.312,583,772,Left,Pressed,office
1571029094.4,583,772,Left,Released,office
1571029094.7610002,590,774,None,Move,office
1571029094.768,624,780,None,Move,office
1571029094.776,669,780,None,Move,office
1571029094.784,722,780,None,Move,office
1571029094.792,757,777,None,Move,office
1571029094.8,771,775,None,Move,office
1571029094.8079998,778,771,None,Move,office
1571029094.816,781,766,None,Move,office
1571029094.825,779,757,None,Move,office
1571029094.835,771,748,None,Move,office
1571029094.841,758,733,None,Move,office
1571029094.849,750,720,None,Move,office
1571029094.856,743,707,None,Move,office
1571029094.8639998,739,700,None,Move,office
1571029094.937,739,699,None,Move,office
1571029095.1920002,746,702,None,Move,office
1571029095.224,784,715,None,Move,office
1571029095.231,796,713,None,Move,office
1571029095.2389998,810,711,None,Move,office
1571029095.246,825,710,None,Move,office
1571029095.2529998,843,708,None,Move,office
1571029095.2589998,863,707,None,Move,office
1571029095.2670002,881,702,None,Move,office
1571029095.275,899,698,None,Move,office
1571029095.281,925,695,None,Move,office
1571029095.288,945,690,None,Move,office
1571029095.296,965,686,None,Move,office
1571029095.319,983,683,None,Move,office
1571029095.325,1014,676,None,Move,office
1571029095.332,1030,675,None,Move,office
1571029095.3379998,1050,672,None,Move,office
1571029095.344,1070,670,None,Move,office
1571029095.3520002,1088,667,None,Move,office
1571029095.36,1113,663,None,Move,office
1571029095.3679998,1133,661,None,Move,office
1571029095.3760002,1159,658,None,Move,office
1571029095.385,1194,651,None,Move,office
1571029095.393,1235,642,None,Move,office
1571029095.4,1271,632,None,Move,office
1571029095.408,1307,623,None,Move,office
1571029095.417,1327,618,None,Move,office
1571029095.425,1360,610,None,Move,office
1571029095.4329998,1388,602,None,Move,office
1571029095.441,1416,596,None,Move,office
1571029095.449,1438,587,None,Move,office
1571029095.457,1460,580,None,Move,office
1571029095.464,1478,573,None,Move,office
1571029095.472,1496,566,None,Move,office
1571029095.48,1511,562,None,Move,office
1571029095.488,1527,557,None,Move,office
1571029095.4970002,1540,552,None,Move,office
1571029095.505,1549,547,None,Move,office
1571029095.514,1553,546,None,Move,office
1571029095.521,1555,545,None,Move,office
1571029095.656,1555,545,None,Move,office
1571029095.664,1552,545,None,Move,office
1571029095.6720002,1545,546,None,Move,office
1571029095.681,1531,549,None,Move,office
1571029095.688,1521,552,None,Move,office
1571029095.696,1508,555,None,Move,office
1571029095.704,1494,560,None,Move,office
1571029095.712,1479,564,None,Move,office
1571029095.72,1463,571,None,Move,office
1571029095.729,1444,578,None,Move,office
1571029095.75,1423,585,None,Move,office
1571029095.756,1394,598,None,Move,office
1571029095.7610002,1382,602,None,Move,office
1571029095.768,1371,606,None,Move,office
1571029095.776,1358,610,None,Move,office
1571029095.785,1352,613,None,Move,office
1571029095.793,1347,615,None,Move,office
1571029095.8,1343,617,None,Move,office
1571029095.8079998,1341,617,None,Move,office
1571029096.049,1339,618,None,Move,office
1571029096.201,1340,618,None,Move,office
1571029096.208,1341,618,None,Move,office
1571029096.216,1343,617,None,Move,office
1571029096.224,1345,615,None,Move,office
1571029096.232,1349,611,None,Move,office
1571029096.2410002,1351,609,None,Move,office
1571029096.25,1356,604,None,Move,office
1571029096.264,1365,595,None,Move,office
1571029096.272,1369,591,None,Move,office
1571029096.28,1372,588,None,Move,office
1571029096.288,1379,582,None,Move,office
1571029096.2970002,1387,576,None,Move,office
1571029096.305,1397,572,None,Move,office
1571029096.313,1404,567,None,Move,office
1571029096.32,1413,563,None,Move,office
1571029096.3279998,1422,560,None,Move,office
1571029096.336,1426,559,None,Move,office
1571029096.344,1431,556,None,Move,office
1571029096.353,1435,554,None,Move,office
1571029096.361,1438,553,None,Move,office
1571029096.369,1441,552,None,Move,office
1571029096.3760002,1442,552,None,Move,office
1571029096.3839998,1444,550,None,Move,office
1571029096.3920002,1446,549,None,Move,office
1571029096.409,1447,549,None,Move,office
1571029096.417,1448,548,None,Move,office
1571029096.425,1449,547,None,Move,office
1571029096.44,1450,547,None,Move,office
1571029096.457,1450,546,None,Move,office
1571029096.4729998,1451,546,None,Move,office
1571029096.488,1452,545,None,Move,office
1571029096.496,1452,544,None,Move,office
1571029096.504,1453,543,None,Move,office
1571029096.6079998,1453,543,Left,Pressed,office
1571029096.68,1453,543,Left,Released,office
1571029097.6239998,1451,544,None,Move,office
1571029097.821,646,555,None,Move,office
1571029097.826,-1062,715,None,Move,office
1571029097.847,-1222,649,None,Move,office
1571029099.033,-1211,643,None,Move,browsing
1571029099.041,-1199,636,None,Move,browsing
1571029099.049,-1192,632,None,Move,browsing
1571029099.0570002,-1182,624,None,Move,browsing
1571029099.07,-1171,617,None,Move,browsing
1571029099.077,-1164,610,None,Move,browsing
1571029099.085,-1153,601,None,Move,browsing
1571029099.092,-1141,589,None,Move,browsing
1571029099.103,-1129,576,None,Move,browsing
1571029099.11,-1116,564,None,Move,browsing
1571029099.119,-1106,553,None,Move,browsing
1571029099.1239998,-1091,536,None,Move,browsing
1571029099.131,-1070,515,None,Move,browsing
1571029099.1379998,-1055,498,None,Move,browsing
1571029099.147,-1040,478,None,Move,browsing
1571029099.155,-1018,450,None,Move,browsing
1571029099.161,-997,422,None,Move,browsing
1571029099.169,-973,396,None,Move,browsing
1571029099.177,-952,369,None,Move,browsing
1571029099.184,-931,341,None,Move,browsing
1571029099.1920002,-915,319,None,Move,browsing
1571029099.201,-897,294,None,Move,browsing
1571029099.209,-878,264,None,Move,browsing
1571029099.217,-866,246,None,Move,browsing
1571029099.225,-857,227,None,Move,browsing
1571029099.234,-846,213,None,Move,browsing
1571029099.2410002,-840,202,None,Move,browsing
1571029099.248,-830,187,None,Move,browsing
1571029099.26,-823,178,None,Move,browsing
1571029099.269,-815,168,None,Move,browsing
1571029099.276,-809,160,None,Move,browsing
1571029099.282,-805,154,None,Move,browsing
1571029099.29,-801,149,None,Move,browsing
1571029099.2970002,-798,145,None,Move,browsing
1571029099.304,-796,142,None,Move,browsing
1571029099.313,-794,139,None,Move,browsing
1571029099.512,-793,139,None,Move,browsing
1571029099.529,-790,141,None,Move,browsing
1571029099.54,-776,159,None,Move,browsing
1571029099.55,-767,169,None,Move,browsing
1571029099.56,-761,180,None,Move,browsing
1571029099.5679998,-752,198,None,Move,browsing
1571029099.5779998,-749,207,None,Move,browsing
1571029099.586,-748,212,None,Move,browsing
1571029099.593,-748,219,None,Move,browsing
1571029099.601,-748,225,None,Move,browsing
1571029099.609,-749,229,None,Move,browsing
1571029099.617,-751,233,None,Move,browsing
1571029099.6239998,-755,235,None,Move,browsing
1571029099.633,-756,236,None,Move,browsing
1571029099.641,-758,237,None,Move,browsing
1571029099.705,-758,238,None,Move,browsing
1571029099.7129998,-758,238,None,Move,browsing
1571029100.0979998,-761,238,None,Move,browsing
1571029100.1160002,-774,235,None,Move,browsing
1571029100.123,-784,232,None,Move,browsing
1571029100.129,-795,226,None,Move,browsing
1571029100.137,-807,222,None,Move,browsing
1571029100.144,-821,218,None,Move,browsing
1571029100.153,-843,211,None,Move,browsing
1571029100.161,-877,203,None,Move,browsing
1571029100.17,-909,196,None,Move,browsing
1571029100.177,-942,186,None,Move,browsing
1571029100.187,-975,173,None,Move,browsing
1571029100.194,-1003,164,None,Move,browsing
1571029100.204,-1040,147,None,Move,browsing
1571029100.211,-1081,132,None,Move,browsing
1571029100.222,-1117,118,None,Move,browsing
1571029100.229,-1150,105,None,Move,browsing
1571029100.236,-1176,96,None,Move,browsing
1571029100.2429998,-1192,92,None,Move,browsing
1571029100.2510002,-1205,89,None,Move,browsing
1571029100.258,-1218,88,None,Move,browsing
1571029100.268,-1229,86,None,Move,browsing
1571029100.276,-1241,86,None,Move,browsing
1571029100.286,-1252,86,None,Move,browsing
1571029100.293,-1259,85,None,Move,browsing
1571029100.301,-1267,85,None,Move,browsing
1571029100.309,-1273,85,None,Move,browsing
1571029100.3170002,-1278,86,None,Move,browsing
1571029100.326,-1282,86,None,Move,browsing
1571029100.3379998,-1287,87,None,Move,browsing
1571029100.349,-1288,88,None,Move,browsing
1571029100.357,-1289,88,None,Move,browsing
1571029100.363,-1292,90,None,Move,browsing
1571029100.371,-1293,91,None,Move,browsing
1571029100.379,-1295,93,None,Move,browsing
1571029100.3879998,-1299,96,None,Move,browsing
1571029100.396,-1302,98,None,Move,browsing
1571029100.406,-1304,99,None,Move,browsing
1571029100.414,-1307,102,None,Move,browsing
1571029100.421,-1312,105,None,Move,browsing
1571029100.427,-1317,107,None,Move,browsing
1571029100.435,-1320,109,None,Move,browsing
1571029100.444,-1326,111,None,Move,browsing
1571029100.452,-1332,114,None,Move,browsing
1571029100.458,-1337,116,None,Move,browsing
1571029100.469,-1342,118,None,Move,browsing
1571029100.4770002,-1345,118,None,Move,browsing
1571029100.49,-1350,120,None,Move,browsing
1571029100.5010002,-1351,120,None,Move,browsing
1571029100.512,-1351,121,None,Move,browsing
1571029100.673,-1352,121,None,Move,browsing
1571029100.6820002,-1354,121,None,Move,browsing
1571029100.689,-1356,121,None,Move,browsing
1571029100.697,-1359,121,None,Move,browsing
1571029100.705,-1365,121,None,Move,browsing
1571029100.7129998,-1372,121,None,Move,browsing
1571029100.721,-1383,121,None,Move,browsing
1571029100.729,-1399,123,None,Move,browsing
1571029100.738,-1414,123,None,Move,browsing
1571029100.7489998,-1428,123,None,Move,browsing
1571029100.7570002,-1443,123,None,Move,browsing
1571029100.764,-1461,123,None,Move,browsing
1571029100.772,-1480,123,None,Move,browsing
1571029100.78,-1502,123,None,Move,browsing
1571029100.7870002,-1527,123,None,Move,browsing
1571029100.793,-1544,121,None,Move,browsing
1571029100.802,-1562,119,None,Move,browsing
1571029100.81,-1583,114,None,Move,browsing
1571029100.8170002,-1605,110,None,Move,browsing
1571029100.825,-1626,106,None,Move,browsing
1571029100.833,-1649,101,None,Move,browsing
1571029100.845,-1671,97,None,Move,browsing
1571029100.8579998,-1695,93,None,Move,browsing
1571029100.8660002,-1706,91,None,Move,browsing
1571029100.873,-1714,90,None,Move,browsing
1571029100.885,-1721,89,None,Move,browsing
1571029100.894,-1724,88,None,Move,browsing
1571029100.904,-1728,87,None,Move,browsing
1571029100.911,-1729,87,None,Move,browsing
1571029100.92,-1732,86,None,Move,browsing
1571029100.927,-1732,86,None,Move,browsing
1571029100.934,-1734,86,None,Move,browsing
1571029100.9420002,-1735,85,None,Move,browsing
1571029100.955,-1741,83,None,Move,browsing
1571029100.965,-1744,80,None,Move,browsing
1571029100.974,-1747,78,None,Move,browsing
1571029100.981,-1748,73,None,Move,browsing
1571029100.9889998,-1750,67,None,Move,browsing
1571029101.0010002,-1751,62,None,Move,browsing
1571029101.008,-1751,56,None,Move,browsing
1571029101.0129998,-1751,50,None,Move,browsing
1571029101.379,-1751,50,None,Move,browsing
1571029101.449,-1746,51,None,Move,browsing
1571029101.462,-1745,53,None,Move,browsing
1571029101.469,-1745,54,None,Move,browsing
1571029101.4770002,-1745,56,None,Move,browsing
1571029101.4829998,-1745,57,None,Move,browsing
1571029101.4889998,-1745,58,None,Move,browsing
1571029101.4970002,-1745,59,None,Move,browsing
1571029101.505,-1745,59,None,Move,browsing
1571029101.5129998,-1745,61,None,Move,browsing
1571029101.521,-1744,61,None,Move,browsing
1571029101.5370002,-1744,62,None,Move,browsing
1571029101.545,-1744,62,None,Move,browsing
1571029101.561,-1743,63,None,Move,browsing
1571029101.577,-1743,64,None,Move,browsing
1571029101.585,-1743,64,None,Move,browsing
1571029101.601,-1743,65,None,Move,browsing
1571029101.609,-1743,65,None,Move,browsing
1571029101.649,-1742,66,None,Move,browsing
1571029101.69,-1741,66,None,Move,browsing
1571029101.697,-1741,66,None,Move,browsing
1571029101.705,-1740,66,None,Move,browsing
1571029101.7129998,-1740,66,None,Move,browsing
1571029101.721,-1739,66,None,Move,browsing
1571029101.729,-1737,66,None,Move,browsing
1571029101.7370002,-1736,66,None,Move,browsing
1571029101.754,-1725,66,None,Move,browsing
1571029101.7670002,-1715,67,None,Move,browsing
1571029101.7729998,-1698,69,None,Move,browsing
1571029101.778,-1675,72,None,Move,browsing
1571029101.785,-1644,75,None,Move,browsing
1571029101.793,-1616,79,None,Move,browsing
1571029101.801,-1570,88,None,Move,browsing
1571029101.809,-1512,96,None,Move,browsing
1571029101.8170002,-1462,106,None,Move,browsing
1571029101.825,-1409,116,None,Move,browsing
1571029101.833,-1355,125,None,Move,browsing
1571029101.841,-1313,135,None,Move,browsing
1571029101.849,-1259,145,None,Move,browsing
1571029101.8839998,-1071,191,None,Move,browsing
1571029101.906,-1005,215,None,Move,browsing
1571029101.9120002,-977,225,None,Move,browsing
1571029101.918,-954,234,None,Move,browsing
1571029101.924,-942,239,None,Move,browsing
1571029101.9320002,-933,244,None,Move,browsing
1571029101.938,-926,249,None,Move,browsing
1571029101.945,-920,253,None,Move,browsing
1571029101.9529998,-919,255,None,Move,browsing
1571029101.961,-916,257,None,Move,browsing
1571029101.969,-914,258,None,Move,browsing
1571029101.978,-913,260,None,Move,browsing
1571029101.985,-912,260,None,Move,browsing
1571029101.9929998,-912,261,None,Move,browsing
1571029102.0010002,-911,261,None,Move,browsing
1571029103.026,-907,280,None,Move,browsing
1571029103.034,-906,290,None,Move,browsing
1571029103.041,-906,302,None,Move,browsing
1571029103.049,-905,314,None,Move,browsing
1571029103.0570002,-905,326,None,Move,browsing
1571029103.065,-903,338,None,Move,browsing
1571029103.073,-901,350,None,Move,browsing
1571029103.081,-900,361,None,Move,browsing
1571029103.106,-895,386,None,Move,browsing
1571029103.113,-894,393,None,Move,browsing
1571029103.121,-892,398,None,Move,browsing
1571029103.129,-891,403,None,Move,browsing
1571029103.1379998,-890,408,None,Move,browsing
1571029103.146,-890,414,None,Move,browsing
1571029103.153,-890,417,None,Move,browsing
1571029103.161,-890,422,None,Move,browsing
1571029103.169,-890,425,None,Move,browsing
1571029103.177,-890,426,None,Move,browsing
1571029103.185,-890,428,None,Move,browsing
1571029103.1929998,-890,430,None,Move,browsing
1571029103.202,-890,432,None,Move,browsing
1571029103.209,-890,432,None,Move,browsing
1571029103.217,-890,433,None,Move,browsing
1571029103.225,-891,433,None,Move,browsing
1571029103.2410002,-891,434,None,Move,browsing
1571029103.37,-892,435,None,Move,browsing
1571029103.379,-892,435,None,Move,browsing
1571029103.396,-895,435,None,Move,browsing
1571029103.404,-897,434,None,Move,browsing
1571029103.423,-901,433,None,Move,browsing
1571029103.429,-905,432,None,Move,browsing
1571029103.434,-912,430,None,Move,browsing
1571029103.441,-919,428,None,Move,browsing
1571029103.451,-925,427,None,Move,browsing
1571029103.46,-933,427,None,Move,browsing
1571029103.512,-969,423,None,Move,browsing
1571029103.528,-978,421,None,Move,browsing
1571029103.538,-985,420,None,Move,browsing
1571029103.546,-988,420,None,Move,browsing
1571029103.553,-990,420,None,Move,browsing
1571029103.561,-992,420,None,Move,browsing
1571029103.577,-993,420,None,Move,browsing
1571029104.0029998,-993,420,Left,Pressed,browsing
1571029104.801,-992,421,None,Drag,browsing
1571029104.809,-992,421,None,Drag,browsing
1571029104.8179998,-991,422,None,Drag,browsing
1571029104.826,-990,424,None,Drag,browsing
1571029104.834,-989,424,None,Drag,browsing
1571029104.841,-988,425,None,Drag,browsing
1571029104.849,-987,426,None,Drag,browsing
1571029104.857,-987,427,None,Drag,browsing
1571029104.865,-986,427,None,Drag,browsing
1571029104.8739998,-986,427,None,Drag,browsing
1571029104.8820002,-985,428,None,Drag,browsing
1571029104.8979998,-985,428,None,Drag,browsing
1571029104.906,-984,428,None,Drag,browsing
1571029104.914,-983,429,None,Drag,browsing
1571029104.9220002,-983,429,None,Drag,browsing
1571029104.93,-982,430,None,Drag,browsing
1571029104.938,-982,430,None,Drag,browsing
1571029104.946,-980,431,None,Drag,browsing
1571029104.961,-979,432,None,Drag,browsing
1571029104.969,-979,433,None,Drag,browsing
1571029104.9770002,-978,433,None,Drag,browsing
1571029104.986,-978,434,None,Drag,browsing
1571029104.994,-977,434,None,Drag,browsing
1571029105.002,-977,435,None,Drag,browsing
1571029105.01,-976,435,None,Drag,browsing
1571029105.029,-974,438,None,Drag,browsing
1571029105.035,-974,439,None,Drag,browsing
1571029105.041,-972,441,None,Drag,browsing
1571029105.05,-972,441,None,Drag,browsing
1571029105.0579998,-970,443,None,Drag,browsing
1571029105.066,-969,444,None,Drag,browsing
1571029105.073,-969,444,None,Drag,browsing
1571029105.081,-968,445,None,Drag,browsing
1571029105.089,-967,446,None,Drag,browsing
1571029105.0979998,-967,446,None,Drag,browsing
1571029105.106,-966,447,None,Drag,browsing
1571029105.115,-966,447,None,Drag,browsing
1571029105.129,-965,448,None,Drag,browsing
1571029105.145,-965,448,None,Drag,browsing
1571029105.154,-965,449,None,Drag,browsing
1571029105.17,-964,450,None,Drag,browsing
1571029105.186,-963,450,None,Drag,browsing
1571029105.209,-963,451,None,Drag,browsing
1571029105.226,-962,451,None,Drag,browsing
1571029105.242,-962,452,None,Drag,browsing
1571029105.25,-962,452,None,Drag,browsing
1571029105.274,-961,452,None,Drag,browsing
1571029106.986,-961,452,Left,Released,browsing
1571029107.01,-961,452,Left,Pressed,browsing
1571029107.1929998,-961,452,Left,Released,browsing
1571029108.042,-961,452,Left,Pressed,browsing
1571029109.707,-961,452,Left,Released,browsing
1571029110.018,-960,454,None,Move,browsing
1571029110.026,-957,459,None,Move,browsing
1571029110.034,-955,463,None,Move,browsing
1571029110.042,-953,465,None,Move,browsing
1571029110.063,-949,470,None,Move,browsing
1571029110.069,-948,472,None,Move,browsing
1571029110.075,-947,475,None,Move,browsing
1571029110.082,-943,479,None,Move,browsing
1571029110.09,-942,484,None,Move,browsing
1571029110.097,-939,486,None,Move,browsing
1571029110.106,-937,489,None,Move,browsing
1571029110.1139998,-934,493,None,Move,browsing
1571029110.1220002,-931,496,None,Move,browsing
1571029110.13,-929,501,None,Move,browsing
1571029110.137,-926,505,None,Move,browsing
1571029110.146,-924,508,None,Move,browsing
1571029110.154,-924,509,None,Move,browsing
1571029110.1620002,-922,512,None,Move,browsing
1571029110.17,-921,515,None,Move,browsing
1571029110.178,-919,518,None,Move,browsing
1571029110.186,-918,520,None,Move,browsing
1571029110.194,-916,523,None,Move,browsing
1571029110.202,-915,525,None,Move,browsing
1571029110.21,-914,528,None,Move,browsing
1571029110.218,-913,531,None,Move,browsing
1571029110.226,-912,532,None,Move,browsing
1571029110.234,-911,536,None,Move,browsing
1571029110.242,-910,538,None,Move,browsing
1571029110.25,-908,540,None,Move,browsing
1571029110.266,-907,543,None,Move,browsing
1571029110.283,-905,546,None,Move,browsing
1571029110.291,-904,548,None,Move,browsing
1571029110.299,-903,549,None,Move,browsing
1571029110.306,-903,550,None,Move,browsing
1571029110.314,-902,550,None,Move,browsing
1571029110.322,-902,551,None,Move,browsing
1571029110.33,-901,552,None,Move,browsing
1571029110.3379998,-901,553,None,Move,browsing
1571029110.346,-901,553,None,Move,browsing
1571029110.522,-901,553,Left,Pressed,browsing
1571029110.666,-900,555,None,Drag,browsing
1571029110.674,-900,556,None,Drag,browsing
1571029110.697,-899,559,None,Drag,browsing
1571029110.7029998,-899,560,None,Drag,browsing
1571029110.709,-898,561,None,Drag,browsing
1571029110.714,-898,563,None,Drag,browsing
1571029110.77,-898,563,None,Drag,browsing
1571029110.794,-898,564,None,Drag,browsing
1571029110.81,-898,565,None,Drag,browsing
1571029110.819,-898,565,None,Drag,browsing
1571029110.834,-898,566,None,Drag,browsing
1571029110.842,-898,567,None,Drag,browsing
1571029111.083,-899,566,None,Drag,browsing
1571029111.091,-900,561,None,Drag,browsing
1571029111.099,-901,556,None,Drag,browsing
1571029111.107,-903,553,None,Drag,browsing
1571029111.1139998,-905,547,None,Drag,browsing
1571029111.1220002,-908,541,None,Drag,browsing
1571029111.13,-910,535,None,Drag,browsing
1571029111.139,-911,531,None,Drag,browsing
1571029111.146,-911,528,None,Drag,browsing
1571029111.154,-911,525,None,Drag,browsing
1571029111.179,-912,523,None,Drag,browsing
1571029111.186,-912,522,None,Drag,browsing
1571029111.395,-912,522,Left,Released,browsing
1571029111.514,-912,522,Left,Pressed,browsing
1571029111.6120002,-912,522,Left,Released,browsing
1571029111.891,-912,522,Left,Pressed,browsing
1571029111.931,-912,522,None,Drag,browsing
1571029111.939,-912,525,None,Drag,browsing
1571029111.947,-911,531,None,Drag,browsing
1571029111.955,-910,535,None,Drag,browsing
1571029111.962,-909,540,None,Drag,browsing
1571029111.97,-909,544,None,Drag,browsing
1571029111.978,-908,548,None,Drag,browsing
1571029111.986,-907,554,None,Drag,browsing
1571029111.995,-906,557,None,Drag,browsing
1571029112.0029998,-905,560,None,Drag,browsing
1571029112.0110002,-905,561,None,Drag,browsing
1571029112.029,-903,565,None,Drag,browsing
1571029112.035,-903,566,None,Drag,browsing
1571029112.042,-903,566,None,Drag,browsing
1571029112.059,-903,567,None,Drag,browsing
1571029112.194,-903,567,Left,Released,browsing
1571029112.306,-903,567,Left,Pressed,browsing
1571029112.395,-903,567,Left,Released,browsing
1571029112.498,-903,568,None,Move,browsing
1571029112.5070002,-903,570,None,Move,browsing
1571029112.515,-904,572,None,Move,browsing
1571029112.5229998,-905,575,None,Move,browsing
1571029112.53,-906,578,None,Move,browsing
1571029112.538,-908,581,None,Move,browsing
1571029112.546,-911,587,None,Move,browsing
1571029112.554,-913,590,None,Move,browsing
1571029112.563,-915,594,None,Move,browsing
1571029112.571,-917,598,None,Move,browsing
1571029112.579,-918,602,None,Move,browsing
1571029112.586,-920,606,None,Move,browsing
1571029112.594,-923,613,None,Move,browsing
1571029112.6020002,-926,619,None,Move,browsing
1571029112.61,-929,625,None,Move,browsing
1571029112.619,-932,630,None,Move,browsing
1571029112.627,-934,635,None,Move,browsing
1571029112.635,-937,641,None,Move,browsing
1571029112.643,-940,649,None,Move,browsing
1571029112.651,-942,653,None,Move,browsing
1571029112.659,-945,660,None,Move,browsing
1571029112.667,-947,665,None,Move,browsing
1571029112.675,-948,667,None,Move,browsing
1571029112.696,-950,673,None,Move,browsing
1571029112.701,-950,674,None,Move,browsing
1571029112.707,-951,676,None,Move,browsing
1571029112.714,-951,676,None,Move,browsing
1571029112.722,-952,677,None,Move,browsing
1571029112.7389998,-952,678,None,Move,browsing
1571029112.826,-952,677,None,Move,browsing
1571029112.834,-952,676,None,Move,browsing
1571029112.842,-952,673,None,Move,browsing
1571029112.851,-952,668,None,Move,browsing
1571029112.859,-953,660,None,Move,browsing
1571029112.867,-958,647,None,Move,browsing
1571029112.8739998,-964,633,None,Move,browsing
1571029112.8820002,-967,620,None,Move,browsing
1571029112.89,-969,609,None,Move,browsing
1571029112.9120002,-970,607,None,Move,browsing
1571029113.323,-968,608,None,Move,browsing
1571029113.331,-963,613,None,Move,browsing
1571029113.3379998,-956,618,None,Move,browsing
1571029113.346,-948,623,None,Move,browsing
1571029113.354,-947,623,None,Move,browsing
1571029113.387,-946,624,None,Move,browsing
1571029113.394,-946,624,None,Move,browsing
1571029113.4020002,-945,624,None,Move,browsing
1571029113.41,-945,625,None,Move,browsing
1571029113.419,-945,625,None,Move,browsing
1571029113.427,-944,625,None,Move,browsing
1571029113.435,-943,627,None,Move,browsing
1571029113.4429998,-943,627,None,Move,browsing
1571029113.45,-942,629,None,Move,browsing
1571029113.458,-942,629,None,Move,browsing
1571029113.466,-940,631,None,Move,browsing
1571029113.475,-940,632,None,Move,browsing
1571029113.4829998,-938,634,None,Move,browsing
1571029113.4910002,-938,635,None,Move,browsing
1571029113.4989998,-937,637,None,Move,browsing
1571029113.506,-937,638,None,Move,browsing
1571029113.514,-936,639,None,Move,browsing
1571029113.522,-936,641,None,Move,browsing
1571029113.531,-936,641,None,Move,browsing
1571029113.539,-935,642,None,Move,browsing
1571029113.5470002,-934,642,None,Move,browsing
1571029113.563,-934,643,None,Move,browsing
1571029113.57,-933,643,None,Move,browsing
1571029113.5779998,-933,643,None,Move,browsing
1571029113.586,-932,643,None,Move,browsing
1571029113.603,-931,645,None,Move,browsing
1571029113.611,-931,645,None,Move,browsing
1571029113.627,-930,646,None,Move,browsing
1571029128.8860002,-928,646,None,Move,browsing
1571029128.895,-927,644,None,Move,browsing
1571029128.9020002,-925,641,None,Move,browsing
1571029128.909,-925,638,None,Move,browsing
1571029128.917,-925,635,None,Move,browsing
1571029128.924,-925,628,None,Move,browsing
1571029128.9320002,-926,621,None,Move,browsing
1571029128.94,-929,608,None,Move,browsing
1571029128.949,-931,598,None,Move,browsing
1571029128.957,-931,589,None,Move,browsing
1571029128.965,-931,589,None,Move,browsing
1571029129.069,-931,588,None,Move,browsing
1571029129.461,-933,592,None,Move,browsing
1571029129.468,-934,597,None,Move,browsing
1571029129.4770002,-934,601,None,Move,browsing
1571029129.485,-934,606,None,Move,browsing
1571029129.492,-934,611,None,Move,browsing
1571029129.5,-934,614,None,Move,browsing
1571029129.508,-934,618,None,Move,browsing
1571029129.5170002,-934,621,None,Move,browsing
1571029129.526,-935,626,None,Move,browsing
1571029129.533,-936,629,None,Move,browsing
1571029129.541,-936,632,None,Move,browsing
1571029129.549,-936,636,None,Move,browsing
1571029129.556,-936,639,None,Move,browsing
1571029129.564,-937,641,None,Move,browsing
1571029129.572,-937,643,None,Move,browsing
1571029129.581,-937,644,None,Move,browsing
1571029129.589,-937,646,None,Move,browsing
1571029129.597,-937,648,None,Move,browsing
1571029129.605,-935,652,None,Move,browsing
1571029129.6120002,-935,654,None,Move,browsing
1571029129.62,-935,656,None,Move,browsing
1571029129.627,-934,657,None,Move,browsing
1571029129.637,-934,658,None,Move,browsing
1571029129.645,-934,660,None,Move,browsing
1571029129.6520002,-934,661,None,Move,browsing
1571029129.661,-934,662,None,Move,browsing
1571029129.668,-934,664,None,Move,browsing
1571029129.677,-934,664,None,Move,browsing
1571029129.684,-934,665,None,Move,browsing
1571029129.6920002,-934,666,None,Move,browsing
1571029129.701,-934,666,None,Move,browsing
1571029129.718,-934,667,None,Move,browsing
1571029129.724,-934,668,None,Move,browsing
1571029911.678,-934,666,None,Move,browsing
1571029911.71,-922,606,None,Move,browsing
1571029911.718,-921,603,None,Move,browsing
1571029911.7229998,-921,602,None,Move,browsing
1571029911.736,-921,601,None,Move,browsing
1571029911.752,-921,601,None,Move,browsing
1571029911.7589998,-921,600,None,Move,browsing
1571029911.776,-921,599,None,Move,browsing
1571029911.784,-921,599,None,Move,browsing
1571029911.8079998,-921,598,None,Move,browsing
1571029913.745,-920,597,None,Move,browsing
1571029913.752,-920,596,None,Move,browsing
1571029913.7610002,-919,594,None,Move,browsing
1571029913.769,-917,591,None,Move,browsing
1571029913.7770002,-917,590,None,Move,browsing
1571029913.785,-916,588,None,Move,browsing
1571029913.793,-915,586,None,Move,browsing
1571029913.801,-914,584,None,Move,browsing
1571029913.8070002,-914,583,None,Move,browsing
1571029913.816,-914,582,None,Move,browsing
1571029913.825,-913,581,None,Move,browsing
1571029913.833,-913,580,None,Move,browsing
1571029913.841,-913,580,None,Move,browsing
1571029913.857,-913,579,None,Move,browsing
1571030552.62,-886,587,None,Move,browsing
1571030552.6320002,-842,569,None,Move,browsing
1571030553.474,-838,570,None,Move,browsing
1571030553.4829998,-831,571,None,Move,browsing
1571030553.4910002,-830,571,None,Move,browsing
1571030553.586,-829,573,None,Move,browsing
1571030553.595,-827,581,None,Move,browsing
1571030553.603,-822,593,None,Move,browsing
1571030553.611,-817,606,None,Move,browsing
1571030553.619,-811,624,None,Move,browsing
1571030553.627,-798,650,None,Move,browsing
1571030553.635,-786,669,None,Move,browsing
1571030553.6420002,-782,675,None,Move,browsing
1571030553.651,-771,695,None,Move,browsing
1571030553.659,-754,725,None,Move,browsing
1571030553.667,-736,759,None,Move,browsing
1571030553.675,-719,786,None,Move,browsing
1571030553.6829998,-703,817,None,Move,browsing
1571030553.691,-690,843,None,Move,browsing
1571030553.711,-678,868,None,Move,browsing
1571030554.315,-676,868,None,Move,browsing
1571030554.323,-670,872,None,Move,browsing
1571030554.331,-665,873,None,Move,browsing
1571030554.339,-662,873,None,Move,browsing
1571030554.347,-657,873,None,Move,browsing
1571030554.355,-653,872,None,Move,browsing
1571030554.363,-650,870,None,Move,browsing
1571030554.3720002,-642,866,None,Move,browsing
1571030554.38,-638,862,None,Move,browsing
1571030554.3879998,-632,858,None,Move,browsing
1571030554.395,-627,854,None,Move,browsing
1571030554.403,-623,851,None,Move,browsing
1571030554.411,-619,846,None,Move,browsing
1571030554.419,-614,840,None,Move,browsing
1571030554.427,-610,834,None,Move,browsing
1571030554.435,-605,829,None,Move,browsing
1571030554.4429998,-599,822,None,Move,browsing
1571030554.451,-591,814,None,Move,browsing
1571030554.459,-583,805,None,Move,browsing
1571030554.467,-575,799,None,Move,browsing
1571030554.4889998,-565,790,None,Move,browsing
1571030554.4970002,-521,748,None,Move,browsing
1571030554.505,-511,738,None,Move,browsing
1571030554.512,-493,721,None,Move,browsing
1571030554.521,-475,705,None,Move,browsing
1571030554.54,-433,661,None,Move,browsing
1571030554.545,-414,640,None,Move,browsing
1571030554.553,-399,625,None,Move,browsing
1571030554.561,-381,609,None,Move,browsing
1571030554.569,-358,587,None,Move,browsing
1571030554.577,-340,573,None,Move,browsing
1571030554.585,-326,561,None,Move,browsing
1571030554.593,-314,551,None,Move,browsing
1571030554.601,-304,543,None,Move,browsing
1571030554.609,-294,537,None,Move,browsing
1571030554.617,-288,533,None,Move,browsing
1571030554.6239998,-281,529,None,Move,browsing
1571030554.633,-278,527,None,Move,browsing
1571030554.641,-275,525,None,Move,browsing
1571030554.649,-275,525,None,Move,browsing
1571030554.657,-274,525,None,Move,browsing
1571030554.665,-274,524,None,Move,browsing
1571030554.673,-273,524,None,Move,browsing
1571030554.729,-272,524,None,Move,browsing
1571030554.7370002,-272,524,None,Move,browsing
1571030554.745,-269,524,None,Move,browsing
1571030554.7529998,-265,524,None,Move,browsing
1571030554.7610002,-257,526,None,Move,browsing
1571030554.769,-251,527,None,Move,browsing
1571030554.7770002,-242,528,None,Move,browsing
1571030554.785,-236,529,None,Move,browsing
1571030554.793,-228,530,None,Move,browsing
1571030554.801,-219,531,None,Move,browsing
1571030554.809,-212,531,None,Move,browsing
1571030554.8170002,-208,531,None,Move,browsing
1571030554.825,-204,531,None,Move,browsing
1571030554.833,-201,531,None,Move,browsing
1571030554.841,-200,531,None,Move,browsing
1571030554.849,-200,531,None,Move,browsing
1571030556.834,-198,531,None,Move,browsing
1571030556.8479998,-191,532,None,Move,browsing
1571030556.856,-185,533,None,Move,browsing
1571030556.865,-177,534,None,Move,browsing
1571030556.873,-166,537,None,Move,browsing
1571030556.881,-158,539,None,Move,browsing
1571030556.8879998,-147,542,None,Move,browsing
1571030556.896,-135,544,None,Move,browsing
1571030556.904,-116,546,None,Move,browsing
1571030556.9120002,-103,549,None,Move,browsing
1571030556.921,-88,550,None,Move,browsing
1571030556.93,-78,550,None,Move,browsing
1571030556.937,-69,549,None,Move,browsing
1571030556.946,-62,544,None,Move,browsing
1571030556.952,-57,538,None,Move,browsing
1571030556.96,-55,531,None,Move,browsing
1571030556.969,-55,522,None,Move,browsing
1571030556.9770002,-54,515,None,Move,browsing
1571030556.985,-50,507,None,Move,browsing
1571030556.992,-48,503,None,Move,browsing
1571030557.633,-47,504,None,Move,browsing
1571030557.641,-45,506,None,Move,browsing
1571030557.649,-44,508,None,Move,browsing
1571030557.657,-39,512,None,Move,browsing
1571030557.665,-34,516,None,Move,browsing
1571030557.674,-28,520,None,Move,browsing
1571030557.6820002,-19,525,None,Move,browsing
1571030557.69,-9,531,None,Move,browsing
1571030557.697,4,537,None,Move,browsing
1571030557.705,31,550,None,Move,browsing
1571030557.7129998,65,563,None,Move,browsing
1571030557.721,98,575,None,Move,browsing
1571030557.73,133,579,None,Move,browsing
1571030557.74,175,584,None,Move,browsing
1571030557.7470002,222,588,None,Move,browsing
1571030557.755,276,594,None,Move,browsing
1571030557.762,327,599,None,Move,browsing
1571030557.769,377,604,None,Move,browsing
1571030557.7770002,426,604,None,Move,browsing
1571030557.785,464,606,None,Move,browsing
1571030557.793,510,611,None,Move,browsing
1571030557.802,565,616,None,Move,browsing
1571030557.809,608,623,None,Move,browsing
1571030557.8170002,650,628,None,Move,browsing
1571030557.825,686,635,None,Move,browsing
1571030557.833,706,638,None,Move,browsing
1571030557.842,731,640,None,Move,browsing
1571030557.85,751,643,None,Move,browsing
1571030557.8579998,767,645,None,Move,browsing
1571030557.865,783,646,None,Move,browsing
1571030557.873,794,648,None,Move,browsing
1571030557.881,802,649,None,Move,browsing
1571030557.889,812,651,None,Move,browsing
1571030557.8979998,821,652,None,Move,browsing
1571030557.921,827,653,None,Move,browsing
1571030557.927,834,653,None,Move,browsing
1571030557.9329998,836,653,None,Move,browsing
1571030558.218,844,649,None,Move,browsing
1571030558.225,855,643,None,Move,browsing
1571030558.232,883,627,None,Move,browsing
1571030558.24,913,614,None,Move,browsing
1571030558.248,943,601,None,Move,browsing
1571030558.256,974,588,None,Move,browsing
1571030558.265,1003,577,None,Move,browsing
1571030558.2729998,1022,569,None,Move,browsing
1571030558.281,1036,562,None,Move,browsing
1571030558.3070002,1059,555,None,Move,browsing
1571030558.313,1061,554,None,Move,browsing
1571030558.321,1062,553,None,Move,browsing
1571030558.329,1063,553,None,Move,browsing
1571030558.337,1064,553,None,Move,browsing
1571030558.344,1064,553,None,Move,browsing
1571030558.353,1066,553,None,Move,browsing
1571030558.36,1068,553,None,Move,browsing
1571030558.3679998,1070,552,None,Move,browsing
1571030558.377,1071,550,None,Move,browsing
1571030558.385,1071,544,None,Move,browsing
1571030558.393,1066,535,None,Move,browsing
1571030558.4,1060,526,None,Move,browsing
1571030558.408,1052,517,None,Move,browsing
1571030558.416,1052,513,None,Move,browsing
1571030558.424,1052,511,None,Move,browsing
1571030558.985,1052,510,None,Move,browsing
1571030558.9929998,1052,508,None,Move,browsing
1571030559.002,1053,505,None,Move,browsing
1571030559.01,1055,500,None,Move,browsing
1571030559.018,1056,498,None,Move,browsing
1571030559.026,1058,496,None,Move,browsing
1571030559.033,1060,492,None,Move,browsing
1571030559.04,1064,487,None,Move,browsing
1571030559.049,1066,485,None,Move,browsing
1571030559.0579998,1066,482,None,Move,browsing
1571030559.066,1067,477,None,Move,browsing
1571030559.074,1068,474,None,Move,browsing
1571030559.081,1068,471,None,Move,browsing
1571030559.09,1070,466,None,Move,browsing
1571030559.097,1072,461,None,Move,browsing
1571030559.105,1073,458,None,Move,browsing
1571030559.113,1076,453,None,Move,browsing
1571030559.1220002,1078,448,None,Move,browsing
1571030559.129,1081,443,None,Move,browsing
1571030559.1379998,1086,436,None,Move,browsing
1571030559.146,1088,434,None,Move,browsing
1571030559.153,1091,429,None,Move,browsing
1571030559.16,1094,426,None,Move,browsing
1571030559.17,1098,422,None,Move,browsing
1571030559.177,1101,419,None,Move,browsing
1571030559.186,1105,415,None,Move,browsing
1571030559.194,1108,413,None,Move,browsing
1571030559.202,1113,409,None,Move,browsing
1571030559.209,1115,407,None,Move,browsing
1571030559.217,1119,405,None,Move,browsing
1571030559.225,1121,404,None,Move,browsing
1571030559.234,1123,402,None,Move,browsing
1571030559.2410002,1125,400,None,Move,browsing
1571030559.25,1126,399,None,Move,browsing
1571030559.2570002,1127,398,None,Move,browsing
1571030559.354,1127,398,Left,Pressed,browsing
1571030559.441,1127,398,Left,Released,office
1571030559.697,1128,398,None,Move,office
1571030559.705,1136,397,None,Move,office
1571030559.712,1141,397,None,Move,office
1571030559.72,1145,397,None,Move,office
1571030559.729,1152,398,None,Move,office
1571030559.738,1160,400,None,Move,office
1571030559.745,1166,400,None,Move,office
1571030559.7529998,1175,401,None,Move,office
1571030559.76,1181,402,None,Move,office
1571030559.768,1186,403,None,Move,office
1571030559.7770002,1192,403,None,Move,office
1571030559.785,1200,405,None,Move,office
1571030559.793,1205,406,None,Move,office
1571030559.801,1208,408,None,Move,office
1571030559.809,1213,409,None,Move,office
1571030559.8170002,1215,410,None,Move,office
1571030559.824,1216,410,None,Move,office
1571030559.832,1217,410,None,Move,office
1571030559.889,1218,412,None,Move,office
1571030559.899,1220,414,None,Move,office
1571030559.914,1224,419,None,Move,office
1571030559.92,1224,419,Left,Pressed,office
1571030559.925,1230,428,None,Drag,office
1571030559.93,1234,435,None,Drag,office
1571030559.936,1240,443,None,Drag,office
1571030559.945,1245,450,None,Drag,office
1571030559.954,1249,455,None,Drag,office
1571030559.962,1253,460,None,Drag,office
1571030559.97,1259,466,None,Drag,office
1571030559.978,1262,469,None,Drag,office
1571030559.986,1266,474,None,Drag,office
1571030559.992,1269,478,None,Drag,office
1571030560.0010002,1272,480,None,Drag,office
1571030560.01,1272,481,None,Drag,office
1571030560.018,1273,483,None,Drag,office
1571030560.026,1276,485,None,Drag,office
1571030560.034,1276,486,None,Drag,office
1571030560.042,1276,487,None,Drag,office
1571030560.05,1277,487,None,Drag,office
1571030560.0570002,1278,488,None,Drag,office
1571030560.074,1279,490,None,Drag,office
1571030560.082,1280,491,None,Drag,office
1571030560.09,1280,492,None,Drag,office
1571030560.097,1281,494,None,Drag,office
1571030560.106,1282,495,None,Drag,office
1571030560.121,1283,496,None,Drag,office
1571030560.49,1283,496,Left,Released,office
1571030560.603,1283,496,None,Move,office
1571030560.613,1282,491,None,Move,office
1571030560.619,1282,488,None,Move,office
1571030560.625,1281,484,None,Move,office
1571030560.633,1280,481,None,Move,office
1571030560.6420002,1280,474,None,Move,office
1571030560.65,1279,463,None,Move,office
1571030560.658,1278,459,None,Move,office
1571030560.666,1278,454,None,Move,office
1571030560.674,1277,451,None,Move,office
1571030560.681,1277,448,None,Move,office
1571030560.689,1277,446,None,Move,office
1571030560.698,1277,444,None,Move,office
1571030560.705,1277,442,None,Move,office
1571030560.714,1277,441,None,Move,office
1571030560.722,1277,440,None,Move,office
1571030560.827,1277,440,Left,Pressed,office
1571030560.89,1277,440,Left,Released,office
1571030560.978,1278,438,None,Move,office
1571030560.985,1279,434,None,Move,office
1571030560.9929998,1281,430,None,Move,office
1571030561.0010002,1282,426,None,Move,office
1571030561.0089998,1284,422,None,Move,office
1571030561.0170002,1285,419,None,Move,office
1571030561.024,1289,414,None,Move,office
1571030561.033,1290,411,None,Move,office
1571030561.041,1294,406,None,Move,office
1571030561.049,1294,405,None,Move,office
1571030561.0570002,1296,404,None,Move,office
1571030561.074,1297,403,None,Move,office
1571030561.145,1297,403,Left,Pressed,office
1571030561.169,1298,404,None,Drag,office
1571030561.177,1301,409,None,Drag,office
1571030561.185,1303,416,None,Drag,office
1571030561.1929998,1306,422,None,Drag,office
1571030561.2,1310,429,None,Drag,office
1571030561.209,1313,436,None,Drag,office
1571030561.217,1319,447,None,Drag,office
1571030561.225,1323,454,None,Drag,office
1571030561.2329998,1326,459,None,Drag,office
1571030561.2410002,1328,462,None,Drag,office
1571030561.2489998,1330,465,None,Drag,office
1571030561.256,1331,467,None,Drag,office
1571030561.265,1332,467,None,Drag,office
1571030561.474,1332,467,Left,Released,office
1571030561.6179998,1332,467,Left,Pressed,office
1571030561.69,1332,467,Left,Released,office
1571030561.8739998,1330,467,None,Move,office
1571030561.8820002,1324,467,None,Move,office
1571030561.89,1315,464,None,Move,office
1571030561.8979998,1303,458,None,Move,office
1571030561.906,1288,455,None,Move,office
1571030561.914,1264,445,None,Move,office
1571030561.9220002,1232,437,None,Move,office
1571030561.93,1203,429,None,Move,office
1571030561.938,1167,420,None,Move,office
1571030561.945,1135,413,None,Move,office
1571030561.954,1106,405,None,Move,office
1571030561.962,1077,397,None,Move,office
1571030561.97,1065,389,None,Move,office
1571030561.978,1053,379,None,Move,office
1571030561.986,1046,368,None,Move,office
1571030561.994,1039,355,None,Move,office
1571030562.0010002,1032,348,None,Move,office
1571030562.01,1021,337,None,Move,office
1571030562.409,1027,342,None,Move,office
1571030562.418,1030,344,None,Move,office
1571030562.426,1035,346,None,Move,office
1571030562.4329998,1044,351,None,Move,office
1571030562.441,1051,355,None,Move,office
1571030562.449,1059,358,None,Move,office
1571030562.457,1070,361,None,Move,office
1571030562.465,1084,366,None,Move,office
1571030562.474,1099,370,None,Move,office
1571030562.482,1115,375,None,Move,office
1571030562.49,1132,382,None,Move,office
1571030562.498,1146,385,None,Move,office
1571030562.506,1166,390,None,Move,office
1571030562.514,1184,392,None,Move,office
1571030562.522,1207,395,None,Move,office
1571030562.529,1246,400,None,Move,office
1571030562.5370002,1287,402,None,Move,office
1571030562.546,1317,404,None,Move,office
1571030562.553,1362,404,None,Move,office
1571030562.562,1399,404,None,Move,office
1571030562.569,1433,403,None,Move,office
1571030562.5779998,1457,403,None,Move,office
1571030562.585,1479,401,None,Move,office
1571030562.593,1495,400,None,Move,office
1571030562.601,1511,400,None,Move,office
1571030562.609,1524,398,None,Move,office
1571030562.6179998,1536,397,None,Move,office
1571030562.6260002,1546,395,None,Move,office
1571030562.633,1553,394,None,Move,office
1571030562.641,1556,393,None,Move,office
1571030562.65,1559,392,None,Move,office
1571030562.658,1561,391,None,Move,office
1571030562.666,1563,391,None,Move,office
1571030562.673,1563,390,None,Move,office
1571030562.6820002,1564,389,None,Move,office
1571030562.697,1565,389,None,Move,office
1571030562.7029998,1566,388,None,Move,office
1571030562.709,1567,387,None,Move,office
1571030562.7370002,1568,387,None,Move,office
1571030562.754,1568,387,None,Move,office
1571030562.7610002,1569,386,None,Move,office
1571030562.769,1570,386,None,Move,office
1571030562.778,1573,385,None,Move,office
1571030562.785,1576,385,None,Move,office
1571030562.793,1580,384,None,Move,office
1571030562.801,1586,383,None,Move,office
1571030562.809,1592,382,None,Move,office
1571030562.8179998,1601,379,None,Move,office
1571030562.826,1606,376,None,Move,office
1571030562.833,1613,374,None,Move,office
1571030562.842,1621,371,None,Move,office
1571030562.849,1626,370,None,Move,office
1571030562.8579998,1632,368,None,Move,office
1571030562.8660002,1641,365,None,Move,office
1571030562.8739998,1646,364,None,Move,office
1571030562.8820002,1654,363,None,Move,office
1571030562.889,1664,361,None,Move,office
1571030562.8979998,1673,359,None,Move,office
1571030562.905,1684,355,None,Move,office
1571030562.914,1694,351,None,Move,office
1571030562.921,1701,348,None,Move,office
1571030562.93,1708,345,None,Move,office
1571030562.937,1713,342,None,Move,office
1571030562.962,1716,340,None,Move,office
1571030562.968,1722,336,None,Move,office
1571030562.974,1724,334,None,Move,office
1571030562.979,1725,333,None,Move,office
1571030562.985,1727,331,None,Move,office
1571030562.9929998,1729,328,None,Move,office
1571030563.0010002,1731,324,None,Move,office
1571030563.01,1733,322,None,Move,office
1571030563.0170002,1734,320,None,Move,office
1571030563.026,1737,317,None,Move,office
1571030563.034,1738,315,None,Move,office
1571030563.041,1740,310,None,Move,office
1571030563.049,1741,307,None,Move,office
1571030563.0570002,1742,303,None,Move,office
1571030563.065,1744,300,None,Move,office
1571030563.074,1746,297,None,Move,office
1571030563.081,1747,295,None,Move,office
1571030563.09,1748,291,None,Move,office
1571030563.0979998,1750,288,None,Move,office
1571030563.106,1751,286,None,Move,office
1571030563.129,1753,283,None,Move,office
1571030563.135,1755,277,None,Move,office
1571030563.141,1756,275,None,Move,office
1571030563.1479998,1757,273,None,Move,office
1571030563.154,1757,272,None,Move,office
1571030563.1620002,1758,271,None,Move,office
1571030563.169,1758,271,None,Move,office
1571030563.177,1759,270,None,Move,office
1571030563.185,1759,269,None,Move,office
1571030563.202,1759,268,None,Move,office
1571030564.29,1759,268,None,Move,office
1571030564.3070002,1757,268,None,Move,office
1571030564.314,1756,268,None,Move,office
1571030564.32,1754,268,None,Move,office
1571030564.325,1750,267,None,Move,office
1571030564.331,1748,267,None,Move,office
1571030564.3379998,1746,267,None,Move,office
1571030564.346,1745,267,None,Move,office
1571030564.353,1744,267,None,Move,office
1571030564.361,1743,267,None,Move,office
1571030564.377,1742,267,None,Move,office
1571030564.385,1741,267,None,Move,office
1571030564.4020002,1740,267,None,Move,office
1571030564.417,1739,267,None,Move,office
1571030564.434,1739,267,None,Move,office
1571030564.451,1737,267,None,Move,office
1571030564.458,1735,267,None,Move,office
1571030564.465,1734,267,None,Move,office
1571030564.4729998,1733,267,None,Move,office
1571030564.481,1732,267,None,Move,office
1571030564.4889998,1732,267,None,Move,office
1571030564.506,1731,267,None,Move,office
1571030564.514,1730,267,None,Move,office
1571030564.641,1729,267,None,Move,office
1571030564.7870002,1728,267,None,Move,office
1571030564.795,1727,267,None,Move,office
1571030564.81,1727,267,None,Move,office
1571030564.8179998,1725,267,None,Move,office
1571030564.842,1723,267,None,Move,office
1571030564.859,1722,267,None,Move,office
1571030564.8660002,1721,267,None,Move,office
1571030564.8739998,1720,267,None,Move,office
1571030564.8820002,1719,267,None,Move,office
1571030564.89,1719,267,None,Move,office
1571030564.907,1718,267,None,Move,office
1571030568.042,1721,265,None,Move,office
1571030568.051,1724,264,None,Move,office
1571030568.0579998,1727,263,None,Move,office
1571030568.066,1729,263,None,Move,office
1571030568.074,1731,262,None,Move,office
1571030568.082,1732,262,None,Move,office
1571030568.089,1733,261,None,Move,office
1571030568.097,1734,261,None,Move,office
1571030568.106,1735,261,None,Move,office
1571030568.5070002,1735,261,None,Move,office
1571030568.515,1734,261,None,Move,office
1571030568.5229998,1732,260,None,Move,office
1571030568.531,1730,260,None,Move,office
1571030568.539,1727,260,None,Move,office
1571030568.546,1724,260,None,Move,office
1571030568.555,1721,260,None,Move,office
1571030568.563,1717,260,None,Move,office
1571030568.571,1714,260,None,Move,office
1571030568.579,1712,260,None,Move,office
1571030568.587,1709,260,None,Move,office
1571030568.595,1707,260,None,Move,office
1571030568.6020002,1703,260,None,Move,office
1571030568.619,1701,260,None,Move,office
1571030568.627,1699,260,None,Move,office
1571030568.643,1698,260,None,Move,office
1571030568.883,1699,260,None,Move,office
1571030568.899,1700,260,None,Move,office
1571030568.915,1701,260,None,Move,office
1571030568.9220002,1701,260,None,Move,office
1571030568.93,1702,260,None,Move,office
1571030568.939,1703,260,None,Move,office
1571030568.947,1705,260,None,Move,office
1571030568.955,1707,260,None,Move,office
1571030568.9629998,1708,260,None,Move,office
1571030568.971,1710,260,None,Move,office
1571030568.979,1711,260,None,Move,office
1571030568.986,1712,260,None,Move,office
1571030568.995,1713,260,None,Move,office
1571030569.0029998,1714,260,None,Move,office
1571030569.0110002,1715,260,None,Move,office
1571030569.019,1716,260,None,Move,office
1571030569.0270002,1717,260,None,Move,office
1571030569.035,1717,260,None,Move,office
1571030569.051,1718,259,None,Move,office
1571030569.059,1719,259,None,Move,office
1571030569.075,1720,259,None,Move,office
1571030569.083,1721,259,None,Move,office
1571030569.091,1722,259,None,Move,office
1571030569.0979998,1723,258,None,Move,office
1571030569.107,1723,258,None,Move,office
1571030569.115,1724,258,None,Move,office
1571030569.123,1725,258,None,Move,office
1571030569.131,1726,258,None,Move,office
1571030569.139,1727,258,None,Move,office
1571030569.195,1728,258,None,Move,office
1571030569.21,1729,257,None,Move,office
1571030569.2270002,1729,257,None,Move,office
1571030569.235,1730,256,None,Move,office
1571030569.2429998,1731,256,None,Move,office
1571030569.2510002,1732,256,None,Move,office
1571030569.2589998,1734,255,None,Move,office
1571030569.2670002,1735,255,None,Move,office
1571030569.275,1736,255,None,Move,office
1571030569.283,1736,255,None,Move,office
1571030569.299,1737,255,None,Move,office
1571030569.316,1738,254,None,Move,office
1571030569.6260002,1738,254,Left,Pressed,office
1571030569.715,1738,254,Left,Released,office
1571030570.13,1736,254,None,Move,office
1571030570.1379998,1734,254,None,Move,office
1571030570.146,1733,254,None,Move,office
1571030570.1620002,1733,254,None,Move,office
1571030570.17,1732,254,None,Move,office
1571030570.178,1731,254,None,Move,office
1571030570.186,1730,254,None,Move,office
1571030570.194,1729,254,None,Move,office
1571030570.202,1728,254,None,Move,office
1571030570.218,1727,254,None,Move,office
1571030570.779,1740,273,None,Move,office
1571030570.7870002,1754,288,None,Move,office
1571030570.795,1761,297,None,Move,office
1571030570.803,1769,306,None,Move,office
1571030570.811,1773,311,None,Move,office
1571030570.819,1778,314,None,Move,office
1571030570.827,1779,315,None,Move,office
1571030570.851,1779,315,None,Move,office
1571030570.859,1772,310,None,Move,office
1571030570.867,1764,303,None,Move,office
1571030570.875,1755,297,None,Move,office
1571030570.883,1746,291,None,Move,office
1571030570.891,1741,285,None,Move,office
1571030570.899,1735,278,None,Move,office
1571030570.907,1734,276,None,Move,office
1571030570.915,1732,271,None,Move,office
1571030570.923,1731,268,None,Move,office
1571030571.6829998,1736,267,None,Move,office
1571030571.691,1769,267,None,Move,office
1571030571.699,1802,267,None,Move,office
1571030571.707,1840,268,None,Move,office
1571030571.715,1854,268,None,Move,office
1571030571.7229998,1864,268,None,Move,office
1571030571.731,1868,268,None,Move,office
1571030571.74,1871,268,None,Move,office
1571030571.748,1873,268,None,Move,office
1571030571.756,1874,267,None,Move,office
1571030571.764,1876,266,None,Move,office
1571030571.771,1876,265,None,Move,office
1571030571.779,1876,264,None,Move,office
1571030676.522,1877,264,None,Move,office
1571030676.53,2362,106,None,Move,office
1571030676.535,1960,129,None,Move,office
1571030676.562,1940,152,None,Move,office
1571030676.5679998,1924,158,None,Move,office
1571030676.573,1923,161,None,Move,office
1571030676.58,1922,165,None,Move,office
1571030676.587,1921,168,None,Move,office
1571030676.595,1922,173,None,Move,office
1571030676.603,1921,176,None,Move,office
1571030676.611,1924,183,None,Move,office
1571030676.619,1922,188,None,Move,office
1571030676.627,1925,197,None,Move,office
1571030676.635,1925,206,None,Move,office
1571030676.643,1925,215,None,Move,office
1571030676.651,1923,224,None,Move,office
1571030676.659,1922,229,None,Move,office
1571030676.667,1920,233,None,Move,office
1571030676.675,1920,235,None,Move,office
1571030676.6829998,1919,236,None,Move,office
1571030676.699,1919,237,None,Move,office
1571030676.716,1919,238,None,Move,office
1571030676.732,1918,239,None,Move,office
1571030676.7389998,1916,243,None,Move,office
1571030676.7470002,1913,251,None,Move,office
1571030676.755,1908,264,None,Move,office
1571030676.7629998,1905,280,None,Move,office
1571030676.771,1900,301,None,Move,office
1571030676.779,1890,333,None,Move,office
1571030676.7870002,1878,360,None,Move,office
1571030676.795,1862,391,None,Move,office
1571030676.803,1848,415,None,Move,office
1571030676.811,1832,439,None,Move,office
1571030676.819,1815,464,None,Move,office
1571030676.827,1801,482,None,Move,office
1571030676.835,1779,511,None,Move,office
1571030676.843,1764,529,None,Move,office
1571030676.851,1753,546,None,Move,office
1571030676.859,1742,568,None,Move,office
1571030676.867,1730,591,None,Move,office
1571030676.875,1722,609,None,Move,office
1571030676.883,1717,627,None,Move,office
1571030676.891,1713,646,None,Move,office
1571030676.899,1712,658,None,Move,office
1571030676.907,1712,676,None,Move,office
1571030676.915,1712,688,None,Move,office
1571030676.923,1716,700,None,Move,office
1571030676.931,1717,707,None,Move,office
1571030676.939,1718,712,None,Move,office
1571030676.947,1719,714,None,Move,office
1571030676.955,1719,714,None,Move,office
1571030676.9870002,1718,714,None,Move,office
1571030676.995,1715,714,None,Move,office
1571030677.0029998,1710,712,None,Move,office
1571030677.0110002,1702,709,None,Move,office
1571030677.019,1691,704,None,Move,office
1571030677.0270002,1676,701,None,Move,office
1571030677.035,1666,698,None,Move,office
1571030677.043,1647,692,None,Move,office
1571030677.051,1633,688,None,Move,office
1571030677.059,1610,681,None,Move,office
1571030677.0670002,1586,676,None,Move,office
1571030677.075,1554,669,None,Move,office
1571030677.083,1534,664,None,Move,office
1571030677.091,1505,658,None,Move,office
1571030677.099,1470,654,None,Move,office
1571030677.107,1443,650,None,Move,office
1571030677.115,1412,644,None,Move,office
1571030677.137,1389,640,None,Move,office
1571030677.145,1304,622,None,Move,office
1571030677.153,1292,621,None,Move,office
1571030677.161,1284,619,None,Move,office
1571030677.169,1279,618,None,Move,office
1571030677.177,1276,618,None,Move,office
1571030677.185,1275,617,None,Move,office
1571030677.21,1274,617,None,Move,office
1571030677.234,1274,617,None,Move,office
1571030677.258,1272,615,None,Move,office
1571030677.276,1270,613,None,Move,office
1571030677.283,1268,610,None,Move,office
1571030677.289,1263,608,None,Move,office
1571030677.2970002,1258,604,None,Move,office
1571030677.305,1251,601,None,Move,office
1571030677.313,1243,598,None,Move,office
1571030677.321,1236,596,None,Move,office
1571030677.329,1223,593,None,Move,office
1571030677.337,1215,590,None,Move,office
1571030677.345,1202,585,None,Move,office
1571030677.353,1193,581,None,Move,office
1571030677.361,1186,578,None,Move,office
1571030677.369,1183,576,None,Move,office
1571030677.377,1180,573,None,Move,office
1571030677.385,1176,571,None,Move,office
1571030677.393,1173,569,None,Move,office
1571030677.401,1170,567,None,Move,office
1571030677.409,1166,564,None,Move,office
1571030677.417,1163,562,None,Move,office
1571030677.425,1159,559,None,Move,office
1571030677.4329998,1156,557,None,Move,office
1571030677.441,1154,554,None,Move,office
1571030677.449,1152,552,None,Move,office
1571030677.466,1151,551,None,Move,office
1571030677.4729998,1150,550,None,Move,office
1571030677.481,1150,549,None,Move,office
1571030677.4889998,1149,547,None,Move,office
1571030677.4970002,1149,545,None,Move,office
1571030677.505,1149,543,None,Move,office
1571030677.5129998,1149,541,None,Move,office
1571030677.521,1149,540,None,Move,office
1571030677.529,1149,538,None,Move,office
1571030677.5370002,1149,537,None,Move,office
1571030677.545,1149,537,None,Move,office
1571030677.553,1149,536,None,Move,office
1571030677.561,1151,534,None,Move,office
1571030677.569,1151,533,None,Move,office
1571030677.577,1153,531,None,Move,office
1571030677.585,1154,530,None,Move,office
1571030677.593,1154,529,None,Move,office
1571030677.601,1156,527,None,Move,office
1571030677.617,1158,526,None,Move,office
1571030677.633,1160,525,None,Move,office
1571030677.641,1161,525,None,Move,office
1571030677.649,1161,525,None,Move,office
1571030677.665,1162,525,None,Move,office
1571030677.673,1163,525,None,Move,office
1571030677.697,1164,524,None,Move,office
1571030677.722,1165,524,None,Move,office
1571030677.729,1166,524,None,Move,office
1571030677.746,1168,523,None,Move,office
1571030677.7529998,1168,523,None,Move,office
1571030677.7610002,1169,523,None,Move,office
1571030677.769,1170,522,None,Move,office
1571030677.7770002,1171,522,None,Move,office
1571030677.785,1172,522,None,Move,office
1571030677.793,1173,522,None,Move,office
1571030677.81,1175,521,None,Move,office
1571030677.8170002,1175,521,None,Move,office
1571030677.834,1176,521,None,Move,office
1571030678.186,1176,521,Left,Pressed,office
1571030678.266,1176,521,Left,Released,office
1571030678.3860002,1179,521,None,Move,office
1571030678.394,1185,520,None,Move,office
1571030678.4020002,1192,518,None,Move,office
1571030678.41,1200,518,None,Move,office
1571030678.418,1203,518,None,Move,office
1571030678.426,1209,519,None,Move,office
1571030678.434,1224,522,None,Move,office
1571030678.4420002,1238,523,None,Move,office
1571030678.45,1254,525,None,Move,office
1571030678.459,1272,525,None,Move,office
1571030678.466,1284,527,None,Move,office
1571030678.474,1290,527,None,Move,office
1571030678.482,1292,527,None,Move,office
1571030710.673,1294,527,None,Move,office
1571030710.68,1339,517,None,Move,office
1571030710.688,1346,512,None,Move,office
1571030710.694,1347,511,None,Move,office
1571030710.7,1348,510,None,Move,office
1571030710.707,1349,509,None,Move,office
1571030710.722,1350,508,None,Move,office
1571030710.802,1351,507,None,Move,office
1571030710.812,1351,507,None,Move,office
1571030710.819,1354,505,None,Move,office
1571030710.827,1360,504,None,Move,office
1571030710.834,1375,501,None,Move,office
1571030710.842,1391,501,None,Move,office
1571030710.85,1415,501,None,Move,office
1571030710.8579998,1461,499,None,Move,office
1571030710.867,1510,499,None,Move,office
1571030710.875,1587,499,None,Move,office
1571030710.883,1657,500,None,Move,office
1571030710.89,1718,503,None,Move,office
1571030710.8979998,1766,513,None,Move,office
1571030710.906,1794,519,None,Move,office
1571030710.914,1808,524,None,Move,office
1571030710.923,1813,524,None,Move,office
1571030710.931,1814,524,None,Move,office
1571030711.002,1814,525,None,Move,office
1571030711.01,1811,526,None,Move,office
1571030711.018,1806,527,None,Move,office
1571030711.026,1803,528,None,Move,office
1571030711.035,1797,529,None,Move,office
1571030711.043,1788,532,None,Move,office
1571030711.051,1776,535,None,Move,office
1571030711.0579998,1763,538,None,Move,office
1571030711.066,1747,543,None,Move,office
1571030711.074,1729,548,None,Move,office
1571030711.082,1711,552,None,Move,office
1571030711.091,1692,557,None,Move,office
1571030711.099,1670,560,None,Move,office
1571030711.107,1652,562,None,Move,office
1571030711.115,1634,563,None,Move,office
1571030711.1220002,1618,563,None,Move,office
1571030711.13,1606,563,None,Move,office
1571030711.1379998,1590,563,None,Move,office
1571030711.147,1579,561,None,Move,office
1571030711.155,1565,558,None,Move,office
1571030711.163,1554,555,None,Move,office
1571030711.171,1540,550,None,Move,office
1571030711.178,1528,549,None,Move,office
1571030711.186,1515,544,None,Move,office
1571030711.194,1497,541,None,Move,office
1571030711.202,1479,537,None,Move,office
1571030711.211,1459,534,None,Move,office
1571030711.219,1440,531,None,Move,office
1571030711.2270002,1428,531,None,Move,office
1571030711.234,1416,529,None,Move,office
1571030711.242,1408,528,None,Move,office
1571030711.25,1398,528,None,Move,office
1571030711.258,1387,526,None,Move,office
1571030711.2670002,1379,526,None,Move,office
1571030711.275,1367,525,None,Move,office
1571030711.283,1358,523,None,Move,office
1571030711.29,1348,522,None,Move,office
1571030711.298,1340,520,None,Move,office
1571030711.306,1327,519,None,Move,office
1571030711.314,1319,517,None,Move,office
1571030711.323,1311,517,None,Move,office
1571030711.331,1303,517,None,Move,office
1571030711.339,1300,517,None,Move,office
1571030711.346,1296,517,None,Move,office
1571030711.354,1294,517,None,Move,office
1571030711.3620002,1294,517,None,Move,office
1571030711.37,1293,517,None,Move,office
1571030711.379,1291,519,None,Move,office
1571030711.387,1289,521,None,Move,office
1571030711.395,1287,524,None,Move,office
1571030711.4020002,1286,524,None,Move,office
1571030711.41,1284,527,None,Move,office
1571030711.418,1283,528,None,Move,office
1571030711.426,1281,530,None,Move,office
1571030711.435,1280,532,None,Move,office
1571030711.4429998,1279,534,None,Move,office
1571030711.451,1277,538,None,Move,office
1571030711.459,1276,541,None,Move,office
1571030711.466,1275,543,None,Move,office
1571030711.474,1275,546,None,Move,office
1571030711.482,1273,549,None,Move,office
1571030711.4910002,1271,552,None,Move,office
1571030711.4989998,1270,554,None,Move,office
1571030711.5070002,1269,556,None,Move,office
1571030711.515,1269,556,None,Move,office
1571030711.522,1268,557,None,Move,office
1571030711.53,1267,559,None,Move,office
1571030711.538,1267,560,None,Move,office
1571030711.555,1266,561,None,Move,office
1571030711.698,1266,561,Left,Pressed,office
1571030711.802,1266,561,Left,Released,office
1571030712.043,1266,559,None,Move,office
1571030712.051,1266,553,None,Move,office
1571030712.059,1266,545,None,Move,office
1571030712.0670002,1266,535,None,Move,office
1571030712.074,1266,527,None,Move,office
1571030712.082,1266,521,None,Move,office
1571030712.09,1266,510,None,Move,office
1571030712.099,1266,504,None,Move,office
1571030712.107,1266,494,None,Move,office
1571030712.115,1266,489,None,Move,office
1571030712.123,1267,485,None,Move,office
1571030712.13,1268,483,None,Move,office
1571030712.1379998,1269,481,None,Move,office
1571030712.146,1269,480,None,Move,office
1571030712.154,1270,479,None,Move,office
1571030712.4429998,1270,477,None,Move,office
1571030712.451,1270,473,None,Move,office
1571030712.459,1271,469,None,Move,office
1571030712.467,1271,466,None,Move,office
1571030712.474,1273,462,None,Move,office
1571030712.482,1273,458,None,Move,office
1571030712.49,1273,455,None,Move,office
1571030712.4989998,1274,447,None,Move,office
1571030712.5070002,1275,441,None,Move,office
1571030712.515,1276,434,None,Move,office
1571030712.5229998,1278,428,None,Move,office
1571030712.531,1279,421,None,Move,office
1571030712.538,1280,417,None,Move,office
1571030712.546,1280,414,None,Move,office
1571030712.555,1281,410,None,Move,office
1571030712.563,1281,408,None,Move,office
1571030712.571,1281,406,None,Move,office
1571030712.579,1281,406,None,Move,office
1571030712.587,1282,405,None,Move,office
1571030712.6020002,1282,404,None,Move,office
1571030713.2589998,1282,403,None,Move,office
1571030713.2670002,1281,402,None,Move,office
1571030713.275,1281,401,None,Move,office
1571030713.291,1280,401,None,Move,office
1571030713.31,1279,401,None,Move,office
1571030713.3179998,1278,400,None,Move,office
1571030713.347,1277,400,None,Move,office
1571030713.363,1276,400,None,Move,office
1571030713.379,1275,399,None,Move,office
1571030713.411,1275,398,None,Move,office
1571030713.819,1275,399,None,Move,office
1571030713.8279998,1276,404,None,Move,office
1571030713.8479998,1283,410,None,Move,office
1571030713.854,1285,414,None,Move,office
1571030713.86,1287,416,None,Move,office
1571030713.867,1288,418,None,Move,office
1571030713.8739998,1290,420,None,Move,office
1571030713.883,1291,422,None,Move,office
1571030713.891,1293,424,None,Move,office
1571030713.899,1293,425,None,Move,office
1571030713.907,1294,427,None,Move,office
1571030713.915,1295,428,None,Move,office
1571030713.924,1296,430,None,Move,office
1571030713.93,1297,431,None,Move,office
1571030713.939,1298,431,None,Move,office
1571030713.947,1299,431,None,Move,office
1571030714.284,1301,444,None,Move,office
1571030714.294,1304,454,None,Move,office
1571030714.3,1307,467,None,Move,office
1571030714.3070002,1312,476,None,Move,office
1571030714.315,1315,486,None,Move,office
1571030714.323,1316,495,None,Move,office
1571030714.331,1319,505,None,Move,office
1571030714.339,1322,510,None,Move,office
1571030714.347,1324,515,None,Move,office
1571030714.355,1325,518,None,Move,office
1571030714.363,1326,520,None,Move,office
1571030714.371,1326,521,None,Move,office
1571030714.379,1327,522,None,Move,office
1571030753.24,1332,529,None,Move,office
1571030753.248,1341,538,None,Move,office
1571030753.256,1358,547,None,Move,office
1571030753.264,1378,552,None,Move,office
1571030753.272,1407,560,None,Move,office
1571030753.28,1443,566,None,Move,office
1571030753.2870002,1489,569,None,Move,office
1571030753.295,1540,576,None,Move,office
1571030753.304,1567,580,None,Move,office
1571030753.312,1586,582,None,Move,office
1571030753.32,1599,582,None,Move,office
1571030753.3279998,1600,582,None,Move,office
1571030753.336,1601,581,None,Move,office
1571030753.343,1602,579,None,Move,office
1571030753.351,1604,577,None,Move,office
1571030753.36,1606,575,None,Move,office
1571030753.3679998,1607,573,None,Move,office
1571030753.3760002,1608,571,None,Move,office
1571030753.3839998,1609,567,None,Move,office
1571030753.3920002,1609,566,None,Move,office
1571030753.4,1609,566,None,Move,office
1571030753.407,1609,563,None,Move,office
1571030753.416,1609,561,None,Move,office
1571030753.4320002,1608,559,None,Move,office
1571030753.448,1607,559,None,Move,office
1571030753.455,1606,558,None,Move,office
1571030753.472,1605,556,None,Move,office
1571030753.4910002,1605,555,None,Move,office
1571030753.801,1603,556,None,Move,office
1571030753.8079998,1601,559,None,Move,office
1571030753.816,1598,564,None,Move,office
1571030753.824,1595,565,None,Move,office
1571030753.832,1593,566,None,Move,office
1571030753.84,1591,567,None,Move,office
1571030753.8479998,1589,567,None,Move,office
1571030753.856,1587,568,None,Move,office
1571030753.863,1586,569,None,Move,office
1571030753.8720002,1585,570,None,Move,office
1571030753.88,1585,571,None,Move,office
1571030753.896,1584,572,None,Move,office
1571030753.904,1584,572,None,Move,office
1571030753.919,1584,573,None,Move,office
1571030753.936,1584,574,None,Move,office
1571030753.951,1583,575,None,Move,office
1571030753.96,1581,576,None,Move,office
1571030753.968,1579,577,None,Move,office
1571030753.975,1576,579,None,Move,office
1571030753.984,1574,579,None,Move,office
1571030753.992,1569,580,None,Move,office
1571030754.0,1564,583,None,Move,office
1571030754.008,1559,584,None,Move,office
1571030754.016,1555,585,None,Move,office
1571030754.024,1551,587,None,Move,office
1571030754.031,1547,590,None,Move,office
1571030754.04,1542,592,None,Move,office
1571030754.048,1537,595,None,Move,office
1571030754.056,1535,596,None,Move,office
1571030754.064,1533,597,None,Move,office
1571030754.072,1529,599,None,Move,office
1571030754.08,1527,600,None,Move,office
1571030754.087,1526,601,None,Move,office
1571030754.104,1526,601,None,Move,office
1571030754.12,1525,602,None,Move,office
1571030755.64,1524,602,None,Move,office
1571030755.6479998,1523,602,None,Move,office
1571030755.656,1521,602,None,Move,office
1571030755.664,1517,602,None,Move,office
1571030755.6720002,1512,602,None,Move,office
1571030755.68,1508,602,None,Move,office
1571030755.688,1500,602,None,Move,office
1571030755.696,1494,602,None,Move,office
1571030755.704,1486,602,None,Move,office
1571030755.712,1478,602,None,Move,office
1571030755.72,1468,602,None,Move,office
1571030755.728,1456,602,None,Move,office
1571030755.736,1443,602,None,Move,office
1571030755.744,1435,602,None,Move,office
1571030755.752,1423,602,None,Move,office
1571030755.76,1409,602,None,Move,office
1571030755.768,1397,602,None,Move,office
1571030755.776,1387,602,None,Move,office
1571030755.784,1379,602,None,Move,office
1571030755.792,1371,602,None,Move,office
1571030755.8,1366,602,None,Move,office
1571030755.8079998,1360,602,None,Move,office
1571030755.816,1356,602,None,Move,office
1571030755.824,1351,602,None,Move,office
1571030755.832,1348,602,None,Move,office
1571030755.84,1345,602,None,Move,office
1571030755.8479998,1343,602,None,Move,office
1571030755.856,1340,602,None,Move,office
1571030755.8639998,1339,602,None,Move,office
1571030755.8720002,1337,602,None,Move,office
1571030755.88,1336,602,None,Move,office
1571030755.8879998,1336,602,None,Move,office
1571030755.896,1334,602,None,Move,office
1571030755.904,1333,602,None,Move,office
1571030755.9120002,1331,602,None,Move,office
1571030755.92,1329,602,None,Move,office
1571030755.928,1328,602,None,Move,office
1571030755.936,1327,602,None,Move,office
1571030755.944,1326,602,None,Move,office
1571030755.952,1323,602,None,Move,office
1571030755.96,1321,603,None,Move,office
1571030755.968,1318,603,None,Move,office
1571030755.976,1313,604,None,Move,office
1571030755.984,1308,605,None,Move,office
1571030755.992,1300,607,None,Move,office
1571030756.0,1291,608,None,Move,office
1571030756.008,1279,611,None,Move,office
1571030756.016,1271,612,None,Move,office
1571030756.024,1260,617,None,Move,office
1571030756.032,1249,620,None,Move,office
1571030756.04,1241,623,None,Move,office
1571030756.048,1228,628,None,Move,office
1571030756.07,1211,633,None,Move,office
1571030756.076,1204,636,None,Move,office
1571030756.082,1198,637,None,Move,office
1571030756.0879998,1191,640,None,Move,office
1571030756.096,1186,641,None,Move,office
1571030756.104,1181,644,None,Move,office
1571030756.1120002,1177,645,None,Move,office
1571030756.12,1173,646,None,Move,office
1571030756.1279998,1170,647,None,Move,office
1571030756.1360002,1165,647,None,Move,office
1571030756.144,1163,648,None,Move,office
1571030756.1520002,1162,648,None,Move,office
1571030756.16,1159,649,None,Move,office
1571030756.168,1158,649,None,Move,office
1571030756.184,1155,650,None,Move,office
1571030756.3920002,1155,649,None,Move,office
1571030756.4,1155,648,None,Move,office
1571030756.408,1155,648,None,Move,office
1571030756.416,1155,647,None,Move,office
1571030756.424,1155,646,None,Move,office
1571030756.4320002,1155,645,None,Move,office
1571030756.44,1155,644,None,Move,office
1571030756.448,1155,643,None,Move,office
1571030756.456,1155,642,None,Move,office
1571030756.464,1155,642,None,Move,office
1571030756.488,1155,641,None,Move,office
1571030756.512,1155,640,None,Move,office
1571030756.536,1155,639,None,Move,office
1571030756.544,1155,638,None,Move,office
1571030756.552,1155,637,None,Move,office
1571030756.561,1155,637,None,Move,office
1571030756.5679998,1155,636,None,Move,office
1571030756.576,1155,635,None,Move,office
1571030756.584,1156,633,None,Move,office
1571030756.592,1156,631,None,Move,office
1571030756.6,1156,629,None,Move,office
1571030756.6079998,1157,626,None,Move,office
1571030756.617,1158,624,None,Move,office
1571030756.6239998,1158,622,None,Move,office
1571030756.6320002,1158,620,None,Move,office
1571030756.64,1159,619,None,Move,office
1571030756.6479998,1159,617,None,Move,office
1571030756.656,1160,614,None,Move,office
1571030756.664,1160,613,None,Move,office
1571030756.6720002,1160,611,None,Move,office
1571030756.68,1160,610,None,Move,office
1571030756.688,1161,609,None,Move,office
1571030756.696,1161,608,None,Move,office
1571030756.704,1161,607,None,Move,office
1571030756.712,1161,606,None,Move,office
1571030756.721,1161,605,None,Move,office
1571030756.736,1162,604,None,Move,office
1571030756.744,1162,603,None,Move,office
1571030756.76,1162,603,None,Move,office
1571030760.512,1162,602,None,Move,office
1571030760.521,1163,602,None,Move,office
1571030760.529,1165,600,None,Move,office
1571030760.5370002,1166,600,None,Move,office
1571030760.544,1168,599,None,Move,office
1571030760.552,1169,599,None,Move,office
1571030760.561,1169,599,None,Move,office
1571030760.569,1170,598,None,Move,office
1571030760.577,1171,597,None,Move,office
1571030760.585,1172,597,None,Move,office
1571030760.593,1173,596,None,Move,office
1571030760.6079998,1174,595,None,Move,office
1571030760.617,1174,595,None,Move,office
1571030760.625,1176,594,None,Move,office
1571030760.633,1180,593,None,Move,office
1571030760.641,1183,592,None,Move,office
1571030760.649,1188,591,None,Move,office
1571030760.656,1192,590,None,Move,office
1571030760.664,1196,588,None,Move,office
1571030760.673,1200,588,None,Move,office
1571030760.681,1205,587,None,Move,office
1571030760.689,1209,585,None,Move,office
1571030760.697,1211,584,None,Move,office
1571030760.705,1215,583,None,Move,office
1571030760.712,1215,582,None,Move,office
1571030760.72,1219,581,None,Move,office
1571030760.7370002,1220,581,None,Move,office
1571030760.7610002,1221,581,None,Move,office
1571030760.8170002,1222,581,None,Move,office
1571030760.827,1223,580,None,Move,office
1571030760.841,1224,580,None,Move,office
1571030760.865,1225,579,None,Move,office
1571030761.5129998,1226,578,None,Move,office
1571030762.121,1227,577,None,Move,office
1571030762.1929998,1229,577,None,Move,office
1571030762.216,1231,576,None,Move,office
1571030762.225,1232,576,None,Move,office
1571030762.2329998,1234,576,None,Move,office
1571030762.2410002,1235,576,None,Move,office
1571030762.2489998,1237,576,None,Move,office
1571030762.2570002,1239,575,None,Move,office
1571030762.265,1239,575,None,Move,office
1571030762.272,1241,574,None,Move,office
1571030762.281,1245,574,None,Move,office
1571030762.289,1250,574,None,Move,office
1571030762.2970002,1261,574,None,Move,office
1571030762.305,1269,574,None,Move,office
1571030762.313,1277,574,None,Move,office
1571030762.321,1287,574,None,Move,office
1571030762.3279998,1299,574,None,Move,office
1571030762.337,1311,574,None,Move,office
1571030762.345,1327,573,None,Move,office
1571030762.353,1341,571,None,Move,office
1571030762.361,1354,569,None,Move,office
1571030762.369,1364,568,None,Move,office
1571030762.377,1374,566,None,Move,office
1571030762.3839998,1386,566,None,Move,office
1571030762.393,1396,566,None,Move,office
1571030762.401,1406,566,None,Move,office
1571030762.409,1411,566,None,Move,office
1571030762.417,1415,566,None,Move,office
1571030762.425,1419,566,None,Move,office
1571030762.4329998,1421,566,None,Move,office
1571030762.441,1422,566,None,Move,office
1571030762.8170002,1424,566,None,Move,office
1571030762.8279998,1428,566,None,Move,office
1571030762.834,1429,566,None,Move,office
1571030762.841,1431,566,None,Move,office
1571030762.849,1436,565,None,Move,office
1571030762.857,1442,565,None,Move,office
1571030762.865,1450,565,None,Move,office
1571030762.873,1456,565,None,Move,office
1571030762.881,1469,565,None,Move,office
1571030762.889,1481,565,None,Move,office
1571030762.897,1489,565,None,Move,office
1571030762.905,1501,565,None,Move,office
1571030762.913,1509,565,None,Move,office
1571030762.921,1521,564,None,Move,office
1571030762.929,1533,564,None,Move,office
1571030762.937,1543,564,None,Move,office
1571030762.945,1551,564,None,Move,office
1571030762.9529998,1560,564,None,Move,office
1571030762.961,1566,562,None,Move,office
1571030762.969,1572,562,None,Move,office
1571030762.9770002,1577,562,None,Move,office
1571030762.985,1580,562,None,Move,office
1571030762.9929998,1583,561,None,Move,office
1571030763.0010002,1585,561,None,Move,office
1571030763.0089998,1587,561,None,Move,office
1571030763.0170002,1589,561,None,Move,office
1571030763.025,1590,561,None,Move,office
1571030763.033,1592,560,None,Move,office
1571030763.049,1594,560,None,Move,office
1571030763.0570002,1594,560,None,Move,office
1571030763.065,1596,560,None,Move,office
1571030763.073,1597,560,None,Move,office
1571030763.081,1599,559,None,Move,office
1571030763.089,1601,558,None,Move,office
1571030763.097,1602,558,None,Move,office
1571030763.105,1605,557,None,Move,office
1571030763.113,1606,557,None,Move,office
1571030763.121,1607,556,None,Move,office
1571030763.129,1608,556,None,Move,office
1571030763.145,1609,555,None,Move,office
1571030763.16,1610,555,None,Move,office
1571030763.169,1611,554,None,Move,office
1571030763.217,1612,554,None,Move,office
1571030763.2329998,1613,553,None,Move,office
1571030763.2489998,1613,552,None,Move,office
1571030763.2570002,1614,552,None,Move,office
1571030763.274,1615,552,None,Move,office
1571030763.313,1616,552,None,Move,office
1571030763.441,1617,552,None,Move,office
1571030763.458,1619,551,None,Move,office
1571030763.4889998,1621,551,None,Move,office
1571030763.4970002,1622,551,None,Move,office
1571030763.505,1622,551,None,Move,office
1571030763.5129998,1623,551,None,Move,office
1571030763.529,1624,551,None,Move,office
1571030763.545,1625,551,None,Move,office
1571030763.562,1626,551,None,Move,office
1571030763.582,1628,551,None,Move,office
1571030763.589,1628,551,None,Move,office
1571030763.601,1629,551,None,Move,office
1571030763.6179998,1630,551,None,Move,office
1571030764.153,1629,551,None,Move,office
1571030764.169,1628,551,None,Move,office
1571030764.177,1628,551,None,Move,office
1571030764.201,1627,551,None,Move,office
1571030764.217,1625,551,None,Move,office
1571030764.313,1624,551,None,Move,office
1571030764.321,1624,551,Left,Pressed,office
1571030764.329,1623,551,None,Drag,office
1571030764.809,1622,551,None,Drag,office
1571030764.82,1621,551,None,Drag,office
1571030764.832,1620,551,None,Drag,office
1571030764.8379998,1618,551,None,Drag,office
1571030764.844,1617,551,None,Drag,office
1571030764.849,1614,551,None,Drag,office
1571030764.865,1613,551,None,Drag,office
1571030764.8739998,1612,551,None,Drag,office
1571030764.881,1611,551,None,Drag,office
1571030764.889,1609,551,None,Drag,office
1571030764.905,1607,551,None,Drag,office
1571030764.913,1605,552,None,Drag,office
1571030764.921,1603,552,None,Drag,office
1571030764.93,1602,552,None,Drag,office
1571030764.938,1600,552,None,Drag,office
1571030764.946,1599,552,None,Drag,office
1571030764.954,1598,552,None,Drag,office
1571030764.962,1598,553,None,Drag,office
1571030764.97,1597,553,None,Drag,office
1571030764.978,1596,553,None,Drag,office
1571030764.986,1595,553,None,Drag,office
1571030764.9929998,1594,553,None,Drag,office
1571030765.0010002,1593,553,None,Drag,office
1571030765.0170002,1592,554,None,Drag,office
1571030765.025,1592,554,None,Drag,office
1571030765.033,1590,554,None,Drag,office
1571030765.049,1588,554,None,Drag,office
1571030765.0570002,1586,554,None,Drag,office
1571030765.065,1585,554,None,Drag,office
1571030765.073,1583,554,None,Drag,office
1571030765.081,1580,554,None,Drag,office
1571030765.089,1578,554,None,Drag,office
1571030765.097,1574,555,None,Drag,office
1571030765.105,1569,555,None,Drag,office
1571030765.113,1566,555,None,Drag,office
1571030765.121,1558,555,None,Drag,office
1571030765.129,1554,555,None,Drag,office
1571030765.137,1549,555,None,Drag,office
1571030765.145,1543,555,None,Drag,office
1571030765.153,1535,555,None,Drag,office
1571030765.1620002,1529,555,None,Drag,office
1571030765.169,1521,555,None,Drag,office
1571030765.177,1516,555,None,Drag,office
1571030765.185,1510,555,None,Drag,office
1571030765.1929998,1502,557,None,Drag,office
1571030765.201,1496,557,None,Drag,office
1571030765.209,1488,557,None,Drag,office
1571030765.218,1479,557,None,Drag,office
1571030765.225,1473,557,None,Drag,office
1571030765.2329998,1467,557,None,Drag,office
1571030765.2410002,1463,557,None,Drag,office
1571030765.2489998,1457,557,None,Drag,office
1571030765.2570002,1453,557,None,Drag,office
1571030765.265,1452,557,None,Drag,office
1571030765.274,1447,557,None,Drag,office
1571030765.281,1444,557,None,Drag,office
1571030765.289,1441,557,None,Drag,office
1571030765.2970002,1439,557,None,Drag,office
1571030765.305,1438,557,None,Drag,office
1571030765.313,1436,557,None,Drag,office
1571030765.321,1434,557,None,Drag,office
1571030765.33,1432,557,None,Drag,office
1571030765.337,1430,557,None,Drag,office
1571030765.345,1429,557,None,Drag,office
1571030765.353,1428,557,None,Drag,office
1571030765.361,1426,557,None,Drag,office
1571030765.369,1424,557,None,Drag,office
1571030765.3779998,1422,557,None,Drag,office
1571030765.3860002,1419,557,None,Drag,office
1571030765.394,1417,557,None,Drag,office
1571030765.401,1414,557,None,Drag,office
1571030765.409,1413,557,None,Drag,office
1571030765.417,1411,557,None,Drag,office
1571030765.425,1409,557,None,Drag,office
1571030765.434,1407,557,None,Drag,office
1571030765.4420002,1405,557,None,Drag,office
1571030765.449,1403,557,None,Drag,office
1571030765.457,1401,557,None,Drag,office
1571030765.465,1400,557,None,Drag,office
1571030765.48,1399,557,None,Drag,office
1571030765.4870002,1397,557,None,Drag,office
1571030765.4929998,1395,557,None,Drag,office
1571030765.498,1394,557,None,Drag,office
1571030765.506,1393,557,None,Drag,office
1571030765.5129998,1391,557,None,Drag,office
1571030765.521,1390,557,None,Drag,office
1571030765.529,1389,557,None,Drag,office
1571030765.5370002,1388,557,None,Drag,office
1571030765.545,1386,557,None,Drag,office
1571030765.553,1385,557,None,Drag,office
1571030765.562,1384,557,None,Drag,office
1571030765.569,1382,557,None,Drag,office
1571030765.577,1382,557,None,Drag,office
1571030765.585,1380,557,None,Drag,office
1571030765.593,1378,557,None,Drag,office
1571030765.601,1376,557,None,Drag,office
1571030765.61,1375,557,None,Drag,office
1571030765.6179998,1373,557,None,Drag,office
1571030765.625,1371,557,None,Drag,office
1571030765.633,1368,557,None,Drag,office
1571030765.641,1367,557,None,Drag,office
1571030765.649,1365,556,None,Drag,office
1571030765.657,1364,556,None,Drag,office
1571030765.666,1362,556,None,Drag,office
1571030765.6820002,1360,556,None,Drag,office
1571030765.699,1357,556,None,Drag,office
1571030765.706,1355,556,None,Drag,office
1571030765.7129998,1352,556,None,Drag,office
1571030765.722,1350,556,None,Drag,office
1571030765.73,1347,556,None,Drag,office
1571030765.738,1344,556,None,Drag,office
1571030765.745,1343,556,None,Drag,office
1571030765.7529998,1342,556,None,Drag,office
1571030765.7610002,1341,556,None,Drag,office
1571030765.778,1340,556,None,Drag,office
1571030765.794,1339,556,None,Drag,office
1571030765.826,1338,556,None,Drag,office
1571030765.914,1338,556,None,Drag,office
1571030766.105,1338,556,Left,Released,office
1571030766.345,1338,555,None,Move,office
1571030766.354,1338,553,None,Move,office
1571030776.603,1338,553,None,Move,office
1571030776.619,1339,552,None,Move,office
1571030776.6260002,1341,552,None,Move,office
1571030776.6339998,1342,552,None,Move,office
1571030776.643,1345,551,None,Move,office
1571030776.651,1347,551,None,Move,office
1571030776.659,1349,551,None,Move,office
1571030776.667,1351,551,None,Move,office
1571030776.675,1355,550,None,Move,office
1571030776.6820002,1358,550,None,Move,office
1571030776.69,1363,549,None,Move,office
1571030776.699,1366,549,None,Move,office
1571030776.707,1371,548,None,Move,office
1571030776.715,1373,548,None,Move,office
1571030776.7229998,1377,547,None,Move,office
1571030776.731,1379,546,None,Move,office
1571030776.738,1383,546,None,Move,office
1571030776.746,1387,545,None,Move,office
1571030776.755,1392,543,None,Move,office
1571030776.7629998,1399,541,None,Move,office
1571030776.771,1403,540,None,Move,office
1571030776.779,1408,538,None,Move,office
1571030776.7870002,1412,537,None,Move,office
1571030776.794,1417,536,None,Move,office
1571030776.802,1422,535,None,Move,office
1571030776.811,1430,532,None,Move,office
1571030776.819,1439,531,None,Move,office
1571030776.827,1445,529,None,Move,office
1571030776.835,1454,528,None,Move,office
1571030776.843,1460,527,None,Move,office
1571030776.85,1465,527,None,Move,office
1571030776.8579998,1469,527,None,Move,office
1571030776.867,1471,527,None,Move,office
1571030776.875,1474,527,None,Move,office
1571030776.883,1476,527,None,Move,office
1571030776.891,1479,527,None,Move,office
1571030776.899,1483,527,None,Move,office
1571030776.906,1486,528,None,Move,office
1571030776.914,1489,529,None,Move,office
1571030776.923,1496,531,None,Move,office
1571030776.931,1500,533,None,Move,office
1571030776.939,1507,537,None,Move,office
1571030776.947,1514,541,None,Move,office
1571030776.955,1523,544,None,Move,office
1571030776.962,1534,547,None,Move,office
1571030776.97,1546,550,None,Move,office
1571030776.979,1562,550,None,Move,office
1571030776.9870002,1580,552,None,Move,office
1571030776.995,1594,551,None,Move,office
1571030777.0029998,1606,550,None,Move,office
1571030777.0110002,1617,545,None,Move,office
1571030777.019,1622,541,None,Move,office
1571030777.026,1626,539,None,Move,office
1571030777.035,1634,533,None,Move,office
1571030777.043,1641,528,None,Move,office
1571030777.363,1641,530,None,Move,office
1571030777.37,1640,536,None,Move,office
1571030777.379,1636,541,None,Move,office
1571030777.387,1631,550,None,Move,office
1571030777.395,1627,557,None,Move,office
1571030777.403,1626,560,None,Move,office
1571030777.411,1624,565,None,Move,office
1571030777.419,1621,570,None,Move,office
1571030777.426,1620,572,None,Move,office
1571030777.435,1618,574,None,Move,office
1571030777.4429998,1617,575,None,Move,office
1571030777.45,1615,576,None,Move,office
1571030777.458,1613,577,None,Move,office
1571030777.466,1611,578,None,Move,office
1571030777.475,1608,580,None,Move,office
1571030777.482,1604,582,None,Move,office
1571030777.4910002,1604,582,None,Move,office
1571030777.4989998,1601,583,None,Move,office
1571030777.506,1600,584,None,Move,office
1571030777.515,1598,586,None,Move,office
1571030777.531,1596,586,None,Move,office
1571030777.538,1596,587,None,Move,office
1571030777.546,1595,588,None,Move,office
1571030777.555,1594,589,None,Move,office
1571030777.563,1593,589,None,Move,office
1571030777.57,1593,590,None,Move,office
1571030777.579,1592,590,None,Move,office
1571030777.594,1591,590,None,Move,office
1571030777.611,1590,590,None,Move,office
1571030777.627,1589,590,None,Move,office
1571030777.643,1588,590,None,Move,office
1571030777.651,1587,590,None,Move,office
1571030777.659,1587,590,None,Move,office
1571030777.667,1586,590,None,Move,office
1571030777.675,1585,590,None,Move,office
1571030777.82,1585,590,Left,Pressed,office
1571030777.883,1585,590,Left,Released,office
1571030779.7470002,1584,590,None,Move,office
1571030779.758,1584,586,None,Move,office
1571030779.779,1583,585,None,Move,office
1571030779.785,1582,584,None,Move,office
1571030779.792,1582,582,None,Move,office
1571030779.798,1581,581,None,Move,office
1571030779.804,1581,579,None,Move,office
1571030779.827,1581,578,None,Move,office
1571030779.851,1581,578,None,Move,office
1571030780.2510002,1581,578,Left,Pressed,office
1571030780.349,1581,578,Left,Released,office
1571030786.972,1580,578,None,Move,office
1571030786.98,1575,581,None,Move,office
1571030786.988,1572,583,None,Move,office
1571030786.996,1570,585,None,Move,office
1571030787.004,1568,586,None,Move,office
1571030787.012,1564,589,None,Move,office
1571030787.02,1561,591,None,Move,office
1571030787.028,1559,592,None,Move,office
1571030787.036,1554,594,None,Move,office
1571030787.044,1552,595,None,Move,office
1571030787.052,1549,596,None,Move,office
1571030787.061,1544,598,None,Move,office
1571030787.069,1542,599,None,Move,office
1571030787.077,1539,600,None,Move,office
1571030787.085,1537,600,None,Move,office
1571030787.092,1535,601,None,Move,office
1571030787.1,1533,602,None,Move,office
1571030787.1079998,1531,602,None,Move,office
1571030787.1160002,1530,603,None,Move,office
1571030787.1239998,1529,603,None,Move,office
1571030787.1320002,1528,603,None,Move,office
1571030787.669,1528,603,None,Move,office
1571030787.676,1526,604,None,Move,office
1571030787.684,1525,604,None,Move,office
1571030787.6920002,1524,605,None,Move,office
1571030787.7,1523,605,None,Move,office
1571030787.708,1522,606,None,Move,office
1571030787.716,1521,606,None,Move,office
1571030787.732,1521,607,None,Move,office
1571030787.74,1520,607,None,Move,office
1571030787.7570002,1518,609,None,Move,office
1571030787.7770002,1516,610,None,Move,office
1571030787.785,1512,612,None,Move,office
1571030787.791,1510,613,None,Move,office
1571030787.7970002,1508,614,None,Move,office
1571030787.804,1506,615,None,Move,office
1571030787.812,1503,617,None,Move,office
1571030787.82,1502,618,None,Move,office
1571030787.827,1499,619,None,Move,office
1571030787.836,1494,622,None,Move,office
1571030787.843,1491,623,None,Move,office
1571030787.8520002,1486,627,None,Move,office
1571030787.86,1481,629,None,Move,office
1571030787.867,1478,630,None,Move,office
1571030787.8760002,1471,633,None,Move,office
1571030787.883,1468,635,None,Move,office
1571030787.8920002,1465,636,None,Move,office
1571030787.9,1460,637,None,Move,office
1571030787.908,1456,638,None,Move,office
1571030787.916,1451,641,None,Move,office
1571030787.924,1446,642,None,Move,office
1571030787.9320002,1441,643,None,Move,office
1571030787.941,1437,644,None,Move,office
1571030787.948,1433,646,None,Move,office
1571030787.956,1426,648,None,Move,office
1571030787.964,1421,649,None,Move,office
1571030787.972,1418,651,None,Move,office
1571030787.98,1414,652,None,Move,office
1571030787.988,1410,655,None,Move,office
1571030787.996,1405,656,None,Move,office
1571030788.004,1402,658,None,Move,office
1571030788.012,1395,661,None,Move,office
1571030788.02,1390,664,None,Move,office
1571030788.028,1385,666,None,Move,office
1571030788.0370002,1380,670,None,Move,office
1571030788.044,1375,672,None,Move,office
1571030788.052,1372,674,None,Move,office
1571030788.06,1367,677,None,Move,office
1571030788.0679998,1362,679,None,Move,office
1571030788.076,1360,680,None,Move,office
1571030788.084,1358,681,None,Move,office
1571030788.092,1355,683,None,Move,office
1571030788.1,1350,687,None,Move,office
1571030788.1079998,1348,687,None,Move,office
1571030788.1160002,1346,689,None,Move,office
1571030788.125,1342,690,None,Move,office
1571030788.1320002,1340,692,None,Move,office
1571030788.14,1338,692,None,Move,office
1571030788.1479998,1333,695,None,Move,office
1571030788.157,1331,696,None,Move,office
1571030788.164,1330,696,None,Move,office
1571030788.1720002,1329,696,None,Move,office
1571030788.18,1327,697,None,Move,office
1571030788.189,1325,698,None,Move,office
1571030788.197,1323,698,None,Move,office
1571030788.205,1322,698,None,Move,office
1571030788.2129998,1321,698,None,Move,office
1571030788.23,1320,699,None,Move,office
1571030788.244,1319,699,None,Move,office
1571030788.26,1319,700,None,Move,office
1571030788.276,1318,700,None,Move,office
1571030788.293,1317,700,None,Move,office
1571030788.316,1316,700,None,Move,office
1571030788.428,1316,699,None,Move,office
1571030788.436,1316,697,None,Move,office
1571030788.444,1316,695,None,Move,office
1571030788.452,1316,690,None,Move,office
1571030788.46,1317,687,None,Move,office
1571030788.468,1317,685,None,Move,office
1571030788.476,1318,682,None,Move,office
1571030788.484,1319,679,None,Move,office
1571030788.492,1319,678,None,Move,office
1571030788.5,1319,676,None,Move,office
1571030788.508,1320,674,None,Move,office
1571030788.516,1320,672,None,Move,office
1571030788.525,1320,670,None,Move,office
1571030788.532,1321,668,None,Move,office
1571030788.54,1321,667,None,Move,office
1571030788.548,1321,666,None,Move,office
1571030788.556,1321,665,None,Move,office
1571030788.564,1321,665,None,Move,office
1571030788.581,1321,664,None,Move,office
1571030788.596,1322,663,None,Move,office
1571030789.6279998,1322,659,None,Move,office
1571030789.637,1321,655,None,Move,office
1571030789.644,1321,654,None,Move,office
1571030789.6520002,1321,653,None,Move,office
1571030789.6620002,1320,651,None,Move,office
1571030789.669,1320,650,None,Move,office
1571030789.676,1319,648,None,Move,office
1571030789.684,1319,646,None,Move,office
1571030789.6920002,1318,644,None,Move,office
1571030789.7,1318,643,None,Move,office
1571030789.708,1317,641,None,Move,office
1571030789.717,1317,641,None,Move,office
1571030789.725,1317,639,None,Move,office
1571030789.732,1317,638,None,Move,office
1571030789.74,1317,637,None,Move,office
1571030789.748,1316,636,None,Move,office
1571030789.756,1316,635,None,Move,office
1571030790.109,1316,634,None,Move,office
1571030790.1179998,1316,632,None,Move,office
1571030790.133,1316,631,None,Move,office
1571030790.141,1316,630,None,Move,office
1571030790.1479998,1316,629,None,Move,office
1571030790.156,1316,628,None,Move,office
1571030790.164,1316,626,None,Move,office
1571030790.173,1316,626,None,Move,office
1571030790.181,1316,624,None,Move,office
1571030790.189,1316,623,None,Move,office
1571030790.197,1316,621,None,Move,office
1571030790.205,1316,620,None,Move,office
1571030790.212,1316,618,None,Move,office
1571030790.22,1316,616,None,Move,office
1571030790.228,1316,616,None,Move,office
1571030790.245,1316,615,None,Move,office
1571030790.2610002,1316,614,None,Move,office
1571030790.27,1316,613,None,Move,office
1571030790.276,1316,612,None,Move,office
1571030790.292,1316,611,None,Move,office
1571030790.301,1316,610,None,Move,office
1571030792.853,1316,607,None,Move,office
1571030792.861,1316,602,None,Move,office
1571030792.869,1316,596,None,Move,office
1571030792.877,1316,588,None,Move,office
1571030792.901,1316,580,None,Move,office
1571030792.907,1315,563,None,Move,office
1571030792.913,1315,557,None,Move,office
1571030792.919,1315,551,None,Move,office
1571030792.925,1315,546,None,Move,office
1571030792.9329998,1315,542,None,Move,office
1571030792.941,1315,537,None,Move,office
1571030792.948,1315,533,None,Move,office
1571030792.956,1315,531,None,Move,office
1571030792.965,1315,526,None,Move,office
1571030792.9729998,1315,523,None,Move,office
1571030792.981,1315,521,None,Move,office
1571030792.9889998,1315,520,None,Move,office
1571030792.9970002,1315,520,None,Move,office
1571030793.004,1315,518,None,Move,office
1571030793.012,1315,516,None,Move,office
1571030793.021,1315,515,None,Move,office
1571030793.029,1315,513,None,Move,office
1571030793.0370002,1315,512,None,Move,office
1571030793.045,1315,510,None,Move,office
1571030793.053,1315,510,None,Move,office
1571030793.06,1316,507,None,Move,office
1571030793.0679998,1316,506,None,Move,office
1571030793.077,1317,504,None,Move,office
1571030793.085,1317,502,None,Move,office
1571030793.093,1317,500,None,Move,office
1571030793.101,1318,499,None,Move,office
1571030793.109,1318,497,None,Move,office
1571030793.117,1318,496,None,Move,office
1571030793.1239998,1318,495,None,Move,office
1571030793.133,1319,493,None,Move,office
1571030793.141,1319,492,None,Move,office
1571030793.157,1319,491,None,Move,office
1571030793.31,1319,491,Left,Pressed,office
1571030793.415,1319,491,Left,Released,office
1571030793.5570002,1320,491,None,Move,office
1571030793.5670002,1324,496,None,Move,office
1571030793.575,1329,508,None,Move,office
1571030793.582,1337,523,None,Move,office
1571030793.589,1344,542,None,Move,office
1571030793.597,1351,558,None,Move,office
1571030793.605,1355,575,None,Move,office
1571030793.613,1358,583,None,Move,office
1571030793.621,1361,592,None,Move,office
1571030793.629,1363,598,None,Move,office
1571030793.6360002,1365,603,None,Move,office
1571030793.646,1365,608,None,Move,office
1571030793.6520002,1367,611,None,Move,office
1571030793.661,1367,613,None,Move,office
1571030793.67,1368,615,None,Move,office
1571030793.677,1368,616,None,Move,office
1571030793.685,1369,617,None,Move,office
1571030793.701,1369,618,None,Move,office
1571030799.63,1369,618,None,Move,office
1571030799.6379998,1369,617,None,Move,office
1571030799.653,1369,616,None,Move,office
1571030799.661,1369,615,None,Move,office
1571030799.7029998,1369,613,None,Move,office
1571030799.966,1369,612,None,Move,office
1571030799.979,1369,610,None,Move,office
1571030799.985,1369,609,None,Move,office
1571030799.9910002,1369,608,None,Move,office
1571030799.9970002,1369,607,None,Move,office
1571030800.006,1369,606,None,Move,office
1571030800.014,1370,605,None,Move,office
1571030800.022,1370,605,None,Move,office
1571030800.03,1370,604,None,Move,office
1571030800.038,1370,603,None,Move,office
1571030800.054,1370,602,None,Move,office
1571030800.07,1370,601,None,Move,office
1571030800.094,1370,600,None,Move,office
1571030800.469,1370,600,Left,Pressed,office
1571030800.5979998,1370,600,Left,Released,office
1571030800.805,1367,597,None,Move,office
1571030800.82,1363,595,None,Move,office
1571030800.842,1356,592,None,Move,office
1571030800.8479998,1351,589,None,Move,office
1571030800.854,1348,587,None,Move,office
1571030800.861,1343,585,None,Move,office
1571030800.87,1334,577,None,Move,office
1571030800.8779998,1317,569,None,Move,office
1571030800.8860002,1301,561,None,Move,office
1571030800.9020002,1284,550,None,Move,office
1571030800.908,1266,542,None,Move,office
1571030800.914,1238,528,None,Move,office
1571030800.92,1208,518,None,Move,office
1571030800.926,1175,506,None,Move,office
1571030800.934,1142,498,None,Move,office
1571030800.9420002,1105,486,None,Move,office
1571030800.95,1085,481,None,Move,office
1571030800.958,1059,476,None,Move,office
1571030800.966,1031,470,None,Move,office
1571030800.9729998,1007,464,None,Move,office
1571030800.982,984,461,None,Move,office
1571030800.99,960,455,None,Move,office
1571030800.998,946,452,None,Move,office
1571030801.006,932,449,None,Move,office
1571030801.014,919,447,None,Move,office
1571030801.022,905,444,None,Move,office
1571030801.029,894,441,None,Move,office
1571030801.038,884,441,None,Move,office
1571030801.046,878,440,None,Move,office
1571030801.054,875,439,None,Move,office
1571030801.062,870,437,None,Move,office
1571030801.07,868,437,None,Move,office
1571030801.0779998,867,437,None,Move,office
1571030801.342,869,437,None,Move,office
1571030801.35,871,437,None,Move,office
1571030801.3579998,872,437,None,Move,office
1571030801.3660002,874,437,None,Move,office
1571030801.3739998,877,438,None,Move,office
1571030801.3820002,879,438,None,Move,office
1571030801.39,881,438,None,Move,office
1571030801.397,886,440,None,Move,office
1571030801.406,887,440,None,Move,office
1571030801.414,892,441,None,Move,office
1571030801.4220002,895,441,None,Move,office
1571030801.43,900,442,None,Move,office
1571030801.438,906,442,None,Move,office
1571030801.446,911,443,None,Move,office
1571030801.4529998,917,444,None,Move,office
1571030801.462,926,446,None,Move,office
1571030801.47,934,447,None,Move,office
1571030801.478,941,449,None,Move,office
1571030801.486,953,450,None,Move,office
1571030801.494,963,452,None,Move,office
1571030801.502,976,455,None,Move,office
1571030801.5089998,986,456,None,Move,office
1571030801.518,998,458,None,Move,office
1571030801.526,1011,461,None,Move,office
1571030801.534,1023,462,None,Move,office
1571030801.542,1033,464,None,Move,office
1571030801.55,1047,467,None,Move,office
1571030801.5579998,1060,468,None,Move,office
1571030801.565,1072,472,None,Move,office
1571030801.573,1081,473,None,Move,office
1571030801.582,1093,474,None,Move,office
1571030801.59,1109,478,None,Move,office
1571030801.5979998,1120,481,None,Move,office
1571030801.606,1132,484,None,Move,office
1571030801.6139998,1142,485,None,Move,office
1571030801.6220002,1151,487,None,Move,office
1571030801.63,1161,488,None,Move,office
1571030801.6379998,1172,491,None,Move,office
1571030801.646,1180,493,None,Move,office
1571030801.654,1188,494,None,Move,office
1571030801.6620002,1197,497,None,Move,office
1571030801.67,1200,498,None,Move,office
1571030801.677,1208,501,None,Move,office
1571030801.686,1212,502,None,Move,office
1571030801.694,1218,504,None,Move,office
1571030801.702,1223,508,None,Move,office
1571030801.71,1226,509,None,Move,office
1571030801.718,1228,510,None,Move,office
1571030801.726,1232,513,None,Move,office
1571030801.734,1234,514,None,Move,office
1571030801.7410002,1237,515,None,Move,office
1571030801.75,1238,517,None,Move,office
1571030801.758,1243,520,None,Move,office
1571030801.766,1247,524,None,Move,office
1571030801.774,1249,526,None,Move,office
1571030801.782,1254,531,None,Move,office
1571030801.79,1258,536,None,Move,office
1571030801.7970002,1263,540,None,Move,office
1571030801.806,1268,544,None,Move,office
1571030801.814,1274,550,None,Move,office
1571030801.822,1279,553,None,Move,office
1571030801.83,1286,559,None,Move,office
1571030801.8379998,1291,565,None,Move,office
1571030801.846,1297,570,None,Move,office
1571030801.853,1300,574,None,Move,office
1571030801.8620002,1305,577,None,Move,office
1571030801.87,1308,580,None,Move,office
1571030801.8779998,1310,582,None,Move,office
1571030801.8860002,1312,584,None,Move,office
1571030801.894,1313,585,None,Move,office
1571030801.9020002,1315,587,None,Move,office
1571030801.909,1316,587,None,Move,office
1571030801.918,1316,588,None,Move,office
1571030801.926,1317,589,None,Move,office
1571030801.934,1317,590,None,Move,office
1571030801.9420002,1318,591,None,Move,office
1571030801.958,1319,592,None,Move,office
1571030801.982,1320,593,None,Move,office
1571030802.022,1321,593,None,Move,office
1571030802.071,1321,593,None,Move,office
1571030802.095,1323,593,None,Move,office
1571030802.1020002,1324,593,None,Move,office
1571030802.11,1326,593,None,Move,office
1571030802.1179998,1327,593,None,Move,office
1571030802.1260002,1329,593,None,Move,office
1571030802.1339998,1331,593,None,Move,office
1571030802.141,1334,593,None,Move,office
1571030802.15,1336,593,None,Move,office
1571030802.158,1339,593,None,Move,office
1571030802.166,1342,593,None,Move,office
1571030802.174,1344,593,None,Move,office
1571030802.1820002,1345,593,None,Move,office
1571030802.19,1347,593,None,Move,office
1571030802.197,1349,593,None,Move,office
1571030802.206,1350,592,None,Move,office
1571030802.214,1351,592,None,Move,office
1571030802.222,1352,592,None,Move,office
1571030802.309,1352,590,None,Move,office
1571030802.3179998,1351,585,None,Move,office
1571030802.326,1349,582,None,Move,office
1571030802.334,1344,577,None,Move,office
1571030802.342,1338,569,None,Move,office
1571030802.35,1330,562,None,Move,office
1571030802.3579998,1319,552,None,Move,office
1571030802.3660002,1312,545,None,Move,office
1571030802.3739998,1301,537,None,Move,office
1571030802.3820002,1286,527,None,Move,office
1571030802.39,1277,521,None,Move,office
1571030802.3979998,1266,515,None,Move,office
1571030802.406,1257,511,None,Move,office
1571030802.414,1246,504,None,Move,office
1571030802.4220002,1237,498,None,Move,office
1571030802.43,1228,491,None,Move,office
1571030802.438,1213,483,None,Move,office
1571030802.446,1200,473,None,Move,office
1571030802.454,1189,467,None,Move,office
1571030802.462,1175,457,None,Move,office
1571030802.47,1162,449,None,Move,office
1571030802.478,1145,439,None,Move,office
1571030802.486,1130,430,None,Move,office
1571030802.494,1113,420,None,Move,office
1571030802.502,1099,414,None,Move,office
1571030802.51,1088,406,None,Move,office
1571030802.518,1077,401,None,Move,office
1571030802.526,1064,397,None,Move,office
1571030802.534,1054,392,None,Move,office
1571030802.552,1033,386,None,Move,office
1571030802.5579998,1024,385,None,Move,office
1571030802.566,1012,381,None,Move,office
1571030802.574,1003,380,None,Move,office
1571030802.582,993,377,None,Move,office
1571030802.59,984,376,None,Move,office
1571030802.5979998,978,374,None,Move,office
1571030802.606,971,373,None,Move,office
1571030802.6139998,967,372,None,Move,office
1571030802.6220002,962,371,None,Move,office
1571030802.63,958,371,None,Move,office
1571030802.6379998,954,370,None,Move,office
1571030802.646,951,370,None,Move,office
1571030802.654,948,369,None,Move,office
1571030802.6620002,943,367,None,Move,office
1571030802.67,939,367,None,Move,office
1571030802.678,934,365,None,Move,office
1571030802.686,930,365,None,Move,office
1571030802.694,925,364,None,Move,office
1571030802.702,920,363,None,Move,office
1571030802.71,916,362,None,Move,office
1571030802.718,911,360,None,Move,office
1571030802.726,909,360,None,Move,office
1571030802.734,906,359,None,Move,office
1571030802.742,903,359,None,Move,office
1571030802.75,902,359,None,Move,office
1571030802.758,900,359,None,Move,office
1571030802.766,898,359,None,Move,office
1571030802.774,896,358,None,Move,office
1571030802.846,896,359,None,Move,office
1571030802.853,896,364,None,Move,office
1571030802.8620002,898,372,None,Move,office
1571030802.87,901,386,None,Move,office
1571030802.877,907,395,None,Move,office
1571030802.8860002,910,407,None,Move,office
1571030802.895,911,416,None,Move,office
1571030802.9020002,914,424,None,Move,office
1571030802.91,916,433,None,Move,office
1571030802.918,917,435,None,Move,office
1571030802.926,917,439,None,Move,office
1571030802.934,918,441,None,Move,office
1571030802.9420002,919,445,None,Move,office
1571030802.95,920,447,None,Move,office
1571030802.958,920,448,None,Move,office
1571030802.966,921,448,None,Move,office
1571030803.88,921,448,None,Move,office
1571030803.893,919,443,None,Move,office
1571030803.899,917,436,None,Move,office
1571030803.905,914,429,None,Move,office
1571030803.911,911,423,None,Move,office
1571030803.917,907,414,None,Move,office
1571030803.926,904,407,None,Move,office
1571030803.934,900,398,None,Move,office
1571030803.957,895,389,None,Move,office
1571030803.964,887,375,None,Move,office
1571030803.97,884,370,None,Move,office
1571030803.975,880,365,None,Move,office
1571030803.982,879,362,None,Move,office
1571030803.9910002,877,357,None,Move,office
1571030803.9970002,875,354,None,Move,office
1571030804.005,872,350,None,Move,office
1571030804.0129998,870,347,None,Move,office
1571030804.021,868,342,None,Move,office
1571030804.03,866,340,None,Move,office
1571030804.038,863,338,None,Move,office
1571030804.045,862,336,None,Move,office
1571030804.054,862,335,None,Move,office
1571030804.063,862,334,None,Move,office
1571030804.071,861,333,None,Move,office
1571030804.077,861,332,None,Move,office
1571030804.086,859,330,None,Move,office
1571030804.093,859,330,None,Move,office
1571030804.103,857,328,None,Move,office
1571030804.109,855,324,None,Move,office
1571030804.1179998,852,322,None,Move,office
1571030804.1260002,850,319,None,Move,office
1571030804.133,848,317,None,Move,office
1571030804.1420002,847,315,None,Move,office
1571030804.149,846,314,None,Move,office
1571030804.158,845,312,None,Move,office
1571030804.167,844,310,None,Move,office
1571030804.1820002,843,309,None,Move,office
1571030804.191,843,308,None,Move,office
1571030804.206,843,307,None,Move,office
1571030804.327,843,306,None,Move,office
1571030804.343,843,306,None,Move,office
1571030804.351,844,305,None,Move,office
1571030804.357,845,304,None,Move,office
1571030804.3660002,847,303,None,Move,office
1571030804.3739998,849,301,None,Move,office
1571030804.3820002,851,301,None,Move,office
1571030804.39,854,298,None,Move,office
1571030804.3979998,858,297,None,Move,office
1571030804.405,860,296,None,Move,office
1571030804.414,862,296,None,Move,office
1571030804.4220002,863,296,None,Move,office
1571030804.439,863,295,None,Move,office
1571030804.446,864,295,None,Move,office
1571030804.462,865,295,None,Move,office
1571030804.471,866,295,None,Move,office
1571030804.535,866,295,Left,Pressed,office
1571030804.6379998,866,295,Left,Released,office
1571030805.391,869,296,None,Move,office
1571030805.399,874,302,None,Move,office
1571030805.407,880,308,None,Move,office
1571030805.414,883,311,None,Move,office
1571030805.4220002,887,316,None,Move,office
1571030805.43,895,325,None,Move,office
1571030805.438,899,331,None,Move,office
1571030805.446,908,342,None,Move,office
1571030805.454,918,353,None,Move,office
1571030805.4629998,932,370,None,Move,office
1571030805.471,943,387,None,Move,office
1571030805.479,951,400,None,Move,office
1571030805.4870002,960,415,None,Move,office
1571030805.495,964,427,None,Move,office
1571030805.5029998,969,444,None,Move,office
1571030805.5110002,972,458,None,Move,office
1571030805.519,974,472,None,Move,office
1571030805.526,976,485,None,Move,office
1571030805.534,976,497,None,Move,office
1571030805.542,976,509,None,Move,office
1571030805.55,976,521,None,Move,office
1571030805.5579998,976,527,None,Move,office
1571030805.5670002,975,533,None,Move,office
1571030805.575,974,538,None,Move,office
1571030805.582,973,539,None,Move,office
1571030805.59,972,540,None,Move,office
1571030805.5979998,972,540,None,Move,office
1571030805.606,970,538,None,Move,office
1571030806.264,969,538,None,Move,office
1571030806.32,969,538,None,Move,office
1571030806.342,969,538,None,Move,office
1571030806.35,970,538,None,Move,office
1571030806.424,971,539,None,Move,office
1571030806.791,984,543,None,Move,office
1571030806.799,1011,555,None,Move,office
1571030806.809,1034,566,None,Move,office
1571030806.829,1077,586,None,Move,office
1571030806.836,1100,598,None,Move,office
1571030806.843,1120,608,None,Move,office
1571030806.849,1138,617,None,Move,office
1571030806.859,1155,628,None,Move,office
1571030806.8660002,1168,635,None,Move,office
1571030806.8720002,1179,641,None,Move,office
1571030806.8779998,1191,649,None,Move,office
1571030806.891,1204,655,None,Move,office
1571030806.897,1213,660,None,Move,office
1571030806.903,1224,664,None,Move,office
1571030806.911,1234,669,None,Move,office
1571030806.919,1243,673,None,Move,office
1571030806.927,1252,678,None,Move,office
1571030806.934,1261,681,None,Move,office
1571030806.9420002,1266,683,None,Move,office
1571030806.95,1271,687,None,Move,office
1571030806.958,1274,689,None,Move,office
1571030806.967,1278,689,None,Move,office
1571030806.975,1280,692,None,Move,office
1571030806.9829998,1281,692,None,Move,office
1571030806.998,1281,692,None,Move,office
1571030807.334,1278,694,None,Move,office
1571030807.344,1275,694,None,Move,office
1571030807.351,1272,695,None,Move,office
1571030807.359,1270,696,None,Move,office
1571030807.3739998,1268,696,None,Move,office
1571030807.381,1266,697,None,Move,office
1571030807.387,1264,697,None,Move,office
1571030807.3920002,1263,698,None,Move,office
1571030807.399,1261,698,None,Move,office
1571030807.408,1260,698,None,Move,office
1571030807.416,1258,699,None,Move,office
1571030807.423,1256,699,None,Move,office
1571030807.431,1256,699,None,Move,office
1571030807.439,1255,699,None,Move,office
1571030807.447,1253,699,None,Move,office
1571030807.455,1252,699,None,Move,office
1571030807.4629998,1251,699,None,Move,office
1571030807.471,1249,699,None,Move,office
1571030807.479,1249,699,None,Move,office
1571030807.4870002,1248,699,None,Move,office
1571030807.494,1247,699,None,Move,office
1571030807.5029998,1246,699,None,Move,office
1571030807.5110002,1244,699,None,Move,office
1571030807.519,1243,699,None,Move,office
1571030807.5270002,1242,699,None,Move,office
1571030807.534,1242,699,None,Move,office
1571030807.543,1241,699,None,Move,office
1571030807.551,1238,699,None,Move,office
1571030807.559,1236,699,None,Move,office
1571030807.5670002,1234,700,None,Move,office
1571030807.575,1229,702,None,Move,office
1571030807.583,1226,702,None,Move,office
1571030807.591,1220,703,None,Move,office
1571030807.5979998,1212,704,None,Move,office
1571030807.606,1203,706,None,Move,office
1571030807.6139998,1189,707,None,Move,office
1571030807.623,1179,707,None,Move,office
1571030807.631,1151,709,None,Move,office
1571030807.639,1126,709,None,Move,office
1571030807.647,1093,711,None,Move,office
1571030807.654,1056,711,None,Move,office
1571030807.6620002,1010,714,None,Move,office
1571030807.67,977,714,None,Move,office
1571030807.679,927,716,None,Move,office
1571030807.687,866,716,None,Move,office
1571030807.695,817,715,None,Move,office
1571030807.7029998,766,707,None,Move,office
1571030807.71,723,702,None,Move,office
1571030807.729,624,684,None,Move,office
1571030807.735,585,677,None,Move,office
1571030807.7429998,546,673,None,Move,office
1571030807.7510002,526,668,None,Move,office
1571030807.7589998,508,665,None,Move,office
1571030807.766,493,661,None,Move,office
1571030807.774,477,658,None,Move,office
1571030807.782,466,655,None,Move,office
1571030807.791,456,652,None,Move,office
1571030807.799,445,649,None,Move,office
1571030807.8070002,442,648,None,Move,office
1571030807.815,437,646,None,Move,office
1571030807.822,434,644,None,Move,office
1571030807.83,433,644,None,Move,office
1571030807.8379998,432,644,None,Move,office
1571030807.9829998,431,644,None,Move,office
1571030807.9910002,430,642,None,Move,office
1571030807.9989998,428,640,None,Move,office
1571030808.006,425,635,None,Move,office
1571030808.014,421,629,None,Move,office
1571030808.0229998,413,620,None,Move,office
1571030808.031,405,609,None,Move,office
1571030808.039,396,598,None,Move,office
1571030808.0470002,385,589,None,Move,office
1571030808.054,371,575,None,Move,office
1571030808.062,360,564,None,Move,office
1571030808.07,349,556,None,Move,office
1571030808.079,340,550,None,Move,office
1571030808.087,331,544,None,Move,office
1571030808.095,324,541,None,Move,office
1571030808.103,319,538,None,Move,office
1571030808.111,312,535,None,Move,office
1571030808.1179998,304,532,None,Move,office
1571030808.1260002,295,531,None,Move,office
1571030808.135,288,528,None,Move,office
1571030808.143,280,528,None,Move,office
1571030808.151,270,528,None,Move,office
1571030808.158,264,528,None,Move,office
1571030808.167,260,528,None,Move,office
1571030808.174,256,528,None,Move,office
1571030808.1820002,253,528,None,Move,office
1571030808.191,250,529,None,Move,office
1571030808.199,246,531,None,Move,office
1571030808.207,244,531,None,Move,office
1571030808.215,244,532,None,Move,office
1571030808.2229998,242,533,None,Move,office
1571030808.23,241,533,None,Move,office
1571030808.2370002,240,533,None,Move,office
1571030808.2470002,239,534,None,Move,office
1571030808.255,238,534,None,Move,office
1571030808.271,237,534,None,Move,office
1571030808.286,235,534,None,Move,office
1571030808.294,233,534,None,Move,office
1571030808.303,229,533,None,Move,office
1571030808.311,226,532,None,Move,office
1571030808.319,224,531,None,Move,office
1571030808.327,222,531,None,Move,office
1571030808.335,217,528,None,Move,office
1571030808.342,215,528,None,Move,office
1571030808.35,213,528,None,Move,office
1571030808.359,213,528,None,Move,office
1571030808.479,213,528,Left,Pressed,office
1571030808.575,213,528,Left,Released,office
1571030808.903,214,527,None,Move,office
1571030808.9120002,216,526,None,Move,office
1571030808.9220002,219,525,None,Move,office
1571030808.929,222,525,None,Move,office
1571030808.936,226,524,None,Move,office
1571030808.944,228,523,None,Move,office
1571030808.951,236,522,None,Move,office
1571030808.959,245,520,None,Move,office
1571030808.967,259,519,None,Move,office
1571030808.974,273,519,None,Move,office
1571030808.9829998,285,519,None,Move,office
1571030808.9910002,307,515,None,Move,office
1571030808.9989998,327,514,None,Move,office
1571030809.0070002,345,510,None,Move,office
1571030809.015,363,509,None,Move,office
1571030809.022,381,509,None,Move,office
1571030809.03,395,509,None,Move,office
1571030809.039,411,509,None,Move,office
1571030809.054,427,509,None,Move,office
1571030809.064,447,509,None,Move,office
1571030809.071,456,506,None,Move,office
1571030809.079,461,502,None,Move,office
1571030809.086,470,494,None,Move,office
1571030809.095,476,485,None,Move,office
1571030809.103,486,472,None,Move,office
1571030809.111,496,463,None,Move,office
1571030809.119,498,461,None,Move,office
1571030809.895,500,461,None,Move,office
1571030809.903,504,461,None,Move,office
1571030809.911,507,461,None,Move,office
1571030809.919,512,463,None,Move,office
1571030809.927,515,464,None,Move,office
1571030809.935,522,468,None,Move,office
1571030809.9429998,529,471,None,Move,office
1571030809.951,538,475,None,Move,office
1571030809.959,548,478,None,Move,office
1571030809.967,555,480,None,Move,office
1571030809.975,559,481,None,Move,office
1571030809.9829998,564,481,None,Move,office
1571030809.9910002,570,483,None,Move,office
1571030809.998,577,486,None,Move,office
1571030810.0070002,584,489,None,Move,office
1571030810.015,594,492,None,Move,office
1571030810.0229998,605,496,None,Move,office
1571030810.031,618,503,None,Move,office
1571030810.039,632,508,None,Move,office
1571030810.0470002,649,516,None,Move,office
1571030810.055,665,524,None,Move,office
1571030810.063,682,531,None,Move,office
1571030810.071,697,539,None,Move,office
1571030810.079,710,547,None,Move,office
1571030810.087,722,554,None,Move,office
1571030810.095,733,560,None,Move,office
1571030810.103,739,565,None,Move,office
1571030810.11,742,567,None,Move,office
1571030810.119,744,568,None,Move,office
1571030810.1339998,745,568,None,Move,office
1571030810.143,745,569,None,Move,office
1571030810.167,745,569,None,Move,office
1571030810.175,743,569,None,Move,office
1571030810.1829998,742,569,None,Move,office
1571030810.191,741,569,None,Move,office
1571030810.199,738,568,None,Move,office
1571030810.208,735,565,None,Move,office
1571030810.216,728,561,None,Move,office
1571030810.224,724,554,None,Move,office
1571030810.231,716,546,None,Move,office
1571030810.2389998,705,533,None,Move,office
1571030810.2470002,693,520,None,Move,office
1571030810.255,684,509,None,Move,office
1571030810.2629998,668,491,None,Move,office
1571030810.271,656,476,None,Move,office
1571030810.279,645,463,None,Move,office
1571030810.2870002,633,450,None,Move,office
1571030810.295,624,441,None,Move,office
1571030810.303,619,435,None,Move,office
1571030810.311,615,430,None,Move,office
1571030810.319,611,426,None,Move,office
1571030810.327,608,423,None,Move,office
1571030810.335,604,421,None,Move,office
1571030810.343,602,419,None,Move,office
1571030810.351,599,416,None,Move,office
1571030810.359,595,414,None,Move,office
1571030810.367,593,412,None,Move,office
1571030810.375,592,412,None,Move,office
1571030810.383,592,411,None,Move,office
1571030810.391,591,411,None,Move,office
1571030810.407,590,410,None,Move,office
1571030810.439,589,409,None,Move,office
1571030810.447,588,409,None,Move,office
1571030810.455,587,407,None,Move,office
1571030810.4629998,586,406,None,Move,office
1571030810.471,584,404,None,Move,office
1571030810.479,582,401,None,Move,office
1571030810.488,580,397,None,Move,office
1571030810.496,576,389,None,Move,office
1571030810.504,573,386,None,Move,office
1571030810.512,569,380,None,Move,office
1571030810.519,563,375,None,Move,office
1571030810.5270002,559,370,None,Move,office
1571030810.535,554,366,None,Move,office
1571030810.543,551,362,None,Move,office
1571030810.551,547,360,None,Move,office
1571030810.559,545,359,None,Move,office
1571030810.5670002,542,357,None,Move,office
1571030810.575,541,356,None,Move,office
1571030810.583,539,356,None,Move,office
1571030810.656,539,356,Left,Pressed,office
1571030810.663,538,356,None,Drag,office
1571030810.671,538,356,None,Drag,office
1571030810.679,537,357,None,Drag,office
1571030810.687,537,358,None,Drag,office
1571030810.695,537,359,None,Drag,office
1571030810.7429998,537,359,Left,Released,office
1571030811.639,541,361,None,Move,office
1571030811.647,552,365,None,Move,office
1571030811.655,568,370,None,Move,office
1571030811.663,590,379,None,Move,office
1571030811.671,623,390,None,Move,office
1571030811.68,656,401,None,Move,office
1571030811.687,690,415,None,Move,office
1571030811.695,723,424,None,Move,office
1571030811.7029998,751,432,None,Move,office
1571030811.711,784,440,None,Move,office
1571030811.719,813,449,None,Move,office
1571030811.728,833,452,None,Move,office
1571030811.7470002,928,475,None,Move,office
1571030811.755,959,481,None,Move,office
1571030811.7629998,986,485,None,Move,office
1571030811.771,1004,487,None,Move,office
1571030811.779,1024,492,None,Move,office
1571030811.7870002,1045,497,None,Move,office
1571030811.795,1061,500,None,Move,office
1571030811.803,1077,504,None,Move,office
1571030811.811,1088,505,None,Move,office
1571030811.819,1096,508,None,Move,office
1571030811.827,1107,509,None,Move,office
1571030811.835,1113,511,None,Move,office
1571030811.843,1120,512,None,Move,office
1571030811.851,1123,512,None,Move,office
1571030811.859,1125,512,None,Move,office
1571030811.883,1126,512,None,Move,office
1571030811.955,1127,511,None,Move,office
1571030811.9629998,1128,511,None,Move,office
1571030811.971,1129,510,None,Move,office
1571030811.979,1132,508,None,Move,office
1571030811.988,1133,507,None,Move,office
1571030811.996,1135,505,None,Move,office
1571030812.004,1137,503,None,Move,office
1571030812.012,1138,502,None,Move,office
1571030812.02,1140,500,None,Move,office
1571030812.028,1141,500,None,Move,office
1571030812.035,1141,499,None,Move,office
1571030812.044,1142,498,None,Move,office
1571030812.075,1143,496,None,Move,office
1571030812.084,1143,495,None,Move,office
1571030812.091,1143,494,None,Move,office
1571030812.099,1143,493,None,Move,office
1571030812.107,1144,490,None,Move,office
1571030812.115,1144,487,None,Move,office
1571030812.123,1144,484,None,Move,office
1571030812.131,1145,482,None,Move,office
1571030812.139,1146,479,None,Move,office
1571030812.1479998,1148,475,None,Move,office
1571030812.155,1148,473,None,Move,office
1571030812.163,1148,473,None,Move,office
1571030812.171,1148,472,None,Move,office
1571030812.179,1149,471,None,Move,office
1571030812.275,1149,471,Left,Pressed,office
1571030812.3639998,1149,471,Left,Released,office
1571030812.996,1154,467,None,Move,office
1571030813.0029998,1157,463,None,Move,office
1571030813.0110002,1162,459,None,Move,office
1571030813.02,1166,457,None,Move,office
1571030813.028,1172,453,None,Move,office
1571030813.035,1177,451,None,Move,office
1571030813.044,1184,448,None,Move,office
1571030813.053,1191,444,None,Move,office
1571030813.06,1196,441,None,Move,office
1571030813.0679998,1201,439,None,Move,office
1571030813.076,1205,438,None,Move,office
1571030813.084,1209,436,None,Move,office
1571030813.091,1211,436,None,Move,office
1571030813.099,1213,436,None,Move,office
1571030813.107,1213,436,None,Move,office
1571030813.175,1214,436,None,Move,office
1571030813.186,1215,436,None,Move,office
1571030813.1920002,1217,436,None,Move,office
1571030813.2,1220,434,None,Move,office
1571030813.207,1222,434,None,Move,office
1571030813.215,1226,433,None,Move,office
1571030813.2229998,1226,433,None,Move,office
1571030813.231,1227,432,None,Move,office
1571030813.2389998,1228,432,None,Move,office
1571030813.248,1229,432,None,Move,office
1571030813.256,1230,431,None,Move,office
1571030813.2629998,1231,430,None,Move,office
1571030813.271,1231,429,None,Move,office
1571030813.279,1232,427,None,Move,office
1571030813.2870002,1233,426,None,Move,office
1571030813.295,1234,425,None,Move,office
1571030813.304,1234,425,None,Move,office
1571030813.312,1234,424,None,Move,office
1571030813.327,1235,423,None,Move,office
1571030813.335,1236,422,None,Move,office
1571030813.351,1237,421,None,Move,office
1571030813.36,1237,420,None,Move,office
1571030813.375,1238,420,None,Move,office
1571030813.383,1238,420,None,Move,office
1571030813.399,1239,419,None,Move,office
1571030813.415,1240,418,None,Move,office
1571030813.439,1241,417,None,Move,office
1571030846.785,1237,416,None,Move,office
1571030846.795,575,447,None,Move,office
1571030846.801,394,485,None,Move,office
1571030846.821,317,506,None,Move,office
1571030846.826,280,518,None,Move,office
1571030846.832,242,535,None,Move,office
1571030846.8379998,219,544,None,Move,office
1571030846.845,203,551,None,Move,office
1571030846.853,192,554,None,Move,office
1571030846.861,184,557,None,Move,office
1571030846.869,171,560,None,Move,office
1571030846.8760002,165,562,None,Move,office
1571030846.885,156,565,None,Move,office
1571030846.893,154,565,None,Move,office
1571030847.342,145,565,None,Move,office
1571030847.35,135,565,None,Move,office
1571030847.357,120,565,None,Move,office
1571030847.3660002,100,560,None,Move,office
1571030847.373,84,555,None,Move,office
1571030847.3820002,57,545,None,Move,office
1571030847.39,19,531,None,Move,office
1571030847.397,-23,514,None,Move,office
1571030847.406,-65,497,None,Move,office
1571030847.414,-107,478,None,Move,office
1571030847.4220002,-143,461,None,Move,office
1571030847.43,-186,438,None,Move,office
1571030847.438,-226,415,None,Move,office
1571030847.446,-263,391,None,Move,office
1571030847.454,-294,367,None,Move,office
1571030847.462,-327,341,None,Move,office
1571030847.47,-344,327,None,Move,office
1571030847.478,-364,312,None,Move,office
1571030847.486,-378,302,None,Move,office
1571030847.494,-390,292,None,Move,office
1571030847.502,-399,286,None,Move,office
1571030847.51,-403,282,None,Move,office
1571030847.518,-405,280,None,Move,office
1571030847.526,-405,279,None,Move,office
1571030847.534,-405,278,None,Move,office
1571030847.542,-405,277,None,Move,office
1571030847.55,-405,276,None,Move,office
1571030847.5579998,-405,275,None,Move,office
1571030847.566,-404,274,None,Move,office
1571030847.574,-404,274,None,Move,office
1571030847.582,-403,273,None,Move,office
1571030847.59,-403,272,None,Move,office
1571030847.606,-403,272,None,Move,office
1571030847.6220002,-403,271,None,Move,office
1571030847.63,-403,269,None,Move,office
1571030847.6379998,-403,267,None,Move,office
1571030847.646,-403,265,None,Move,office
1571030847.654,-404,264,None,Move,office
1571030847.766,-403,267,None,Move,office
1571030847.775,-398,274,None,Move,office
1571030847.782,-390,285,None,Move,office
1571030847.79,-380,294,None,Move,office
1571030847.798,-368,305,None,Move,office
1571030847.806,-353,319,None,Move,office
1571030847.815,-336,335,None,Move,office
1571030847.823,-313,353,None,Move,office
1571030847.831,-296,365,None,Move,office
1571030847.839,-282,376,None,Move,office
1571030847.847,-271,383,None,Move,office
1571030847.854,-258,390,None,Move,office
1571030847.8620002,-248,398,None,Move,office
1571030847.87,-241,404,None,Move,office
1571030847.8779998,-235,410,None,Move,office
1571030847.8860002,-231,413,None,Move,office
1571030847.894,-229,415,None,Move,office
1571030847.9020002,-225,417,None,Move,office
1571030847.91,-224,418,None,Move,office
1571030847.918,-223,419,None,Move,office
1571030847.934,-222,419,None,Move,office
1571030847.998,-222,420,None,Move,office
1571030848.005,-221,420,None,Move,office
1571030848.014,-220,420,None,Move,office
1571030848.022,-220,420,None,Move,office
1571030848.03,-219,420,None,Move,office
1571030848.046,-219,420,None,Move,office
1571030848.07,-218,420,None,Move,office
1571030848.077,-218,421,None,Move,office
1571030848.085,-216,421,None,Move,office
1571030848.094,-216,421,None,Move,office
1571030848.1020002,-215,421,None,Move,office
1571030848.11,-215,421,None,Move,office
1571030848.117,-214,421,None,Move,office
1571030848.125,-214,421,None,Move,office
1571030848.1339998,-213,421,None,Move,office
1571030848.1420002,-212,421,None,Move,office
1571030848.149,-212,422,None,Move,office
1571030848.158,-211,422,None,Move,office
1571030848.165,-211,422,None,Move,office
1571030848.174,-210,422,None,Move,office
1571030848.181,-210,423,None,Move,office
1571030848.919,-212,423,None,Move,office
1571030848.926,-219,425,None,Move,office
1571030848.934,-229,427,None,Move,office
1571030848.9420002,-244,431,None,Move,office
1571030848.95,-265,434,None,Move,office
1571030848.958,-299,439,None,Move,office
1571030848.967,-345,439,None,Move,office
1571030848.974,-408,443,None,Move,office
1571030848.982,-465,449,None,Move,office
1571030848.99,-526,453,None,Move,office
1571030848.998,-586,459,None,Move,office
1571030849.006,-637,473,None,Move,office
1571030849.014,-669,490,None,Move,office
1571030849.0229998,-683,501,None,Move,office
1571030849.031,-691,508,None,Move,office
1571030849.0470002,-695,517,None,Move,office
1571030849.06,-695,519,None,Move,office
1571030849.0670002,-695,520,None,Move,office
1571030849.072,-695,522,None,Move,office
1571030849.077,-694,523,None,Move,office
1571030849.086,-692,524,None,Move,office
1571030849.094,-690,524,None,Move,office
1571030849.1020002,-690,522,None,Move,office
1571030849.11,-688,518,None,Move,office
1571030849.117,-686,515,None,Move,office
1571030849.1260002,-685,512,None,Move,office
1571030849.1339998,-684,511,None,Move,office
1571030849.4870002,-685,511,None,Move,office
1571030849.494,-687,513,None,Move,office
1571030849.502,-689,514,None,Move,office
1571030849.51,-694,515,None,Move,office
1571030849.518,-699,517,None,Move,office
1571030849.526,-705,519,None,Move,office
1571030849.534,-710,520,None,Move,office
1571030849.542,-718,521,None,Move,office
1571030849.55,-729,521,None,Move,office
1571030849.5579998,-736,522,None,Move,office
1571030849.566,-748,522,None,Move,office
1571030849.574,-760,522,None,Move,office
1571030849.582,-769,522,None,Move,office
1571030849.591,-780,522,None,Move,office
1571030849.6,-796,520,None,Move,office
1571030849.6139998,-834,520,None,Move,office
1571030849.6220002,-848,519,None,Move,office
1571030849.63,-860,519,None,Move,office
1571030849.6379998,-871,519,None,Move,office
1571030849.646,-885,519,None,Move,office
1571030849.655,-899,518,None,Move,office
1571030849.6620002,-911,517,None,Move,office
1571030849.67,-922,516,None,Move,office
1571030849.678,-930,516,None,Move,office
1571030849.686,-936,515,None,Move,office
1571030849.694,-941,514,None,Move,office
1571030849.7029998,-944,514,None,Move,office
1571030849.711,-947,513,None,Move,office
1571030849.718,-949,513,None,Move,office
1571030849.726,-950,512,None,Move,office
1571030849.734,-951,511,None,Move,office
1571030849.758,-951,511,None,Move,office
1571030849.774,-951,510,None,Move,office
1571030849.782,-951,510,None,Move,office
1571030849.79,-951,509,None,Move,office
1571030849.798,-951,507,None,Move,office
1571030849.806,-951,507,None,Move,office
1571030849.815,-951,506,None,Move,office
1571030849.823,-951,505,None,Move,office
1571030849.83,-951,503,None,Move,office
1571030849.8379998,-951,501,None,Move,office
1571030849.846,-950,500,None,Move,office
1571030849.854,-949,498,None,Move,office
1571030849.8620002,-949,496,None,Move,office
1571030849.871,-949,496,None,Move,office
1571030849.879,-948,495,None,Move,office
1571030849.8860002,-948,495,None,Move,office
1571030849.9020002,-947,495,None,Move,office
1571030849.91,-947,495,None,Move,office
1571030849.929,-947,495,Left,Pressed,office
1571030849.974,-946,495,None,Drag,browsing
1571030849.982,-945,496,None,Drag,browsing
1571030849.992,-943,500,None,Drag,browsing
1571030850.0,-939,511,None,Drag,browsing
1571030850.01,-934,520,None,Drag,browsing
1571030850.019,-927,534,None,Drag,browsing
1571030850.026,-919,552,None,Drag,browsing
1571030850.032,-912,572,None,Drag,browsing
1571030850.039,-902,592,None,Drag,browsing
1571030850.046,-892,615,None,Drag,browsing
1571030850.055,-884,635,None,Drag,browsing
1571030850.062,-876,653,None,Drag,browsing
1571030850.07,-869,670,None,Drag,browsing
1571030850.077,-860,693,None,Drag,browsing
1571030850.086,-854,708,None,Drag,browsing
1571030850.094,-849,720,None,Drag,browsing
1571030850.103,-846,728,None,Drag,browsing
1571030850.111,-843,738,None,Drag,browsing
1571030850.117,-840,745,None,Drag,browsing
1571030850.125,-839,752,None,Drag,browsing
1571030850.133,-838,755,None,Drag,browsing
1571030850.141,-837,756,None,Drag,browsing
1571030850.406,-837,756,None,Drag,browsing
1571030850.413,-837,756,None,Drag,browsing
1571030850.421,-837,755,None,Drag,browsing
1571030850.429,-837,754,None,Drag,browsing
1571030850.438,-837,753,None,Drag,browsing
1571030850.446,-837,753,None,Drag,browsing
1571030850.454,-837,751,None,Drag,browsing
1571030850.461,-837,750,None,Drag,browsing
1571030850.469,-836,750,None,Drag,browsing
1571030850.4770002,-836,748,None,Drag,browsing
1571030850.485,-836,746,None,Drag,browsing
1571030850.4929998,-836,744,None,Drag,browsing
1571030850.502,-836,742,None,Drag,browsing
1571030850.51,-836,739,None,Drag,browsing
1571030850.518,-836,736,None,Drag,browsing
1571030850.525,-837,732,None,Drag,browsing
1571030850.533,-838,726,None,Drag,browsing
1571030850.541,-839,721,None,Drag,browsing
1571030850.549,-840,710,None,Drag,browsing
1571030850.5579998,-842,700,None,Drag,browsing
1571030850.566,-844,689,None,Drag,browsing
1571030850.574,-845,679,None,Drag,browsing
1571030850.581,-847,669,None,Drag,browsing
1571030850.589,-848,660,None,Drag,browsing
1571030850.597,-849,652,None,Drag,browsing
1571030850.605,-850,645,None,Drag,browsing
1571030850.6139998,-850,639,None,Drag,browsing
1571030850.6220002,-851,635,None,Drag,browsing
1571030850.63,-851,632,None,Drag,browsing
1571030850.637,-851,630,None,Drag,browsing
1571030850.645,-851,628,None,Drag,browsing
1571030850.653,-851,627,None,Drag,browsing
1571030850.661,-851,626,None,Drag,browsing
1571030850.7570002,-851,626,Left,Released,browsing
1571030850.903,-851,626,Left,Pressed,browsing
1571030850.982,-851,626,Left,Released,browsing
1571030851.15,-851,626,Left,Pressed,browsing
1571030851.222,-851,625,None,Drag,browsing
1571030851.23,-851,619,None,Drag,browsing
1571030851.238,-852,614,None,Drag,browsing
1571030851.2470002,-854,604,None,Drag,browsing
1571030851.255,-855,596,None,Drag,browsing
1571030851.262,-858,585,None,Drag,browsing
1571030851.27,-861,574,None,Drag,browsing
1571030851.2770002,-864,561,None,Drag,browsing
1571030851.286,-866,542,None,Drag,browsing
1571030851.294,-871,513,None,Drag,browsing
1571030851.303,-876,482,None,Drag,browsing
1571030851.311,-884,442,None,Drag,browsing
1571030851.322,-886,421,None,Drag,browsing
1571030851.327,-893,389,None,Drag,browsing
1571030851.334,-898,363,None,Drag,browsing
1571030851.342,-900,345,None,Drag,browsing
1571030851.349,-904,332,None,Drag,browsing
1571030851.3579998,-904,321,None,Drag,browsing
1571030851.3660002,-904,313,None,Drag,browsing
1571030851.3739998,-904,308,None,Drag,browsing
1571030851.3820002,-904,301,None,Drag,browsing
1571030851.39,-904,298,None,Drag,browsing
1571030851.3979998,-904,296,None,Drag,browsing
1571030851.406,-904,293,None,Drag,browsing
1571030851.414,-904,292,None,Drag,browsing
1571030851.4220002,-904,291,None,Drag,browsing
1571030851.535,-904,291,Left,Released,browsing
1571030851.752,-904,291,Left,Pressed,browsing
1571030851.847,-904,291,Left,Released,browsing
1571030851.9910002,-904,293,None,Move,browsing
1571030851.9989998,-904,297,None,Move,browsing
1571030852.0070002,-903,302,None,Move,browsing
1571030852.015,-903,306,None,Move,browsing
1571030852.022,-902,311,None,Move,browsing
1571030852.03,-902,317,None,Move,browsing
1571030852.038,-902,322,None,Move,browsing
1571030852.0470002,-902,326,None,Move,browsing
1571030852.055,-902,329,None,Move,browsing
1571030852.063,-902,332,None,Move,browsing
1571030852.071,-901,334,None,Move,browsing
1571030852.079,-901,337,None,Move,browsing
1571030852.086,-901,339,None,Move,browsing
1571030852.094,-901,340,None,Move,browsing
1571030852.1020002,-901,341,None,Move,browsing
1571030852.111,-901,342,None,Move,browsing
1571030852.119,-901,343,None,Move,browsing
1571030852.127,-901,344,None,Move,browsing
1571030852.135,-901,344,None,Move,browsing
1571030852.1420002,-901,345,None,Move,browsing
1571030852.15,-901,346,None,Move,browsing
1571030852.158,-901,347,None,Move,browsing
1571030852.167,-901,347,None,Move,browsing
1571030852.175,-901,348,None,Move,browsing
1571030852.1829998,-901,349,None,Move,browsing
1571030852.198,-901,349,None,Move,browsing
1571030852.206,-901,350,None,Move,browsing
1571030852.231,-901,351,None,Move,browsing
1571030852.2470002,-901,353,None,Move,browsing
1571030852.2870002,-901,353,Left,Pressed,browsing
1571030852.295,-901,354,None,Drag,browsing
1571030852.31,-901,354,None,Drag,browsing
1571030852.3179998,-901,356,None,Drag,browsing
1571030852.326,-901,358,None,Drag,browsing
1571030852.335,-901,360,None,Drag,browsing
1571030852.343,-900,364,None,Drag,browsing
1571030852.351,-899,370,None,Drag,browsing
1571030852.359,-899,375,None,Drag,browsing
1571030852.365,-897,382,None,Drag,browsing
1571030852.3739998,-895,396,None,Drag,browsing
1571030852.381,-891,408,None,Drag,browsing
1571030852.391,-889,420,None,Drag,browsing
1571030852.399,-885,437,None,Drag,browsing
1571030852.419,-876,472,None,Drag,browsing
1571030852.426,-871,491,None,Drag,browsing
1571030852.4320002,-866,513,None,Drag,browsing
1571030852.438,-862,525,None,Drag,browsing
1571030852.447,-857,542,None,Drag,browsing
1571030852.455,-851,557,None,Drag,browsing
1571030852.4629998,-848,568,None,Drag,browsing
1571030852.471,-844,577,None,Drag,browsing
1571030852.479,-842,585,None,Drag,browsing
1571030852.486,-839,591,None,Drag,browsing
1571030852.494,-838,596,None,Drag,browsing
1571030852.502,-837,600,None,Drag,browsing
1571030852.51,-836,603,None,Drag,browsing
1571030852.5270002,-836,604,None,Drag,browsing
1571030852.774,-836,604,Left,Released,browsing
1571030852.791,-836,604,Left,Pressed,browsing
1571030852.982,-836,604,Left,Released,browsing
1571030852.9989998,-836,604,Left,Pressed,browsing
1571030853.117,-835,605,None,Drag,browsing
1571030853.125,-835,608,None,Drag,browsing
1571030853.1339998,-835,612,None,Drag,browsing
1571030853.1420002,-833,616,None,Drag,browsing
1571030853.15,-833,619,None,Drag,browsing
1571030853.158,-832,621,None,Drag,browsing
1571030853.166,-831,624,None,Drag,browsing
1571030853.173,-831,628,None,Drag,browsing
1571030853.181,-831,629,None,Drag,browsing
1571030853.19,-831,630,None,Drag,browsing
1571030853.198,-830,632,None,Drag,browsing
1571030853.206,-830,633,None,Drag,browsing
1571030853.214,-829,633,None,Drag,browsing
1571030853.222,-829,634,None,Drag,browsing
1571030853.327,-829,634,Left,Released,browsing
1571030853.495,-829,634,Left,Pressed,browsing
1571030853.574,-829,634,Left,Released,browsing
1571030853.75,-829,635,None,Move,browsing
1571030853.76,-829,635,None,Move,browsing
1571030853.769,-829,637,None,Move,browsing
1571030853.779,-829,638,None,Move,browsing
1571030853.785,-829,640,None,Move,browsing
1571030853.791,-829,643,None,Move,browsing
1571030853.799,-829,644,None,Move,browsing
1571030853.806,-829,647,None,Move,browsing
1571030853.815,-829,649,None,Move,browsing
1571030853.823,-829,650,None,Move,browsing
1571030853.831,-829,652,None,Move,browsing
1571030853.839,-829,652,None,Move,browsing
1571030853.855,-829,653,None,Move,browsing
1571030853.928,-829,653,Left,Pressed,browsing
1571030853.9989998,-829,651,None,Drag,browsing
1571030854.01,-829,646,None,Drag,browsing
1571030854.02,-830,640,None,Drag,browsing
1571030854.026,-831,633,None,Drag,browsing
1571030854.031,-833,625,None,Drag,browsing
1571030854.0370002,-837,615,None,Drag,browsing
1571030854.0470002,-839,603,None,Drag,browsing
1571030854.055,-843,584,None,Drag,browsing
1571030854.063,-847,560,None,Drag,browsing
1571030854.071,-852,534,None,Drag,browsing
1571030854.079,-858,507,None,Drag,browsing
1571030854.087,-863,481,None,Drag,browsing
1571030854.093,-867,460,None,Drag,browsing
1571030854.103,-871,436,None,Drag,browsing
1571030854.111,-874,418,None,Drag,browsing
1571030854.119,-877,407,None,Drag,browsing
1571030854.127,-878,399,None,Drag,browsing
1571030854.135,-880,390,None,Drag,browsing
1571030854.143,-881,384,None,Drag,browsing
1571030854.15,-882,380,None,Drag,browsing
1571030854.159,-882,374,None,Drag,browsing
1571030854.167,-882,372,None,Drag,browsing
1571030854.175,-882,370,None,Drag,browsing
1571030854.1829998,-882,369,None,Drag,browsing
1571030854.191,-882,368,None,Drag,browsing
1571030854.199,-882,367,None,Drag,browsing
1571030854.206,-882,366,None,Drag,browsing
1571030854.215,-882,365,None,Drag,browsing
1571030854.2229998,-882,363,None,Drag,browsing
1571030854.231,-882,362,None,Drag,browsing
1571030854.2389998,-882,360,None,Drag,browsing
1571030854.2470002,-882,359,None,Drag,browsing
1571030854.255,-882,358,None,Drag,browsing
1571030854.262,-882,356,None,Drag,browsing
1571030854.271,-882,354,None,Drag,browsing
1571030854.279,-882,352,None,Drag,browsing
1571030854.2870002,-882,351,None,Drag,browsing
1571030854.295,-882,350,None,Drag,browsing
1571030854.303,-882,348,None,Drag,browsing
1571030854.311,-882,347,None,Drag,browsing
1571030854.3179998,-881,346,None,Drag,browsing
1571030854.327,-881,345,None,Drag,browsing
1571030854.335,-881,345,None,Drag,browsing
1571030854.5029998,-881,345,Left,Released,browsing
1571030854.615,-881,345,Left,Pressed,browsing
1571030854.71,-881,345,Left,Released,browsing
1571030855.799,-880,344,None,Move,browsing
1571030855.8070002,-878,343,None,Move,browsing
1571030855.815,-877,343,None,Move,browsing
1571030855.823,-877,343,None,Move,browsing
1571030855.831,-876,342,None,Move,browsing
1571030855.84,-875,342,None,Move,browsing
1571030855.8479998,-874,341,None,Move,browsing
1571030855.863,-873,339,None,Move,browsing
1571030855.871,-871,338,None,Move,browsing
1571030855.879,-871,337,None,Move,browsing
1571030855.887,-870,337,None,Move,browsing
1571030855.895,-870,336,None,Move,browsing
1571030855.903,-870,335,None,Move,browsing
1571030855.911,-870,334,None,Move,browsing
1571030855.919,-869,332,None,Move,browsing
1571030855.927,-869,331,None,Move,browsing
1571030855.935,-869,329,None,Move,browsing
1571030855.9429998,-869,328,None,Move,browsing
1571030855.966,-868,325,None,Move,browsing
1571030855.971,-867,317,None,Move,browsing
1571030855.9770002,-867,315,None,Move,browsing
1571030855.9829998,-867,311,None,Move,browsing
1571030855.9910002,-867,308,None,Move,browsing
1571030855.9989998,-868,304,None,Move,browsing
1571030856.0070002,-869,302,None,Move,browsing
1571030856.015,-869,300,None,Move,browsing
1571030856.0229998,-869,297,None,Move,browsing
1571030856.031,-870,295,None,Move,browsing
1571030856.039,-870,294,None,Move,browsing
1571030856.144,-870,294,Left,Pressed,browsing
1571030856.174,-870,294,None,Drag,browsing
1571030856.1829998,-871,299,None,Drag,browsing
1571030856.19,-871,302,None,Drag,browsing
1571030856.198,-871,307,None,Drag,browsing
1571030856.206,-871,315,None,Drag,browsing
1571030856.214,-872,324,None,Drag,browsing
1571030856.2229998,-872,333,None,Drag,browsing
1571030856.23,-872,347,None,Drag,browsing
1571030856.2389998,-872,361,None,Drag,browsing
1571030856.246,-873,375,None,Drag,browsing
1571030856.254,-873,390,None,Drag,browsing
1571030856.262,-873,406,None,Drag,browsing
1571030856.271,-874,426,None,Drag,browsing
1571030856.278,-876,446,None,Drag,browsing
1571030856.301,-877,459,None,Drag,browsing
1571030856.3070002,-877,492,None,Drag,browsing
1571030856.314,-877,506,None,Drag,browsing
1571030856.319,-877,517,None,Drag,browsing
1571030856.326,-877,529,None,Drag,browsing
1571030856.334,-877,537,None,Drag,browsing
1571030856.342,-877,546,None,Drag,browsing
1571030856.351,-877,554,None,Drag,browsing
1571030856.3579998,-877,562,None,Drag,browsing
1571030856.3660002,-877,568,None,Drag,browsing
1571030856.3739998,-876,571,None,Drag,browsing
1571030856.3820002,-876,575,None,Drag,browsing
1571030856.39,-876,577,None,Drag,browsing
1571030856.3979998,-876,580,None,Drag,browsing
1571030856.406,-875,581,None,Drag,browsing
1571030856.414,-875,584,None,Drag,browsing
1571030856.4220002,-875,587,None,Drag,browsing
1571030856.43,-875,588,None,Drag,browsing
1571030856.438,-875,589,None,Drag,browsing
1571030856.446,-875,590,None,Drag,browsing
1571030856.454,-874,590,None,Drag,browsing
1571030856.462,-874,591,None,Drag,browsing
1571030856.47,-874,592,None,Drag,browsing
1571030856.478,-874,593,None,Drag,browsing
1571030856.486,-873,593,None,Drag,browsing
1571030856.494,-873,594,None,Drag,browsing
1571030856.502,-873,594,None,Drag,browsing
1571030856.518,-873,595,None,Drag,browsing
1571030856.543,-873,595,Left,Released,browsing
1571030856.887,-873,595,Left,Pressed,browsing
1571030856.951,-873,595,Left,Released,browsing
1571030858.982,-873,596,None,Move,browsing
1571030859.022,-874,597,None,Move,browsing
1571030859.168,-874,597,None,Move,browsing
1571030859.185,-874,598,None,Move,browsing
1571030859.195,-874,601,None,Move,browsing
1571030859.201,-874,604,None,Move,browsing
1571030859.206,-874,601,Left,Pressed,browsing
1571030859.211,-873,610,None,Drag,browsing
1571030859.218,-872,617,None,Drag,browsing
1571030859.225,-870,625,None,Drag,browsing
1571030859.232,-868,634,None,Drag,browsing
1571030859.238,-866,645,None,Drag,browsing
1571030859.2470002,-863,657,None,Drag,browsing
1571030859.255,-861,671,None,Drag,browsing
1571030859.2629998,-859,686,None,Drag,browsing
1571030859.272,-857,698,None,Drag,browsing
1571030859.28,-853,717,None,Drag,browsing
1571030859.288,-852,732,None,Drag,browsing
1571030859.296,-849,745,None,Drag,browsing
1571030859.303,-848,755,None,Drag,browsing
1571030859.311,-848,761,None,Drag,browsing
1571030859.319,-848,766,None,Drag,browsing
1571030859.327,-848,770,None,Drag,browsing
1571030859.336,-848,772,None,Drag,browsing
1571030859.343,-848,773,None,Drag,browsing
1571030859.3520002,-848,774,None,Drag,browsing
1571030859.359,-848,774,None,Drag,browsing
1571030859.551,-848,774,Left,Released,browsing
1571030859.6720002,-848,774,Left,Pressed,browsing
1571030859.7670002,-848,774,Left,Released,browsing
1571030859.856,-848,774,None,Move,browsing
1571030859.8639998,-848,772,None,Move,browsing
1571030859.871,-848,771,None,Move,browsing
1571030859.879,-848,769,None,Move,browsing
1571030859.887,-848,766,None,Move,browsing
1571030859.896,-848,763,None,Move,browsing
1571030859.904,-849,755,None,Move,browsing
1571030859.9120002,-851,747,None,Move,browsing
1571030859.92,-853,740,None,Move,browsing
1571030859.929,-858,727,None,Move,browsing
1571030859.936,-861,714,None,Move,browsing
1571030859.944,-868,698,None,Move,browsing
1571030859.952,-877,680,None,Move,browsing
1571030859.96,-888,656,None,Move,browsing
1571030859.968,-900,638,None,Move,browsing
1571030859.976,-907,625,None,Move,browsing
1571030859.984,-918,608,None,Move,browsing
1571030859.9910002,-924,598,None,Move,browsing
1571030859.9989998,-930,590,None,Move,browsing
1571030860.0070002,-933,584,None,Move,browsing
1571030860.016,-934,580,None,Move,browsing
1571030860.024,-935,579,None,Move,browsing
1571030860.855,-936,577,None,Move,browsing
1571030860.8639998,-936,568,None,Move,browsing
1571030860.8720002,-938,558,None,Move,browsing
1571030860.88,-939,549,None,Move,browsing
1571030860.887,-942,538,None,Move,browsing
1571030860.895,-946,525,None,Move,browsing
1571030860.904,-949,514,None,Move,browsing
1571030860.9120002,-955,496,None,Move,browsing
1571030860.92,-960,482,None,Move,browsing
1571030860.928,-965,466,None,Move,browsing
1571030860.936,-971,453,None,Move,browsing
1571030860.9429998,-978,437,None,Move,browsing
1571030860.951,-986,419,None,Move,browsing
1571030860.959,-993,404,None,Move,browsing
1571030860.968,-997,393,None,Move,browsing
1571030860.976,-1000,384,None,Move,browsing
1571030860.9989998,-1002,378,None,Move,browsing
1571030861.005,-1003,372,None,Move,browsing
1571030861.01,-1004,370,None,Move,browsing
1571030861.016,-1004,368,None,Move,browsing
1571030861.024,-1004,367,None,Move,browsing
1571030861.032,-1004,367,None,Move,browsing
1571030861.04,-1004,366,None,Move,browsing
1571030861.048,-1004,365,None,Move,browsing
1571030861.056,-1004,364,None,Move,browsing
1571030861.063,-1004,363,None,Move,browsing
1571030861.071,-1004,362,None,Move,browsing
1571030861.08,-1004,360,None,Move,browsing
1571030861.0879998,-1004,358,None,Move,browsing
1571030861.096,-1004,356,None,Move,browsing
1571030861.104,-1004,353,None,Move,browsing
1571030861.1120002,-1004,350,None,Move,browsing
1571030861.119,-1004,347,None,Move,browsing
1571030861.127,-1004,344,None,Move,browsing
1571030861.1360002,-1004,341,None,Move,browsing
1571030861.144,-1004,338,None,Move,browsing
1571030861.167,-1004,335,None,Move,browsing
1571030861.174,-1004,330,None,Move,browsing
1571030861.179,-1004,327,None,Move,browsing
1571030861.185,-1004,326,None,Move,browsing
1571030861.1920002,-1004,324,None,Move,browsing
1571030861.2,-1004,323,None,Move,browsing
1571030861.208,-1004,322,None,Move,browsing
1571030861.329,-1004,322,Left,Pressed,browsing
1571030861.336,-1004,323,None,Drag,browsing
1571030861.343,-1003,327,None,Drag,browsing
1571030861.351,-1002,334,None,Drag,browsing
1571030861.36,-1001,342,None,Drag,browsing
1571030861.3679998,-1000,355,None,Drag,browsing
1571030861.3760002,-999,370,None,Drag,browsing
1571030861.3839998,-996,387,None,Drag,browsing
1571030861.3920002,-992,405,None,Drag,browsing
1571030861.399,-988,429,None,Drag,browsing
1571030861.42,-983,465,None,Drag,browsing
1571030861.426,-978,494,None,Drag,browsing
1571030861.4320002,-975,514,None,Drag,browsing
1571030861.441,-974,531,None,Drag,browsing
1571030861.449,-971,552,None,Drag,browsing
1571030861.457,-969,565,None,Drag,browsing
1571030861.464,-968,576,None,Drag,browsing
1571030861.472,-967,585,None,Drag,browsing
1571030861.48,-965,594,None,Drag,browsing
1571030861.488,-964,602,None,Drag,browsing
1571030861.496,-963,606,None,Drag,browsing
1571030861.505,-962,612,None,Drag,browsing
1571030861.512,-961,616,None,Drag,browsing
1571030861.519,-960,619,None,Drag,browsing
1571030861.5270002,-960,621,None,Drag,browsing
1571030861.536,-960,623,None,Drag,browsing
1571030861.544,-960,623,None,Drag,browsing
1571030861.552,-960,624,None,Drag,browsing
1571030861.583,-959,624,None,Drag,browsing
1571030861.591,-959,625,None,Drag,browsing
1571030861.631,-959,625,Left,Released,browsing
1571030861.769,-959,625,Left,Pressed,browsing
1571030861.84,-959,625,Left,Released,browsing
1571030862.3279998,-959,625,None,Move,browsing
1571030862.34,-959,624,None,Move,browsing
1571030862.347,-959,624,None,Move,browsing
1571030862.354,-959,623,None,Move,browsing
1571030862.36,-959,623,None,Move,browsing
1571030862.367,-959,622,None,Move,browsing
1571030862.3760002,-959,621,None,Move,browsing
1571030862.3839998,-959,621,None,Move,browsing
1571030862.3920002,-959,620,None,Move,browsing
1571030862.399,-959,620,None,Move,browsing
1571030862.415,-958,619,None,Move,browsing
1571030862.448,-958,619,None,Move,browsing
1571030862.975,-956,613,None,Move,browsing
1571030862.9889998,-956,602,None,Move,browsing
1571030862.998,-956,593,None,Move,browsing
1571030863.005,-956,579,None,Move,browsing
1571030863.01,-956,560,None,Move,browsing
1571030863.016,-956,539,None,Move,browsing
1571030863.0229998,-955,521,None,Move,browsing
1571030863.031,-953,501,None,Move,browsing
1571030863.039,-950,483,None,Move,browsing
1571030863.0470002,-949,463,None,Move,browsing
1571030863.0670002,-946,431,None,Move,browsing
1571030863.072,-946,421,None,Move,browsing
1571030863.079,-946,411,None,Move,browsing
1571030863.087,-946,406,None,Move,browsing
1571030863.095,-946,400,None,Move,browsing
1571030863.103,-946,398,None,Move,browsing
1571030863.111,-946,396,None,Move,browsing
1571030863.119,-946,395,None,Move,browsing
1571030863.127,-947,394,None,Move,browsing
1571030863.135,-947,394,None,Move,browsing
1571030863.144,-947,393,None,Move,browsing
1571030863.16,-947,392,None,Move,browsing
1571030863.173,-947,392,None,Move,browsing
1571030863.179,-947,391,None,Move,browsing
1571030863.191,-947,391,None,Move,browsing
1571030866.576,-947,391,Left,Pressed,browsing
1571030866.601,-947,392,None,Drag,browsing
1571030866.609,-946,396,None,Drag,browsing
1571030866.6160002,-945,402,None,Drag,browsing
1571030866.6239998,-942,407,None,Drag,browsing
1571030866.6320002,-939,415,None,Drag,browsing
1571030866.64,-937,420,None,Drag,browsing
1571030866.649,-934,426,None,Drag,browsing
1571030866.657,-931,436,None,Drag,browsing
1571030866.665,-928,443,None,Drag,browsing
1571030866.6720002,-923,453,None,Drag,browsing
1571030866.68,-920,459,None,Drag,browsing
1571030866.688,-917,467,None,Drag,browsing
1571030866.696,-913,477,None,Drag,browsing
1571030866.705,-910,487,None,Drag,browsing
1571030866.7129998,-905,496,None,Drag,browsing
1571030866.721,-902,507,None,Drag,browsing
1571030866.728,-899,517,None,Drag,browsing
1571030866.736,-897,525,None,Drag,browsing
1571030866.7429998,-896,532,None,Drag,browsing
1571030866.7510002,-893,542,None,Drag,browsing
1571030866.76,-891,550,None,Drag,browsing
1571030866.768,-888,560,None,Drag,browsing
1571030866.776,-886,569,None,Drag,browsing
1571030866.784,-884,576,None,Drag,browsing
1571030866.791,-882,583,None,Drag,browsing
1571030866.799,-880,593,None,Drag,browsing
1571030866.8070002,-877,601,None,Drag,browsing
1571030866.8170002,-875,609,None,Drag,browsing
1571030866.825,-872,618,None,Drag,browsing
1571030866.833,-871,623,None,Drag,browsing
1571030866.84,-869,630,None,Drag,browsing
1571030866.8479998,-867,639,None,Drag,browsing
1571030866.856,-865,646,None,Drag,browsing
1571030866.8639998,-863,652,None,Drag,browsing
1571030866.873,-860,659,None,Drag,browsing
1571030866.881,-859,664,None,Drag,browsing
1571030866.889,-857,671,None,Drag,browsing
1571030866.896,-854,678,None,Drag,browsing
1571030866.904,-853,685,None,Drag,browsing
1571030866.9120002,-850,692,None,Drag,browsing
1571030866.92,-849,697,None,Drag,browsing
1571030866.929,-848,702,None,Drag,browsing
1571030866.937,-846,709,None,Drag,browsing
1571030866.945,-845,715,None,Drag,browsing
1571030866.9529998,-844,719,None,Drag,browsing
1571030866.96,-843,722,None,Drag,browsing
1571030866.968,-842,728,None,Drag,browsing
1571030866.976,-842,732,None,Drag,browsing
1571030866.984,-841,735,None,Drag,browsing
1571030866.9929998,-841,738,None,Drag,browsing
1571030867.0010002,-840,743,None,Drag,browsing
1571030867.0089998,-839,748,None,Drag,browsing
1571030867.016,-838,751,None,Drag,browsing
1571030867.024,-838,754,None,Drag,browsing
1571030867.032,-837,757,None,Drag,browsing
1571030867.04,-836,761,None,Drag,browsing
1571030867.049,-835,765,None,Drag,browsing
1571030867.0570002,-834,768,None,Drag,browsing
1571030867.065,-834,769,None,Drag,browsing
1571030867.072,-834,772,None,Drag,browsing
1571030867.08,-833,775,None,Drag,browsing
1571030867.0879998,-833,777,None,Drag,browsing
1571030867.096,-832,780,None,Drag,browsing
1571030867.105,-831,782,None,Drag,browsing
1571030867.113,-831,783,None,Drag,browsing
1571030867.121,-831,785,None,Drag,browsing
1571030867.1279998,-830,786,None,Drag,browsing
1571030867.144,-830,787,None,Drag,browsing
1571030867.1620002,-829,788,None,Drag,browsing
1571030867.17,-829,788,None,Drag,browsing
1571030867.208,-829,789,None,Drag,browsing
1571030867.256,-829,789,None,Drag,browsing
1571030867.264,-829,790,None,Drag,browsing
1571030867.2729998,-828,791,None,Drag,browsing
1571030867.281,-827,793,None,Drag,browsing
1571030867.289,-826,795,None,Drag,browsing
1571030867.2970002,-825,797,None,Drag,browsing
1571030867.304,-824,799,None,Drag,browsing
1571030867.312,-823,802,None,Drag,browsing
1571030867.32,-822,803,None,Drag,browsing
1571030867.329,-822,804,None,Drag,browsing
1571030867.337,-820,807,None,Drag,browsing
1571030867.345,-820,807,None,Drag,browsing
1571030867.353,-820,808,None,Drag,browsing
1571030867.36,-819,810,None,Drag,browsing
1571030867.3679998,-819,810,None,Drag,browsing
1571030867.3760002,-819,811,None,Drag,browsing
1571030867.385,-819,812,None,Drag,browsing
1571030867.401,-819,813,None,Drag,browsing
1571030867.416,-819,815,None,Drag,browsing
1571030867.505,-819,815,Left,Released,browsing
1571030867.6479998,-819,815,Left,Pressed,browsing
1571030867.73,-819,815,Left,Released,browsing
1571030867.835,-819,815,Left,Pressed,browsing
1571030867.952,-819,814,None,Drag,browsing
1571030867.962,-819,806,None,Drag,browsing
1571030867.969,-821,798,None,Drag,browsing
1571030867.976,-824,788,None,Drag,browsing
1571030867.984,-828,773,None,Drag,browsing
1571030867.9910002,-832,752,None,Drag,browsing
1571030867.9989998,-836,731,None,Drag,browsing
1571030868.0070002,-843,699,None,Drag,browsing
1571030868.016,-851,666,None,Drag,browsing
1571030868.025,-862,628,None,Drag,browsing
1571030868.033,-874,600,None,Drag,browsing
1571030868.041,-884,572,None,Drag,browsing
1571030868.048,-891,553,None,Drag,browsing
1571030868.056,-899,535,None,Drag,browsing
1571030868.063,-905,518,None,Drag,browsing
1571030868.073,-910,507,None,Drag,browsing
1571030868.08,-914,494,None,Drag,browsing
1571030868.0879998,-917,486,None,Drag,browsing
1571030868.096,-919,480,None,Drag,browsing
1571030868.103,-921,476,None,Drag,browsing
1571030868.111,-922,471,None,Drag,browsing
1571030868.119,-923,470,None,Drag,browsing
1571030868.1279998,-923,470,None,Drag,browsing
1571030868.3920002,-923,467,None,Drag,browsing
1571030868.403,-923,465,None,Drag,browsing
1571030868.4120002,-923,461,None,Drag,browsing
1571030868.418,-923,458,None,Drag,browsing
1571030868.425,-923,455,None,Drag,browsing
1571030868.4329998,-923,451,None,Drag,browsing
1571030868.441,-923,446,None,Drag,browsing
1571030868.448,-923,444,None,Drag,browsing
1571030868.456,-923,441,None,Drag,browsing
1571030868.464,-923,440,None,Drag,browsing
1571030868.4729998,-923,439,None,Drag,browsing
1571030868.481,-922,439,None,Drag,browsing
1571030868.705,-922,437,None,Drag,browsing
1571030868.7129998,-922,436,None,Drag,browsing
1571030868.721,-922,434,None,Drag,browsing
1571030868.729,-922,432,None,Drag,browsing
1571030868.736,-921,431,None,Drag,browsing
1571030868.744,-920,429,None,Drag,browsing
1571030868.7529998,-920,427,None,Drag,browsing
1571030868.7610002,-920,424,None,Drag,browsing
1571030868.769,-919,422,None,Drag,browsing
1571030868.7770002,-919,421,None,Drag,browsing
1571030868.785,-919,420,None,Drag,browsing
1571030868.792,-918,418,None,Drag,browsing
1571030868.8,-918,417,None,Drag,browsing
1571030868.809,-917,415,None,Drag,browsing
1571030868.8170002,-917,414,None,Drag,browsing
1571030868.825,-916,414,None,Drag,browsing
1571030868.833,-916,412,None,Drag,browsing
1571030868.985,-916,412,Left,Released,browsing
1571030869.1360002,-916,412,Left,Pressed,browsing
1571030869.225,-916,412,Left,Released,browsing
1571030869.337,-915,412,None,Move,browsing
1571030869.349,-912,413,None,Move,browsing
1571030869.357,-909,415,None,Move,browsing
1571030869.363,-907,417,None,Move,browsing
1571030869.369,-906,418,None,Move,browsing
1571030869.3760002,-906,418,None,Move,browsing
1571030869.385,-905,419,None,Move,browsing
1571030869.393,-903,419,None,Move,browsing
1571030869.401,-903,419,None,Move,browsing
1571030869.408,-902,419,None,Move,browsing
1571030869.416,-901,420,None,Move,browsing
1571030869.4320002,-900,420,None,Move,browsing
1571030869.449,-899,420,None,Move,browsing
1571030869.457,-899,420,None,Move,browsing
1571030869.488,-899,420,Left,Pressed,browsing
1571030869.529,-898,422,None,Drag,browsing
1571030869.536,-897,422,None,Drag,browsing
1571030869.543,-897,424,None,Drag,browsing
1571030869.553,-897,426,None,Drag,browsing
1571030869.561,-894,433,None,Drag,browsing
1571030869.5679998,-893,437,None,Drag,browsing
1571030869.577,-891,444,None,Drag,browsing
1571030869.585,-890,451,None,Drag,browsing
1571030869.592,-887,459,None,Drag,browsing
1571030869.6,-884,468,None,Drag,browsing
1571030869.609,-882,477,None,Drag,browsing
1571030869.6160002,-878,491,None,Drag,browsing
1571030869.6239998,-874,502,None,Drag,browsing
1571030869.633,-871,514,None,Drag,browsing
1571030869.641,-866,530,None,Drag,browsing
1571030869.647,-861,541,None,Drag,browsing
1571030869.656,-856,555,None,Drag,browsing
1571030869.664,-851,567,None,Drag,browsing
1571030869.673,-843,587,None,Drag,browsing
1571030869.68,-837,602,None,Drag,browsing
1571030869.688,-832,616,None,Drag,browsing
1571030869.696,-828,627,None,Drag,browsing
1571030869.704,-824,641,None,Drag,browsing
1571030869.711,-822,650,None,Drag,browsing
1571030869.721,-819,661,None,Drag,browsing
1571030869.728,-817,673,None,Drag,browsing
1571030869.736,-815,682,None,Drag,browsing
1571030869.744,-813,690,None,Drag,browsing
1571030869.752,-811,698,None,Drag,browsing
1571030869.76,-808,707,None,Drag,browsing
1571030869.768,-806,714,None,Drag,browsing
1571030869.776,-805,719,None,Drag,browsing
1571030869.784,-803,726,None,Drag,browsing
1571030869.792,-802,731,None,Drag,browsing
1571030869.8,-801,735,None,Drag,browsing
1571030869.8079998,-800,741,None,Drag,browsing
1571030869.8170002,-799,743,None,Drag,browsing
1571030869.823,-798,745,None,Drag,browsing
1571030869.832,-798,747,None,Drag,browsing
1571030869.84,-797,748,None,Drag,browsing
1571030869.8479998,-797,749,None,Drag,browsing
1571030869.856,-797,750,None,Drag,browsing
1571030869.8639998,-797,752,None,Drag,browsing
1571030869.8720002,-797,752,None,Drag,browsing
1571030869.88,-797,753,None,Drag,browsing
1571030869.887,-797,754,None,Drag,browsing
1571030869.896,-796,755,None,Drag,browsing
1571030869.904,-796,756,None,Drag,browsing
1571030869.9120002,-796,758,None,Drag,browsing
1571030869.92,-795,759,None,Drag,browsing
1571030869.928,-795,761,None,Drag,browsing
1571030869.935,-795,763,None,Drag,browsing
1571030869.9429998,-795,765,None,Drag,browsing
1571030869.952,-795,767,None,Drag,browsing
1571030869.96,-795,770,None,Drag,browsing
1571030869.968,-795,772,None,Drag,browsing
1571030869.976,-795,773,None,Drag,browsing
1571030869.984,-794,775,None,Drag,browsing
1571030869.9910002,-794,776,None,Drag,browsing
1571030870.0,-794,777,None,Drag,browsing
1571030870.008,-794,777,None,Drag,browsing
1571030870.04,-793,778,None,Drag,browsing
1571030870.129,-793,778,None,Drag,browsing
1571030870.137,-793,779,None,Drag,browsing
1571030870.153,-793,779,None,Drag,browsing
1571030870.169,-793,781,None,Drag,browsing
1571030870.177,-793,782,None,Drag,browsing
1571030870.184,-793,782,None,Drag,browsing
1571030870.2,-793,784,None,Drag,browsing
1571030870.217,-792,784,None,Drag,browsing
1571030870.229,-792,785,None,Drag,browsing
1571030870.28,-791,785,None,Drag,browsing
1571030870.2970002,-789,787,None,Drag,browsing
1571030870.304,-789,787,None,Drag,browsing
1571030870.312,-787,788,None,Drag,browsing
1571030870.32,-787,789,None,Drag,browsing
1571030870.3279998,-787,789,None,Drag,browsing
1571030870.336,-786,791,None,Drag,browsing
1571030870.344,-785,793,None,Drag,browsing
1571030870.3520002,-783,794,None,Drag,browsing
1571030870.36,-782,796,None,Drag,browsing
1571030870.3679998,-782,798,None,Drag,browsing
1571030870.3760002,-781,800,None,Drag,browsing
1571030870.3839998,-781,801,None,Drag,browsing
1571030870.3920002,-781,802,None,Drag,browsing
1571030870.408,-781,803,None,Drag,browsing
1571030870.416,-781,803,None,Drag,browsing
1571030870.505,-781,803,Left,Released,browsing
1571030870.617,-781,803,Left,Pressed,browsing
1571030870.705,-781,803,Left,Released,browsing
1571030870.9120002,-781,803,Left,Pressed,browsing
1571030870.9929998,-781,800,None,Drag,browsing
1571030871.0010002,-782,789,None,Drag,browsing
1571030871.008,-786,777,None,Drag,browsing
1571030871.0170002,-792,761,None,Drag,browsing
1571030871.025,-798,742,None,Drag,browsing
1571030871.033,-810,711,None,Drag,browsing
1571030871.041,-818,681,None,Drag,browsing
1571030871.049,-831,643,None,Drag,browsing
1571030871.0570002,-846,604,None,Drag,browsing
1571030871.065,-862,568,None,Drag,browsing
1571030871.073,-874,535,None,Drag,browsing
1571030871.081,-889,498,None,Drag,browsing
1571030871.0879998,-902,457,None,Drag,browsing
1571030871.096,-910,428,None,Drag,browsing
1571030871.104,-918,403,None,Drag,browsing
1571030871.1120002,-922,382,None,Drag,browsing
1571030871.12,-924,368,None,Drag,browsing
1571030871.1279998,-925,358,None,Drag,browsing
1571030871.1360002,-926,349,None,Drag,browsing
1571030871.144,-926,344,None,Drag,browsing
1571030871.1520002,-926,341,None,Drag,browsing
1571030871.321,-926,341,Left,Released,browsing
1571030871.4729998,-926,341,Left,Pressed,browsing
1571030871.57,-926,341,Left,Released,browsing
1571030872.289,-926,341,Left,Pressed,browsing
1571030872.3279998,-926,341,None,Drag,browsing
1571030872.337,-926,345,None,Drag,browsing
1571030872.344,-924,355,None,Drag,browsing
1571030872.3520002,-921,365,None,Drag,browsing
1571030872.36,-919,376,None,Drag,browsing
1571030872.3679998,-915,391,None,Drag,browsing
1571030872.3760002,-908,411,None,Drag,browsing
1571030872.3839998,-901,430,None,Drag,browsing
1571030872.3920002,-894,455,None,Drag,browsing
1571030872.401,-886,477,None,Drag,browsing
1571030872.408,-879,499,None,Drag,browsing
1571030872.417,-873,521,None,Drag,browsing
1571030872.424,-868,535,None,Drag,browsing
1571030872.4320002,-864,548,None,Drag,browsing
1571030872.44,-859,559,None,Drag,browsing
1571030872.449,-856,566,None,Drag,browsing
1571030872.456,-855,570,None,Drag,browsing
1571030872.464,-854,572,None,Drag,browsing
1571030872.472,-853,573,None,Drag,browsing
1571030872.48,-853,574,None,Drag,browsing
1571030872.521,-853,574,Left,Released,browsing
1571030872.617,-853,574,Left,Pressed,browsing
1571030872.714,-853,574,Left,Released,browsing
1571030879.2970002,-846,572,None,Move,browsing
1571030879.305,-843,571,None,Move,browsing
1571030879.313,-842,571,None,Move,browsing
1571030879.329,-841,570,None,Move,browsing
1571030879.337,-841,569,None,Move,browsing
1571030879.345,-841,568,None,Move,browsing
1571030879.353,-841,567,None,Move,browsing
1571030879.361,-841,565,None,Move,browsing
1571030879.369,-840,563,None,Move,browsing
1571030879.377,-840,560,None,Move,browsing
1571030879.385,-840,558,None,Move,browsing
1571030879.393,-840,554,None,Move,browsing
1571030879.401,-841,550,None,Move,browsing
1571030879.409,-841,548,None,Move,browsing
1571030879.417,-841,545,None,Move,browsing
1571030879.425,-841,544,None,Move,browsing
1571030879.714,-842,543,None,Move,browsing
1571030879.722,-843,543,None,Move,browsing
1571030879.73,-844,543,None,Move,browsing
1571030879.762,-844,543,None,Move,browsing
1571030879.786,-844,543,None,Move,browsing
1571030879.794,-844,544,None,Move,browsing
1571030879.802,-844,545,None,Move,browsing
1571030879.962,-844,545,None,Move,browsing
1571030879.971,-844,544,None,Move,browsing
1571030927.8920002,-826,532,None,Move,browsing
1571030927.899,-727,462,None,Move,browsing
1571030927.905,-745,447,None,Move,browsing
1571030927.911,-752,414,None,Move,browsing
1571030927.917,-759,374,None,Move,browsing
1571030927.924,-760,360,None,Move,browsing
1571030927.9320002,-762,346,None,Move,browsing
1571030927.94,-763,342,None,Move,browsing
1571030928.381,-765,331,None,Move,browsing
1571030928.389,-780,284,None,Move,browsing
1571030928.395,-799,224,None,Move,browsing
1571030928.404,-812,178,None,Move,browsing
1571030928.4120002,-832,131,None,Move,browsing
1571030928.42,-854,76,None,Move,browsing
1571030928.428,-871,32,None,Move,browsing
1571030928.436,-885,1,None,Move,browsing
1571030928.444,-898,-23,None,Move,browsing
1571030928.451,-906,-14,None,Move,browsing
1571030928.46,-913,-11,None,Move,browsing
1571030928.468,-921,-11,None,Move,browsing
1571030928.4770002,-926,-9,None,Move,browsing
1571030928.6279998,-930,-1,None,Move,browsing
1571030928.64,-945,-4,None,Move,browsing
1571030928.649,-957,-4,None,Move,browsing
1571030928.655,-958,0,None,Move,browsing
1571030928.6920002,-962,0,None,Move,browsing
1571030928.701,-978,2,None,Move,browsing
1571030928.711,-994,7,None,Move,browsing
1571030928.717,-1012,9,None,Move,browsing
1571030928.724,-1028,9,None,Move,browsing
1571030928.7329998,-1041,9,None,Move,browsing
1571030928.7389998,-1058,8,None,Move,browsing
1571030928.7470002,-1070,5,None,Move,browsing
1571030928.756,-1080,3,None,Move,browsing
1571030928.764,-1085,1,None,Move,browsing
1571030928.772,-1088,0,None,Move,browsing
1571030928.785,-1089,0,None,Move,browsing
1571030928.794,-1090,-1,None,Move,browsing
1571030928.802,-1092,-1,None,Move,browsing
1571030928.81,-1093,-1,None,Move,browsing
1571030928.816,-1095,-2,None,Move,browsing
1571030928.822,-1098,-1,None,Move,browsing
1571030928.8279998,-1099,-2,None,Move,browsing
1571031231.295,-1107,-12,None,Move,browsing
1571031231.303,-1151,-11,None,Move,browsing
1571031231.309,-1152,2,None,Move,browsing
1571031231.494,-1151,2,None,Move,browsing
1571031231.502,-1148,1,None,Move,browsing
1571031231.51,-1147,1,None,Move,browsing
1571031231.518,-1146,1,None,Move,browsing
1571031231.526,-1144,0,None,Move,browsing
1571031231.534,-1141,-1,None,Move,browsing
1571031231.542,-1136,-1,None,Move,browsing
1571031231.55,-1133,0,None,Move,browsing
1571031231.5579998,-1126,-1,None,Move,browsing
1571031231.566,-1121,0,None,Move,browsing
1571031231.574,-1118,0,None,Move,browsing
1571031231.582,-1111,0,None,Move,browsing
1571031231.59,-1108,0,None,Move,browsing
1571031231.5979998,-1105,1,None,Move,browsing
1571031231.606,-1103,2,None,Move,browsing
1571031231.6139998,-1102,2,None,Move,browsing
1571031231.6220002,-1102,2,None,Move,browsing
1571031231.63,-1101,2,None,Move,browsing
1571031231.6379998,-1100,2,None,Move,browsing
1571031231.646,-1098,2,None,Move,browsing
1571031231.654,-1097,2,None,Move,browsing
1571031231.6620002,-1094,1,None,Move,browsing
1571031231.67,-1092,-1,None,Move,browsing
1571031231.678,-1090,-1,None,Move,browsing
1571031231.686,-1085,-4,None,Move,browsing
1571031231.694,-1080,-3,None,Move,browsing
1571031231.702,-1075,-4,None,Move,browsing
1571031231.71,-1067,-6,None,Move,browsing
1571031231.718,-1061,-4,None,Move,browsing
1571031231.726,-1054,-8,None,Move,browsing
1571031231.734,-1046,-7,None,Move,browsing
1571031231.742,-1039,-9,None,Move,browsing
1571031231.75,-1031,-9,None,Move,browsing
1571031231.758,-1025,-6,None,Move,browsing
1571031231.766,-1017,-7,None,Move,browsing
1571031231.774,-1012,-5,None,Move,browsing
1571031231.782,-1007,-6,None,Move,browsing
1571031231.791,-1004,-4,None,Move,browsing
1571031231.801,-1001,-2,None,Move,browsing
1571031231.811,-1000,-2,None,Move,browsing
1571031231.8170002,-999,0,None,Move,browsing
1571031231.826,-999,-1,None,Move,browsing
1571031231.846,-999,0,None,Move,browsing
1571031231.854,-1000,0,None,Move,browsing
1571031231.8620002,-1002,1,None,Move,browsing
1571031231.87,-1003,2,None,Move,browsing
1571031231.8779998,-1003,3,None,Move,browsing
1571031232.1339998,-1003,3,None,Move,browsing
1571031232.166,-1003,3,None,Move,browsing
1571031232.173,-1001,3,None,Move,browsing
1571031232.181,-998,4,None,Move,browsing
1571031232.189,-998,5,None,Move,browsing
1571031232.197,-998,6,None,Move,browsing
1571031232.205,-998,7,None,Move,browsing
1571031232.2129998,-999,9,None,Move,browsing
1571031232.221,-1000,9,None,Move,browsing
1571031232.23,-1003,3,None,Move,browsing
1571031232.2370002,-1009,-13,None,Move,browsing
1571031232.245,-1024,-29,None,Move,browsing
1571031232.2529998,-1046,-35,None,Move,browsing
1571031232.2610002,-1073,-41,None,Move,browsing
1571031232.269,-1098,-35,None,Move,browsing
1571031232.2770002,-1116,-25,None,Move,browsing
1571031232.285,-1137,-28,None,Move,browsing
1571031232.294,-1154,-22,None,Move,browsing
1571031232.305,-1172,-18,None,Move,browsing
1571031232.312,-1188,-16,None,Move,browsing
1571031232.3170002,-1202,-12,None,Move,browsing
1571031232.326,-1214,-8,None,Move,browsing
1571031232.333,-1231,-10,None,Move,browsing
1571031232.342,-1253,-7,None,Move,browsing
1571031232.35,-1282,-5,None,Move,browsing
1571031232.357,-1310,-3,None,Move,browsing
1571031232.3660002,-1338,0,None,Move,browsing
1571031232.3739998,-1362,5,None,Move,browsing
1571031232.3820002,-1384,14,None,Move,browsing
1571031232.39,-1393,19,None,Move,browsing
1571031830.346,-1394,18,None,Move,browsing
1571031830.354,-1397,10,None,Move,browsing
1571031830.3620002,-1400,1,None,Move,browsing
1571031830.37,-1405,-10,None,Move,browsing
1571031830.3779998,-1409,-14,None,Move,browsing
1571031830.784,-1481,-347,None,Move,browsing
1571031830.794,-1564,-293,None,Move,browsing
1571031830.8,-1560,-23,None,Move,browsing
1571031830.805,-1487,46,None,Move,browsing
1571031830.81,-1476,54,None,Move,browsing
1571031830.821,-1470,57,None,Move,browsing
1571031830.845,-1467,59,None,Move,browsing
1571031830.857,-1465,59,None,Move,browsing
1571031830.867,-1460,63,None,Move,browsing
1571031830.875,-1452,67,None,Move,browsing
1571031830.883,-1445,71,None,Move,browsing
1571031830.901,-1429,80,None,Move,browsing
1571031830.91,-1421,86,None,Move,browsing
1571031830.919,-1410,91,None,Move,browsing
1571031830.927,-1401,98,None,Move,browsing
1571031830.934,-1386,105,None,Move,browsing
1571031830.9429998,-1373,114,None,Move,browsing
1571031830.949,-1360,121,None,Move,browsing
1571031830.955,-1339,133,None,Move,browsing
1571031830.9629998,-1323,140,None,Move,browsing
1571031830.97,-1307,151,None,Move,browsing
1571031830.979,-1289,161,None,Move,browsing
1571031830.986,-1270,171,None,Move,browsing
1571031830.998,-1254,180,None,Move,browsing
1571031831.0029998,-1239,190,None,Move,browsing
1571031831.015,-1210,205,None,Move,browsing
1571031831.021,-1192,213,None,Move,browsing
1571031831.028,-1179,219,None,Move,browsing
1571031831.035,-1163,226,None,Move,browsing
1571031831.042,-1153,232,None,Move,browsing
1571031831.05,-1141,236,None,Move,browsing
1571031831.059,-1133,239,None,Move,browsing
1571031831.0670002,-1122,244,None,Move,browsing
1571031831.075,-1118,245,None,Move,browsing
1571031831.082,-1116,245,None,Move,browsing
1571031831.171,-1116,245,None,Move,browsing
1571031831.1829998,-1117,243,None,Move,browsing
1571031831.189,-1117,242,None,Move,browsing
1571031831.2,-1117,241,None,Move,browsing
1571032782.403,-1097,250,None,Move,file system
1571032782.427,-932,333,None,Move,file system
1571032782.434,-930,333,None,Move,file system
1571032782.44,-926,332,None,Move,file system
1571032782.4529998,-918,328,None,Move,file system
1571032782.461,-903,319,None,Move,file system
1571032782.47,-832,264,None,Move,file system
1571032782.478,-788,230,None,Move,file system
1571032782.486,-726,187,None,Move,file system
1571032782.4929998,-672,150,None,Move,file system
1571032782.5010002,-611,116,None,Move,file system
1571032782.5089998,-547,84,None,Move,file system
1571032782.5170002,-489,57,None,Move,file system
1571032782.525,-418,29,None,Move,file system
1571032782.55,-348,8,None,Move,file system
1571032782.556,-194,-38,None,Move,file system
1571032782.564,-139,-20,None,Move,file system
1571032783.593,-139,3,None,Move,file system
1571032783.6020002,-139,5,None,Move,file system
1571032783.61,-139,6,None,Move,file system
1571032783.617,-139,6,None,Move,file system
1571032783.6260002,-140,8,None,Move,file system
1571032783.641,-141,8,None,Move,file system
1571032783.647,-145,9,None,Move,file system
1571032783.654,-150,10,None,Move,file system
1571032783.6620002,-155,11,None,Move,file system
1571032783.668,-164,12,None,Move,file system
1571032783.675,-169,12,None,Move,file system
1571032783.6820002,-177,13,None,Move,file system
1571032783.69,-186,13,None,Move,file system
1571032783.698,-193,13,None,Move,file system
1571032783.706,-199,13,None,Move,file system
1571032783.714,-205,13,None,Move,file system
1571032783.722,-208,13,None,Move,file system
1571032783.73,-210,13,None,Move,file system
1571032783.738,-212,13,None,Move,file system
1571032783.762,-212,13,None,Move,file system
1571032783.77,-210,12,None,Move,file system
1571032783.7770002,-207,10,None,Move,file system
1571032783.786,-199,8,None,Move,file system
1571032783.794,-184,6,None,Move,file system
1571032783.802,-161,3,None,Move,file system
1571032783.81,-144,3,None,Move,file system
1571032783.8170002,-114,1,None,Move,file system
1571032783.826,-84,1,None,Move,file system
1571032783.835,-49,1,None,Move,file system
1571032783.842,-13,1,None,Move,file system
1571032783.85,19,1,None,Move,file system
1571032783.857,35,2,None,Move,file system
1571032783.8660002,27,3,None,Move,file system
1571032783.873,21,5,None,Move,file system
1571032783.8820002,13,5,None,Move,file system
1571032783.89,4,6,None,Move,file system
1571032783.8979998,8,7,None,Move,file system
1571032783.906,10,9,None,Move,file system
1571032783.923,10,10,None,Move,file system
1571032783.93,10,11,None,Move,file system
1571032783.938,8,11,None,Move,file system
1571032783.946,6,11,None,Move,file system
1571032783.954,2,10,None,Move,file system
1571032783.962,-7,10,None,Move,file system
1571032783.97,-16,9,None,Move,file system
1571032783.978,-27,9,None,Move,file system
1571032783.986,-35,9,None,Move,file system
1571032783.994,-34,9,None,Move,file system
1571032784.09,-33,9,None,Move,file system
1571032784.103,-31,10,None,Move,file system
1571032784.109,-28,13,None,Move,file system
1571032784.115,-22,18,None,Move,file system
1571032784.1220002,-15,23,None,Move,file system
1571032784.13,-10,32,None,Move,file system
1571032784.1379998,-4,44,None,Move,file system
1571032784.146,1,62,None,Move,file system
1571032784.154,8,101,None,Move,file system
1571032784.1620002,12,147,None,Move,file system
1571032784.17,15,205,None,Move,file system
1571032784.18,18,267,None,Move,file system
1571032784.19,18,316,None,Move,file system
1571032784.199,18,377,None,Move,file system
1571032784.209,16,450,None,Move,file system
1571032784.216,11,505,None,Move,file system
1571032784.224,4,548,None,Move,file system
1571032784.231,-6,585,None,Move,file system
1571032784.2370002,-9,597,None,Move,file system
1571032784.244,-14,605,None,Move,file system
1571032784.2510002,-17,609,None,Move,file system
1571032784.2589998,-18,610,None,Move,file system
1571032784.266,-19,610,None,Move,file system
1571032784.371,-19,610,None,Move,file system
1571032784.379,-17,608,None,Move,file system
1571032784.387,-13,604,None,Move,file system
1571032784.395,-8,598,None,Move,file system
1571032784.403,-2,590,None,Move,file system
1571032784.411,5,581,None,Move,file system
1571032784.426,13,564,None,Move,file system
1571032784.435,40,504,None,Move,file system
1571032784.4429998,49,481,None,Move,file system
1571032784.45,58,459,None,Move,file system
1571032784.458,66,445,None,Move,file system
1571032784.466,73,434,None,Move,file system
1571032784.474,78,428,None,Move,file system
1571032784.482,81,425,None,Move,file system
1571032784.49,85,423,None,Move,file system
1571032784.498,87,421,None,Move,file system
1571032784.506,90,420,None,Move,file system
1571032784.514,92,418,None,Move,file system
1571032784.522,99,414,None,Move,file system
1571032784.53,102,411,None,Move,file system
1571032784.538,109,407,None,Move,file system
1571032784.546,115,401,None,Move,file system
1571032784.554,118,398,None,Move,file system
1571032784.562,120,394,None,Move,file system
1571032784.571,123,391,None,Move,file system
1571032784.5779998,125,388,None,Move,file system
1571032784.586,127,386,None,Move,file system
1571032784.594,129,383,None,Move,file system
1571032784.6020002,132,381,None,Move,file system
1571032784.61,135,380,None,Move,file system
1571032784.6179998,139,379,None,Move,file system
1571032784.6260002,142,379,None,Move,file system
1571032784.6339998,146,379,None,Move,file system
1571032784.6420002,149,379,None,Move,file system
1571032784.65,153,379,None,Move,file system
1571032784.659,156,379,None,Move,file system
1571032784.667,157,379,None,Move,file system
1571032784.73,157,380,None,Move,file system
1571032784.738,157,383,None,Move,file system
1571032784.746,157,386,None,Move,file system
1571032784.765,156,390,None,Move,file system
1571032784.771,154,392,None,Move,file system
1571032784.778,153,395,None,Move,file system
1571032784.786,150,399,None,Move,file system
1571032784.794,149,401,None,Move,file system
1571032784.802,148,404,None,Move,file system
1571032784.81,147,406,None,Move,file system
1571032784.8179998,146,408,None,Move,file system
1571032784.827,145,410,None,Move,file system
1571032784.834,144,411,None,Move,file system
1571032784.842,143,413,None,Move,file system
1571032784.8579998,142,414,None,Move,file system
1571032784.875,142,415,None,Move,file system
1571032784.914,142,416,None,Move,file system
1571032784.9220002,141,417,None,Move,file system
1571032784.93,141,417,None,Move,file system
1571032784.938,141,418,None,Move,file system
1571032784.946,141,419,None,Move,file system
1571032784.954,141,421,None,Move,file system
1571032784.962,141,422,None,Move,file system
1571032784.97,141,423,None,Move,file system
1571032784.978,141,423,None,Move,file system
1571032784.9870002,141,424,None,Move,file system
1571032784.994,141,425,None,Move,file system
1571032785.0029998,141,426,None,Move,file system
1571032785.01,141,427,None,Move,file system
1571032785.018,141,428,None,Move,file system
1571032785.042,140,429,None,Move,file system
1571032785.05,139,429,None,Move,file system
1571032785.0670002,139,430,None,Move,file system
1571032785.085,138,433,None,Move,file system
1571032785.095,138,434,None,Move,file system
1571032785.101,137,436,None,Move,file system
1571032785.107,137,438,None,Move,file system
1571032785.115,136,439,None,Move,file system
1571032785.1220002,136,439,None,Move,file system
1571032785.13,135,440,None,Move,file system
1571032785.229,135,440,Left,Pressed,file system
1571032785.299,135,440,Left,Released,office
1571032785.641,130,441,None,Move,office
1571032785.649,123,443,None,Move,office
1571032785.657,121,444,None,Move,office
1571032785.665,120,444,None,Move,office
1571032785.738,120,444,None,Move,office
1571032785.746,122,443,None,Move,office
1571032785.7529998,124,442,None,Move,office
1571032785.7610002,127,441,None,Move,office
1571032785.769,129,440,None,Move,office
1571032785.7770002,131,439,None,Move,office
1571032785.786,132,437,None,Move,office
1571032785.794,132,431,None,Move,office
1571032785.802,130,420,None,Move,office
1571032785.809,122,403,None,Move,office
1571032785.8170002,121,395,None,Move,office
1571032785.825,121,387,None,Move,office
1571032785.833,121,386,None,Move,office
1571032786.315,120,386,None,Move,office
1571032786.33,119,386,None,Move,office
1571032786.34,118,388,None,Move,office
1571032786.3479998,118,389,None,Move,office
1571032786.356,118,389,None,Move,office
1571032786.363,118,390,None,Move,office
1571032786.371,118,391,None,Move,office
1571032786.379,119,392,None,Move,office
1571032786.387,119,392,None,Move,office
1571032786.394,120,393,None,Move,office
1571032786.404,121,393,None,Move,office
1571032786.419,123,393,None,Move,office
1571032786.435,123,393,None,Move,office
1571032786.45,123,391,None,Move,office
1571032786.458,123,390,None,Move,office
1571032786.466,123,390,None,Move,office
1571032786.475,124,388,None,Move,office
1571032786.4829998,125,387,None,Move,office
1571032786.4910002,125,385,None,Move,office
1571032786.4989998,126,383,None,Move,office
1571032786.5070002,127,381,None,Move,office
1571032786.514,128,378,None,Move,office
1571032786.522,128,376,None,Move,office
1571032786.531,129,374,None,Move,office
1571032786.539,130,367,None,Move,office
1571032786.5470002,130,363,None,Move,office
1571032786.554,131,360,None,Move,office
1571032786.562,133,352,None,Move,office
1571032786.57,135,343,None,Move,office
1571032786.5779998,137,339,None,Move,office
1571032786.587,139,332,None,Move,office
1571032786.595,146,319,None,Move,office
1571032786.603,152,310,None,Move,office
1571032786.61,160,299,None,Move,office
1571032786.6179998,169,288,None,Move,office
1571032786.627,180,277,None,Move,office
1571032786.6339998,199,258,None,Move,office
1571032786.643,220,241,None,Move,office
1571032786.651,254,214,None,Move,office
1571032786.659,283,194,None,Move,office
1571032786.666,322,175,None,Move,office
1571032786.674,357,158,None,Move,office
1571032786.688,395,141,None,Move,office
1571032786.695,440,129,None,Move,office
1571032786.701,476,122,None,Move,office
1571032786.708,519,115,None,Move,office
1571032786.715,556,115,None,Move,office
1571032786.7229998,585,115,None,Move,office
1571032786.73,627,119,None,Move,office
1571032786.7389998,671,126,None,Move,office
1571032786.7470002,719,139,None,Move,office
1571032786.755,755,148,None,Move,office
1571032786.7629998,779,154,None,Move,office
1571032786.771,796,158,None,Move,office
1571032786.779,808,163,None,Move,office
1571032786.786,817,168,None,Move,office
1571032786.794,821,170,None,Move,office
1571032786.802,822,171,None,Move,office
1571032786.829,820,175,None,Move,office
1571032786.855,785,207,None,Move,office
1571032786.88,688,273,None,Move,office
1571032786.895,612,320,None,Move,office
1571032786.907,561,361,None,Move,office
1571032786.916,543,375,None,Move,office
1571032786.923,532,386,None,Move,office
1571032786.931,520,398,None,Move,office
1571032786.939,513,409,None,Move,office
1571032786.947,509,414,None,Move,office
1571032786.955,503,421,None,Move,office
1571032786.962,500,428,None,Move,office
1571032786.97,497,435,None,Move,office
1571032786.978,496,438,None,Move,office
1571032786.9870002,495,444,None,Move,office
1571032786.996,495,450,None,Move,office
1571032787.01,494,455,None,Move,office
1571032787.0270002,494,458,None,Move,office
1571032787.899,494,459,None,Move,office
1571032787.908,519,485,None,Move,office
1571032787.915,558,521,None,Move,office
1571032787.9220002,591,545,None,Move,office
1571032787.93,630,581,None,Move,office
1571032787.938,662,616,None,Move,office
1571032787.946,689,649,None,Move,office
1571032787.955,709,678,None,Move,office
1571032787.962,724,699,None,Move,office
1571032787.971,729,710,None,Move,office
1571032787.978,731,719,None,Move,office
1571032787.9870002,734,724,None,Move,office
1571032787.995,734,727,None,Move,office
1571032788.002,734,730,None,Move,office
1571032788.0110002,732,732,None,Move,office
1571032788.019,728,735,None,Move,office
1571032788.0270002,724,737,None,Move,office
1571032788.035,719,738,None,Move,office
1571032788.043,710,740,None,Move,office
1571032788.05,706,740,None,Move,office
1571032788.0570002,701,740,None,Move,office
1571032788.066,696,740,None,Move,office
1571032788.075,689,739,None,Move,office
1571032788.083,684,737,None,Move,office
1571032788.091,679,734,None,Move,office
1571032788.099,674,732,None,Move,office
1571032788.106,672,731,None,Move,office
1571032788.113,669,729,None,Move,office
1571032788.1220002,667,726,None,Move,office
1571032788.131,666,724,None,Move,office
1571032788.139,664,723,None,Move,office
1571032788.147,662,721,None,Move,office
1571032788.155,662,719,None,Move,office
1571032788.1620002,660,716,None,Move,office
1571032788.17,659,713,None,Move,office
1571032788.178,658,708,None,Move,office
1571032788.187,657,703,None,Move,office
1571032788.195,657,699,None,Move,office
1571032788.2029998,656,694,None,Move,office
1571032788.211,656,690,None,Move,office
1571032788.219,653,684,None,Move,office
1571032788.226,653,679,None,Move,office
1571032788.234,651,673,None,Move,office
1571032788.242,650,669,None,Move,office
1571032788.2510002,648,666,None,Move,office
1571032788.2589998,648,665,None,Move,office
1571032788.282,648,664,None,Move,office
1571032788.494,647,664,None,Move,office
1571032788.502,646,664,None,Move,office
1571032788.508,644,663,None,Move,office
1571032788.5170002,643,663,None,Move,office
1571032788.525,642,663,None,Move,office
1571032788.532,641,662,None,Move,office
1571032788.54,641,662,None,Move,office
1571032788.549,641,661,None,Move,office
1571032788.5570002,639,660,None,Move,office
1571032788.565,638,660,None,Move,office
1571032788.573,637,659,None,Move,office
1571032788.581,636,659,None,Move,office
1571032788.589,635,658,None,Move,office
1571032788.596,634,658,None,Move,office
1571032788.603,634,658,None,Move,office
1571032788.613,632,657,None,Move,office
1571032788.621,631,657,None,Move,office
1571032788.629,630,656,None,Move,office
1571032788.637,629,656,None,Move,office
1571032788.6520002,628,656,None,Move,office
1571032788.669,626,656,None,Move,office
1571032788.685,626,656,None,Move,office
1571032788.6920002,625,655,None,Move,office
1571032788.701,624,655,None,Move,office
1571032788.716,623,655,None,Move,office
1571032788.725,622,654,None,Move,office
1571032788.7329998,621,654,None,Move,office
1571032788.7410002,620,654,None,Move,office
1571032788.7570002,620,653,None,Move,office
1571032788.764,619,653,None,Move,office
1571032788.782,618,653,None,Move,office
1571032788.7970002,617,653,None,Move,office
1571032788.805,616,652,None,Move,office
1571032788.813,615,652,None,Move,office
1571032788.8279998,613,651,None,Move,office
1571032788.853,613,651,None,Move,office
1571032788.869,612,651,None,Move,office
1571032788.8839998,611,650,None,Move,office
1571032788.901,610,650,None,Move,office
1571032788.909,609,650,None,Move,office
1571032788.925,608,649,None,Move,office
1571032788.94,607,649,None,Move,office
1571032788.949,607,649,None,Move,office
1571032788.957,606,649,None,Move,office
1571032788.9729998,604,648,None,Move,office
1571032788.99,603,648,None,Move,office
1571032788.998,602,647,None,Move,office
1571032789.005,601,647,None,Move,office
1571032789.021,600,646,None,Move,office
1571032789.045,600,646,None,Move,office
1571032789.158,598,646,None,Move,office
1571032789.1720002,597,645,None,Move,office
1571032789.18,595,645,None,Move,office
1571032789.188,594,644,None,Move,office
1571032789.204,593,644,None,Move,office
1571032789.212,593,643,None,Move,office
1571032789.22,592,643,None,Move,office
1571032789.2270002,590,642,None,Move,office
1571032789.245,589,642,None,Move,office
1571032789.2529998,588,641,None,Move,office
1571032789.26,586,639,None,Move,office
1571032789.268,585,638,None,Move,office
1571032789.275,582,635,None,Move,office
1571032789.283,580,632,None,Move,office
1571032789.292,578,627,None,Move,office
1571032789.3,572,618,None,Move,office
1571032789.3079998,569,611,None,Move,office
1571032789.316,564,600,None,Move,office
1571032789.324,560,591,None,Move,office
1571032789.332,557,581,None,Move,office
1571032789.339,552,570,None,Move,office
1571032789.3479998,548,560,None,Move,office
1571032789.356,545,547,None,Move,office
1571032789.3639998,542,538,None,Move,office
1571032789.3720002,540,530,None,Move,office
1571032789.38,539,522,None,Move,office
1571032789.3879998,538,513,None,Move,office
1571032789.395,536,505,None,Move,office
1571032789.403,536,500,None,Move,office
1571032789.4120002,535,496,None,Move,office
1571032789.42,535,491,None,Move,office
1571032789.428,535,488,None,Move,office
1571032789.436,534,485,None,Move,office
1571032789.444,534,484,None,Move,office
1571032789.451,534,483,None,Move,office
1571032789.459,534,482,None,Move,office
1571032789.8920002,534,482,Left,Pressed,office
1571032789.965,534,482,Left,Released,office
1571032790.1,534,482,None,Move,office
1571032790.1079998,537,483,None,Move,office
1571032790.1160002,543,488,None,Move,office
1571032790.123,558,497,None,Move,office
1571032790.1320002,573,507,None,Move,office
1571032790.14,601,520,None,Move,office
1571032790.1479998,635,534,None,Move,office
1571032790.156,661,546,None,Move,office
1571032790.164,702,556,None,Move,office
1571032790.1720002,748,561,None,Move,office
1571032790.18,785,561,None,Move,office
1571032790.189,817,555,None,Move,office
1571032790.196,854,541,None,Move,office
1571032790.205,871,531,None,Move,office
1571032790.2129998,903,525,None,Move,office
1571032790.2370002,939,516,None,Move,office
1571032790.669,939,516,None,Move,office
1571032790.68,939,519,None,Move,office
1571032790.687,940,521,None,Move,office
1571032790.6929998,941,524,None,Move,office
1571032790.701,942,526,None,Move,office
1571032790.709,942,528,None,Move,office
1571032790.717,943,530,None,Move,office
1571032790.725,944,531,None,Move,office
1571032790.7329998,944,533,None,Move,office
1571032790.7410002,944,534,None,Move,office
1571032790.7489998,944,535,None,Move,office
1571032790.7570002,945,535,None,Move,office
1571032790.765,946,537,None,Move,office
1571032790.7729998,946,538,None,Move,office
1571032790.781,946,540,None,Move,office
1571032790.94,947,540,None,Move,office
1571032790.949,948,540,None,Move,office
1571032790.956,949,540,None,Move,office
1571032790.965,952,539,None,Move,office
1571032790.9729998,955,538,None,Move,office
1571032790.98,957,537,None,Move,office
1571032790.9889998,960,536,None,Move,office
1571032790.9970002,968,533,None,Move,office
1571032791.005,975,531,None,Move,office
1571032791.0129998,988,524,None,Move,office
1571032791.02,1000,519,None,Move,office
1571032791.029,1013,513,None,Move,office
1571032791.0370002,1026,507,None,Move,office
1571032791.045,1039,497,None,Move,office
1571032791.053,1052,485,None,Move,office
1571032791.061,1063,474,None,Move,office
1571032791.069,1071,465,None,Move,office
1571032791.077,1078,456,None,Move,office
1571032791.099,1084,449,None,Move,office
1571032791.105,1091,438,None,Move,office
1571032791.117,1091,437,None,Move,office
1571032791.2370002,1092,437,None,Move,office
1571032791.2529998,1092,436,None,Move,office
1571032791.2610002,1092,435,None,Move,office
1571032791.278,1093,434,None,Move,office
1571032791.295,1094,433,None,Move,office
1571032791.325,1095,432,None,Move,office
1571032791.333,1096,431,None,Move,office
1571032791.341,1097,431,None,Move,office
1571032791.357,1097,430,None,Move,office
1571032791.365,1098,429,None,Move,office
1571032791.373,1098,428,None,Move,office
1571032791.381,1098,427,None,Move,office
1571032791.389,1098,426,None,Move,office
1571032791.397,1098,424,None,Move,office
1571032791.405,1099,422,None,Move,office
1571032791.413,1100,422,None,Move,office
1571032791.421,1100,421,None,Move,office
1571032791.429,1100,420,None,Move,office
1571032791.437,1100,419,None,Move,office
1571032791.445,1100,418,None,Move,office
1571032791.4770002,1100,417,None,Move,office
1571032791.605,1100,417,Left,Pressed,office
1571032791.821,1102,417,None,Drag,office
1571032791.829,1103,417,None,Drag,office
1571032791.837,1105,417,None,Drag,office
1571032791.845,1106,417,None,Drag,office
1571032791.853,1106,417,None,Drag,office
1571032791.869,1107,417,None,Drag,office
1571032791.877,1108,417,None,Drag,office
1571032791.885,1109,417,None,Drag,office
1571032791.901,1110,417,None,Drag,office
1571032791.917,1111,417,None,Drag,office
1571032791.941,1112,417,None,Drag,office
1571032791.949,1112,417,None,Drag,office
1571032791.957,1113,417,None,Drag,office
1571032791.965,1115,417,None,Drag,office
1571032791.972,1116,417,None,Drag,office
1571032791.981,1117,417,None,Drag,office
1571032791.988,1118,417,None,Drag,office
1571032791.9970002,1119,417,None,Drag,office
1571032792.005,1121,417,None,Drag,office
1571032792.012,1122,417,None,Drag,office
1571032792.021,1124,418,None,Drag,office
1571032792.029,1126,418,None,Drag,office
1571032792.0370002,1127,418,None,Drag,office
1571032792.045,1128,418,None,Drag,office
1571032792.053,1130,418,None,Drag,office
1571032792.061,1130,418,None,Drag,office
1571032792.069,1131,418,None,Drag,office
1571032792.077,1132,418,None,Drag,office
1571032792.085,1133,418,None,Drag,office
1571032792.093,1134,418,None,Drag,office
1571032792.125,1135,419,None,Drag,office
1571032792.222,1135,419,Left,Released,office
1571032792.3579998,1135,419,Left,Pressed,office
1571032792.438,1135,419,Left,Released,office
1571032793.589,1139,421,None,Move,office
1571032793.597,1141,421,None,Move,office
1571032793.615,1142,422,None,Move,office
1571032794.109,1143,422,None,Move,office
1571032794.117,1150,423,None,Move,office
1571032794.1260002,1160,426,None,Move,office
1571032794.133,1170,428,None,Move,office
1571032794.141,1179,430,None,Move,office
1571032794.149,1186,435,None,Move,office
1571032794.157,1191,436,None,Move,office
1571032794.166,1198,439,None,Move,office
1571032794.174,1201,441,None,Move,office
1571032794.1820002,1204,442,None,Move,office
1571032794.189,1210,443,None,Move,office
1571032794.197,1212,445,None,Move,office
1571032794.205,1214,445,None,Move,office
1571032794.2129998,1217,447,None,Move,office
1571032794.222,1217,447,None,Move,office
1571032794.23,1219,448,None,Move,office
1571032794.238,1220,449,None,Move,office
1571032794.245,1221,450,None,Move,office
1571032794.2529998,1222,450,None,Move,office
1571032794.2610002,1223,451,None,Move,office
1571032794.269,1225,452,None,Move,office
1571032794.278,1225,453,None,Move,office
1571032794.286,1227,454,None,Move,office
1571032794.294,1229,455,None,Move,office
1571032794.301,1231,456,None,Move,office
1571032794.309,1235,458,None,Move,office
1571032794.3170002,1239,459,None,Move,office
1571032794.325,1244,460,None,Move,office
1571032794.334,1249,463,None,Move,office
1571032794.342,1255,464,None,Move,office
1571032794.35,1259,465,None,Move,office
1571032794.357,1262,466,None,Move,office
1571032794.365,1265,467,None,Move,office
1571032794.373,1267,467,None,Move,office
1571032794.381,1268,468,None,Move,office
1571032794.39,1269,468,None,Move,office
1571032794.3979998,1270,468,None,Move,office
1571032794.829,1271,468,None,Move,office
1571032794.837,1272,468,None,Move,office
1571032794.845,1272,468,None,Move,office
1571032794.853,1273,468,None,Move,office
1571032794.86,1275,468,None,Move,office
1571032794.87,1277,468,None,Move,office
1571032794.877,1279,468,None,Move,office
1571032794.8860002,1281,468,None,Move,office
1571032794.8920002,1286,470,None,Move,office
1571032794.901,1288,470,None,Move,office
1571032794.908,1292,472,None,Move,office
1571032794.917,1299,475,None,Move,office
1571032794.925,1308,481,None,Move,office
1571032794.934,1317,485,None,Move,office
1571032794.9420002,1322,488,None,Move,office
1571032794.948,1329,490,None,Move,office
1571032794.956,1336,495,None,Move,office
1571032794.965,1341,498,None,Move,office
1571032794.972,1348,503,None,Move,office
1571032794.982,1351,505,None,Move,office
1571032794.99,1355,507,None,Move,office
1571032795.008,1360,513,None,Move,office
1571032795.014,1361,514,None,Move,office
1571032795.021,1362,514,None,Move,office
1571032795.029,1363,515,None,Move,office
1571032795.046,1364,516,None,Move,office
1571032795.061,1365,518,None,Move,office
1571032798.718,1365,520,None,Move,office
1571032798.726,1365,522,None,Move,office
1571032798.734,1364,523,None,Move,office
1571032798.742,1363,524,None,Move,office
1571032798.75,1363,526,None,Move,office
1571032798.758,1362,526,None,Move,office
1571032798.766,1361,528,None,Move,office
1571032798.774,1360,529,None,Move,office
1571032798.782,1358,532,None,Move,office
1571032798.79,1356,535,None,Move,office
1571032798.798,1353,539,None,Move,office
1571032798.806,1349,544,None,Move,office
1571032798.814,1341,555,None,Move,office
1571032798.822,1328,568,None,Move,office
1571032798.83,1304,590,None,Move,office
1571032798.8379998,1265,626,None,Move,office
1571032798.846,1230,662,None,Move,office
1571032798.865,1178,716,None,Move,office
1571032798.871,1168,730,None,Move,office
1571032798.8779998,1162,739,None,Move,office
1571032798.8860002,1156,747,None,Move,office
1571032798.894,1154,749,None,Move,office
1571032798.911,1153,749,None,Move,office
1571032798.923,1152,749,None,Move,office
1571032798.929,1150,747,None,Move,office
1571032798.935,1148,744,None,Move,office
1571032798.9420002,1146,740,None,Move,office
1571032798.95,1143,732,None,Move,office
1571032798.958,1139,724,None,Move,office
1571032798.966,1135,717,None,Move,office
1571032798.974,1132,708,None,Move,office
1571032798.982,1131,705,None,Move,office
1571032799.19,1130,705,None,Move,office
1571032799.202,1129,705,None,Move,office
1571032799.208,1128,705,None,Move,office
1571032799.214,1127,705,None,Move,office
1571032799.23,1127,706,None,Move,office
1571032799.254,1127,707,None,Move,office
1571032799.262,1127,708,None,Move,office
1571032799.278,1127,709,None,Move,office
1571032799.286,1126,710,None,Move,office
1571032799.302,1126,711,None,Move,office
1571032799.31,1126,712,None,Move,office
1571032799.3179998,1126,714,None,Move,office
1571032799.326,1126,716,None,Move,office
1571032799.334,1126,717,None,Move,office
1571032799.342,1126,718,None,Move,office
1571032799.47,1126,719,None,Move,office
1571032799.478,1126,720,None,Move,office
1571032799.486,1126,720,None,Move,office
1571032799.502,1126,721,None,Move,office
1571032799.51,1126,722,None,Move,office
1571032799.526,1126,723,None,Move,office
1571032799.548,1126,724,None,Move,office
1571032799.555,1126,726,None,Move,office
1571032799.566,1126,728,None,Move,office
1571032799.582,1126,728,None,Move,office
1571032799.59,1126,729,None,Move,office
1571032799.5979998,1126,730,None,Move,office
1571032799.606,1126,731,None,Move,office
1571032799.6220002,1126,732,None,Move,office
1571032799.639,1126,733,None,Move,office
1571032799.67,1127,734,None,Move,office
1571032799.686,1127,734,None,Move,office
1571032799.726,1127,735,None,Move,office
1571032799.75,1127,736,None,Move,office
1571032799.8379998,1128,737,None,Move,office
1571032799.846,1128,738,None,Move,office
1571032799.854,1128,739,None,Move,office
1571032799.8620002,1128,740,None,Move,office
1571032799.87,1129,740,None,Move,office
1571032799.894,1129,741,None,Move,office
1571032799.91,1130,743,None,Move,office
1571032799.918,1130,744,None,Move,office
1571032799.926,1131,745,None,Move,office
1571032799.9420002,1131,746,None,Move,office
1571032799.95,1131,747,None,Move,office
1571032799.975,1131,747,None,Move,office
1571032800.1179998,1131,747,Left,Pressed,office
1571032800.166,1132,747,None,Drag,office
1571032800.174,1133,747,None,Drag,office
1571032800.1820002,1134,748,None,Drag,office
1571032800.19,1135,748,None,Drag,office
1571032800.198,1137,749,None,Drag,office
1571032800.2129998,1139,749,None,Drag,office
1571032800.22,1141,750,None,Drag,office
1571032800.225,1145,750,None,Drag,office
1571032800.231,1148,751,None,Drag,office
1571032800.238,1156,753,None,Drag,office
1571032800.246,1167,754,None,Drag,office
1571032800.254,1175,756,None,Drag,office
1571032800.262,1185,757,None,Drag,office
1571032800.27,1199,759,None,Drag,office
1571032800.278,1212,762,None,Drag,office
1571032800.286,1226,763,None,Drag,office
1571032800.294,1242,766,None,Drag,office
1571032800.302,1259,770,None,Drag,office
1571032800.31,1277,773,None,Drag,office
1571032800.319,1299,777,None,Drag,office
1571032800.326,1317,780,None,Drag,office
1571032800.334,1336,783,None,Drag,office
1571032800.342,1354,786,None,Drag,office
1571032800.35,1370,788,None,Drag,office
1571032800.3579998,1384,791,None,Drag,office
1571032800.3660002,1398,793,None,Drag,office
1571032800.3739998,1409,793,None,Drag,office
1571032800.3820002,1421,794,None,Drag,office
1571032800.39,1429,796,None,Drag,office
1571032800.3979998,1435,796,None,Drag,office
1571032800.406,1440,796,None,Drag,office
1571032800.414,1444,796,None,Drag,office
1571032800.4220002,1446,796,None,Drag,office
1571032800.43,1447,796,None,Drag,office
1571032800.438,1449,796,None,Drag,office
1571032800.543,1450,796,None,Drag,office
1571032800.9429998,1450,796,Left,Released,office
1571032801.4629998,1450,796,Left,Pressed,office
1571032801.542,1450,796,Left,Released,office
1571032801.831,1450,796,None,Move,office
1571032801.843,1449,792,None,Move,office
1571032801.851,1448,790,None,Move,office
1571032801.871,1444,780,None,Move,office
1571032801.8779998,1444,775,None,Move,office
1571032801.8860002,1442,771,None,Move,office
1571032801.894,1439,762,None,Move,office
1571032801.9020002,1436,755,None,Move,office
1571032801.909,1435,752,None,Move,office
1571032801.917,1434,747,None,Move,office
1571032801.925,1433,743,None,Move,office
1571032801.9329998,1431,738,None,Move,office
1571032801.9420002,1430,736,None,Move,office
1571032801.949,1430,734,None,Move,office
1571032801.958,1430,732,None,Move,office
1571032801.965,1429,731,None,Move,office
1571032801.9729998,1429,730,None,Move,office
1571032801.981,1428,729,None,Move,office
1571032801.9889998,1428,728,None,Move,office
1571032802.127,1428,728,Left,Pressed,office
1571032802.166,1428,728,None,Drag,office
1571032802.174,1429,731,None,Drag,office
1571032802.1820002,1430,736,None,Drag,office
1571032802.19,1431,738,None,Drag,office
1571032802.198,1432,742,None,Drag,office
1571032802.205,1434,746,None,Drag,office
1571032802.214,1435,750,None,Drag,office
1571032802.221,1438,754,None,Drag,office
1571032802.23,1438,758,None,Drag,office
1571032802.238,1439,760,None,Drag,office
1571032802.246,1441,764,None,Drag,office
1571032802.254,1442,767,None,Drag,office
1571032802.2610002,1443,770,None,Drag,office
1571032802.269,1444,771,None,Drag,office
1571032802.2770002,1444,772,None,Drag,office
1571032802.286,1444,774,None,Drag,office
1571032802.294,1445,775,None,Drag,office
1571032802.302,1446,775,None,Drag,office
1571032802.3170002,1446,776,None,Drag,office
1571032802.383,1446,776,Left,Released,office
1571032802.5270002,1446,776,Left,Pressed,office
1571032802.583,1446,776,Left,Released,office
1571032803.871,1446,778,None,Move,office
1571032803.879,1442,789,None,Move,office
1571032803.887,1438,798,None,Move,office
1571032803.895,1434,805,None,Move,office
1571032803.9020002,1429,814,None,Move,office
1571032803.91,1423,825,None,Move,office
1571032803.918,1415,836,None,Move,office
1571032803.926,1409,845,None,Move,office
1571032803.935,1401,856,None,Move,office
1571032803.9429998,1394,863,None,Move,office
1571032803.951,1386,872,None,Move,office
1571032803.959,1379,882,None,Move,office
1571032803.967,1373,886,None,Move,office
1571032803.974,1370,889,None,Move,office
1571032803.982,1368,892,None,Move,office
1571032803.9910002,1366,894,None,Move,office
1571032803.9989998,1362,898,None,Move,office
1571032804.0070002,1360,899,None,Move,office
1571032804.015,1359,900,None,Move,office
1571032804.022,1358,901,None,Move,office
1571032804.03,1357,903,None,Move,office
1571032804.0470002,1354,905,None,Move,office
1571032804.065,1352,907,None,Move,office
1571032804.071,1352,908,None,Move,office
1571032804.086,1350,909,None,Move,office
1571032805.087,1349,908,None,Move,office
1571032805.095,1349,906,None,Move,office
1571032805.1020002,1348,904,None,Move,office
1571032805.11,1348,902,None,Move,office
1571032805.119,1347,900,None,Move,office
1571032805.1260002,1346,896,None,Move,office
1571032805.1339998,1345,894,None,Move,office
1571032805.143,1344,891,None,Move,office
1571032805.15,1342,889,None,Move,office
1571032805.158,1341,887,None,Move,office
1571032805.165,1341,886,None,Move,office
1571032805.175,1340,885,None,Move,office
1571032805.191,1340,884,None,Move,office
1571032805.375,1340,884,Left,Pressed,office
1571032805.47,1340,884,None,Drag,office
1571032805.478,1341,886,None,Drag,office
1571032805.486,1341,887,None,Drag,office
1571032805.494,1342,889,None,Drag,office
1571032805.502,1343,890,None,Drag,office
1571032805.5089998,1343,890,None,Drag,office
1571032805.518,1344,891,None,Drag,office
1571032805.526,1345,894,None,Drag,office
1571032805.534,1346,898,None,Drag,office
1571032805.55,1347,898,None,Drag,office
1571032805.5570002,1347,899,None,Drag,office
1571032805.565,1347,901,None,Drag,office
1571032805.576,1347,901,None,Drag,office
1571032805.583,1347,903,None,Drag,office
1571032805.615,1348,904,None,Drag,office
1571032805.7670002,1348,904,Left,Released,office
1571032806.008,1348,904,Left,Pressed,office
1571032806.079,1348,904,Left,Released,office
1571032809.728,1348,903,None,Move,office
1571032809.736,1346,900,None,Move,office
1571032809.744,1345,897,None,Move,office
1571032809.7589998,1344,897,None,Move,office
1571032809.768,1343,896,None,Move,office
1571032809.776,1342,894,None,Move,office
1571032809.783,1342,893,None,Move,office
1571032809.791,1341,892,None,Move,office
1571032809.799,1340,891,None,Move,office
1571032809.8079998,1340,890,None,Move,office
1571032809.822,1339,889,None,Move,office
1571032809.829,1337,888,None,Move,office
1571032809.835,1335,885,None,Move,office
1571032809.84,1332,882,None,Move,office
1571032809.847,1330,880,None,Move,office
1571032809.855,1328,878,None,Move,office
1571032809.863,1326,876,None,Move,office
1571032809.871,1324,872,None,Move,office
1571032809.88,1320,869,None,Move,office
1571032809.8879998,1315,862,None,Move,office
1571032809.895,1311,856,None,Move,office
1571032809.903,1308,851,None,Move,office
1571032809.911,1304,846,None,Move,office
1571032809.919,1299,841,None,Move,office
1571032809.927,1295,834,None,Move,office
1571032809.936,1291,829,None,Move,office
1571032809.944,1289,826,None,Move,office
1571032809.952,1288,826,None,Move,office
1571032809.967,1287,825,None,Move,office
1571032809.9729998,1287,824,None,Move,office
1571032809.98,1286,823,None,Move,office
1571032809.986,1285,822,None,Move,office
1571032810.0,1285,821,None,Move,office
1571032810.0129998,1284,821,None,Move,office
1571032810.0229998,1284,820,None,Move,office
1571032810.031,1284,819,None,Move,office
1571032810.0470002,1283,818,None,Move,office
1571032810.06,1282,816,None,Move,office
1571032810.066,1281,814,None,Move,office
1571032810.072,1280,813,None,Move,office
1571032810.079,1280,812,None,Move,office
1571032810.087,1279,811,None,Move,office
1571032810.104,1279,811,None,Move,office
1571032810.12,1278,811,None,Move,office
1571032810.143,1278,810,None,Move,office
1571032810.159,1277,809,None,Move,office
1571032810.1829998,1277,807,None,Move,office
1571032810.201,1276,805,None,Move,office
1571032810.215,1276,804,None,Move,office
1571032812.76,1276,805,None,Move,office
1571032812.768,1276,807,None,Move,office
1571032812.775,1277,810,None,Move,office
1571032812.784,1278,812,None,Move,office
1571032812.791,1279,813,None,Move,office
1571032812.799,1279,814,None,Move,office
1571032812.806,1280,816,None,Move,office
1571032812.816,1281,817,None,Move,office
1571032812.823,1282,818,None,Move,office
1571032812.831,1283,820,None,Move,office
1571032812.839,1283,821,None,Move,office
1571032812.847,1284,822,None,Move,office
1571032812.863,1285,823,None,Move,office
1571032812.88,1285,824,None,Move,office
1571032817.863,1280,822,None,Move,office
1571032817.8739998,1271,816,None,Move,office
1571032817.8820002,1258,808,None,Move,office
1571032817.895,1224,788,None,Move,office
1571032817.903,1147,739,None,Move,office
1571032817.9120002,1114,716,None,Move,office
1571032817.919,1077,691,None,Move,office
1571032817.928,1044,665,None,Move,office
1571032817.937,990,625,None,Move,office
1571032817.945,945,590,None,Move,office
1571032817.952,891,551,None,Move,office
1571032817.959,838,515,None,Move,office
1571032817.968,793,480,None,Move,office
1571032817.976,758,451,None,Move,office
1571032817.984,720,417,None,Move,office
1571032817.992,689,389,None,Move,office
1571032818.0,661,358,None,Move,office
1571032818.008,643,344,None,Move,office
1571032818.016,626,332,None,Move,office
1571032818.024,616,326,None,Move,office
1571032818.032,608,320,None,Move,office
1571032818.04,601,313,None,Move,office
1571032818.0470002,599,310,None,Move,office
1571032818.0570002,595,305,None,Move,office
1571032818.065,594,300,None,Move,office
1571032818.073,591,295,None,Move,office
1571032818.079,589,290,None,Move,office
1571032818.304,589,292,None,Move,office
1571032818.312,589,296,None,Move,office
1571032818.32,589,298,None,Move,office
1571032818.3279998,589,300,None,Move,office
1571032818.337,588,303,None,Move,office
1571032818.345,587,306,None,Move,office
1571032818.353,584,311,None,Move,office
1571032818.36,579,313,None,Move,office
1571032818.3679998,576,316,None,Move,office
1571032818.3760002,570,318,None,Move,office
1571032818.3839998,561,323,None,Move,office
1571032818.393,552,329,None,Move,office
1571032818.401,541,335,None,Move,office
1571032818.409,534,338,None,Move,office
1571032818.416,527,342,None,Move,office
1571032818.424,520,348,None,Move,office
1571032818.4320002,513,352,None,Move,office
1571032818.44,506,356,None,Move,office
1571032818.449,503,358,None,Move,office
1571032818.457,498,362,None,Move,office
1571032818.465,496,363,None,Move,office
1571032818.4729998,493,365,None,Move,office
1571032818.48,493,366,None,Move,office
1571032818.488,493,367,None,Move,office
1571032818.721,493,369,None,Move,office
1571032818.729,493,372,None,Move,office
1571032818.7370002,495,378,None,Move,office
1571032818.745,498,391,None,Move,office
1571032818.7529998,503,400,None,Move,office
1571032818.76,506,412,None,Move,office
1571032818.768,509,424,None,Move,office
1571032818.776,514,439,None,Move,office
1571032818.784,519,455,None,Move,office
1571032818.793,525,472,None,Move,office
1571032818.801,530,490,None,Move,office
1571032818.809,532,502,None,Move,office
1571032818.816,532,512,None,Move,office
1571032818.824,532,523,None,Move,office
1571032818.832,533,529,None,Move,office
1571032818.84,533,535,None,Move,office
1571032818.849,534,540,None,Move,office
1571032818.857,534,544,None,Move,office
1571032818.865,535,548,None,Move,office
1571032818.8720002,537,552,None,Move,office
1571032818.88,537,554,None,Move,office
1571032818.8879998,537,556,None,Move,office
1571032818.896,538,559,None,Move,office
1571032818.905,538,561,None,Move,office
1571032818.913,539,563,None,Move,office
1571032818.921,539,565,None,Move,office
1571032818.929,540,566,None,Move,office
1571032818.936,540,567,None,Move,office
1571032818.944,540,571,None,Move,office
1571032818.952,540,572,None,Move,office
1571032818.961,540,575,None,Move,office
1571032818.969,540,577,None,Move,office
1571032818.9770002,540,577,None,Move,office
1571032818.985,540,580,None,Move,office
1571032818.992,540,582,None,Move,office
1571032819.0,542,586,None,Move,office
1571032819.008,542,590,None,Move,office
1571032819.0170002,543,593,None,Move,office
1571032819.025,543,599,None,Move,office
1571032819.033,545,603,None,Move,office
1571032819.041,546,607,None,Move,office
1571032819.048,547,609,None,Move,office
1571032819.056,547,611,None,Move,office
1571032819.064,547,612,None,Move,office
1571032819.073,548,613,None,Move,office
1571032819.089,549,614,None,Move,office
1571032819.41,549,614,Left,Pressed,office
1571032819.4970002,549,614,Left,Released,office
1571032819.928,549,612,None,Move,office
1571032819.936,549,607,None,Move,office
1571032819.944,548,603,None,Move,office
1571032819.952,548,600,None,Move,office
1571032819.961,548,594,None,Move,office
1571032819.969,548,587,None,Move,office
1571032819.9770002,548,579,None,Move,office
1571032819.985,548,575,None,Move,office
1571032819.9929998,548,569,None,Move,office
1571032820.0,548,562,None,Move,office
1571032820.008,549,554,None,Move,office
1571032820.0170002,551,546,None,Move,office
1571032820.025,554,535,None,Move,office
1571032820.033,557,525,None,Move,office
1571032820.041,560,514,None,Move,office
1571032820.048,561,506,None,Move,office
1571032820.056,562,499,None,Move,office
1571032820.064,565,492,None,Move,office
1571032820.073,566,489,None,Move,office
1571032820.081,567,484,None,Move,office
1571032820.089,568,482,None,Move,office
1571032820.097,568,480,None,Move,office
1571032820.2729998,568,480,Left,Pressed,office
1571032820.344,568,480,Left,Released,office
1571032820.979,569,480,None,Move,office
1571032820.9870002,573,480,None,Move,office
1571032820.995,584,486,None,Move,office
1571032821.004,597,494,None,Move,office
1571032821.019,622,507,None,Move,office
1571032821.0270002,700,537,None,Move,office
1571032821.035,749,553,None,Move,office
1571032821.043,794,563,None,Move,office
1571032821.051,822,571,None,Move,office
1571032821.0579998,862,580,None,Move,office
1571032821.066,903,590,None,Move,office
1571032821.075,934,596,None,Move,office
1571032821.083,978,606,None,Move,office
1571032821.091,1011,615,None,Move,office
1571032821.099,1031,620,None,Move,office
1571032821.107,1047,623,None,Move,office
1571032821.13,1058,626,None,Move,office
1571032821.137,1068,629,None,Move,office
1571032842.365,1070,629,None,Move,office
1571032842.3720002,1200,603,None,Move,office
1571032842.9989998,1190,592,None,Move,office
1571032843.0089998,1173,578,None,Move,office
1571032843.016,1156,568,None,Move,office
1571032843.0229998,1139,558,None,Move,office
1571032843.031,1120,548,None,Move,office
1571032843.039,1107,543,None,Move,office
1571032843.0470002,1097,540,None,Move,office
1571032843.055,1082,533,None,Move,office
1571032843.063,1066,527,None,Move,office
1571032843.071,1051,522,None,Move,office
1571032843.081,1037,517,None,Move,office
1571032843.087,1022,512,None,Move,office
1571032843.095,1012,509,None,Move,office
1571032843.103,1003,508,None,Move,office
1571032843.111,995,505,None,Move,office
1571032843.131,988,504,None,Move,office
1571032843.139,965,498,None,Move,office
1571032843.147,955,497,None,Move,office
1571032843.155,948,494,None,Move,office
1571032843.164,941,491,None,Move,office
1571032843.1720002,934,487,None,Move,office
1571032843.18,927,480,None,Move,office
1571032843.199,921,471,None,Move,office
1571032843.207,893,425,None,Move,office
1571032843.215,887,412,None,Move,office
1571032843.2229998,880,399,None,Move,office
1571032843.231,876,390,None,Move,office
1571032843.439,874,390,None,Move,office
1571032843.447,870,392,None,Move,office
1571032843.455,866,394,None,Move,office
1571032843.4629998,861,395,None,Move,office
1571032843.471,854,392,None,Move,office
1571032843.479,845,387,None,Move,office
1571032843.4870002,831,382,None,Move,office
1571032843.495,817,381,None,Move,office
1571032843.504,798,376,None,Move,office
1571032843.5110002,786,373,None,Move,office
1571032843.535,768,369,None,Move,office
1571032843.542,731,361,None,Move,office
1571032843.548,713,358,None,Move,office
1571032843.555,697,354,None,Move,office
1571032843.561,685,353,None,Move,office
1571032843.5670002,670,351,None,Move,office
1571032843.575,658,348,None,Move,office
1571032843.583,642,343,None,Move,office
1571032843.591,627,342,None,Move,office
1571032843.599,613,339,None,Move,office
1571032843.607,601,337,None,Move,office
1571032843.615,589,336,None,Move,office
1571032843.623,582,334,None,Move,office
1571032843.6320002,577,333,None,Move,office
1571032843.641,573,333,None,Move,office
1571032843.65,571,332,None,Move,office
1571032843.658,570,332,None,Move,office
1571032843.663,568,332,None,Move,office
1571032843.671,566,331,None,Move,office
1571032843.679,565,330,None,Move,office
1571032843.687,563,330,None,Move,office
1571032843.695,563,329,None,Move,office
1571032843.7029998,561,329,None,Move,office
1571032843.711,560,329,None,Move,office
1571032843.719,559,329,None,Move,office
1571032843.7270002,557,328,None,Move,office
1571032843.735,556,328,None,Move,office
1571032843.7429998,556,328,None,Move,office
1571032843.7589998,554,328,None,Move,office
1571032843.7670002,553,328,None,Move,office
1571032843.775,550,328,None,Move,office
1571032843.783,548,328,None,Move,office
1571032843.791,545,328,None,Move,office
1571032843.799,542,328,None,Move,office
1571032843.8070002,537,330,None,Move,office
1571032843.815,534,331,None,Move,office
1571032843.823,526,333,None,Move,office
1571032843.831,521,336,None,Move,office
1571032843.839,516,338,None,Move,office
1571032843.847,513,339,None,Move,office
1571032843.855,508,342,None,Move,office
1571032843.863,504,344,None,Move,office
1571032843.871,502,346,None,Move,office
1571032843.879,501,347,None,Move,office
1571032843.887,501,348,None,Move,office
1571032843.895,501,349,None,Move,office
1571032843.903,501,350,None,Move,office
1571032843.927,501,350,None,Move,office
1571032844.175,501,350,Left,Pressed,office
1571032844.231,501,350,Left,Released,office
1571032844.335,504,350,None,Move,office
1571032844.343,508,352,None,Move,office
1571032844.3520002,518,353,None,Move,office
1571032844.359,537,358,None,Move,office
1571032844.367,560,365,None,Move,office
1571032844.375,605,378,None,Move,office
1571032844.383,661,391,None,Move,office
1571032844.3920002,733,406,None,Move,office
1571032844.4,829,421,None,Move,office
1571032844.408,907,424,None,Move,office
1571032844.416,969,429,None,Move,office
1571032844.424,1038,429,None,Move,office
1571032844.4320002,1107,429,None,Move,office
1571032844.44,1162,422,None,Move,office
1571032844.448,1210,412,None,Move,office
1571032844.455,1270,401,None,Move,office
1571032844.4629998,1318,391,None,Move,office
1571032844.847,1317,391,None,Move,office
1571032844.855,1315,394,None,Move,office
1571032844.871,1314,394,None,Move,office
1571032844.879,1313,395,None,Move,office
1571032844.904,1313,396,None,Move,office
1571032844.911,1314,397,None,Move,office
1571032844.919,1315,397,None,Move,office
1571032844.927,1317,399,None,Move,office
1571032844.935,1320,401,None,Move,office
1571032844.9429998,1323,403,None,Move,office
1571032844.951,1328,409,None,Move,office
1571032844.959,1334,412,None,Move,office
1571032844.967,1339,416,None,Move,office
1571032844.99,1342,416,None,Move,office
1571032844.9970002,1348,417,None,Move,office
1571032845.0029998,1355,419,None,Move,office
1571032845.0089998,1359,420,None,Move,office
1571032845.015,1366,421,None,Move,office
1571032845.0229998,1370,422,None,Move,office
1571032845.031,1379,424,None,Move,office
1571032845.039,1386,426,None,Move,office
1571032845.0470002,1394,428,None,Move,office
1571032845.055,1399,429,None,Move,office
1571032845.063,1405,430,None,Move,office
1571032845.071,1410,431,None,Move,office
1571032845.079,1416,433,None,Move,office
1571032845.087,1423,434,None,Move,office
1571032845.095,1429,435,None,Move,office
1571032845.103,1436,437,None,Move,office
1571032845.111,1444,437,None,Move,office
1571032845.119,1447,438,None,Move,office
1571032845.127,1453,439,None,Move,office
1571032845.1360002,1458,439,None,Move,office
1571032845.143,1461,440,None,Move,office
1571032845.151,1463,440,None,Move,office
1571032845.159,1465,441,None,Move,office
1571032845.591,1467,441,None,Move,office
1571032845.599,1472,441,None,Move,office
1571032845.607,1475,441,None,Move,office
1571032845.615,1478,441,None,Move,office
1571032845.623,1484,441,None,Move,office
1571032845.6379998,1492,441,None,Move,office
1571032845.645,1501,441,None,Move,office
1571032845.651,1511,443,None,Move,office
1571032845.656,1523,446,None,Move,office
1571032845.663,1540,451,None,Move,office
1571032845.671,1556,454,None,Move,office
1571032845.679,1580,461,None,Move,office
1571032845.687,1604,467,None,Move,office
1571032845.696,1640,476,None,Move,office
1571032845.7029998,1661,483,None,Move,office
1571032845.711,1685,489,None,Move,office
1571032845.719,1704,494,None,Move,office
1571032845.7270002,1724,497,None,Move,office
1571032845.735,1738,502,None,Move,office
1571032845.7429998,1751,505,None,Move,office
1571032845.752,1763,507,None,Move,office
1571032845.7589998,1773,510,None,Move,office
1571032845.7670002,1778,511,None,Move,office
1571032845.775,1782,511,None,Move,office
1571032845.783,1783,512,None,Move,office
1571032847.88,1784,512,None,Move,office
1571032847.887,1785,512,None,Move,office
1571032847.894,1786,512,None,Move,office
1571032847.911,1787,511,None,Move,office
1571032850.354,1788,514,None,Move,office
1571032850.3720002,1788,520,None,Move,office
1571032850.379,1788,525,None,Move,office
1571032850.385,1788,528,None,Move,office
1571032850.3920002,1786,533,None,Move,office
1571032850.399,1786,537,None,Move,office
1571032850.408,1785,542,None,Move,office
1571032850.416,1784,546,None,Move,office
1571032850.424,1783,553,None,Move,office
1571032850.4320002,1782,559,None,Move,office
1571032850.44,1780,566,None,Move,office
1571032850.448,1779,572,None,Move,office
1571032850.455,1779,579,None,Move,office
1571032850.464,1776,589,None,Move,office
1571032850.472,1774,601,None,Move,office
1571032850.48,1773,608,None,Move,office
1571032850.488,1773,616,None,Move,office
1571032850.498,1772,621,None,Move,office
1571032850.505,1772,627,None,Move,office
1571032850.5110002,1772,633,None,Move,office
1571032850.52,1771,641,None,Move,office
1571032850.528,1769,646,None,Move,office
1571032850.543,1769,651,None,Move,office
1571032850.55,1768,657,None,Move,office
1571032850.556,1768,659,None,Move,office
1571032850.562,1767,662,None,Move,office
1571032850.5679998,1767,665,None,Move,office
1571032850.575,1767,667,None,Move,office
1571032850.584,1767,668,None,Move,office
1571032850.592,1767,669,None,Move,office
1571032850.6,1767,670,None,Move,office
1571032850.6079998,1767,670,None,Move,office
1571032851.7529998,1767,670,None,Move,office
1571032851.784,1767,670,None,Move,office
1571032852.225,1767,668,None,Move,office
1571032852.2410002,1767,667,None,Move,office
1571032852.2489998,1767,666,None,Move,office
1571032858.215,1767,664,None,Move,office
1571032858.2229998,1765,658,None,Move,office
1571032858.231,1757,652,None,Move,office
1571032858.2389998,1744,644,None,Move,office
1571032858.246,1720,633,None,Move,office
1571032858.255,1686,619,None,Move,office
1571032858.2629998,1636,601,None,Move,office
1571032858.271,1578,582,None,Move,office
1571032858.279,1509,559,None,Move,office
1571032858.2870002,1435,535,None,Move,office
1571032858.295,1358,511,None,Move,office
1571032858.302,1273,484,None,Move,office
1571032858.31,1200,466,None,Move,office
1571032858.319,1115,445,None,Move,office
1571032858.327,1023,424,None,Move,office
1571032858.335,947,412,None,Move,office
1571032858.343,887,398,None,Move,office
1571032858.351,832,391,None,Move,office
1571032858.359,796,381,None,Move,office
1571032858.3820002,770,371,None,Move,office
1571032858.3879998,739,357,None,Move,office
1571032858.394,728,351,None,Move,office
1571032858.4,721,345,None,Move,office
1571032858.407,717,340,None,Move,office
1571032858.415,711,332,None,Move,office
1571032858.4220002,710,328,None,Move,office
1571032858.431,708,321,None,Move,office
1571032858.439,705,316,None,Move,office
1571032858.447,703,311,None,Move,office
1571032858.871,703,311,None,Move,office
1571032858.8779998,702,311,None,Move,office
1571032858.887,700,311,None,Move,office
1571032858.895,698,311,None,Move,office
1571032858.911,697,311,None,Move,office
1571032858.919,696,311,None,Move,office
1571032858.927,696,312,None,Move,office
1571032858.934,695,313,None,Move,office
1571032858.9429998,695,314,None,Move,office
1571032858.951,695,315,None,Move,office
1571032858.959,694,315,None,Move,office
1571032858.967,693,317,None,Move,office
1571032858.975,692,318,None,Move,office
1571032858.9829998,691,319,None,Move,office
1571032858.9910002,691,320,None,Move,office
1571032858.9989998,689,322,None,Move,office
1571032859.0070002,688,323,None,Move,office
1571032859.015,687,324,None,Move,office
1571032859.0229998,686,324,None,Move,office
1571032859.031,685,325,None,Move,office
1571032859.039,683,327,None,Move,office
1571032859.0470002,682,327,None,Move,office
1571032859.055,680,329,None,Move,office
1571032859.063,679,331,None,Move,office
1571032859.071,679,332,None,Move,office
1571032859.079,677,334,None,Move,office
1571032859.087,677,336,None,Move,office
1571032859.095,677,339,None,Move,office
1571032859.103,677,344,None,Move,office
1571032859.111,677,347,None,Move,office
1571032859.119,677,354,None,Move,office
1571032859.127,679,363,None,Move,office
1571032859.135,682,372,None,Move,office
1571032859.143,686,379,None,Move,office
1571032859.151,690,386,None,Move,office
1571032859.159,698,393,None,Move,office
1571032859.167,707,401,None,Move,office
1571032859.175,718,409,None,Move,office
1571032859.1829998,731,418,None,Move,office
1571032859.191,748,428,None,Move,office
1571032859.199,769,439,None,Move,office
1571032859.207,792,451,None,Move,office
1571032859.215,835,468,None,Move,office
1571032859.2229998,881,486,None,Move,office
1571032859.231,942,506,None,Move,office
1571032859.2389998,995,522,None,Move,office
1571032859.2470002,1048,535,None,Move,office
1571032859.255,1083,541,None,Move,office
1571032859.2629998,1124,553,None,Move,office
1571032859.271,1160,560,None,Move,office
1571032859.279,1192,569,None,Move,office
1571032859.2870002,1216,574,None,Move,office
1571032859.295,1240,580,None,Move,office
1571032859.303,1252,583,None,Move,office
1571032859.311,1267,588,None,Move,office
1571032859.319,1280,592,None,Move,office
1571032859.327,1288,595,None,Move,office
1571032859.334,1295,598,None,Move,office
1571032859.343,1302,601,None,Move,office
1571032859.351,1305,603,None,Move,office
1571032859.359,1310,604,None,Move,office
1571032859.367,1312,605,None,Move,office
1571032859.375,1313,606,None,Move,office
1571032859.99,1305,606,None,Move,office
1571032859.998,1287,601,None,Move,office
1571032860.014,1264,594,None,Move,office
1571032860.02,1231,585,None,Move,office
1571032860.026,1186,573,None,Move,office
1571032860.033,1133,554,None,Move,office
1571032860.038,1056,536,None,Move,office
1571032860.046,992,519,None,Move,office
1571032860.054,920,505,None,Move,office
1571032860.062,852,491,None,Move,office
1571032860.071,788,480,None,Move,office
1571032860.094,717,468,None,Move,office
1571032860.1,597,444,None,Move,office
1571032860.106,554,439,None,Move,office
1571032860.113,523,433,None,Move,office
1571032860.119,499,427,None,Move,office
1571032860.1260002,476,424,None,Move,office
1571032860.135,455,420,None,Move,office
1571032860.1420002,435,417,None,Move,office
1571032860.15,423,417,None,Move,office
1571032860.158,413,417,None,Move,office
1571032860.166,409,417,None,Move,office
1571032860.174,407,417,None,Move,office
1571032860.1820002,406,417,None,Move,office
1571032860.538,406,417,None,Move,office
1571032860.5470002,407,417,None,Move,office
1571032860.561,415,414,None,Move,office
1571032860.569,424,414,None,Move,office
1571032860.577,434,414,None,Move,office
1571032860.585,452,414,None,Move,office
1571032860.593,468,414,None,Move,office
1571032860.601,501,414,None,Move,office
1571032860.609,534,414,None,Move,office
1571032860.617,572,409,None,Move,office
1571032860.625,619,402,None,Move,office
1571032860.633,668,389,None,Move,office
1571032860.641,710,374,None,Move,office
1571032860.649,763,356,None,Move,office
1571032860.657,837,329,None,Move,office
1571032860.665,900,300,None,Move,office
1571032860.673,967,268,None,Move,office
1571032860.681,1022,244,None,Move,office
1571032860.689,1086,209,None,Move,office
1571032860.711,1196,157,None,Move,office
1571032860.718,1247,133,None,Move,office
1571032860.745,1338,94,None,Move,office
1571032860.7510002,1361,82,None,Move,office
1571032860.758,1378,72,None,Move,office
1571032860.764,1390,66,None,Move,office
1571032860.77,1405,54,None,Move,office
1571032860.796,1425,39,None,Move,office
1571032860.803,1432,31,None,Move,office
1571032860.809,1439,25,None,Move,office
1571032860.8179998,1447,16,None,Move,office
1571032860.826,1456,10,None,Move,office
1571032860.833,1464,3,None,Move,office
1571032860.841,1471,-3,None,Move,office
1571032860.849,1480,-6,None,Move,office
1571032860.857,1490,-3,None,Move,office
1571032860.865,1497,-4,None,Move,office
1571032860.873,1506,-3,None,Move,office
1571032860.881,1515,-3,None,Move,office
1571032860.889,1527,-3,None,Move,office
1571032860.897,1535,-1,None,Move,office
1571032860.905,1546,-2,None,Move,office
1571032860.913,1556,-1,None,Move,office
1571032860.921,1564,-2,None,Move,office
1571032860.929,1575,0,None,Move,office
1571032860.938,1589,-1,None,Move,office
1571032860.945,1603,-2,None,Move,office
1571032860.9529998,1617,0,None,Move,office
1571032860.961,1631,0,None,Move,office
1571032860.969,1647,0,None,Move,office
1571032860.9770002,1663,0,None,Move,office
1571032860.985,1681,1,None,Move,office
1571032860.9929998,1701,2,None,Move,office
1571032861.0010002,1721,4,None,Move,office
1571032861.0089998,1741,4,None,Move,office
1571032861.0170002,1753,6,None,Move,office
1571032861.025,1763,6,None,Move,office
1571032861.033,1773,7,None,Move,office
1571032861.041,1782,9,None,Move,office
1571032861.049,1786,9,None,Move,office
1571032861.0570002,1791,10,None,Move,office
1571032861.065,1794,10,None,Move,office
1571032861.073,1796,11,None,Move,office
1571032861.081,1798,11,None,Move,office
1571032861.089,1799,11,None,Move,office
1571032861.097,1800,12,None,Move,office
1571032861.201,1800,12,None,Move,office
1571032861.401,1800,13,None,Move,office
1571032861.411,1799,14,None,Move,office
1571032861.417,1799,15,None,Move,office
1571032861.425,1798,16,None,Move,office
1571032861.4329998,1797,17,None,Move,office
1571032861.4420002,1797,18,None,Move,office
1571032861.449,1796,20,None,Move,office
1571032861.457,1795,20,None,Move,office
1571032861.466,1795,21,None,Move,office
1571032861.481,1794,22,None,Move,office
1571032861.4889998,1794,24,None,Move,office
1571032861.498,1794,25,None,Move,office
1571032861.505,1794,26,None,Move,office
1571032861.5129998,1793,27,None,Move,office
1571032861.521,1793,27,None,Move,office
1571032861.529,1793,28,None,Move,office
1571032861.546,1792,29,None,Move,office
1571032861.556,1792,30,None,Move,office
1571032861.562,1791,31,None,Move,office
1571032861.593,1790,32,None,Move,office
1571032861.601,1789,32,None,Move,office
1571032861.61,1787,33,None,Move,office
1571032861.617,1784,33,None,Move,office
1571032861.625,1782,33,None,Move,office
1571032861.633,1776,33,None,Move,office
1571032861.641,1770,33,None,Move,office
1571032861.649,1762,33,None,Move,office
1571032861.658,1752,33,None,Move,office
1571032861.666,1738,32,None,Move,office
1571032861.673,1721,29,None,Move,office
1571032861.681,1703,25,None,Move,office
1571032861.689,1683,22,None,Move,office
1571032861.697,1660,15,None,Move,office
1571032861.705,1633,11,None,Move,office
1571032861.7129998,1600,2,None,Move,office
1571032861.721,1568,-4,None,Move,office
1571032861.729,1541,-6,None,Move,office
1571032861.7370002,1514,-4,None,Move,office
1571032861.746,1490,-5,None,Move,office
1571032861.754,1466,-6,None,Move,office
1571032861.762,1450,-3,None,Move,office
1571032861.77,1433,-2,None,Move,office
1571032861.778,1423,-1,None,Move,office
1571032861.786,1413,-3,None,Move,office
1571032861.793,1404,-3,None,Move,office
1571032861.801,1397,-1,None,Move,office
1571032861.809,1395,-1,None,Move,office
1571032861.8170002,1392,-2,None,Move,office
1571032861.825,1390,-1,None,Move,office
1571032861.833,1388,-1,None,Move,office
1571032861.842,1383,-2,None,Move,office
1571032861.849,1381,-1,None,Move,office
1571032861.857,1379,-1,None,Move,office
1571032861.865,1374,-2,None,Move,office
1571032861.873,1369,-3,None,Move,office
1571032861.881,1366,-1,None,Move,office
1571032861.889,1363,-1,None,Move,office
1571032861.8979998,1359,-2,None,Move,office
1571032861.905,1357,-1,None,Move,office
1571032861.913,1354,-1,None,Move,office
1571032861.921,1352,-1,None,Move,office
1571032861.929,1350,0,None,Move,office
1571032861.937,1348,-1,None,Move,office
1571032861.945,1345,-2,None,Move,office
1571032861.954,1341,-1,None,Move,office
1571032861.961,1341,-1,None,Move,office
1571032861.969,1340,0,None,Move,office
1571032861.9770002,1338,0,None,Move,office
1571032861.985,1337,0,None,Move,office
1571032861.9929998,1336,0,None,Move,office
1571032862.002,1335,-1,None,Move,office
1571032862.01,1334,0,None,Move,office
1571032862.097,1334,0,Left,Pressed,office
1571032862.186,1334,0,Left,Released,office
1571032862.3,1334,0,Left,Pressed,office
1571032862.4020002,1334,0,Left,Released,office
1571032862.7129998,1332,0,None,Move,office
1571032862.721,1327,0,None,Move,office
1571032862.73,1320,3,None,Move,office
1571032862.738,1311,7,None,Move,office
1571032862.745,1295,14,None,Move,office
1571032862.7529998,1276,22,None,Move,office
1571032862.7610002,1253,29,None,Move,office
1571032862.769,1224,37,None,Move,office
1571032862.7770002,1185,44,None,Move,office
1571032862.786,1146,49,None,Move,office
1571032862.794,1096,51,None,Move,office
1571032862.801,1047,54,None,Move,office
1571032862.809,994,54,None,Move,office
1571032862.8170002,948,56,None,Move,office
1571032862.825,902,59,None,Move,office
1571032862.833,864,61,None,Move,office
1571032862.842,842,63,None,Move,office
1571032862.85,821,64,None,Move,office
1571032862.8579998,806,66,None,Move,office
1571032862.865,798,67,None,Move,office
1571032862.873,793,68,None,Move,office
1571032862.881,791,68,None,Move,office
1571032862.8979998,791,69,None,Move,office
1571032862.9770002,790,70,None,Move,office
1571032862.985,789,71,None,Move,office
1571032862.9929998,788,72,None,Move,office
1571032863.0010002,788,73,None,Move,office
1571032863.01,787,75,None,Move,office
1571032863.018,786,79,None,Move,office
1571032863.026,785,81,None,Move,office
1571032863.033,785,84,None,Move,office
1571032863.041,784,89,None,Move,office
1571032863.049,784,94,None,Move,office
1571032863.062,784,95,None,Move,office
1571032863.0679998,784,99,None,Move,office
1571032863.075,784,101,None,Move,office
1571032863.082,784,103,None,Move,office
1571032863.09,784,103,None,Move,office
1571032863.097,784,104,None,Move,office
1571032863.105,784,105,None,Move,office
1571032863.121,784,106,None,Move,office
1571032863.14,784,107,None,Move,office
1571032863.153,784,108,None,Move,office
1571032863.161,784,108,None,Move,office
1571032863.178,784,109,None,Move,office
1571032863.186,784,110,None,Move,office
1571032863.194,784,111,None,Move,office
1571032863.225,784,112,None,Move,office
1571032863.242,784,114,None,Move,office
1571032863.258,784,115,None,Move,office
1571032863.2729998,783,115,None,Move,office
1571032863.298,782,116,None,Move,office
1571032863.393,782,116,Left,Pressed,office
1571032863.457,782,116,Left,Released,office
1571032863.562,782,116,Left,Pressed,office
1571032863.6520002,782,116,Left,Released,office
1571032864.3779998,782,116,None,Move,office
1571032864.4020002,792,116,None,Move,office
1571032864.408,799,115,None,Move,office
1571032864.414,811,115,None,Move,office
1571032864.42,827,115,None,Move,office
1571032864.426,845,115,None,Move,office
1571032864.434,863,120,None,Move,office
1571032864.4420002,896,131,None,Move,office
1571032864.45,938,145,None,Move,office
1571032864.458,984,163,None,Move,office
1571032864.465,1025,178,None,Move,office
1571032864.4729998,1070,190,None,Move,office
1571032864.481,1107,202,None,Move,office
1571032864.49,1145,216,None,Move,office
1571032864.498,1181,225,None,Move,office
1571032864.506,1199,230,None,Move,office
1571032864.529,1214,233,None,Move,office
1571032864.535,1221,236,None,Move,office
1571032864.546,1221,236,None,Move,office
1571032864.554,1211,234,None,Move,office
1571032864.562,1195,230,None,Move,office
1571032864.57,1169,225,None,Move,office
1571032864.5779998,1136,216,None,Move,office
1571032864.585,1080,203,None,Move,office
1571032864.593,1035,188,None,Move,office
1571032864.601,989,173,None,Move,office
1571032864.6239998,987,173,None,Move,office
1571032864.9220002,990,176,None,Move,office
1571032864.929,995,182,None,Move,office
1571032864.937,1001,187,None,Move,office
1571032864.946,1008,192,None,Move,office
1571032864.954,1017,196,None,Move,office
1571032864.962,1029,201,None,Move,office
1571032864.97,1040,205,None,Move,office
1571032864.978,1052,205,None,Move,office
1571032864.985,1062,205,None,Move,office
1571032864.9929998,1074,205,None,Move,office
1571032865.002,1090,205,None,Move,office
1571032865.01,1110,205,None,Move,office
1571032865.018,1132,205,None,Move,office
1571032865.026,1156,205,None,Move,office
1571032865.034,1185,205,None,Move,office
1571032865.041,1215,204,None,Move,office
1571032865.049,1239,204,None,Move,office
1571032865.0579998,1276,204,None,Move,office
1571032865.066,1313,204,None,Move,office
1571032865.074,1347,202,None,Move,office
1571032865.082,1376,202,None,Move,office
1571032865.09,1394,201,None,Move,office
1571032865.097,1421,201,None,Move,office
1571032865.105,1447,199,None,Move,office
1571032865.1139998,1469,199,None,Move,office
1571032865.1220002,1490,199,None,Move,office
1571032865.13,1508,197,None,Move,office
1571032865.1379998,1520,197,None,Move,office
1571032865.146,1534,197,None,Move,office
1571032865.154,1544,197,None,Move,office
1571032865.161,1555,196,None,Move,office
1571032865.169,1565,196,None,Move,office
1571032865.178,1567,196,None,Move,office
1571032865.187,1571,194,None,Move,office
1571032865.195,1573,193,None,Move,office
1571032865.2029998,1575,193,None,Move,office
1571032865.211,1577,192,None,Move,office
1571032865.218,1578,192,None,Move,office
1571032865.2270002,1579,191,None,Move,office
1571032865.242,1581,191,None,Move,office
1571032865.25,1582,190,None,Move,office
1571032865.258,1584,189,None,Move,office
1571032865.266,1586,189,None,Move,office
1571032865.2729998,1588,188,None,Move,office
1571032865.281,1590,187,None,Move,office
1571032865.29,1594,187,None,Move,office
1571032865.298,1596,186,None,Move,office
1571032865.306,1599,186,None,Move,office
1571032865.314,1600,185,None,Move,office
1571032865.337,1603,185,None,Move,office
1571032865.343,1607,185,None,Move,office
1571032865.349,1608,185,None,Move,office
1571032865.355,1610,185,None,Move,office
1571032865.3620002,1611,184,None,Move,office
1571032865.37,1611,184,None,Move,office
1571032865.3779998,1612,184,None,Move,office
1571032865.385,1614,183,None,Move,office
1571032865.393,1616,183,None,Move,office
1571032865.4020002,1618,183,None,Move,office
1571032865.41,1621,183,None,Move,office
1571032865.418,1626,182,None,Move,office
1571032865.426,1630,182,None,Move,office
1571032865.434,1635,182,None,Move,office
1571032865.441,1641,181,None,Move,office
1571032865.449,1647,179,None,Move,office
1571032865.458,1656,178,None,Move,office
1571032865.466,1662,178,None,Move,office
1571032865.474,1670,177,None,Move,office
1571032865.482,1679,175,None,Move,office
1571032865.49,1689,174,None,Move,office
1571032865.498,1698,172,None,Move,office
1571032865.505,1710,169,None,Move,office
1571032865.514,1722,166,None,Move,office
1571032865.522,1739,161,None,Move,office
1571032865.53,1753,156,None,Move,office
1571032865.538,1768,152,None,Move,office
1571032865.546,1780,147,None,Move,office
1571032865.554,1789,144,None,Move,office
1571032865.561,1796,140,None,Move,office
1571032865.57,1805,135,None,Move,office
1571032865.5779998,1812,131,None,Move,office
1571032865.593,1815,128,None,Move,office
1571032865.6020002,1825,116,None,Move,office
1571032865.61,1827,112,None,Move,office
1571032865.617,1830,105,None,Move,office
1571032865.625,1833,96,None,Move,office
1571032865.6339998,1834,90,None,Move,office
1571032865.6420002,1839,77,None,Move,office
1571032865.65,1839,67,None,Move,office
1571032865.658,1840,60,None,Move,office
1571032865.666,1840,50,None,Move,office
1571032865.674,1842,42,None,Move,office
1571032865.6820002,1842,34,None,Move,office
1571032865.69,1842,28,None,Move,office
1571032865.698,1842,23,None,Move,office
1571032865.706,1842,20,None,Move,office
1571032865.714,1842,18,None,Move,office
1571032865.722,1842,16,None,Move,office
1571032865.729,1842,14,None,Move,office
1571032865.7370002,1842,12,None,Move,office
1571032865.746,1842,10,None,Move,office
1571032865.754,1842,8,None,Move,office
1571032865.762,1842,6,None,Move,office
1571032865.77,1842,6,None,Move,office
1571032865.778,1842,4,None,Move,office
1571032865.785,1842,3,None,Move,office
1571032865.793,1842,2,None,Move,office
1571032865.938,1841,1,None,Move,office
1571032865.946,1840,1,None,Move,office
1571032865.954,1837,1,None,Move,office
1571032865.961,1835,1,None,Move,office
1571032865.97,1831,1,None,Move,office
1571032865.978,1826,1,None,Move,office
1571032865.986,1823,2,None,Move,office
1571032865.994,1818,2,None,Move,office
1571032866.002,1812,2,None,Move,office
1571032866.01,1809,3,None,Move,office
1571032866.0170002,1805,5,None,Move,office
1571032866.026,1800,6,None,Move,office
1571032866.034,1795,6,None,Move,office
1571032866.042,1793,7,None,Move,office
1571032866.05,1791,8,None,Move,office
1571032866.0579998,1790,8,None,Move,office
1571032866.235,1790,8,Left,Pressed,office
1571032866.451,1790,8,Left,Released,office
1571032866.65,1793,15,None,Move,browsing
1571032866.658,1794,18,None,Move,browsing
1571032866.666,1798,26,None,Move,browsing
1571032866.674,1801,37,None,Move,browsing
1571032866.6820002,1804,49,None,Move,browsing
1571032866.689,1804,67,None,Move,browsing
1571032866.698,1804,85,None,Move,browsing
1571032866.707,1802,107,None,Move,browsing
1571032866.714,1791,141,None,Move,browsing
1571032866.722,1770,184,None,Move,browsing
1571032866.731,1744,231,None,Move,browsing
1571032866.738,1709,277,None,Move,browsing
1571032866.745,1671,323,None,Move,browsing
1571032866.754,1632,359,None,Move,browsing
1571032866.762,1570,410,None,Move,browsing
1571032866.77,1498,452,None,Move,browsing
1571032866.778,1439,480,None,Move,browsing
1571032866.786,1374,500,None,Move,browsing
1571032866.794,1318,510,None,Move,browsing
1571032866.802,1271,515,None,Move,browsing
1571032866.811,1223,515,None,Move,browsing
1571032866.8179998,1162,502,None,Move,browsing
1571032866.826,1114,490,None,Move,browsing
1571032866.834,1068,472,None,Move,browsing
1571032866.842,1038,461,None,Move,browsing
1571032866.85,1004,448,None,Move,browsing
1571032866.8579998,985,437,None,Move,browsing
1571032866.8660002,970,430,None,Move,browsing
1571032866.8739998,957,421,None,Move,browsing
1571032866.8820002,953,414,None,Move,browsing
1571032866.89,949,407,None,Move,browsing
1571032866.8979998,946,400,None,Move,browsing
1571032866.906,944,392,None,Move,browsing
1571032866.914,943,379,None,Move,browsing
1571032866.921,941,363,None,Move,browsing
1571032866.93,941,345,None,Move,browsing
1571032866.938,941,323,None,Move,browsing
1571032866.946,940,299,None,Move,browsing
1571032866.954,940,274,None,Move,browsing
1571032866.962,938,248,None,Move,browsing
1571032866.97,938,230,None,Move,browsing
1571032866.978,938,212,None,Move,browsing
1571032866.986,936,204,None,Move,browsing
1571032866.994,936,192,None,Move,browsing
1571032867.002,936,187,None,Move,browsing
1571032867.01,936,184,None,Move,browsing
1571032867.018,936,181,None,Move,browsing
1571032867.041,935,179,None,Move,browsing
1571032867.049,933,174,None,Move,browsing
1571032867.113,932,174,None,Move,browsing
1571032867.121,931,174,None,Move,browsing
1571032867.1279998,931,174,Left,Pressed,browsing
1571032867.133,930,174,None,Drag,browsing
1571032867.141,927,177,None,Drag,browsing
1571032867.155,919,183,None,Drag,file system
1571032867.169,905,187,None,Drag,file system
1571032867.1820002,897,190,None,Drag,file system
1571032867.188,887,190,None,Drag,file system
1571032867.195,875,190,None,Drag,file system
1571032867.202,859,190,None,Drag,file system
1571032867.208,840,186,None,Drag,file system
1571032867.216,814,181,None,Drag,file system
1571032867.224,789,171,None,Drag,file system
1571032867.232,759,160,None,Drag,file system
1571032867.24,733,150,None,Drag,file system
1571032867.248,707,138,None,Drag,file system
1571032867.256,685,123,None,Drag,file system
1571032867.264,674,111,None,Drag,file system
1571032867.272,666,96,None,Drag,file system
1571032867.28,659,76,None,Drag,file system
1571032867.288,657,54,None,Drag,file system
1571032867.2970002,657,30,None,Drag,file system
1571032867.304,657,5,None,Drag,file system
1571032867.312,660,-26,None,Drag,file system
1571032867.32,664,-27,None,Drag,file system
1571032867.3279998,670,-28,None,Drag,file system
1571032867.336,678,-28,None,Drag,file system
1571032867.344,682,-19,None,Drag,file system
1571032867.3520002,686,-12,None,Drag,file system
1571032867.3579998,686,0,Left,Released,file system
1571032867.3639998,691,-9,None,Move,file system
1571032867.37,695,-9,None,Move,file system
1571032867.377,699,-5,None,Move,file system
1571032867.3839998,701,-3,None,Move,file system
1571032867.3920002,701,-1,None,Move,file system
1571032867.424,701,0,Right,Pressed,file system
1571032867.545,701,0,Right,Released,file system
1571032867.552,701,0,None,Move,file system
1571032867.56,700,3,None,Move,file system
1571032867.5679998,697,9,None,Move,file system
1571032867.576,693,12,None,Move,file system
1571032867.584,690,16,None,Move,file system
1571032867.592,680,24,None,Move,file system
1571032867.6,676,26,None,Move,file system
1571032867.6079998,669,30,None,Move,file system
1571032867.6160002,656,35,None,Move,file system
1571032867.6239998,643,41,None,Move,file system
1571032867.6320002,635,44,None,Move,file system
1571032867.64,622,49,None,Move,file system
1571032867.6479998,613,52,None,Move,file system
1571032867.656,605,55,None,Move,file system
1571032867.664,600,57,None,Move,file system
1571032867.6720002,596,57,None,Move,file system
1571032867.68,596,58,None,Move,file system
1571032867.784,596,58,Left,Pressed,file system
1571032867.8639998,596,58,Left,Released,file system
1571032868.033,596,58,None,Move,file system
1571032878.1379998,588,61,None,Move,file system
1571032878.145,740,133,None,Move,file system
1571032878.151,526,44,None,Move,file system
1571032878.157,381,-39,None,Move,file system
1571032878.163,216,-98,None,Move,file system
1571032878.169,43,-117,None,Move,file system
1571032878.174,-118,-98,None,Move,file system
1571032878.1820002,-113,-70,None,Move,file system
1571032879.189,-14,0,None,Move,file system
1571032879.197,-17,-6,None,Move,file system
1571032879.205,-2,-7,None,Move,file system
1571032879.2770002,-1,-1,None,Move,file system
1571032879.286,-4,0,None,Move,file system
1571032879.293,-7,4,None,Move,file system
1571032879.301,-17,11,None,Move,file system
1571032879.309,-28,18,None,Move,file system
1571032879.316,-41,25,None,Move,file system
1571032879.325,-54,32,None,Move,file system
1571032879.333,-68,38,None,Move,file system
1571032879.341,-80,42,None,Move,file system
1571032879.349,-84,44,None,Move,file system
1571032879.357,-85,45,None,Move,file system
1571032996.479,-85,44,None,Move,file system
1571032996.485,-85,42,None,Move,file system
1571032996.6139998,-85,42,None,Move,file system
1571032996.6220002,-70,41,None,Move,file system
1571032996.63,-34,39,None,Move,file system
1571032996.637,21,35,None,Move,file system
1571032996.646,116,23,None,Move,file system
1571032996.6520002,224,4,None,Move,file system
1571032996.6620002,364,-19,None,Move,file system
1571032996.67,500,-27,None,Move,file system
1571032996.678,604,-19,None,Move,file system
1571032996.686,712,-19,None,Move,file system
1571032996.6929998,816,-19,None,Move,file system
1571032996.701,912,-15,None,Move,file system
1571032996.71,1003,-16,None,Move,file system
1571032996.718,1106,-12,None,Move,file system
1571032996.726,1170,-11,None,Move,file system
1571032996.734,1237,-8,None,Move,file system
1571032996.742,1300,-11,None,Move,file system
1571032996.748,1360,-11,None,Move,file system
1571032996.7570002,1424,-11,None,Move,file system
1571032996.766,1488,-14,None,Move,file system
1571032996.774,1556,-14,None,Move,file system
1571032996.782,1628,-18,None,Move,file system
1571032996.79,1700,-14,None,Move,file system
1571032996.7970002,1777,-18,None,Move,file system
1571032996.805,1849,-17,None,Move,file system
1571032996.813,1921,-15,None,Move,file system
1571032996.821,1975,-13,None,Move,file system
1571032996.83,1979,-11,None,Move,file system
1571032996.8379998,1971,-10,None,Move,file system
1571032996.846,1954,-7,None,Move,file system
1571032996.854,1941,-2,None,Move,file system
1571032996.861,1933,-1,None,Move,file system
1571032996.869,1926,0,None,Move,file system
1571032996.877,1925,0,None,Move,file system
1571032996.8860002,1923,0,None,Move,file system
1571032996.894,1929,3,None,Move,file system
1571032996.9020002,1927,6,None,Move,file system
1571032996.91,1930,9,None,Move,file system
1571032996.918,1930,13,None,Move,file system
1571032996.925,1940,20,None,Move,file system
1571032996.9320002,1937,25,None,Move,file system
1571032996.9420002,1939,30,None,Move,file system
1571032996.95,1943,38,None,Move,file system
1571032996.958,1929,39,None,Move,file system
1571032996.966,1931,42,None,Move,file system
1571032996.9729998,1923,46,None,Move,file system
1571032996.982,1920,47,None,Move,file system
1571032996.9889998,1919,49,None,Move,file system
1571032996.998,1919,54,None,Move,file system
1571032997.006,1919,60,None,Move,file system
1571032997.014,1918,68,None,Move,file system
1571032997.022,1915,77,None,Move,file system
1571032997.03,1915,89,None,Move,file system
1571032997.0370002,1912,101,None,Move,file system
1571032997.045,1911,116,None,Move,file system
1571032997.053,1908,130,None,Move,file system
1571032997.062,1904,148,None,Move,file system
1571032997.07,1894,181,None,Move,file system
1571032997.077,1880,215,None,Move,file system
1571032997.086,1866,253,None,Move,file system
1571032997.093,1847,292,None,Move,file system
1571032997.101,1833,326,None,Move,file system
1571032997.11,1810,369,None,Move,file system
1571032997.1179998,1786,416,None,Move,file system
1571032997.1260002,1774,443,None,Move,file system
1571032997.133,1763,466,None,Move,file system
1571032997.1420002,1756,483,None,Move,file system
1571032997.149,1755,491,None,Move,file system
1571032997.157,1752,500,None,Move,file system
1571032997.166,1749,508,None,Move,file system
1571032997.174,1747,519,None,Move,file system
1571032997.1820002,1747,531,None,Move,file system
1571032997.19,1747,543,None,Move,file system
1571032997.198,1747,557,None,Move,file system
1571032997.205,1747,571,None,Move,file system
1571032997.2129998,1748,591,None,Move,file system
1571032997.221,1748,605,None,Move,file system
1571032997.23,1748,621,None,Move,file system
1571032997.238,1748,633,None,Move,file system
1571032997.246,1748,645,None,Move,file system
1571032997.254,1746,657,None,Move,file system
1571032997.2610002,1744,671,None,Move,file system
1571032997.269,1740,686,None,Move,file system
1571032997.2770002,1736,702,None,Move,file system
1571032997.286,1733,725,None,Move,file system
1571032997.294,1727,752,None,Move,file system
1571032997.302,1715,790,None,Move,file system
1571032997.31,1704,823,None,Move,file system
1571032997.3170002,1685,858,None,Move,file system
1571032997.325,1673,885,None,Move,file system
1571032997.333,1659,909,None,Move,file system
1571032997.342,1640,934,None,Move,file system
1571032997.35,1616,971,None,Move,file system
1571032997.357,1600,992,None,Move,file system
1571032997.3660002,1581,1017,None,Move,file system
1571032997.3739998,1566,1038,None,Move,file system
1571032997.381,1554,1051,None,Move,file system
1571032997.389,1537,1075,None,Move,file system
1571032997.3979998,1524,1095,None,Move,file system
1571032997.406,1514,1096,None,Move,file system
1571032997.414,1504,1095,None,Move,file system
1571032997.4220002,1498,1092,None,Move,file system
1571032997.43,1489,1096,None,Move,file system
1571032997.437,1485,1091,None,Move,file system
1571032997.445,1482,1088,None,Move,file system
1571032997.454,1479,1088,None,Move,file system
1571032997.462,1478,1085,None,Move,file system
1571032997.47,1477,1081,None,Move,file system
1571032997.549,1477,1079,None,Move,file system
1571032997.5570002,1477,1075,None,Move,file system
1571032997.566,1477,1069,None,Move,file system
1571032997.574,1478,1065,None,Move,file system
1571032997.582,1482,1056,None,Move,file system
1571032997.59,1485,1049,None,Move,file system
1571032997.5979998,1487,1046,None,Move,file system
1571032997.605,1490,1042,None,Move,file system
1571032997.613,1490,1041,None,Move,file system
1571032997.814,1492,1040,None,Move,file system
1571032997.821,1497,1040,None,Move,file system
1571032997.829,1500,1041,None,Move,file system
1571032997.8379998,1506,1043,None,Move,file system
1571032997.846,1513,1044,None,Move,file system
1571032997.854,1518,1046,None,Move,file system
1571032997.8620002,1523,1048,None,Move,file system
1571032997.87,1525,1049,None,Move,file system
1571032997.877,1525,1049,None,Move,file system
1571032997.885,1527,1050,None,Move,file system
1571032997.894,1528,1050,None,Move,file system
1571032997.9020002,1529,1050,None,Move,file system
1571032997.91,1530,1050,None,Move,file system
1571032997.9329998,1531,1051,None,Move,file system
1571032997.95,1532,1051,None,Move,file system
1571032998.03,1532,1051,Left,Pressed,file system
1571032998.11,1532,1051,Left,Released,file system
1571032998.654,1532,1050,None,Move,file system
1571032998.6620002,1530,1049,None,Move,file system
1571032998.67,1529,1048,None,Move,file system
1571032998.677,1528,1046,None,Move,file system
1571032998.686,1527,1044,None,Move,file system
1571032998.694,1526,1043,None,Move,file system
1571032998.702,1524,1040,None,Move,file system
1571032998.71,1523,1037,None,Move,file system
1571032998.718,1522,1035,None,Move,file system
1571032998.726,1521,1032,None,Move,file system
1571032998.7329998,1518,1027,None,Move,file system
1571032998.742,1518,1024,None,Move,file system
1571032998.75,1516,1020,None,Move,file system
1571032998.758,1514,1014,None,Move,file system
1571032998.766,1513,1012,None,Move,file system
1571032998.774,1511,1007,None,Move,file system
1571032998.782,1511,1007,None,Move,file system
1571032998.789,1510,1005,None,Move,file system
1571032998.798,1510,1003,None,Move,file system
1571032998.806,1509,1001,None,Move,file system
1571032998.814,1509,999,None,Move,file system
1571032998.83,1508,998,None,Move,file system
1571032998.8620002,1508,997,None,Move,file system
1571032998.8779998,1508,996,None,Move,file system
1571032998.894,1507,995,None,Move,file system
1571032998.901,1507,995,None,Move,file system
1571032998.91,1507,994,None,Move,file system
1571032998.918,1507,993,None,Move,file system
1571032998.926,1507,992,None,Move,file system
1571032998.934,1507,990,None,Move,file system
1571032998.9420002,1507,988,None,Move,file system
1571032998.95,1507,987,None,Move,file system
1571032998.958,1507,986,None,Move,file system
1571032998.966,1507,984,None,Move,file system
1571032998.974,1507,980,None,Move,file system
1571032998.982,1507,979,None,Move,file system
1571032998.99,1506,976,None,Move,file system
1571032998.998,1506,973,None,Move,file system
1571032999.006,1506,971,None,Move,file system
1571032999.0129998,1506,969,None,Move,file system
1571032999.022,1506,969,None,Move,file system
1571032999.03,1506,967,None,Move,file system
1571032999.038,1505,966,None,Move,file system
1571032999.046,1505,964,None,Move,file system
1571032999.054,1505,962,None,Move,file system
1571032999.062,1505,960,None,Move,file system
1571032999.07,1505,959,None,Move,file system
1571032999.077,1505,957,None,Move,file system
1571032999.086,1504,953,None,Move,file system
1571032999.1,1504,952,None,Move,file system
1571032999.106,1503,950,None,Move,file system
1571032999.1120002,1503,949,None,Move,file system
1571032999.1179998,1503,948,None,Move,file system
1571032999.1260002,1503,946,None,Move,file system
1571032999.133,1503,945,None,Move,file system
1571032999.15,1503,944,None,Move,file system
1571032999.43,1503,944,Left,Pressed,file system
1571032999.518,1503,944,Left,Released,file system
1571032999.806,1500,941,None,Move,file system
1571032999.814,1491,932,None,Move,file system
1571032999.822,1483,923,None,Move,file system
1571032999.83,1473,906,None,Move,file system
1571032999.8379998,1462,884,None,Move,file system
1571032999.846,1443,849,None,Move,file system
1571032999.854,1424,810,None,Move,file system
1571032999.8620002,1405,778,None,Move,file system
1571032999.87,1391,750,None,Move,file system
1571032999.8779998,1378,724,None,Move,file system
1571032999.8860002,1368,707,None,Move,file system
1571032999.894,1356,687,None,Move,file system
1571032999.9020002,1350,676,None,Move,file system
1571032999.91,1336,661,None,Move,file system
1571032999.918,1327,650,None,Move,file system
1571032999.926,1313,639,None,Move,file system
1571032999.934,1306,628,None,Move,file system
1571032999.9420002,1300,619,None,Move,file system
1571032999.95,1295,608,None,Move,file system
1571032999.958,1293,596,None,Move,file system
1571032999.965,1293,580,None,Move,file system
1571032999.975,1293,562,None,Move,file system
1571032999.982,1293,554,None,Move,file system
1571033000.478,1293,556,None,Move,development
1571033000.486,1293,558,None,Move,development
1571033000.494,1293,560,None,Move,development
1571033000.502,1293,562,None,Move,development
1571033000.51,1293,564,None,Move,development
1571033000.518,1293,564,None,Move,development
1571033000.526,1293,566,None,Move,development
1571033000.534,1293,568,None,Move,development
1571033000.542,1294,572,None,Move,development
1571033000.55,1294,572,None,Move,development
1571033000.5570002,1294,574,None,Move,development
1571033000.566,1294,575,None,Move,development
1571033000.574,1295,577,None,Move,development
1571033000.597,1295,576,None,Move,development
1571033000.606,1295,574,None,Move,development
1571033000.613,1295,571,None,Move,development
1571033000.6220002,1295,566,None,Move,development
1571033000.63,1295,563,None,Move,development
1571033000.65,1301,552,None,Move,development
1571033000.659,1304,546,None,Move,development
1571033000.667,1306,543,None,Move,development
1571033000.6720002,1312,537,None,Move,development
1571033000.678,1316,531,None,Move,development
1571033000.686,1325,524,None,Move,development
1571033000.694,1340,514,None,Move,development
1571033000.702,1355,506,None,Move,development
1571033000.71,1380,492,None,Move,development
1571033000.718,1422,475,None,Move,development
1571033000.726,1461,458,None,Move,development
1571033000.734,1502,443,None,Move,development
1571033000.742,1536,430,None,Move,development
1571033000.75,1566,419,None,Move,development
1571033000.758,1607,407,None,Move,development
1571033000.766,1636,399,None,Move,development
1571033000.774,1671,392,None,Move,development
1571033000.782,1689,389,None,Move,development
1571033000.79,1705,386,None,Move,development
1571033000.7970002,1720,382,None,Move,development
1571033000.806,1730,381,None,Move,development
1571033000.814,1739,378,None,Move,development
1571033000.822,1745,377,None,Move,development
1571033000.83,1749,376,None,Move,development
1571033000.837,1749,375,None,Move,development
1571033000.846,1750,375,None,Move,development
1571033001.1179998,1751,374,None,Move,development
1571033001.1260002,1753,372,None,Move,development
1571033001.1339998,1755,369,None,Move,development
1571033001.143,1759,364,None,Move,development
1571033001.15,1761,360,None,Move,development
1571033001.158,1762,358,None,Move,development
1571033001.166,1763,356,None,Move,development
1571033001.174,1763,354,None,Move,development
1571033001.1820002,1763,352,None,Move,development
1571033001.19,1763,350,None,Move,development
1571033001.198,1764,347,None,Move,development
1571033001.206,1764,344,None,Move,development
1571033001.214,1764,339,None,Move,development
1571033001.222,1764,338,None,Move,development
1571033001.23,1764,334,None,Move,development
1571033001.238,1764,332,None,Move,development
1571033001.246,1764,330,None,Move,development
1571033001.254,1764,329,None,Move,development
1571033001.2629998,1764,328,None,Move,development
1571033001.279,1764,327,None,Move,development
1571033001.295,1764,326,None,Move,development
1571033001.311,1764,325,None,Move,development
1571033001.3179998,1764,324,None,Move,development
1571033001.326,1765,323,None,Move,development
1571033001.334,1765,323,None,Move,development
1571033001.342,1766,322,None,Move,development
1571033001.35,1766,321,None,Move,development
1571033001.3579998,1767,320,None,Move,development
1571033001.3739998,1767,319,None,Move,development
1571033001.464,1767,318,None,Move,development
1571033001.481,1768,317,None,Move,development
1571033001.52,1769,317,None,Move,development
1571033001.536,1770,315,None,Move,development
1571033001.552,1771,313,None,Move,development
1571033001.569,1772,311,None,Move,development
1571033001.577,1772,310,None,Move,development
1571033001.585,1773,307,None,Move,development
1571033001.593,1773,305,None,Move,development
1571033001.601,1774,304,None,Move,development
1571033001.6079998,1774,301,None,Move,development
1571033001.625,1774,299,None,Move,development
1571033001.641,1774,298,None,Move,development
1571033001.657,1774,298,None,Move,development
1571033001.68,1774,297,None,Move,development
1571033001.696,1775,296,None,Move,development
1571033001.705,1775,295,None,Move,development
1571033001.7129998,1775,294,None,Move,development
1571033001.721,1776,293,None,Move,development
1571033001.729,1776,292,None,Move,development
1571033001.7370002,1776,292,None,Move,development
1571033001.745,1777,291,None,Move,development
1571033001.7529998,1777,290,None,Move,development
1571033001.768,1777,289,None,Move,development
1571033001.7770002,1777,288,None,Move,development
1571033001.784,1777,287,None,Move,development
1571033001.8,1778,285,None,Move,development
1571033001.9,1778,285,Left,Pressed,development
1571033001.981,1778,285,Left,Released,development
1571033002.8920002,1777,289,None,Move,development
1571033002.901,1775,294,None,Move,development
1571033002.908,1774,300,None,Move,development
1571033002.917,1773,309,None,Move,development
1571033002.925,1773,319,None,Move,development
1571033002.9329998,1773,325,None,Move,development
1571033002.94,1771,333,None,Move,development
1571033002.948,1771,338,None,Move,development
1571033002.956,1771,345,None,Move,development
1571033002.964,1771,352,None,Move,development
1571033002.9729998,1771,356,None,Move,development
1571033002.981,1771,361,None,Move,development
1571033002.9889998,1771,364,None,Move,development
1571033002.996,1771,367,None,Move,development
1571033003.004,1771,369,None,Move,development
1571033003.012,1771,371,None,Move,development
1571033003.0370002,1771,373,None,Move,development
1571033003.076,1772,374,None,Move,development
1571033004.052,1772,374,Left,Pressed,development
1571033004.149,1772,374,Left,Released,development
1571033004.363,1772,377,None,Move,development
1571033004.3720002,1772,391,None,Move,development
1571033004.379,1774,403,None,Move,development
1571033004.387,1775,413,None,Move,development
1571033004.396,1777,426,None,Move,development
1571033004.405,1778,432,None,Move,development
1571033004.4120002,1779,440,None,Move,development
1571033004.421,1779,447,None,Move,development
1571033004.428,1782,455,None,Move,development
1571033004.435,1782,460,None,Move,development
1571033004.4429998,1783,464,None,Move,development
1571033004.451,1785,471,None,Move,development
1571033004.46,1786,474,None,Move,development
1571033004.468,1787,480,None,Move,development
1571033004.476,1788,482,None,Move,development
1571033004.484,1788,484,None,Move,development
1571033004.4910002,1789,486,None,Move,development
1571033004.508,1789,487,None,Move,development
1571033004.758,1791,485,None,Move,development
1571033004.766,1791,483,None,Move,development
1571033004.774,1791,481,None,Move,development
1571033004.783,1791,481,None,Move,development
1571033004.791,1792,479,None,Move,development
1571033004.799,1792,478,None,Move,development
1571033004.8070002,1792,477,None,Move,development
1571033004.83,1792,476,None,Move,development
1571033007.031,1792,476,None,Move,development
1571033007.04,1792,478,None,Move,development
1571033007.046,1792,480,None,Move,development
1571033007.054,1792,481,None,Move,development
1571033007.07,1791,482,None,Move,development
1571033007.079,1791,482,None,Move,development
1571033007.086,1790,483,None,Move,development
1571033007.094,1790,484,None,Move,development
1571033007.101,1790,486,None,Move,development
1571033007.111,1790,486,None,Move,development
1571033007.1179998,1790,488,None,Move,development
1571033007.127,1788,490,None,Move,development
1571033007.1339998,1786,492,None,Move,development
1571033007.1420002,1786,493,None,Move,development
1571033007.151,1784,497,None,Move,development
1571033007.157,1783,499,None,Move,development
1571033007.166,1780,504,None,Move,development
1571033007.175,1777,511,None,Move,development
1571033007.184,1773,518,None,Move,development
1571033007.19,1770,523,None,Move,development
1571033007.199,1768,528,None,Move,development
1571033007.206,1763,535,None,Move,development
1571033007.214,1761,540,None,Move,development
1571033007.222,1757,547,None,Move,development
1571033007.23,1751,556,None,Move,development
1571033007.2389998,1749,559,None,Move,development
1571033007.246,1745,567,None,Move,development
1571033007.254,1739,574,None,Move,development
1571033007.262,1735,581,None,Move,development
1571033007.283,1724,597,None,Move,development
1571033007.289,1720,604,None,Move,development
1571033007.295,1717,608,None,Move,development
1571033007.302,1711,617,None,Move,development
1571033007.31,1707,619,None,Move,development
1571033007.3179998,1705,620,None,Move,development
1571033007.327,1703,622,None,Move,development
1571033007.335,1702,623,None,Move,development
1571033007.342,1700,624,None,Move,development
1571033009.151,1698,619,None,Move,development
1571033009.163,1695,604,None,Move,development
1571033009.1720002,1686,586,None,Move,development
1571033009.184,1666,532,None,Move,development
1571033009.19,1642,477,None,Move,development
1571033009.198,1628,443,None,Move,development
1571033009.206,1608,400,None,Move,development
1571033009.214,1591,358,None,Move,development
1571033009.222,1574,323,None,Move,development
1571033009.23,1561,289,None,Move,development
1571033009.238,1548,263,None,Move,development
1571033009.246,1538,246,None,Move,development
1571033009.254,1530,229,None,Move,development
1571033009.2629998,1523,215,None,Move,development
1571033009.271,1517,206,None,Move,development
1571033009.278,1511,197,None,Move,development
1571033009.286,1509,193,None,Move,development
1571033009.294,1508,190,None,Move,development
1571033009.302,1507,187,None,Move,development
1571033009.311,1506,186,None,Move,development
1571033009.327,1505,185,None,Move,development
1571033009.471,1505,184,None,Move,development
1571033009.4870002,1505,183,None,Move,development
1571033009.494,1505,181,None,Move,development
1571033009.502,1504,181,None,Move,development
1571033009.51,1504,181,None,Move,development
1571033009.519,1504,180,None,Move,development
1571033009.5270002,1504,178,None,Move,development
1571033009.535,1503,176,None,Move,development
1571033009.543,1501,173,None,Move,development
1571033009.551,1500,171,None,Move,development
1571033009.559,1498,167,None,Move,development
1571033009.5670002,1497,164,None,Move,development
1571033009.575,1496,162,None,Move,development
1571033009.583,1495,161,None,Move,development
1571033009.591,1493,159,None,Move,development
1571033009.599,1492,158,None,Move,development
1571033009.607,1491,157,None,Move,development
1571033009.6160002,1486,155,None,Move,development
1571033009.623,1481,154,None,Move,development
1571033009.6320002,1472,151,None,Move,development
1571033009.639,1460,149,None,Move,development
1571033009.649,1442,148,None,Move,development
1571033009.655,1422,148,None,Move,development
1571033009.6620002,1398,148,None,Move,development
1571033009.671,1373,148,None,Move,development
1571033009.679,1327,152,None,Move,development
1571033009.687,1292,156,None,Move,development
1571033009.695,1258,160,None,Move,development
1571033009.702,1213,170,None,Move,development
1571033009.711,1182,176,None,Move,development
1571033009.72,1158,182,None,Move,development
1571033009.728,1126,188,None,Move,development
1571033009.735,1103,192,None,Move,development
1571033009.742,1078,199,None,Move,development
1571033009.7510002,1051,203,None,Move,development
1571033009.76,1033,207,None,Move,development
1571033009.7670002,1015,212,None,Move,development
1571033009.776,997,215,None,Move,development
1571033009.783,984,216,None,Move,development
1571033009.791,970,220,None,Move,development
1571033009.799,961,222,None,Move,development
1571033009.8070002,955,224,None,Move,development
1571033009.816,948,225,None,Move,development
1571033009.823,945,227,None,Move,development
1571033009.831,942,228,None,Move,development
1571033009.839,938,231,None,Move,development
1571033009.847,935,233,None,Move,development
1571033009.855,932,234,None,Move,development
1571033009.863,928,235,None,Move,development
1571033009.8720002,925,235,None,Move,development
1571033009.88,921,235,None,Move,development
1571033009.887,916,235,None,Move,development
1571033009.895,905,230,None,Move,development
1571033009.9020002,899,228,None,Move,development
1571033009.9120002,894,225,None,Move,development
1571033009.92,890,224,None,Move,development
1571033010.295,888,224,None,Move,development
1571033010.303,885,226,None,Move,development
1571033010.311,882,230,None,Move,development
1571033010.321,876,235,None,Move,development
1571033010.3279998,871,239,None,Move,development
1571033010.34,866,243,None,Move,development
1571033010.3520002,846,254,None,Move,development
1571033010.359,837,257,None,Move,development
1571033010.367,827,260,None,Move,development
1571033010.3760002,823,261,None,Move,development
1571033010.385,819,262,None,Move,development
1571033010.393,817,263,None,Move,development
1571033010.399,815,264,None,Move,development
1571033010.407,813,265,None,Move,development
1571033010.416,811,266,None,Move,development
1571033010.423,810,267,None,Move,development
1571033010.4320002,809,268,None,Move,development
1571033010.448,807,269,None,Move,development
1571033180.0270002,836,268,None,Move,development
1571033180.053,1394,248,None,Move,development
1571033180.061,1582,237,None,Move,development
1571033180.0670002,1616,235,None,Move,development
1571033180.075,1657,235,None,Move,development
1571033180.083,1699,239,None,Move,development
1571033180.091,1734,243,None,Move,development
1571033180.099,1771,254,None,Move,development
1571033180.107,1797,264,None,Move,development
1571033180.115,1810,271,None,Move,development
1571033180.123,1823,281,None,Move,development
1571033180.131,1828,286,None,Move,development
1571033180.139,1833,295,None,Move,development
1571033180.147,1834,305,None,Move,development
1571033180.155,1834,315,None,Move,development
1571033180.163,1834,327,None,Move,development
1571033180.1720002,1830,344,None,Move,development
1571033180.18,1825,367,None,Move,development
1571033180.188,1817,396,None,Move,development
1571033180.195,1802,437,None,Move,development
1571033180.204,1786,490,None,Move,development
1571033180.211,1770,543,None,Move,development
1571033180.219,1748,601,None,Move,development
1571033180.2270002,1726,663,None,Move,development
1571033180.235,1703,729,None,Move,development
1571033180.2429998,1677,791,None,Move,development
1571033180.2510002,1653,846,None,Move,development
1571033180.2589998,1624,913,None,Move,development
1571033180.2670002,1594,987,None,Move,development
1571033180.275,1565,1054,None,Move,development
1571033180.284,1547,1103,None,Move,development
1571033180.292,1531,1133,None,Move,development
1571033180.3,1527,1105,None,Move,development
1571033180.3070002,1525,1117,None,Move,development
1571033180.315,1526,1105,None,Move,development
1571033180.324,1535,1105,None,Move,development
1571033180.331,1551,1094,None,Move,development
1571033180.34,1564,1092,None,Move,development
1571033180.347,1578,1086,None,Move,development
1571033180.356,1600,1080,None,Move,development
1571033180.3639998,1622,1081,None,Move,development
1571033180.373,1644,1081,None,Move,development
1571033180.3820002,1664,1078,None,Move,development
1571033180.3879998,1684,1073,None,Move,development
1571033180.396,1695,1069,None,Move,development
1571033180.403,1704,1066,None,Move,development
1571033180.411,1707,1062,None,Move,development
1571033180.419,1708,1061,None,Move,development
1571033180.427,1708,1059,None,Move,development
1571033180.459,1708,1059,None,Move,development
1571033180.467,1706,1059,None,Move,development
1571033180.475,1703,1058,None,Move,development
1571033180.4829998,1699,1058,None,Move,development
1571033180.492,1691,1056,None,Move,development
1571033180.4989998,1681,1055,None,Move,development
1571033180.508,1666,1052,None,Move,development
1571033180.515,1645,1045,None,Move,development
1571033180.524,1621,1039,None,Move,development
1571033180.531,1597,1034,None,Move,development
1571033180.54,1573,1028,None,Move,development
1571033180.5470002,1546,1022,None,Move,development
1571033180.555,1512,1011,None,Move,development
1571033180.563,1483,1000,None,Move,development
1571033180.572,1462,993,None,Move,development
1571033180.58,1436,983,None,Move,development
1571033180.587,1421,977,None,Move,development
1571033180.596,1404,967,None,Move,development
1571033180.603,1388,957,None,Move,development
1571033180.611,1373,947,None,Move,development
1571033180.619,1362,939,None,Move,development
1571033180.627,1353,935,None,Move,development
1571033180.635,1344,930,None,Move,development
1571033180.643,1337,926,None,Move,development
1571033180.651,1332,925,None,Move,development
1571033180.659,1330,924,None,Move,development
1571033180.667,1328,924,None,Move,development
1571033180.699,1328,924,None,Move,development
1571033180.716,1327,924,None,Move,development
1571033180.7229998,1326,924,None,Move,development
1571033180.731,1324,924,None,Move,development
1571033180.7389998,1319,924,None,Move,development
1571033180.7470002,1315,925,None,Move,development
1571033180.755,1302,928,None,Move,development
1571033180.7629998,1290,931,None,Move,development
1571033180.771,1278,933,None,Move,development
1571033180.779,1258,934,None,Move,development
1571033180.7870002,1236,936,None,Move,development
1571033180.796,1214,938,None,Move,development
1571033180.803,1183,940,None,Move,development
1571033180.811,1149,942,None,Move,development
1571033180.819,1121,942,None,Move,development
1571033180.8279998,1087,944,None,Move,development
1571033180.836,1045,946,None,Move,development
1571033180.844,1011,948,None,Move,development
1571033180.851,977,951,None,Move,development
1571033180.859,951,954,None,Move,development
1571033180.867,931,954,None,Move,development
1571033180.875,911,958,None,Move,development
1571033180.883,893,959,None,Move,development
1571033180.8920002,874,963,None,Move,development
1571033180.899,868,965,None,Move,development
1571033180.907,861,967,None,Move,development
1571033180.915,859,968,None,Move,development
1571033180.923,857,970,None,Move,development
1571033180.931,856,971,None,Move,development
1571033180.972,856,972,None,Move,development
1571033180.979,856,972,None,Move,development
1571033180.988,857,974,None,Move,development
1571033180.995,861,979,None,Move,development
1571033181.004,864,982,None,Move,development
1571033181.0110002,869,984,None,Move,development
1571033181.019,874,988,None,Move,development
1571033181.0270002,879,990,None,Move,development
1571033181.035,886,993,None,Move,development
1571033181.044,894,996,None,Move,development
1571033181.052,901,999,None,Move,development
1571033181.06,909,999,None,Move,development
1571033181.0670002,918,1000,None,Move,development
1571033181.075,924,1001,None,Move,development
1571033181.083,929,1001,None,Move,development
1571033181.091,933,1001,None,Move,development
1571033181.099,936,1001,None,Move,development
1571033181.107,940,1001,None,Move,development
1571033181.115,942,1001,None,Move,development
1571033181.123,945,1001,None,Move,development
1571033181.131,948,1001,None,Move,development
1571033181.139,951,1001,None,Move,development
1571033181.147,957,1001,None,Move,development
1571033181.155,962,1001,None,Move,development
1571033181.163,966,1000,None,Move,development
1571033181.171,973,1000,None,Move,development
1571033181.179,974,1000,None,Move,development
1571033181.188,976,1000,None,Move,development
1571033181.195,978,1000,None,Move,development
1571033181.2510002,979,1000,None,Move,development
1571033181.2589998,980,1000,None,Move,development
1571033181.2670002,981,1000,None,Move,development
1571033181.275,982,1001,None,Move,development
1571033181.283,983,1001,None,Move,development
1571033181.292,983,1003,None,Move,development
1571033181.299,983,1003,None,Move,development
1571033181.3070002,984,1003,None,Move,development
1571033181.315,985,1004,None,Move,development
1571033181.324,985,1006,None,Move,development
1571033181.331,986,1008,None,Move,development
1571033181.339,987,1009,None,Move,development
1571033181.3479998,988,1012,None,Move,development
1571033181.356,989,1015,None,Move,development
1571033181.363,990,1019,None,Move,development
1571033181.371,991,1021,None,Move,development
1571033181.38,992,1023,None,Move,development
1571033181.389,993,1025,None,Move,development
1571033181.395,995,1027,None,Move,development
1571033181.404,998,1029,None,Move,development
1571033181.4120002,1000,1031,None,Move,development
1571033181.419,1001,1034,None,Move,development
1571033181.427,1004,1035,None,Move,development
1571033181.435,1005,1038,None,Move,development
1571033181.4429998,1007,1039,None,Move,development
1571033181.451,1009,1039,None,Move,development
1571033181.459,1010,1039,None,Move,development
1571033181.467,1011,1040,None,Move,development
1571033181.475,1012,1040,None,Move,development
1571033181.573,1012,1040,Left,Pressed,development
1571033181.6279998,1012,1040,Left,Released,file system
1571033182.276,1016,1033,None,Move,development
1571033182.285,1026,1016,None,Move,development
1571033182.293,1035,999,None,Move,development
1571033182.299,1048,977,None,Move,development
1571033182.3070002,1062,953,None,Move,development
1571033182.315,1073,930,None,Move,development
1571033182.323,1091,898,None,Move,development
1571033182.332,1118,851,None,Move,development
1571033182.34,1139,804,None,Move,development
1571033182.3479998,1158,769,None,Move,development
1571033182.355,1174,730,None,Move,development
1571033182.363,1187,703,None,Move,development
1571033182.385,1215,642,None,Move,development
1571033182.391,1227,619,None,Move,development
1571033182.399,1238,596,None,Move,development
1571033182.406,1250,573,None,Move,development
1571033182.413,1263,553,None,Move,development
1571033182.42,1269,542,None,Move,development
1571033182.428,1275,531,None,Move,development
1571033182.435,1281,520,None,Move,development
1571033182.4429998,1285,517,None,Move,development
1571033182.451,1286,515,None,Move,development
1571033182.46,1288,511,None,Move,development
1571033182.467,1288,509,None,Move,development
1571033182.475,1290,506,None,Move,development
1571033182.4829998,1293,501,None,Move,development
1571033182.4910002,1295,494,None,Move,development
1571033182.4989998,1297,488,None,Move,development
1571033182.508,1300,479,None,Move,development
1571033182.5170002,1301,467,None,Move,development
1571033182.524,1304,458,None,Move,development
1571033182.531,1307,451,None,Move,development
1571033182.844,1309,453,None,Move,development
1571033182.853,1314,462,None,Move,development
1571033182.86,1320,469,None,Move,development
1571033182.867,1323,476,None,Move,development
1571033182.875,1324,481,None,Move,development
1571033182.885,1325,486,None,Move,development
1571033182.8920002,1325,490,None,Move,development
1571033182.899,1326,493,None,Move,development
1571033182.908,1329,497,None,Move,development
1571033182.916,1332,500,None,Move,development
1571033182.925,1335,502,None,Move,development
1571033182.931,1340,502,None,Move,development
1571033182.939,1345,501,None,Move,development
1571033182.947,1352,497,None,Move,development
1571033182.955,1359,491,None,Move,development
1571033182.964,1374,481,None,Move,development
1571033182.972,1387,471,None,Move,development
1571033182.98,1406,459,None,Move,development
1571033182.9870002,1429,447,None,Move,development
1571033182.996,1454,431,None,Move,development
1571033183.004,1481,416,None,Move,development
1571033183.0110002,1510,399,None,Move,development
1571033183.02,1533,385,None,Move,development
1571033183.028,1569,363,None,Move,development
1571033183.036,1597,349,None,Move,development
1571033183.043,1616,338,None,Move,development
1571033183.051,1636,327,None,Move,development
1571033183.059,1649,319,None,Move,development
1571033183.0670002,1663,311,None,Move,development
1571033183.076,1675,301,None,Move,development
1571033183.084,1686,294,None,Move,development
1571033183.092,1695,286,None,Move,development
1571033183.099,1701,277,None,Move,development
1571033183.107,1707,270,None,Move,development
1571033183.115,1713,261,None,Move,development
1571033183.123,1715,254,None,Move,development
1571033183.1320002,1718,245,None,Move,development
1571033183.14,1721,235,None,Move,development
1571033183.1479998,1724,228,None,Move,development
1571033183.155,1727,221,None,Move,development
1571033183.163,1727,217,None,Move,development
1571033183.171,1729,210,None,Move,development
1571033183.179,1730,204,None,Move,development
1571033183.188,1732,197,None,Move,development
1571033183.196,1733,187,None,Move,development
1571033183.204,1735,179,None,Move,development
1571033183.212,1735,172,None,Move,development
1571033183.219,1735,164,None,Move,development
1571033183.2270002,1736,156,None,Move,development
1571033183.236,1736,150,None,Move,development
1571033183.244,1738,139,None,Move,development
1571033183.252,1738,131,None,Move,development
1571033183.26,1739,125,None,Move,development
1571033183.269,1740,116,None,Move,development
1571033183.275,1742,108,None,Move,development
1571033183.283,1743,101,None,Move,development
1571033183.291,1745,96,None,Move,development
1571033183.299,1747,92,None,Move,development
1571033183.3079998,1751,85,None,Move,development
1571033183.316,1755,74,None,Move,development
1571033183.324,1759,69,None,Move,development
1571033183.331,1763,64,None,Move,development
1571033183.339,1769,58,None,Move,development
1571033183.347,1773,53,None,Move,development
1571033183.356,1778,46,None,Move,development
1571033183.3639998,1786,38,None,Move,development
1571033183.3720002,1793,33,None,Move,development
1571033183.38,1798,27,None,Move,development
1571033183.387,1807,21,None,Move,development
1571033183.395,1811,19,None,Move,development
1571033183.403,1814,17,None,Move,development
1571033183.411,1819,14,None,Move,development
1571033183.42,1821,12,None,Move,development
1571033183.428,1823,10,None,Move,development
1571033183.436,1825,9,None,Move,development
1571033183.4429998,1827,7,None,Move,development
1571033183.451,1828,6,None,Move,development
1571033183.459,1829,6,None,Move,development
1571033183.476,1830,5,None,Move,development
1571033183.484,1832,4,None,Move,development
1571033183.5,1833,3,None,Move,development
1571033183.515,1833,3,None,Move,development
1571033183.5229998,1834,2,None,Move,development
1571033183.529,1835,2,None,Move,development
1571033183.54,1836,2,None,Move,development
1571033183.556,1838,2,None,Move,development
1571033183.563,1839,1,None,Move,development
1571033183.571,1840,1,None,Move,development
1571033183.579,1842,1,None,Move,development
1571033183.5879998,1846,0,None,Move,development
1571033183.596,1850,0,None,Move,development
1571033183.604,1852,-1,None,Move,development
1571033183.613,1854,0,None,Move,development
1571033183.619,1856,0,None,Move,development
1571033183.627,1858,0,None,Move,development
1571033183.635,1860,0,None,Move,development
1571033183.644,1862,0,None,Move,development
1571033183.6520002,1864,1,None,Move,development
1571033183.66,1867,2,None,Move,development
1571033183.675,1868,3,None,Move,development
1571033183.691,1869,4,None,Move,development
1571033183.708,1870,4,None,Move,development
1571033183.829,1870,4,Left,Pressed,development
1571033183.908,1870,4,Left,Released,development
1571033197.885,1873,3,None,Move,file system
1571033197.901,1783,256,None,Move,file system
1571033197.916,1777,287,None,Move,file system
1571033197.9320002,1777,313,None,Move,file system
1571033197.948,1779,330,None,Move,file system
1571033197.964,1779,342,None,Move,file system
1571033197.979,1780,364,None,Move,file system
1571033197.995,1780,388,None,Move,file system
1571033198.0110002,1780,416,None,Move,file system
1571033198.026,1780,440,None,Move,file system
1571033198.042,1780,472,None,Move,file system
1571033198.0570002,1771,507,None,Move,file system
1571033198.064,1765,523,None,Move,file system
1571033198.08,1744,558,None,Move,file system
1571033198.095,1707,605,None,Move,file system
1571033198.111,1680,633,None,Move,file system
1571033198.127,1654,656,None,Move,file system
1571033198.1420002,1627,669,None,Move,file system
1571033198.164,1590,682,None,Move,file system
1571033198.166,1574,687,None,Move,file system
1571033198.175,1549,697,None,Move,file system
1571033198.187,1519,710,None,Move,file system
1571033198.197,1496,721,None,Move,file system
1571033198.205,1472,735,None,Move,file system
1571033198.207,1448,749,None,Move,file system
1571033198.217,1432,759,None,Move,file system
1571033198.2270002,1417,769,None,Move,file system
1571033198.236,1400,777,None,Move,file system
1571033198.245,1361,800,None,Move,file system
1571033198.2610002,1336,817,None,Move,file system
1571033198.2770002,1270,864,None,Move,file system
1571033198.292,1207,916,None,Move,file system
1571033198.3079998,1164,956,None,Move,file system
1571033198.324,1135,985,None,Move,file system
1571033198.339,1119,1003,None,Move,file system
1571033198.346,1113,1008,None,Move,file system
1571033198.361,1105,1017,None,Move,file system
1571033198.377,1095,1028,None,Move,file system
1571033198.393,1088,1034,None,Move,file system
1571033198.408,1083,1038,None,Move,file system
1571033198.424,1082,1039,None,Move,file system
1571033198.439,1080,1041,None,Move,file system
1571033198.446,1079,1041,None,Move,file system
1571033198.462,1077,1042,None,Move,file system
1571033198.4770002,1075,1044,None,Move,file system
1571033198.4929998,1073,1045,None,Move,file system
1571033198.508,1070,1048,None,Move,file system
1571033198.524,1067,1052,None,Move,file system
1571033198.54,1066,1054,None,Move,file system
1571033198.546,1065,1055,None,Move,file system
1571033198.879,1065,1055,Left,Pressed,file system
1571033198.9629998,1065,1055,Left,Released,file system
1571033199.341,1063,1051,None,Move,development
1571033199.35,1063,1037,None,Move,development
1571033199.357,1061,1029,None,Move,development
1571033199.3660002,1060,1021,None,Move,development
1571033199.373,1059,1010,None,Move,development
1571033199.3820002,1057,996,None,Move,development
1571033199.391,1052,976,None,Move,development
1571033199.4,1048,953,None,Move,development
1571033199.408,1040,921,None,Move,development
1571033199.415,1031,885,None,Move,development
1571033199.4220002,1017,847,None,Move,development
1571033199.43,1001,798,None,Move,development
1571033199.438,985,748,None,Move,development
1571033199.446,971,707,None,Move,development
1571033199.452,960,673,None,Move,development
1571033199.462,949,640,None,Move,development
1571033199.471,937,607,None,Move,development
1571033199.478,933,592,None,Move,development
1571033199.486,931,580,None,Move,development
1571033199.494,930,572,None,Move,development
1571033199.5010002,927,561,None,Move,development
1571033199.508,927,555,None,Move,development
1571033199.518,924,546,None,Move,development
1571033199.526,922,538,None,Move,development
1571033199.534,920,531,None,Move,development
1571033199.542,915,522,None,Move,development
1571033199.55,911,517,None,Move,development
1571033199.551,904,508,None,Move,development
1571033199.566,882,494,None,Move,development
1571033199.582,852,481,None,Move,development
1571033199.5979998,827,470,None,Move,development
1571033199.613,812,462,None,Move,development
1571033200.081,813,462,None,Move,development
1571033200.1020002,815,464,None,Move,development
1571033200.109,816,464,None,Move,development
1571033200.117,818,464,None,Move,development
1571033200.125,819,464,None,Move,development
1571033200.1320002,820,464,None,Move,development
1571033200.14,823,463,None,Move,development
1571033200.149,825,459,None,Move,development
1571033200.157,829,453,None,Move,development
1571033200.165,830,450,None,Move,development
1571033200.173,831,442,None,Move,development
1571033200.181,831,437,None,Move,development
1571033200.188,834,428,None,Move,development
1571033200.196,835,420,None,Move,development
1571033200.205,840,409,None,Move,development
1571033200.2129998,846,398,None,Move,development
1571033200.221,854,385,None,Move,development
1571033200.229,864,374,None,Move,development
1571033200.2370002,873,365,None,Move,development
1571033200.244,882,353,None,Move,development
1571033200.252,888,348,None,Move,development
1571033200.2610002,892,343,None,Move,development
1571033200.269,897,337,None,Move,development
1571033200.2770002,899,334,None,Move,development
1571033200.285,901,332,None,Move,development
1571033200.293,902,330,None,Move,development
1571033200.3079998,902,330,None,Move,development
1571033200.758,902,330,Left,Pressed,development
1571033200.774,900,333,None,Drag,development
1571033200.79,898,335,None,Drag,development
1571033200.805,896,337,None,Drag,development
1571033200.8920002,896,337,Left,Released,development
1571033200.975,899,336,None,Move,development
1571033200.99,901,334,None,Move,development
1571033201.005,907,328,None,Move,development
1571033201.012,912,325,None,Move,development
1571033201.021,922,318,None,Move,development
1571033201.029,941,308,None,Move,development
1571033201.0370002,959,300,None,Move,development
1571033201.045,987,286,None,Move,development
1571033201.053,1016,275,None,Move,development
1571033201.061,1047,262,None,Move,development
1571033201.0679998,1065,256,None,Move,development
1571033201.077,1098,243,None,Move,development
1571033201.085,1144,225,None,Move,development
1571033201.093,1181,214,None,Move,development
1571033201.1020002,1219,199,None,Move,development
1571033201.12,1273,184,None,Move,development
1571033201.127,1293,179,None,Move,development
1571033201.1339998,1309,175,None,Move,development
1571033201.141,1332,170,None,Move,development
1571033201.149,1347,165,None,Move,development
1571033201.157,1359,162,None,Move,development
1571033201.165,1366,159,None,Move,development
1571033201.173,1371,158,None,Move,development
1571033201.18,1376,156,None,Move,development
1571033201.189,1381,153,None,Move,development
1571033201.197,1384,151,None,Move,development
1571033201.22,1386,149,None,Move,development
1571033201.2270002,1390,145,None,Move,development
1571033201.2329998,1391,143,None,Move,development
1571033201.235,1393,141,None,Move,development
1571033201.244,1394,137,None,Move,development
1571033201.26,1395,132,None,Move,development
1571033201.275,1395,127,None,Move,development
1571033201.291,1396,122,None,Move,development
1571033201.3070002,1396,117,None,Move,development
1571033201.326,1396,114,None,Move,development
1571033201.333,1396,113,None,Move,development
1571033201.349,1396,112,None,Move,development
1571033201.4910002,1396,112,Left,Pressed,development
1571033201.576,1396,112,Left,Released,development
1571033201.7770002,1397,115,None,Move,development
1571033201.792,1397,122,None,Move,development
1571033201.8079998,1394,126,None,Move,development
1571033201.829,1393,131,None,Move,development
1571033201.836,1393,132,None,Move,development
1571033201.845,1393,133,None,Move,development
1571033201.853,1392,135,None,Move,development
1571033201.8979998,1391,135,None,Move,development
1571033201.9929998,1391,135,Left,Pressed,development
1571033202.146,1389,135,None,Drag,development
1571033202.1620002,1386,137,None,Drag,development
1571033202.178,1380,138,None,Drag,development
1571033202.1929998,1374,139,None,Drag,development
1571033202.209,1369,140,None,Drag,development
1571033202.224,1364,140,None,Drag,development
1571033202.24,1360,141,None,Drag,development
1571033202.2470002,1358,141,None,Drag,development
1571033202.262,1353,141,None,Drag,development
1571033202.278,1352,141,None,Drag,development
1571033202.294,1350,142,None,Drag,development
1571033202.309,1348,142,None,Drag,development
1571033202.3179998,1346,142,None,Drag,development
1571033202.326,1345,143,None,Drag,development
1571033202.333,1344,143,None,Drag,development
1571033202.342,1340,143,None,Drag,development
1571033202.349,1338,143,None,Drag,development
1571033202.35,1335,144,None,Drag,development
1571033202.3660002,1330,144,None,Drag,development
1571033202.381,1328,145,None,Drag,development
1571033202.397,1324,145,None,Drag,development
1571033202.413,1319,145,None,Drag,development
1571033202.428,1316,146,None,Drag,development
1571033202.447,1314,146,None,Drag,development
1571033202.4629998,1312,146,None,Drag,development
1571033202.478,1308,146,None,Drag,development
1571033202.494,1304,146,None,Drag,development
1571033202.51,1302,146,None,Drag,development
1571033202.525,1300,146,None,Drag,development
1571033202.541,1299,146,None,Drag,development
1571033202.5470002,1298,146,None,Drag,development
1571033202.563,1296,146,None,Drag,development
1571033202.579,1294,146,None,Drag,development
1571033202.594,1292,146,None,Drag,development
1571033202.679,1292,146,Left,Released,development
1571033202.7410002,1292,146,None,Move,development
1571033202.748,1295,146,None,Move,development
1571033202.764,1303,145,None,Move,development
1571033202.779,1312,144,None,Move,development
1571033202.795,1317,143,None,Move,development
1571033202.813,1325,142,None,Move,development
1571033202.822,1328,142,None,Move,development
1571033202.829,1331,141,None,Move,development
1571033202.8379998,1336,140,None,Move,development
1571033202.845,1340,140,None,Move,development
1571033202.85,1348,140,None,Move,development
1571033202.8660002,1361,139,None,Move,development
1571033202.8820002,1375,139,None,Move,development
1571033202.897,1388,139,None,Move,development
1571033202.913,1395,139,None,Move,development
1571033202.929,1397,139,None,Move,development
1571033202.9629998,1397,139,None,Move,development
1571033203.01,1397,139,Left,Pressed,development
1571033203.1260002,1401,139,None,Drag,development
1571033203.1479998,1407,138,None,Drag,development
1571033203.164,1413,135,None,Drag,development
1571033203.18,1422,133,None,Drag,development
1571033203.195,1429,133,None,Drag,development
1571033203.211,1437,132,None,Drag,development
1571033203.226,1446,131,None,Drag,development
1571033203.242,1453,130,None,Drag,development
1571033203.248,1457,128,None,Drag,development
1571033203.264,1465,127,None,Drag,development
1571033203.28,1470,126,None,Drag,development
1571033203.295,1475,125,None,Drag,development
1571033203.3179998,1481,125,None,Drag,development
1571033203.325,1485,124,None,Drag,development
1571033203.333,1489,123,None,Drag,development
1571033203.342,1494,123,None,Drag,development
1571033203.349,1497,122,None,Drag,development
1571033203.35,1500,121,None,Drag,development
1571033203.3660002,1506,120,None,Drag,development
1571033203.381,1506,120,None,Drag,development
1571033203.465,1507,120,Left,Released,development
1571033203.512,1508,120,None,Move,development
1571033203.5270002,1512,119,None,Move,development
1571033203.549,1519,116,None,Move,development
1571033203.565,1527,114,None,Move,development
1571033203.581,1538,112,None,Move,development
1571033203.596,1554,110,None,Move,development
1571033203.6120002,1569,109,None,Move,development
1571033203.627,1597,109,None,Move,development
1571033203.65,1625,109,None,Move,development
1571033203.665,1667,109,None,Move,development
1571033203.681,1705,111,None,Move,development
1571033203.702,1737,113,None,Move,development
1571033203.71,1751,113,None,Move,development
1571033203.7329998,1769,113,None,Move,development
1571033203.738,1775,113,None,Move,development
1571033203.745,1777,113,None,Move,development
1571033203.7510002,1778,113,None,Move,development
1571033204.1279998,1778,113,None,Move,development
1571033204.197,1778,113,Left,Pressed,development
1571033204.2129998,1777,114,None,Drag,development
1571033204.229,1777,114,None,Drag,development
1571033204.2529998,1776,114,None,Drag,development
1571033204.3279998,1776,114,Left,Released,development
1571033204.451,1774,114,None,Move,browsing
1571033204.467,1764,114,None,Move,browsing
1571033204.482,1746,116,None,Move,browsing
1571033204.498,1712,119,None,Move,browsing
1571033204.514,1660,119,None,Move,browsing
1571033204.529,1581,121,None,Move,browsing
1571033204.545,1487,124,None,Move,browsing
1571033204.552,1421,126,None,Move,browsing
1571033204.5670002,1307,126,None,Move,browsing
1571033204.583,1203,122,None,Move,browsing
1571033204.5979998,1112,117,None,Move,browsing
1571033204.6139998,1049,109,None,Move,browsing
1571033204.63,911,87,None,Move,browsing
1571033204.645,876,80,None,Move,browsing
1571033204.6520002,833,73,None,Move,browsing
1571033204.667,771,65,None,Move,browsing
1571033204.6829998,741,63,None,Move,browsing
1571033204.699,720,59,None,Move,browsing
1571033204.714,709,58,None,Move,browsing
1571033204.73,704,56,None,Move,browsing
1571033204.783,703,56,Left,Pressed,browsing
1571033204.799,702,59,None,Drag,file system
1571033204.815,702,67,None,Drag,file system
1571033204.83,702,83,None,Drag,file system
1571033204.846,701,107,None,Drag,file system
1571033204.8520002,698,122,None,Drag,file system
1571033204.8679998,691,147,None,Drag,file system
1571033204.8839998,687,169,None,Drag,file system
1571033204.899,684,184,None,Drag,file system
1571033204.915,684,192,None,Drag,file system
1571033204.931,684,195,None,Drag,file system
1571033204.946,685,197,None,Drag,file system
1571033204.9529998,686,197,None,Drag,file system
1571033204.968,687,197,None,Drag,file system
1571033204.984,687,197,None,Drag,file system
1571033205.0,690,197,None,Drag,file system
1571033205.015,696,197,None,Drag,file system
1571033205.031,700,196,Left,Released,file system
1571033205.046,711,183,None,Move,file system
1571033205.053,715,173,None,Move,file system
1571033205.069,727,138,None,Move,file system
1571033205.084,743,83,None,Move,file system
1571033205.1,758,15,None,Move,file system
1571033205.115,767,-26,None,Move,file system
1571033205.131,773,-28,None,Move,file system
1571033205.147,782,-8,None,Move,file system
1571033205.153,783,-4,None,Move,file system
1571033205.169,784,-1,None,Move,file system
1571033205.254,784,0,Right,Pressed,file system
1571033205.414,784,0,Right,Released,file system
1571033205.445,784,0,None,Move,file system
1571033205.454,777,4,None,Move,file system
1571033205.469,775,6,None,Move,file system
1571033205.485,769,13,None,Move,file system
1571033205.5010002,760,20,None,Move,file system
1571033205.516,752,29,None,Move,file system
1571033205.532,742,37,None,Move,file system
1571033205.548,735,43,None,Move,file system
1571033205.554,733,45,None,Move,file system
1571033205.57,730,48,None,Move,file system
1571033205.585,728,49,None,Move,file system
1571033205.601,727,50,None,Move,file system
1571033205.6479998,726,51,None,Move,file system
1571033205.758,725,51,None,Move,file system
1571033205.774,724,51,None,Move,file system
1571033205.8979998,724,51,Left,Pressed,file system
1571033206.03,724,51,Left,Released,file system
1571033788.792,738,7,None,Move,file system
1571033788.823,822,-244,None,Move,file system
1571033788.839,833,-19,None,Move,file system
1571033829.155,840,0,None,Move,file system
1571033829.171,1928,-20,None,Move,file system
1571033829.187,1920,-2,None,Move,file system
1571033829.2370002,1919,0,None,Move,file system
1571033829.252,1906,6,None,Move,file system
1571033829.268,1887,18,None,Move,file system
1571033829.283,1854,38,None,Move,file system
1571033829.306,1800,77,None,Move,file system
1571033829.321,1741,125,None,Move,file system
1571033829.33,1703,156,None,Move,file system
1571033829.335,1661,190,None,Move,file system
1571033829.351,1581,257,None,Move,file system
1571033829.3660002,1488,333,None,Move,file system
1571033829.3820002,1377,415,None,Move,file system
1571033829.3979998,1285,474,None,Move,file system
1571033829.406,1241,500,None,Move,file system
1571033829.421,1132,546,None,Move,file system
1571033829.437,1048,575,None,Move,file system
1571033829.4529998,984,590,None,Move,file system
1571033829.468,894,605,None,Move,file system
1571033829.484,806,609,None,Move,file system
1571033829.506,739,622,None,Move,file system
1571033829.522,717,638,None,Move,file system
1571033829.5370002,710,641,None,Move,file system
1571033829.6,711,643,None,Move,file system
1571033829.606,731,634,None,Move,file system
1571033829.6220002,738,626,None,Move,file system
1571033829.637,745,599,None,Move,file system
1571033829.653,751,577,None,Move,file system
1571033829.669,765,568,None,Move,file system
1571033829.684,771,547,None,Move,file system
1571033830.008,769,547,None,Move,file system
1571033830.0229998,744,548,None,Move,file system
1571033830.039,712,545,None,Move,file system
1571033830.055,685,539,None,Move,file system
1571033830.07,650,531,None,Move,file system
1571033830.086,577,520,None,Move,file system
1571033830.1020002,535,516,None,Move,file system
1571033830.1079998,492,511,None,Move,file system
1571033830.123,386,498,None,Move,file system
1571033830.139,249,484,None,Move,file system
1571033830.155,5,460,None,Move,file system
1571033830.17,-77,455,None,Move,file system
1571033830.186,-179,447,None,Move,file system
1571033830.201,-263,443,None,Move,file system
1571033830.208,-302,440,None,Move,file system
1571033830.224,-371,438,None,Move,file system
1571033830.2389998,-409,433,None,Move,file system
1571033830.255,-430,427,None,Move,file system
1571033830.27,-440,423,None,Move,file system
1571033830.286,-441,422,None,Move,file system
1571033830.456,-441,424,None,Move,file system
1571033830.471,-441,441,None,Move,file system
1571033830.4870002,-441,460,None,Move,file system
1571033830.502,-441,470,None,Move,file system
1571033830.508,-445,489,None,Move,file system
1571033830.524,-447,497,None,Move,file system
1571033830.54,-451,510,None,Move,file system
1571033830.555,-457,522,None,Move,file system
1571033830.571,-463,533,None,Move,file system
1571033830.587,-470,543,None,Move,file system
1571033830.6020002,-472,547,None,Move,file system
1571033830.609,-476,553,None,Move,file system
1571033830.6239998,-479,558,None,Move,file system
1571033830.64,-482,565,None,Move,file system
1571033830.656,-484,572,None,Move,file system
1571033830.671,-485,581,None,Move,file system
1571033830.687,-487,588,None,Move,file system
1571033830.7029998,-489,599,None,Move,file system
1571033830.709,-491,608,None,Move,file system
1571033830.725,-494,623,None,Move,file system
1571033830.74,-496,639,None,Move,file system
1571033830.756,-499,652,None,Move,file system
1571033830.772,-501,661,None,Move,file system
1571033830.7870002,-502,668,None,Move,file system
1571033830.809,-502,670,None,Move,file system
1571033830.825,-503,671,None,Move,file system
1571033830.841,-503,672,None,Move,file system
1571033830.856,-503,673,None,Move,file system
1571033830.972,-503,674,None,Move,file system
1571033830.988,-503,674,None,Move,file system
1571033831.01,-503,675,None,Move,file system
1571033831.026,-503,676,None,Move,file system
1571033833.395,-503,677,None,Move,file system
1571033833.41,-503,679,None,Move,file system
1571033833.417,-503,679,None,Move,file system
1571033833.448,-503,680,None,Move,file system
1571033837.6220002,-503,681,None,Move,file system
1571033837.644,-507,683,None,Move,file system
1571033837.659,-511,683,None,Move,file system
1571033837.675,-533,684,None,Move,file system
1571033837.691,-565,678,None,Move,file system
1571033837.706,-603,669,None,Move,file system
1571033837.722,-637,657,None,Move,file system
1571033837.728,-657,648,None,Move,file system
1571033837.744,-678,636,None,Move,file system
1571033837.76,-722,604,None,Move,file system
1571033837.775,-750,580,None,Move,file system
1571033837.791,-776,557,None,Move,file system
1571033838.076,-786,549,None,Move,file system
1571033838.092,-786,554,None,Move,file system
1571033838.107,-786,557,None,Move,file system
1571033838.123,-789,558,None,Move,file system
1571033838.13,-789,558,None,Move,file system
1571033838.145,-792,555,None,Move,file system
1571033838.161,-795,552,None,Move,file system
1571033838.177,-798,545,None,Move,file system
1571033838.1920002,-805,536,None,Move,file system
1571033838.208,-814,525,None,Move,file system
1571033838.2229998,-817,519,None,Move,file system
1571033838.23,-822,513,None,Move,file system
1571033838.246,-829,501,None,Move,file system
1571033838.2610002,-837,486,None,Move,file system
1571033838.2770002,-844,473,None,Move,file system
1571033838.292,-850,463,None,Move,file system
1571033838.3079998,-854,452,None,Move,file system
1571033838.33,-858,435,None,Move,file system
1571033838.346,-862,424,None,Move,file system
1571033838.3620002,-864,417,None,Move,file system
1571033838.377,-866,412,None,Move,file system
1571033838.393,-866,408,None,Move,file system
1571033838.4929998,-867,408,Left,Pressed,file system
1571033838.531,-867,410,None,Drag,browsing
1571033838.5470002,-867,418,None,Drag,browsing
1571033838.562,-860,452,None,Drag,browsing
1571033838.5779998,-854,476,None,Drag,browsing
1571033838.591,-851,489,None,Drag,browsing
1571033838.5979998,-847,505,None,Drag,browsing
1571033838.6139998,-830,543,None,Drag,browsing
1571033838.631,-821,565,None,Drag,browsing
1571033838.647,-812,588,None,Drag,browsing
1571033838.655,-809,598,None,Drag,browsing
1571033838.6620002,-804,610,None,Drag,browsing
1571033838.663,-801,620,None,Drag,browsing
1571033838.679,-796,632,None,Drag,browsing
1571033838.687,-793,643,None,Drag,browsing
1571033838.694,-789,650,None,Drag,browsing
1571033838.696,-787,658,None,Drag,browsing
1571033838.712,-783,669,None,Drag,browsing
1571033838.7270002,-782,673,None,Drag,browsing
1571033838.731,-781,679,None,Drag,browsing
1571033838.7429998,-780,680,None,Drag,browsing
1571033838.7470002,-779,682,None,Drag,browsing
1571033838.762,-779,683,None,Drag,browsing
1571033838.778,-778,683,None,Drag,browsing
1571033838.809,-778,683,Left,Released,browsing
1571033838.9320002,-778,683,Left,Pressed,browsing
1571033839.032,-778,683,Left,Released,browsing
1571034469.2470002,-815,661,None,Move,browsing
1571034469.2629998,-966,630,None,Move,browsing
1571034469.278,-1002,640,None,Move,browsing
1571034469.43,-1011,641,None,Move,browsing
1571034470.159,-1033,670,None,Move,browsing
1571034470.185,-1054,672,None,Move,browsing
1571034470.201,-923,966,None,Move,browsing
1571034470.232,-840,1106,None,Move,browsing
1571034470.2470002,-814,1133,None,Move,browsing
1571034470.2629998,-825,1322,None,Move,browsing
1571034470.27,-829,1086,None,Move,browsing
1571034470.285,-833,1083,None,Move,browsing
1571034470.301,-840,1082,None,Move,browsing
1571034470.316,-844,1082,None,Move,browsing
1571034470.332,-854,1084,None,Move,browsing
1571034470.3479998,-870,1085,None,Move,browsing
1571034470.37,-888,1084,None,Move,browsing
1571034470.385,-910,1083,None,Move,browsing
1571034470.401,-944,1091,None,Move,browsing
1571034470.417,-986,1098,None,Move,browsing
1571034470.4320002,-1007,1085,None,Move,browsing
1571034470.464,-1055,1117,None,Move,browsing
1571034470.47,-1060,1083,None,Move,browsing
1571034470.486,-1066,1086,None,Move,browsing
1571034470.502,-1076,1094,None,Move,browsing
1571034470.533,-1077,1080,None,Move,browsing
1571034471.087,-1077,1079,None,Move,browsing
1571034471.42,-1075,1079,None,Move,browsing
1571034471.435,-1069,1079,None,Move,browsing
1571034471.451,-1062,1079,None,Move,browsing
1571034471.4729998,-1054,1079,None,Move,browsing
1571034471.4889998,-1041,1080,None,Move,browsing
1571034471.504,-1033,1079,None,Move,browsing
1571034471.52,-1026,1079,None,Move,browsing
1571034471.536,-1017,1079,None,Move,browsing
1571034471.551,-1012,1079,None,Move,browsing
1571034471.5670002,-1005,1079,None,Move,browsing
1571034471.573,-1003,1079,None,Move,browsing
1571034471.589,-996,1079,None,Move,browsing
1571034471.605,-991,1079,None,Move,browsing
1571034471.62,-981,1079,None,Move,browsing
1571034471.6360002,-973,1079,None,Move,browsing
1571034471.651,-954,1079,None,Move,browsing
1571034471.667,-947,1079,None,Move,browsing
1571034471.674,-942,1079,None,Move,browsing
1571034471.689,-930,1079,None,Move,browsing
1571034471.705,-920,1078,None,Move,browsing
1571034471.721,-917,1078,None,Move,browsing
1571034471.736,-907,1076,None,Move,browsing
1571034471.752,-902,1075,None,Move,browsing
1571034471.7670002,-898,1074,None,Move,browsing
1571034471.774,-896,1074,None,Move,browsing
1571034471.79,-896,1074,None,Move,browsing
1571034471.805,-893,1074,None,Move,browsing
1571034472.0370002,-891,1074,None,Move,browsing
1571034472.053,-890,1073,None,Move,browsing
1571034472.075,-889,1073,None,Move,browsing
1571034744.043,-882,1066,None,Move,browsing
1571034744.059,-827,1015,None,Move,browsing
1571035065.655,-826,1013,None,Move,browsing
1571035065.671,-851,855,None,Move,browsing
1571038958.832,-851,856,None,Move,browsing
1571038958.847,-856,864,None,Move,browsing
1571038958.863,-864,884,None,Move,browsing
1571038958.87,-868,896,None,Move,browsing
1571038958.885,-875,914,None,Move,browsing
1571038958.901,-880,927,None,Move,browsing
1571038958.916,-884,939,None,Move,browsing
1571038958.9320002,-887,946,None,Move,browsing
1571038958.948,-896,971,None,Move,browsing
1571038958.967,-907,993,None,Move,browsing
1571038958.975,-920,1007,None,Move,browsing
1571038958.981,-941,1019,None,Move,browsing
1571038958.9970002,-993,1035,None,Move,browsing
1571038959.012,-1050,1051,None,Move,browsing
1571038959.347,-1071,1060,None,Move,browsing
1571038959.355,-1073,1061,None,Move,browsing
1571038959.363,-1074,1061,None,Move,browsing
1571038959.3639998,-1075,1062,None,Move,browsing
1571038959.387,-1075,1061,None,Move,browsing
1571038959.403,-1074,1055,None,Move,browsing
1571038959.418,-1069,1040,None,Move,browsing
1571038959.434,-1055,1018,None,Move,browsing
1571038959.45,-1003,979,None,Move,browsing
1571038959.465,-920,929,None,Move,browsing
1571038959.472,-864,898,None,Move,browsing
1571038959.4870002,-727,840,None,Move,browsing
1571038959.5029998,-578,788,None,Move,browsing
1571038959.519,-406,751,None,Move,browsing
1571038959.534,-238,720,None,Move,browsing
1571038959.55,-79,703,None,Move,browsing
1571038959.566,62,697,None,Move,browsing
1571038959.572,173,687,None,Move,browsing
1571038959.5879998,287,684,None,Move,browsing
1571038959.603,478,678,None,Move,browsing
1571038959.619,600,678,None,Move,browsing
1571038959.635,819,678,None,Move,browsing
1571038959.65,868,679,None,Move,browsing
1571038959.666,885,680,None,Move,browsing
1571038959.719,885,681,None,Move,browsing
1571038959.735,881,692,None,Move,browsing
1571038959.7510002,870,710,None,Move,browsing
1571038959.766,846,746,None,Move,browsing
1571038959.7729998,829,764,None,Move,browsing
1571038959.788,801,812,None,Move,browsing
1571038959.804,778,868,None,Move,browsing
1571038959.82,763,928,None,Move,browsing
1571038959.835,738,968,None,Move,browsing
1571038959.851,724,983,None,Move,browsing
1571038959.8660002,698,1012,None,Move,browsing
1571038959.873,686,1025,None,Move,browsing
1571038959.889,668,1043,None,Move,browsing
1571038959.904,656,1058,None,Move,browsing
1571038959.92,652,1063,None,Move,browsing
1571038959.935,651,1064,None,Move,browsing
1571038960.005,650,1064,None,Move,browsing
1571038960.02,647,1064,None,Move,browsing
1571038960.036,638,1064,None,Move,browsing
1571038960.051,630,1063,None,Move,browsing
1571038960.0670002,626,1062,None,Move,browsing
1571038960.074,625,1062,None,Move,browsing
1571038960.089,622,1061,None,Move,browsing
1571038960.109,617,1057,None,Move,browsing
1571038960.1179998,614,1054,None,Move,browsing
1571038960.125,609,1051,None,Move,browsing
1571038960.131,607,1050,None,Move,browsing
1571038960.139,603,1049,None,Move,browsing
1571038960.155,602,1048,None,Move,browsing
1571038960.3739998,601,1048,None,Move,browsing
1571038960.394,594,1048,None,Move,browsing
1571038960.4020002,592,1048,None,Move,browsing
1571038960.41,590,1048,None,Move,browsing
1571038960.418,588,1048,None,Move,browsing
1571038960.4220002,587,1048,None,Move,browsing
1571038960.438,585,1048,None,Move,browsing
1571038960.454,581,1048,None,Move,browsing
1571038960.474,573,1048,None,Move,browsing
1571038960.49,571,1048,None,Move,browsing
1571038960.506,569,1048,None,Move,browsing
1571038960.521,567,1048,None,Move,browsing
1571038960.6420002,566,1048,Left,Pressed,browsing
1571038960.7229998,566,1048,Left,Released,browsing
1571038961.2389998,567,1041,None,Move,office
1571038961.254,573,1026,None,Move,office
1571038961.27,583,991,None,Move,office
1571038961.276,593,962,None,Move,office
1571038961.292,604,915,None,Move,office
1571038961.3079998,610,880,None,Move,office
1571038961.323,624,801,None,Move,office
1571038961.339,645,728,None,Move,office
1571038961.355,669,646,None,Move,office
1571038961.37,689,576,None,Move,office
1571038961.377,694,556,None,Move,office
1571038961.3920002,702,525,None,Move,office
1571038961.408,707,502,None,Move,office
1571038961.424,708,495,None,Move,office
1571038961.439,708,490,None,Move,office
1571038961.455,708,487,None,Move,office
1571038961.471,708,487,None,Move,office
1571038961.4770002,708,486,None,Move,office
1571038961.492,708,485,None,Move,office
1571038961.508,708,480,None,Move,office
1571038961.524,708,471,None,Move,office
1571038961.539,708,462,None,Move,office
1571038961.555,709,446,None,Move,office
1571038961.57,712,421,None,Move,office
1571038961.577,714,407,None,Move,office
1571038961.593,722,380,None,Move,office
1571038961.6079998,730,352,None,Move,office
1571038961.6239998,744,326,None,Move,office
1571038961.639,759,302,None,Move,office
1571038961.655,766,293,None,Move,office
1571038961.871,766,295,None,Move,office
1571038961.877,766,298,None,Move,office
1571038961.893,763,306,None,Move,office
1571038961.908,756,313,None,Move,office
1571038961.924,720,332,None,Move,office
1571038961.94,701,337,None,Move,office
1571038961.955,654,350,None,Move,office
1571038961.971,586,365,None,Move,office
1571038961.978,549,374,None,Move,office
1571038961.9929998,485,389,None,Move,office
1571038962.0089998,436,402,None,Move,office
1571038962.024,403,414,None,Move,office
1571038962.04,385,424,None,Move,office
1571038962.056,374,435,None,Move,office
1571038962.071,371,440,None,Move,office
1571038962.0779998,370,442,None,Move,office
1571038962.093,370,447,None,Move,office
1571038962.109,378,456,None,Move,office
1571038962.131,388,465,None,Move,office
1571038962.139,398,472,None,Move,office
1571038962.146,405,480,None,Move,office
1571038962.151,410,484,None,Move,office
1571038962.167,421,495,None,Move,office
1571038962.178,427,499,None,Move,office
1571038962.194,432,504,None,Move,office
1571038962.209,434,507,None,Move,office
1571038962.225,436,509,None,Move,office
1571038962.256,437,510,None,Move,office
1571038962.341,437,510,Left,Pressed,office
1571038962.425,437,510,Left,Released,office
1571038962.6260002,439,510,None,Move,office
1571038962.6420002,441,510,None,Move,office
1571038962.657,449,509,None,Move,office
1571038962.673,480,505,None,Move,office
1571038962.679,506,497,None,Move,office
1571038962.695,546,490,None,Move,office
1571038962.972,550,490,None,Move,office
1571038963.096,550,490,None,Move,office
1571038963.111,550,491,None,Move,office
1571038963.143,551,491,None,Move,office
1571038963.158,553,491,None,Move,office
1571038963.174,556,491,None,Move,office
1571038963.18,558,491,None,Move,office
1571038963.196,561,490,None,Move,office
1571038963.212,565,484,None,Move,office
1571038963.2270002,565,480,None,Move,office
1571038963.2429998,568,474,None,Move,office
1571038963.258,571,464,None,Move,office
1571038963.274,581,450,None,Move,office
1571038963.28,590,441,None,Move,office
1571038963.296,606,420,None,Move,office
1571038963.312,623,402,None,Move,office
1571038963.327,640,382,None,Move,office
1571038963.343,660,357,None,Move,office
1571038963.359,677,335,None,Move,office
1571038963.3739998,694,317,None,Move,office
1571038963.381,705,305,None,Move,office
1571038963.396,733,284,None,Move,office
1571038963.4120002,746,276,None,Move,office
1571038963.428,782,257,None,Move,office
1571038963.4429998,813,241,None,Move,office
1571038963.466,830,234,None,Move,office
1571038963.4729998,857,225,None,Move,office
1571038963.479,868,218,None,Move,office
1571038963.481,878,214,None,Move,office
1571038963.4970002,892,207,None,Move,office
1571038963.512,910,198,None,Move,office
1571038963.528,922,193,None,Move,office
1571038963.544,930,188,None,Move,office
1571038963.563,937,185,None,Move,office
1571038963.587,941,183,None,Move,office
1571038963.665,945,184,None,Move,office
1571038963.681,948,188,None,Move,office
1571038963.697,953,197,None,Move,office
1571038963.7129998,953,199,None,Move,office
1571038963.728,954,200,None,Move,office
1571038964.029,978,209,None,Move,office
1571038964.045,1043,229,None,Move,office
1571038964.06,1278,291,None,Move,office
1571038964.087,1305,302,None,Move,office
1571038964.109,1304,303,None,Move,office
1571038964.141,1303,303,None,Move,office
1571038964.149,1303,304,None,Move,office
1571038964.157,1301,306,None,Move,office
1571038964.165,1301,307,None,Move,office
1571038964.1720002,1300,307,None,Move,office
1571038964.18,1300,308,None,Move,office
1571038964.188,1299,309,None,Move,office
1571038964.196,1299,310,None,Move,office
1571038964.204,1298,311,None,Move,office
1571038964.212,1297,315,None,Move,office
1571038964.22,1295,321,None,Move,office
1571038964.2410002,1289,337,None,Move,office
1571038964.246,1286,347,None,Move,office
1571038964.2589998,1285,350,None,Move,office
1571038964.268,1283,353,None,Move,office
1571038964.3079998,1283,353,None,Move,office
1571038964.323,1283,355,None,Move,office
1571038964.3379998,1284,357,None,Move,office
1571038964.37,1286,359,None,Move,office
1571038964.383,1287,361,None,Move,office
1571038964.399,1289,368,None,Move,office
1571038964.414,1289,373,None,Move,office
1571038964.43,1289,377,None,Move,office
1571038964.461,1289,378,None,Move,office
1571038964.4829998,1289,384,None,Move,office
1571038964.4989998,1289,391,None,Move,office
1571038964.515,1289,395,None,Move,office
1571038964.53,1289,397,None,Move,office
1571038964.546,1290,401,None,Move,office
1571038964.561,1290,403,None,Move,office
1571038964.577,1292,409,None,Move,office
1571038964.583,1295,414,None,Move,office
1571038964.599,1296,430,None,Move,office
1571038964.615,1299,441,None,Move,office
1571038964.631,1299,452,None,Move,office
1571038964.646,1299,456,None,Move,office
1571038964.6620002,1301,469,None,Move,office
1571038964.677,1308,483,None,Move,office
1571038964.7,1318,497,None,Move,office
1571038964.715,1324,506,None,Move,office
1571038964.731,1326,509,None,Move,office
1571038964.9,1324,510,None,Move,office
1571038964.916,1318,510,None,Move,office
1571038964.936,1296,511,None,Move,office
1571038964.937,1282,510,None,Move,office
1571038964.952,1243,496,None,Move,office
1571038964.968,1217,486,None,Move,office
1571038964.985,1142,461,None,Move,office
1571038965.0,981,422,None,Move,office
1571038965.016,798,392,None,Move,office
1571038965.03,603,361,None,Move,office
1571038965.046,406,320,None,Move,office
1571038965.062,266,288,None,Move,office
1571038965.077,191,263,None,Move,office
1571038965.085,174,253,None,Move,office
1571038965.101,161,229,None,Move,office
1571038965.1160002,148,204,None,Move,office
1571038965.418,151,208,None,Move,office
1571038965.4329998,156,217,None,Move,office
1571038965.448,155,219,None,Move,office
1571038965.464,154,219,None,Move,office
1571038965.486,154,219,None,Move,office
1571038965.502,154,218,None,Move,office
1571038965.518,154,213,None,Move,office
1571038965.533,154,208,None,Move,office
1571038965.549,154,200,None,Move,office
1571038965.564,154,188,None,Move,office
1571038965.58,149,173,None,Move,office
1571038965.587,148,162,None,Move,office
1571038965.607,143,142,None,Move,office
1571038965.615,140,131,None,Move,office
1571038965.623,139,121,None,Move,office
1571038965.6320002,136,114,None,Move,office
1571038965.639,136,106,None,Move,office
1571038965.655,134,97,None,Move,office
1571038965.67,130,90,None,Move,office
1571038965.687,127,86,None,Move,office
1571038965.702,121,80,None,Move,office
1571038965.718,116,76,None,Move,office
1571038965.734,112,73,None,Move,office
1571038965.7489998,106,69,None,Move,office
1571038965.765,101,67,None,Move,office
1571038965.781,98,66,None,Move,office
1571038965.7870002,96,65,None,Move,office
1571038965.802,91,61,None,Move,office
1571038965.8179998,85,58,None,Move,office
1571038965.833,80,54,None,Move,office
1571038965.849,72,48,None,Move,office
1571038965.865,65,45,None,Move,office
1571038965.887,59,43,None,Move,office
1571038965.9020002,54,41,None,Move,office
1571038965.934,51,41,None,Move,office
1571038965.965,50,41,None,Move,office
1571038965.981,47,41,None,Move,office
1571038965.9870002,46,40,None,Move,office
1571038966.0029998,44,40,None,Move,office
1571038966.019,42,40,None,Move,office
1571038966.065,41,40,None,Move,office
1571038966.087,39,38,None,Move,office
1571038966.103,38,36,None,Move,office
1571038966.119,37,35,None,Move,office
1571038966.1339998,36,32,None,Move,office
1571038966.15,35,30,None,Move,office
1571038966.166,33,25,None,Move,office
1571038966.181,31,21,None,Move,office
1571038966.188,30,20,None,Move,office
1571038966.204,30,18,None,Move,office
1571038966.304,30,18,Left,Pressed,office
1571038966.3879998,30,18,Left,Released,office
1571038967.021,31,18,None,Move,office
1571038967.0370002,43,20,None,Move,office
1571038967.052,62,24,None,Move,office
1571038967.0679998,123,35,None,Move,office
1571038967.083,211,52,None,Move,office
1571038967.09,278,60,None,Move,office
1571038967.106,441,87,None,Move,office
1571038967.121,618,105,None,Move,office
1571038967.137,803,117,None,Move,office
1571038967.1520002,974,120,None,Move,office
1571038967.168,1047,118,None,Move,office
1571038967.184,1176,107,None,Move,office
1571038967.19,1250,102,None,Move,office
1571038967.654,1266,100,None,Move,office
1571038967.67,1273,102,None,Move,office
1571038967.685,1284,104,None,Move,office
1571038967.6920002,1287,105,None,Move,office
1571038967.708,1302,108,None,Move,office
1571038967.7229998,1314,107,None,Move,office
1571038967.7389998,1333,104,None,Move,office
1571038967.755,1378,104,None,Move,office
1571038967.77,1427,104,None,Move,office
1571038967.792,1486,103,None,Move,office
1571038967.8079998,1580,100,None,Move,office
1571038967.824,1682,100,None,Move,office
1571038967.839,1800,100,None,Move,office
1571038967.855,1922,100,None,Move,office
1571038967.87,1928,87,None,Move,office
1571038967.8860002,1920,81,None,Move,office
1571038968.056,1919,81,None,Move,office
1571038968.071,1917,81,None,Move,office
1571038968.087,1907,84,None,Move,office
1571038968.093,1901,85,None,Move,office
1571038968.109,1883,91,None,Move,office
1571038968.125,1864,97,None,Move,office
1571038968.14,1841,104,None,Move,office
1571038968.156,1824,112,None,Move,office
1571038968.171,1806,121,None,Move,office
1571038968.194,1794,129,None,Move,office
1571038968.21,1783,135,None,Move,office
1571038968.225,1775,138,None,Move,office
1571038968.246,1770,141,None,Move,office
1571038968.262,1765,143,None,Move,office
1571038968.278,1761,144,None,Move,office
1571038968.294,1758,144,None,Move,office
1571038968.309,1754,144,None,Move,office
1571038968.325,1748,144,None,Move,office
1571038968.341,1738,144,None,Move,office
1571038968.356,1727,141,None,Move,office
1571038968.3720002,1711,134,None,Move,office
1571038968.387,1698,128,None,Move,office
1571038968.394,1691,124,None,Move,office
1571038968.41,1677,115,None,Move,office
1571038968.425,1663,109,None,Move,office
1571038968.441,1658,105,None,Move,office
1571038968.457,1655,103,None,Move,office
1571038968.689,1640,103,None,Move,office
1571038968.695,1612,103,None,Move,office
1571038968.711,1502,103,None,Move,office
1571038968.726,1348,105,None,Move,office
1571038968.742,1150,127,None,Move,office
1571038968.758,938,165,None,Move,office
1571038968.7729998,758,202,None,Move,office
1571038968.789,619,224,None,Move,office
1571038968.795,552,233,None,Move,office
1571038968.811,444,238,None,Move,office
1571038968.827,404,235,None,Move,office
1571038968.842,388,224,None,Move,office
1571038968.8579998,385,203,None,Move,office
1571038968.873,389,186,None,Move,office
1571038968.889,389,170,None,Move,office
1571038969.174,390,170,None,Move,office
1571038969.19,393,174,None,Move,office
1571038969.196,393,178,None,Move,office
1571038969.228,396,188,None,Move,office
1571038969.2429998,395,199,None,Move,office
1571038969.2589998,391,206,None,Move,office
1571038969.274,390,207,None,Move,office
1571038969.29,386,209,None,Move,office
1571038969.2970002,384,211,None,Move,office
1571038969.312,379,214,None,Move,office
1571038969.3279998,376,217,None,Move,office
1571038969.343,369,223,None,Move,office
1571038969.359,357,236,None,Move,office
1571038969.375,342,253,None,Move,office
1571038969.39,323,275,None,Move,office
1571038969.397,314,284,None,Move,office
1571038969.4120002,293,307,None,Move,office
1571038969.428,271,328,None,Move,office
1571038969.444,248,347,None,Move,office
1571038969.459,234,360,None,Move,office
1571038969.475,227,366,None,Move,office
1571038969.4970002,226,366,None,Move,office
1571038969.5129998,225,367,None,Move,office
1571038970.014,225,367,None,Move,office
1571038970.03,235,359,None,Move,office
1571038970.046,295,332,None,Move,office
1571038970.061,417,299,None,Move,office
1571038970.077,616,265,None,Move,office
1571038970.092,814,246,None,Move,office
1571038970.099,896,240,None,Move,office
1571038970.13,976,188,None,Move,office
1571038970.146,1016,134,None,Move,office
1571038970.1620002,1023,95,None,Move,office
1571038970.177,1029,74,None,Move,office
1571038970.579,1029,74,None,Move,office
1571038970.6,1007,87,None,Move,office
1571038970.6160002,929,99,None,Move,office
1571038970.6320002,895,98,None,Move,office
1571038970.647,776,93,None,Move,office
1571038970.663,672,99,None,Move,office
1571038970.679,550,116,None,Move,office
1571038970.694,482,120,None,Move,office
1571038970.701,460,119,None,Move,office
1571038970.716,421,107,None,Move,office
1571038970.732,389,87,None,Move,office
1571038970.748,373,63,None,Move,office
1571038971.0170002,371,66,None,Move,office
1571038971.033,368,73,None,Move,office
1571038971.049,356,93,None,Move,office
1571038971.064,343,106,None,Move,office
1571038971.08,328,110,None,Move,office
1571038971.096,300,110,None,Move,office
1571038971.1020002,276,110,None,Move,office
1571038971.1179998,233,108,None,Move,office
1571038971.133,199,105,None,Move,office
1571038971.149,168,101,None,Move,office
1571038971.165,146,98,None,Move,office
1571038971.18,123,94,None,Move,office
1571038971.196,96,89,None,Move,office
1571038971.202,84,86,None,Move,office
1571038971.218,67,83,None,Move,office
1571038971.234,56,82,None,Move,office
1571038971.2489998,53,81,None,Move,office
1571038971.3179998,53,81,None,Move,office
1571038971.334,51,78,None,Move,office
1571038971.35,50,77,None,Move,office
1571038971.365,46,73,None,Move,office
1571038971.381,39,70,None,Move,office
1571038971.397,33,67,None,Move,office
1571038971.403,30,66,None,Move,office
1571038971.419,26,64,None,Move,office
1571038971.434,23,62,None,Move,office
1571038971.45,23,61,None,Move,office
1571038971.666,23,58,None,Move,office
1571038971.6820002,23,55,None,Move,office
1571038971.704,23,54,None,Move,office
1571038971.72,24,53,None,Move,office
1571038974.3760002,26,51,None,Move,office
1571038974.3920002,35,50,None,Move,office
1571038974.407,50,50,None,Move,office
1571038974.414,63,52,None,Move,office
1571038974.43,92,58,None,Move,office
1571038974.445,128,66,None,Move,office
1571038974.461,167,78,None,Move,office
1571038974.476,222,96,None,Move,office
1571038974.492,259,112,None,Move,office
1571038974.508,286,128,None,Move,office
1571038974.514,295,134,None,Move,office
1571038974.53,310,149,None,Move,office
1571038974.545,317,158,None,Move,office
1571038974.561,323,165,None,Move,office
1571038974.577,331,176,None,Move,office
1571038974.592,341,188,None,Move,office
1571038974.6079998,356,203,None,Move,office
1571038974.6139998,363,207,None,Move,office
1571038974.63,377,217,None,Move,office
1571038974.646,393,229,None,Move,office
1571038974.661,411,239,None,Move,office
1571038974.677,436,252,None,Move,office
1571038974.6920002,465,262,None,Move,office
1571038974.708,504,272,None,Move,office
1571038974.715,530,275,None,Move,office
1571038974.73,573,282,None,Move,office
1571038974.746,625,290,None,Move,office
1571038974.762,645,293,None,Move,office
1571038974.7770002,679,291,None,Move,office
1571038974.793,691,269,None,Move,office
1571038974.8079998,698,249,None,Move,office
1571038974.815,705,237,None,Move,office
1571038975.28,710,238,None,Move,office
1571038975.295,714,256,None,Move,office
1571038975.31,717,275,None,Move,office
1571038975.3170002,718,280,None,Move,office
1571038975.333,718,286,None,Move,office
1571038975.3479998,718,297,None,Move,office
1571038975.3639998,717,310,None,Move,office
1571038975.379,713,327,None,Move,office
1571038975.395,705,343,None,Move,office
1571038975.411,698,362,None,Move,office
1571038975.417,693,373,None,Move,office
1571038975.4329998,687,384,None,Move,office
1571038975.449,674,409,None,Move,office
1571038975.464,664,433,None,Move,office
1571038975.48,653,451,None,Move,office
1571038975.495,644,470,None,Move,office
1571038975.5110002,637,484,None,Move,office
1571038975.5170002,635,487,None,Move,office
1571038975.533,634,492,None,Move,office
1571038975.549,632,495,None,Move,office
1571038976.722,632,501,None,Move,office
1571038976.738,632,513,None,Move,office
1571038976.7529998,632,531,None,Move,office
1571038976.769,632,539,None,Move,office
1571038976.784,632,563,None,Move,office
1571038976.8,629,586,None,Move,office
1571038976.816,623,609,None,Move,office
1571038976.822,620,620,None,Move,office
1571038976.8379998,612,641,None,Move,office
1571038976.853,605,656,None,Move,office
1571038976.869,601,668,None,Move,office
1571038976.885,599,674,None,Move,office
1571038976.9,597,678,None,Move,office
1571038976.916,597,679,None,Move,office
1571038977.123,596,679,None,Move,office
1571038977.139,594,680,None,Move,office
1571038977.154,586,680,None,Move,office
1571038977.17,570,680,None,Move,office
1571038977.186,556,677,None,Move,office
1571038977.201,521,667,None,Move,office
1571038977.217,470,649,None,Move,office
1571038977.2229998,433,637,None,Move,office
1571038977.2389998,352,603,None,Move,office
1571038977.255,280,575,None,Move,office
1571038977.27,214,541,None,Move,office
1571038977.286,174,514,None,Move,office
1571038977.301,150,499,None,Move,office
1571038977.3170002,143,495,None,Move,office
1571038977.324,142,494,None,Move,office
1571038977.339,142,493,None,Move,office
1571038977.355,140,488,None,Move,office
1571038977.37,138,477,None,Move,office
1571038977.3860002,132,460,None,Move,office
1571038977.4020002,125,441,None,Move,office
1571038977.417,121,424,None,Move,office
1571038977.424,120,421,None,Move,office
1571038977.6720002,120,421,None,Move,office
1571038977.687,124,421,None,Move,office
1571038977.7029998,138,431,None,Move,office
1571038977.718,147,439,None,Move,office
1571038977.725,153,446,None,Move,office
1571038977.7410002,158,453,None,Move,office
1571038977.756,163,460,None,Move,office
1571038977.772,166,465,None,Move,office
1571038977.7870002,166,469,None,Move,office
1571038977.803,165,474,None,Move,office
1571038977.825,165,478,None,Move,office
1571038977.841,162,484,None,Move,office
1571038977.857,162,487,None,Move,office
1571038977.8720002,162,489,None,Move,office
1571038977.8879998,161,492,None,Move,office
1571038977.903,160,494,None,Move,office
1571038977.919,160,495,None,Move,office
1571038977.926,160,496,None,Move,office
1571038977.941,160,498,None,Move,office
1571038977.957,160,499,None,Move,office
1571038978.242,160,503,None,Move,office
1571038978.258,160,507,None,Move,office
1571038978.2729998,160,512,None,Move,office
1571038978.289,160,514,None,Move,office
1571038978.305,160,517,None,Move,office
1571038978.32,160,520,None,Move,office
1571038978.327,160,521,None,Move,office
1571038978.343,160,522,None,Move,office
1571038978.606,160,522,None,Move,office
1571038978.86,160,523,None,Move,office
1571038978.875,160,521,None,Move,office
1571038978.891,161,516,None,Move,office
1571038978.907,163,508,None,Move,office
1571038978.9220002,167,500,None,Move,office
1571038978.929,168,497,None,Move,office
1571038978.944,172,490,None,Move,office
1571038978.96,178,484,None,Move,office
1571038978.976,183,480,None,Move,office
1571038978.9910002,190,475,None,Move,office
1571038979.0070002,193,472,None,Move,office
1571038979.022,195,471,None,Move,office
1571038979.029,196,470,None,Move,office
1571038979.045,197,470,None,Move,office
1571038979.091,199,469,None,Move,office
1571038979.107,199,468,None,Move,office
1571038979.129,200,467,None,Move,office
1571038979.145,201,466,None,Move,office
1571038979.16,203,465,None,Move,office
1571038979.176,206,462,None,Move,office
1571038979.1920002,207,462,None,Move,office
1571038979.207,209,459,None,Move,office
1571038979.2229998,211,456,None,Move,office
1571038979.229,212,454,None,Move,office
1571038979.245,215,451,None,Move,office
1571038979.2610002,222,442,None,Move,office
1571038979.276,225,438,None,Move,office
1571038979.292,226,437,None,Move,office
1571038980.326,226,437,Left,Pressed,office
1571038980.4329998,226,437,Left,Released,office
1571038980.649,228,437,None,Move,office
1571038980.665,255,443,None,Move,office
1571038980.681,289,455,None,Move,office
1571038980.696,349,469,None,Move,office
1571038980.712,439,484,None,Move,office
1571038980.7270002,510,494,None,Move,office
1571038980.734,552,499,None,Move,office
1571038980.75,569,496,None,Move,office
1571038980.765,572,492,None,Move,office
1571038980.934,573,491,None,Move,office
1571038980.9970002,573,490,None,Move,office
1571038981.012,575,489,None,Move,office
1571038981.181,576,488,None,Move,office
1571038981.197,576,487,None,Move,office
1571038981.235,576,486,None,Move,office
1571038981.3660002,576,485,None,Move,office
1571038981.6820002,576,483,None,Move,office
1571038981.698,575,477,None,Move,office
1571038981.714,574,470,None,Move,office
1571038981.729,571,462,None,Move,office
1571038981.736,570,456,None,Move,office
1571038981.752,566,446,None,Move,office
1571038981.7670002,562,435,None,Move,office
1571038981.783,558,421,None,Move,office
1571038981.798,554,406,None,Move,office
1571038981.814,552,393,None,Move,office
1571038981.829,552,384,None,Move,office
1571038981.836,552,381,None,Move,office
1571038981.8520002,552,378,None,Move,office
1571038981.867,552,377,None,Move,office
1571038982.153,552,377,Left,Pressed,office
1571038982.269,552,377,Left,Released,office
1571038982.385,552,377,None,Move,office
1571038982.401,550,383,None,Move,office
1571038982.416,546,391,None,Move,office
1571038982.4320002,543,403,None,Move,office
1571038982.438,540,408,None,Move,office
1571038982.454,530,424,None,Move,office
1571038982.47,524,433,None,Move,office
1571038982.485,508,455,None,Move,office
1571038982.5010002,497,467,None,Move,office
1571038982.5170002,493,472,None,Move,office
1571038982.532,491,473,None,Move,office
1571038982.539,490,474,None,Move,office
1571038982.686,489,475,Left,Pressed,office
1571038982.786,489,475,Left,Released,office
1571038984.059,494,474,None,Move,office
1571038984.074,499,470,None,Move,office
1571038984.09,515,458,None,Move,office
1571038984.106,539,439,None,Move,office
1571038984.121,566,410,None,Move,office
1571038984.137,605,369,None,Move,office
1571038984.143,636,341,None,Move,office
1571038984.159,681,300,None,Move,office
1571038984.175,725,268,None,Move,office
1571038984.19,741,257,None,Move,office
1571038984.222,740,255,None,Move,office
1571038984.2370002,736,254,None,Move,office
1571038984.244,727,249,None,Move,office
1571038984.2589998,694,239,None,Move,office
1571038984.275,595,203,None,Move,office
1571038984.306,471,139,None,Move,office
1571038984.6920002,407,108,None,Move,office
1571038984.708,402,111,None,Move,office
1571038984.7229998,390,119,None,Move,office
1571038984.7389998,383,125,None,Move,office
1571038984.745,377,130,None,Move,office
1571038984.7610002,370,144,None,Move,office
1571038985.046,371,145,None,Move,office
1571038985.062,371,144,None,Move,office
1571038985.347,372,144,None,Move,office
1571038985.379,373,144,None,Move,office
1571038985.394,377,144,None,Move,office
1571038985.41,385,150,None,Move,office
1571038985.425,419,187,None,Move,office
1571038985.447,453,229,None,Move,office
1571038985.4629998,572,415,None,Move,office
1571038985.478,644,543,None,Move,office
1571038985.494,703,636,None,Move,office
1571038985.525,710,644,None,Move,office
1571038985.895,704,644,None,Move,office
1571038985.911,694,642,None,Move,office
1571038985.9420002,650,629,None,Move,office
1571038985.948,626,618,None,Move,office
1571038985.964,552,580,None,Move,office
1571038985.98,490,534,None,Move,office
1571038985.995,427,477,None,Move,office
1571038986.0110002,413,462,None,Move,office
1571038986.0270002,393,438,None,Move,office
1571038986.042,392,436,None,Move,office
1571038986.049,391,435,None,Move,office
1571038986.082,390,435,None,Move,office
1571038986.097,384,435,None,Move,office
1571038986.113,364,435,None,Move,office
1571038986.1279998,332,432,None,Move,office
1571038986.144,291,420,None,Move,office
1571038986.149,274,413,None,Move,office
1571038986.164,249,404,None,Move,office
1571038986.18,234,400,None,Move,office
1571038986.381,234,401,None,Move,office
1571038986.396,258,421,None,Move,office
1571038986.428,297,434,None,Move,office
1571038986.4429998,325,434,None,Move,office
1571038986.45,345,434,None,Move,office
1571038986.465,410,434,None,Move,office
1571038986.481,432,433,None,Move,office
1571038986.4970002,472,433,None,Move,office
1571038986.512,499,440,None,Move,office
1571038986.528,507,445,None,Move,office
1571038986.687,509,446,Left,Pressed,office
1571038986.766,509,446,Left,Released,office
1571038986.7970002,509,446,None,Move,office
1571038986.813,508,447,None,Move,office
1571038986.897,508,448,None,Move,office
1571038986.913,508,444,None,Move,office
1571038986.929,510,433,None,Move,office
1571038986.944,513,416,None,Move,office
1571038986.951,513,408,None,Move,office
1571038986.966,515,384,None,Move,office
1571038986.982,515,373,None,Move,office
1571038986.998,515,369,None,Move,office
1571038993.8070002,515,368,Left,Pressed,office
1571038993.8920002,515,368,Left,Released,office
1571038997.204,504,396,None,Move,office
1571038997.219,471,444,None,Move,office
1571038997.235,425,521,None,Move,office
1571038997.25,384,593,None,Move,office
1571038997.266,349,649,None,Move,office
1571038997.282,311,693,None,Move,office
1571038997.288,288,714,None,Move,office
1571038997.304,255,737,None,Move,office
1571038997.319,229,750,None,Move,office
1571038997.335,208,758,None,Move,office
1571038997.351,200,758,None,Move,office
1571038997.42,201,756,None,Move,office
1571038997.435,205,754,None,Move,office
1571038997.451,219,744,None,Move,office
1571038997.466,241,725,None,Move,office
1571038997.482,267,704,None,Move,office
1571038997.488,278,694,None,Move,office
1571038997.504,311,670,None,Move,office
1571038997.52,329,654,None,Move,office
1571038997.535,342,643,None,Move,office
1571038997.551,350,636,None,Move,office
1571038997.5670002,352,632,None,Move,office
1571038997.582,352,630,None,Move,office
1571038997.589,353,628,None,Move,office
1571038997.604,355,621,None,Move,office
1571038997.62,359,616,None,Move,office
1571038997.6360002,364,609,None,Move,office
1571038997.651,371,600,None,Move,office
1571038997.667,384,586,None,Move,office
1571038997.6829998,407,563,None,Move,office
1571038997.689,420,550,None,Move,office
1571038997.705,450,516,None,Move,office
1571038997.72,481,480,None,Move,office
1571038997.736,502,450,None,Move,office
1571038997.752,511,435,None,Move,office
1571038997.7670002,512,426,None,Move,office
1571038997.789,513,424,None,Move,office
1571038998.006,513,424,Left,Pressed,office
1571038998.1220002,513,424,Left,Released,office
1571038998.2370002,512,424,None,Move,office
1571038998.2529998,508,426,None,Move,office
1571038998.269,480,442,None,Move,office
1571038998.284,421,471,None,Move,office
1571038998.291,381,497,None,Move,office
1571038998.306,308,540,None,Move,office
1571038998.322,151,642,None,Move,office
1571038998.3379998,115,664,None,Move,office
1571038998.353,72,688,None,Move,office
1571038998.369,51,702,None,Move,office
1571038998.385,48,704,None,Move,office
1571038998.438,47,705,None,Move,office
1571038998.454,46,708,None,Move,office
1571038998.469,44,710,None,Move,office
1571038998.485,39,717,None,Move,office
1571038998.4910002,37,721,None,Move,office
1571038998.5070002,31,727,None,Move,office
1571038998.5229998,29,729,None,Move,office
1571038998.538,28,732,None,Move,office
1571038998.554,28,740,None,Move,office
1571038998.57,29,745,None,Move,office
1571038998.585,31,748,None,Move,office
1571038998.592,31,749,None,Move,office
1571038998.786,34,750,None,Move,office
1571038998.792,36,748,None,Move,office
1571038998.8079998,42,740,None,Move,office
1571038998.824,51,730,None,Move,office
1571038998.839,68,713,None,Move,office
1571038998.855,85,696,None,Move,office
1571038998.871,93,688,None,Move,office
1571038998.8860002,97,685,None,Move,office
1571038998.893,99,683,None,Move,office
1571038998.924,100,681,None,Move,office
1571038998.94,100,680,None,Move,office
1571038998.955,100,679,None,Move,office
1571038998.971,101,677,None,Move,office
1571038998.9929998,103,674,None,Move,office
1571038999.0089998,104,671,None,Move,office
1571038999.04,107,670,None,Move,office
1571038999.056,110,669,None,Move,office
1571038999.2410002,112,667,None,Move,office
1571038999.256,113,663,None,Move,office
1571038999.272,120,648,None,Move,office
1571038999.294,133,621,None,Move,office
1571038999.31,148,586,None,Move,office
1571038999.325,163,553,None,Move,office
1571038999.341,171,528,None,Move,office
1571038999.357,174,516,None,Move,office
1571038999.3720002,174,511,None,Move,office
1571038999.3879998,174,509,None,Move,office
1571038999.394,174,508,None,Move,office
1571038999.41,174,507,None,Move,office
1571038999.488,174,506,None,Move,office
1571038999.495,174,505,None,Move,office
1571038999.51,175,501,None,Move,office
1571038999.526,177,497,None,Move,office
1571038999.542,179,493,None,Move,office
1571038999.758,180,491,None,Move,office
1571038999.774,182,488,None,Move,office
1571039000.028,182,490,None,Move,office
1571039000.044,183,501,None,Move,office
1571039000.059,183,511,None,Move,office
1571039000.075,183,518,None,Move,office
1571039000.09,183,524,None,Move,office
1571039000.097,183,527,None,Move,office
1571039000.113,182,530,None,Move,office
1571039000.1279998,182,532,None,Move,office
1571039000.244,182,532,Left,Pressed,office
1571039000.275,182,533,None,Drag,office
1571039000.345,182,533,Left,Released,office
1571039000.514,182,533,None,Move,office
1571039000.529,182,524,None,Move,office
1571039000.545,182,513,None,Move,office
1571039000.561,181,503,None,Move,office
1571039000.576,181,493,None,Move,office
1571039000.5979998,181,481,None,Move,office
1571039000.6139998,182,468,None,Move,office
1571039000.63,183,466,None,Move,office
1571039000.645,184,458,None,Move,office
1571039000.661,187,449,None,Move,office
1571039000.677,188,444,None,Move,office
1571039000.6920002,189,441,None,Move,office
1571039001.796,189,441,Left,Pressed,office
1571039001.865,189,441,Left,Released,office
1571039281.4120002,200,387,None,Move,office
1571039281.428,202,-316,None,Move,office
1571039281.4429998,200,-2,None,Move,office
1571039281.459,199,-2,None,Move,office
1571039281.475,199,-2,None,Move,office
1571039281.488,197,-2,None,Move,office
1571039281.504,197,-1,None,Move,office
1571039281.519,197,-1,None,Move,office
1571041818.998,197,0,Left,Pressed,office
1571041819.026,197,0,Left,Released,office
1571041904.502,198,0,None,Move,file system
1571041904.949,378,-68,None,Move,file system
1571041904.965,646,28,None,Move,file system
1571041904.981,292,188,None,Move,file system
1571041907.7570002,295,156,None,Move,file system
1571041907.772,362,202,None,Move,file system
1571041907.788,443,273,None,Move,file system
1571041907.804,467,299,None,Move,file system
1571041907.81,482,321,None,Move,file system
1571041907.825,487,334,None,Move,file system
1571041907.841,477,339,None,Move,file system
1571041907.857,457,350,None,Move,file system
1571041907.8720002,436,356,None,Move,file system
1571041907.8879998,424,357,None,Move,file system
1571041907.903,415,358,None,Move,file system
1571041907.91,411,358,None,Move,file system
1571041907.926,403,358,None,Move,file system
1571041907.941,397,358,None,Move,file system
1571041907.957,390,356,None,Move,file system
1571041907.972,382,355,None,Move,file system
1571041907.988,369,352,None,Move,file system
1571041908.004,359,350,None,Move,file system
1571041908.01,350,348,None,Move,file system
1571041908.026,330,345,None,Move,file system
1571041908.042,311,340,None,Move,file system
1571041908.0570002,304,337,None,Move,file system
1571041908.073,297,335,None,Move,file system
1571041908.0879998,293,334,None,Move,file system
1571041908.1420002,295,333,None,Move,file system
1571041908.158,300,334,None,Move,file system
1571041908.173,304,336,None,Move,file system
1571041908.189,310,338,None,Move,file system
1571041908.211,314,338,None,Move,file system
1571041908.274,316,338,None,Move,file system
1571041908.289,325,339,None,Move,file system
1571041908.312,327,339,None,Move,file system
1571041908.39,327,339,None,Move,file system
1571041911.05,353,335,None,Move,office
1571041911.065,441,323,None,Move,office
1571041911.081,655,297,None,Move,office
1571041911.096,896,281,None,Move,office
1571041911.1339998,1206,331,None,Move,office
1571041911.15,1187,309,None,Move,office
1571041911.166,1177,291,None,Move,office
1571041911.419,1179,291,None,Move,office
1571041911.435,1189,297,None,Move,office
1571041911.451,1214,301,None,Move,office
1571041911.466,1230,301,None,Move,office
1571041911.482,1237,301,None,Move,office
1571041911.5129998,1237,301,None,Move,office
1571041911.52,1234,301,None,Move,office
1571041911.535,1214,301,None,Move,office
1571041911.551,1168,307,None,Move,office
1571041911.5670002,1114,322,None,Move,office
1571041911.582,1066,342,None,Move,office
1571041911.5979998,1000,376,None,Move,office
1571041911.62,866,469,None,Move,office
1571041911.6360002,779,542,None,Move,office
1571041911.651,760,561,None,Move,office
1571041911.667,740,580,None,Move,office
1571041911.6820002,727,592,None,Move,office
1571041912.337,724,595,None,Move,office
1571041912.353,722,597,None,Move,office
1571041912.3679998,705,621,None,Move,office
1571041912.3839998,681,655,None,Move,office
1571041912.4,648,698,None,Move,office
1571041912.4220002,599,752,None,Move,office
1571041912.437,567,783,None,Move,office
1571041912.4529998,545,802,None,Move,office
1571041912.469,537,811,None,Move,office
1571041912.484,520,831,None,Move,office
1571041912.5,516,838,None,Move,office
1571041912.516,514,842,None,Move,office
1571041912.522,514,844,None,Move,office
1571041912.538,513,848,None,Move,office
1571041912.553,513,849,None,Move,office
1571041912.623,513,850,None,Move,office
1571041912.6379998,516,845,None,Move,office
1571041912.654,517,840,None,Move,office
1571041912.669,522,828,None,Move,office
1571041912.685,526,815,None,Move,office
1571041912.701,531,808,None,Move,office
1571041912.7229998,539,789,None,Move,office
1571041912.738,545,775,None,Move,office
1571041912.754,547,772,None,Move,office
1571041912.77,549,767,None,Move,office
1571041912.785,551,765,None,Move,office
1571041912.855,551,765,Left,Pressed,office
1571041912.923,551,765,Left,Released,office
1571041913.055,554,765,None,Move,office
1571041913.071,560,765,None,Move,office
1571041913.086,577,764,None,Move,office
1571041913.1020002,601,757,None,Move,office
1571041913.117,623,750,None,Move,office
1571041913.1239998,631,745,None,Move,office
1571041913.14,644,739,None,Move,office
1571041913.2870002,653,737,None,Move,office
1571041913.302,652,738,None,Move,office
1571041913.3179998,649,738,None,Move,office
1571041913.325,647,733,None,Move,office
1571041913.34,640,719,None,Move,office
1571041913.356,637,712,None,Move,office
1571041913.371,632,700,None,Move,office
1571041913.387,627,691,None,Move,office
1571041913.403,624,684,None,Move,office
1571041913.418,619,678,None,Move,office
1571041913.425,616,675,None,Move,office
1571041913.44,611,671,None,Move,office
1571041913.456,607,668,None,Move,office
1571041913.472,606,667,None,Move,office
1571041913.4870002,604,665,None,Move,office
1571041915.522,606,663,None,Move,office
1571041915.532,614,660,None,Move,office
1571041915.542,628,657,None,Move,office
1571041915.552,668,654,None,Move,office
1571041915.562,705,652,None,Move,office
1571041915.576,791,652,None,Move,office
1571041915.585,835,652,None,Move,office
1571041915.592,886,647,None,Move,office
1571041915.6020002,924,642,None,Move,office
1571041915.6120002,960,636,None,Move,office
1571041915.615,990,625,None,Move,office
1571041915.6220002,1011,618,None,Move,office
1571041915.6320002,1035,612,None,Move,office
1571041915.6420002,1079,603,None,Move,office
1571041915.6520002,1083,601,None,Move,office
1571041916.0129998,1086,603,None,Move,office
1571041916.022,1088,606,None,Move,office
1571041916.032,1090,609,None,Move,office
1571041916.043,1091,613,None,Move,office
1571041916.052,1092,615,None,Move,office
1571041916.056,1094,618,None,Move,office
1571041916.062,1095,620,None,Move,office
1571041916.072,1096,622,None,Move,office
1571041916.082,1099,626,None,Move,office
1571041916.092,1102,629,None,Move,office
1571041916.096,1107,631,None,Move,office
1571041916.1020002,1110,634,None,Move,office
1571041916.1120002,1117,638,None,Move,office
1571041916.1339998,1127,643,None,Move,office
1571041916.143,1132,645,None,Move,office
1571041916.156,1141,646,None,Move,office
1571041916.1620002,1147,646,None,Move,office
1571041916.1720002,1155,646,None,Move,office
1571041916.175,1169,646,None,Move,office
1571041916.186,1183,644,None,Move,office
1571041916.195,1198,641,None,Move,office
1571041916.202,1212,641,None,Move,office
1571041916.212,1226,639,None,Move,office
1571041916.216,1244,639,None,Move,office
1571041916.225,1260,638,None,Move,office
1571041916.235,1272,638,None,Move,office
1571041916.242,1282,638,None,Move,office
1571041916.245,1294,638,None,Move,office
1571041916.256,1306,638,None,Move,office
1571041916.266,1314,638,None,Move,office
1571041916.276,1320,638,None,Move,office
1571041916.282,1323,637,None,Move,office
1571041916.292,1323,637,None,Move,office
1571041916.306,1324,637,None,Move,office
1571041917.508,1310,638,None,Move,office
1571041917.5229998,1282,642,None,Move,office
1571041917.539,1179,657,None,Move,office
1571041917.546,1124,665,None,Move,office
1571041917.561,997,671,None,Move,office
1571041917.577,866,666,None,Move,office
1571041917.592,713,655,None,Move,office
1571041917.613,639,652,None,Move,office
1571041917.62,566,652,None,Move,office
1571041917.6260002,501,652,None,Move,office
1571041917.629,448,652,None,Move,office
1571041917.646,373,652,None,Move,office
1571041917.661,351,650,None,Move,office
1571041917.677,344,650,None,Move,office
1571041917.746,344,650,None,Move,office
1571041917.793,345,650,None,Move,office
1571041917.8079998,348,649,None,Move,office
1571041917.824,352,646,None,Move,office
1571041917.84,355,645,None,Move,office
1571041917.846,370,641,None,Move,office
1571041917.861,388,638,None,Move,office
1571041917.877,403,635,None,Move,office
1571041917.893,431,631,None,Move,office
1571041917.924,525,618,None,Move,office
1571041917.94,549,615,None,Move,office
1571041917.946,558,613,None,Move,office
1571041917.978,572,612,None,Move,office
1571041918.008,611,609,None,Move,office
1571041918.024,614,609,None,Move,office
1571041918.163,615,609,Left,Pressed,office
1571041918.21,615,609,Left,Released,office
1571041919.25,618,608,None,Move,office
1571041919.271,624,608,None,Move,office
1571041919.278,630,608,None,Move,office
1571041919.294,666,615,None,Move,office
1571041919.309,729,627,None,Move,office
1571041919.325,800,641,None,Move,office
1571041919.341,861,667,None,Move,office
1571041919.35,880,677,None,Move,office
1571041919.3660002,912,699,None,Move,office
1571041919.381,939,714,None,Move,office
1571041919.397,962,717,None,Move,office
1571041919.4120002,978,707,None,Move,office
1571041919.428,986,680,None,Move,office
1571041919.444,991,640,None,Move,office
1571041919.45,994,620,None,Move,office
1571041919.729,994,620,None,Move,office
1571041919.7510002,993,620,None,Move,office
1571041919.766,995,625,None,Move,office
1571041919.782,1008,632,None,Move,office
1571041919.798,1025,636,None,Move,office
1571041919.814,1043,636,None,Move,office
1571041919.829,1069,636,None,Move,office
1571041919.845,1100,638,None,Move,office
1571041919.851,1115,638,None,Move,office
1571041919.867,1157,639,None,Move,office
1571041919.8820002,1199,641,None,Move,office
1571041919.8979998,1250,646,None,Move,office
1571041919.914,1292,646,None,Move,office
1571041919.929,1324,646,None,Move,office
1571041919.945,1350,646,None,Move,office
1571041919.951,1358,644,None,Move,office
1571041919.967,1364,643,None,Move,office
1571041920.855,1364,644,None,Move,office
1571041920.87,1362,652,None,Move,office
1571041920.8860002,1358,663,None,Move,office
1571041920.901,1350,676,None,Move,office
1571041920.917,1344,686,None,Move,office
1571041920.9329998,1341,690,None,Move,office
1571041920.955,1337,694,None,Move,office
1571041920.971,1336,695,None,Move,office
1571041920.986,1335,697,None,Move,office
1571041921.002,1334,698,None,Move,office
1571041921.0170002,1333,698,None,Move,office
1571041921.033,1331,700,None,Move,office
1571041921.049,1326,704,None,Move,office
1571041921.055,1324,706,None,Move,office
1571041921.071,1321,709,None,Move,office
1571041921.086,1319,710,None,Move,office
1571041921.1020002,1308,716,None,Move,office
1571041921.1179998,1304,718,None,Move,office
1571041921.133,1300,721,None,Move,office
1571041921.149,1297,723,None,Move,office
1571041921.155,1296,723,None,Move,office
1571041921.35,1295,724,None,Move,office
1571041921.356,1293,724,None,Move,office
1571041921.387,1287,725,None,Move,office
1571041921.4020002,1271,732,None,Move,office
1571041921.418,1254,737,None,Move,office
1571041921.434,1238,742,None,Move,office
1571041921.449,1231,744,None,Move,office
1571041921.456,1230,744,None,Move,office
1571041921.472,1227,745,None,Move,office
1571041921.519,1226,746,None,Move,office
1571041921.556,1225,746,None,Move,office
1571041921.5879998,1224,746,None,Move,office
1571041921.603,1223,746,None,Move,office
1571041921.6339998,1222,745,None,Move,office
1571041921.65,1219,743,None,Move,office
1571041921.657,1217,741,None,Move,office
1571041921.6720002,1213,739,None,Move,office
1571041921.688,1207,735,None,Move,office
1571041921.704,1205,734,None,Move,office
1571041921.719,1196,728,None,Move,office
1571041921.735,1191,726,None,Move,office
1571041921.75,1186,721,None,Move,office
1571041921.7570002,1184,720,None,Move,office
1571041921.772,1180,717,None,Move,office
1571041921.788,1178,716,None,Move,office
1571041921.804,1177,716,None,Move,office
1571041921.8879998,1177,715,None,Move,office
1571041921.904,1176,711,None,Move,office
1571041921.92,1175,709,None,Move,office
1571041921.935,1175,708,None,Move,office
1571041921.957,1174,704,None,Move,office
1571041922.12,1174,704,Left,Pressed,office
1571041924.28,1174,704,None,Drag,office
1571041924.296,1178,711,None,Drag,office
1571041924.312,1180,719,None,Drag,office
1571041924.327,1183,722,None,Drag,office
1571041924.343,1184,725,None,Drag,office
1571041924.365,1185,725,None,Drag,office
1571041924.381,1185,726,None,Drag,office
1571041924.396,1185,727,None,Drag,office
1571041924.544,1185,727,Left,Released,office
1571041929.1260002,1187,727,None,Move,office
1571041929.141,1191,727,None,Move,office
1571041929.179,1191,729,None,Move,office
1571041929.195,1190,729,None,Move,office
1571041929.211,1182,716,None,Move,office
1571041929.226,1161,695,None,Move,office
1571041929.242,1159,687,None,Move,office
1571041929.4120002,1161,680,None,Move,office
1571041929.427,1166,681,None,Move,office
1571041929.4420002,1171,685,None,Move,office
1571041929.458,1190,698,None,Move,office
1571041929.474,1197,703,None,Move,office
1571041929.48,1206,711,None,Move,office
1571041929.496,1229,737,None,Move,office
1571041929.512,1269,775,None,Move,office
1571041929.5270002,1280,782,None,Move,office
1571041929.543,1294,788,None,Move,office
1571041929.5579998,1299,789,None,Move,office
1571041929.574,1303,789,None,Move,office
1571041929.581,1306,789,None,Move,office
1571041929.596,1313,788,None,Move,office
1571041929.6120002,1318,786,None,Move,office
1571041929.627,1319,786,None,Move,office
1571041929.681,1320,785,None,Move,office
1571041929.697,1320,784,None,Move,office
1571041929.712,1321,782,None,Move,office
1571041929.728,1321,780,None,Move,office
1571041929.7970002,1321,778,None,Move,office
1571041929.813,1319,776,None,Move,office
1571041929.8279998,1316,771,None,Move,office
1571041929.844,1314,769,None,Move,office
1571041929.859,1312,767,None,Move,office
1571041929.8820002,1312,766,None,Move,office
1571041929.897,1310,762,None,Move,office
1571041929.913,1309,758,None,Move,office
1571041929.929,1309,755,None,Move,office
1571041929.944,1308,754,None,Move,office
1571041929.96,1308,750,None,Move,office
1571041929.975,1306,746,None,Move,office
1571041929.982,1305,743,None,Move,office
1571041929.998,1305,739,None,Move,office
1571041930.0129998,1304,737,None,Move,office
1571041930.029,1304,734,None,Move,office
1571041930.383,1304,733,Left,Pressed,office
1571041930.462,1304,733,Left,Released,office
1571041931.401,1301,728,None,Move,office
1571041931.4320002,1275,690,None,Move,office
1571041931.448,1249,660,None,Move,office
1571041931.464,1193,600,None,Move,office
1571041931.479,1170,577,None,Move,office
1571041931.486,1152,563,None,Move,office
1571041931.502,1119,536,None,Move,office
1571041931.5170002,1088,513,None,Move,office
1571041931.533,1061,493,None,Move,office
1571041931.548,1039,479,None,Move,office
1571041931.564,1024,469,None,Move,office
1571041931.58,1015,464,None,Move,office
1571041931.586,1011,463,None,Move,office
1571041931.6020002,1009,463,None,Move,office
1571041931.664,1007,463,None,Move,office
1571041931.68,1003,463,None,Move,office
1571041931.687,996,467,None,Move,office
1571041931.702,979,475,None,Move,office
1571041931.718,953,487,None,Move,office
1571041931.7329998,930,494,None,Move,office
1571041931.7489998,911,497,None,Move,office
1571041931.765,903,497,None,Move,office
1571041931.78,902,497,None,Move,office
1571041931.7870002,901,497,None,Move,office
1571041931.802,900,497,None,Move,office
1571041931.8179998,899,496,None,Move,office
1571041931.834,898,494,None,Move,office
1571041931.919,897,495,None,Move,office
1571041931.934,897,501,None,Move,office
1571041931.95,898,508,None,Move,office
1571041931.965,899,511,None,Move,office
1571041931.981,900,513,None,Move,office
1571041931.9870002,904,515,None,Move,office
1571041932.0029998,916,524,None,Move,office
1571041932.019,928,530,None,Move,office
1571041932.034,934,532,None,Move,office
1571041932.05,938,533,None,Move,office
1571041932.066,941,533,None,Move,office
1571041932.081,945,533,None,Move,office
1571041932.0879998,946,533,None,Move,office
1571041932.103,947,533,None,Move,office
1571041932.119,952,533,None,Move,office
1571041932.135,967,535,None,Move,office
1571041932.15,981,538,None,Move,office
1571041932.166,1008,543,None,Move,office
1571041932.1820002,1028,546,None,Move,office
1571041932.188,1041,547,None,Move,office
1571041932.204,1061,550,None,Move,office
1571041932.219,1082,552,None,Move,office
1571041932.235,1096,553,None,Move,office
1571041932.2510002,1111,556,None,Move,office
1571041932.266,1122,560,None,Move,office
1571041932.288,1132,562,None,Move,office
1571041932.304,1140,564,None,Move,office
1571041932.32,1143,564,None,Move,office
1571041932.389,1143,564,None,Move,office
1571041932.42,1146,564,None,Move,office
1571041932.436,1158,566,None,Move,office
1571041932.451,1165,567,None,Move,office
1571041932.467,1176,568,None,Move,office
1571041932.482,1187,570,None,Move,office
1571041932.4889998,1189,570,None,Move,office
1571041932.505,1190,570,None,Move,office
1571041932.52,1191,570,None,Move,office
1571041932.621,1191,569,None,Move,office
1571041932.6360002,1187,566,None,Move,office
1571041932.6520002,1178,560,None,Move,office
1571041932.667,1132,528,None,Move,office
1571041932.6829998,1087,507,None,Move,office
1571041932.69,1069,501,None,Move,office
1571041932.705,1042,491,None,Move,office
1571041932.721,1023,485,None,Move,office
1571041932.736,1018,484,None,Move,office
1571041932.784,1015,482,None,Move,office
1571041932.79,1015,481,None,Move,office
1571041932.805,1015,480,None,Move,office
1571041932.821,1015,478,None,Move,office
1571041932.837,1015,477,None,Move,office
1571041932.8520002,1015,474,None,Move,office
1571041932.8679998,1015,471,None,Move,office
1571041932.883,1015,465,None,Move,office
1571041932.89,1016,461,None,Move,office
1571041932.906,1019,450,None,Move,office
1571041932.921,1023,439,None,Move,office
1571041932.937,1025,432,None,Move,office
1571041932.952,1030,424,None,Move,office
1571041932.968,1036,417,None,Move,office
1571041932.984,1040,413,None,Move,office
1571041932.99,1041,412,None,Move,office
1571041933.022,1044,411,None,Move,office
1571041933.0370002,1045,410,None,Move,office
1571041933.053,1046,410,None,Move,office
1571041933.0679998,1047,410,None,Move,office
1571041933.084,1049,411,None,Move,office
1571041933.09,1051,416,None,Move,office
1571041933.106,1055,424,None,Move,office
1571041933.1220002,1058,435,None,Move,office
1571041933.137,1061,448,None,Move,office
1571041933.153,1064,461,None,Move,office
1571041933.169,1064,463,None,Move,office
1571041933.184,1065,468,None,Move,office
1571041933.191,1065,471,None,Move,office
1571041933.206,1065,474,None,Move,office
1571041933.222,1065,478,None,Move,office
1571041933.238,1065,483,None,Move,office
1571041933.2529998,1065,488,None,Move,office
1571041933.269,1065,492,None,Move,office
1571041933.285,1065,495,None,Move,office
1571041933.291,1065,497,None,Move,office
1571041933.3070002,1065,500,None,Move,office
1571041933.322,1065,508,None,Move,office
1571041933.3379998,1067,521,None,Move,office
1571041933.353,1070,538,None,Move,office
1571041933.369,1074,555,None,Move,office
1571041933.385,1074,563,None,Move,office
1571041933.391,1076,571,None,Move,office
1571041933.407,1077,588,None,Move,office
1571041933.423,1079,606,None,Move,office
1571041933.438,1079,619,None,Move,office
1571041933.454,1077,637,None,Move,office
1571041933.469,1075,653,None,Move,office
1571041933.485,1072,680,None,Move,office
1571041933.492,1071,690,None,Move,office
1571041933.5070002,1065,713,None,Move,office
1571041933.5229998,1062,726,None,Move,office
1571041933.538,1058,745,None,Move,office
1571041933.554,1052,762,None,Move,office
1571041933.57,1045,778,None,Move,office
1571041933.585,1042,786,None,Move,office
1571041933.592,1037,795,None,Move,office
1571041933.607,1032,809,None,Move,office
1571041933.623,1028,819,None,Move,office
1571041933.639,1025,825,None,Move,office
1571041933.654,1019,832,None,Move,office
1571041933.67,1017,836,None,Move,office
1571041933.686,1009,847,None,Move,office
1571041933.6920002,1007,851,None,Move,office
1571041933.708,1001,858,None,Move,office
1571041933.7229998,999,860,None,Move,office
1571041933.7389998,997,861,None,Move,office
1571041933.924,1000,863,None,Move,office
1571041933.94,1002,861,None,Move,office
1571041933.955,1005,860,None,Move,office
1571041933.971,1007,859,None,Move,office
1571041933.9929998,1010,858,None,Move,office
1571041934.0089998,1011,858,None,Move,office
1571041934.087,1012,857,None,Move,office
1571041934.093,1013,857,None,Move,office
1571041934.109,1017,856,None,Move,office
1571041934.1239998,1021,854,None,Move,office
1571041934.14,1028,852,None,Move,office
1571041934.156,1031,851,None,Move,office
1571041934.171,1033,851,None,Move,office
1571041934.1929998,1035,851,None,Move,office
1571041934.209,1037,851,None,Move,office
1571041934.225,1037,850,None,Move,office
1571041934.24,1038,850,None,Move,office
1571041934.256,1039,850,None,Move,office
1571041934.271,1041,850,None,Move,office
1571041934.294,1042,850,None,Move,office
1571041934.309,1044,850,None,Move,office
1571041934.325,1045,850,None,Move,office
1571041934.341,1047,850,None,Move,office
1571041934.356,1050,850,None,Move,office
1571041934.3720002,1052,850,None,Move,office
1571041934.387,1058,850,None,Move,office
1571041934.394,1059,850,None,Move,office
1571041934.41,1066,851,None,Move,office
1571041934.425,1069,852,None,Move,office
1571041934.441,1071,852,None,Move,office
1571041934.456,1075,853,None,Move,office
1571041934.472,1081,854,None,Move,office
1571041934.488,1090,855,None,Move,office
1571041934.494,1097,856,None,Move,office
1571041934.51,1108,858,None,Move,office
1571041934.525,1121,860,None,Move,office
1571041934.541,1135,863,None,Move,office
1571041934.556,1144,863,None,Move,office
1571041934.572,1157,866,None,Move,office
1571041934.5879998,1168,867,None,Move,office
1571041934.594,1172,867,None,Move,office
1571041934.61,1186,867,None,Move,office
1571041934.6260002,1191,867,None,Move,office
1571041934.641,1211,867,None,Move,office
1571041934.657,1219,867,None,Move,office
1571041934.6720002,1237,867,None,Move,office
1571041934.688,1252,867,None,Move,office
1571041934.695,1260,867,None,Move,office
1571041934.71,1278,867,None,Move,office
1571041934.726,1304,866,None,Move,office
1571041934.7410002,1321,866,None,Move,office
1571041934.7570002,1330,866,None,Move,office
1571041934.7729998,1335,865,None,Move,office
1571041934.792,1340,865,None,Move,office
1571041934.794,1342,865,None,Move,office
1571041934.81,1345,865,None,Move,office
1571041934.826,1349,865,None,Move,office
1571041934.842,1352,866,None,Move,office
1571041934.857,1355,866,None,Move,office
1571041934.873,1359,866,None,Move,office
1571041934.889,1360,866,None,Move,office
1571041934.895,1362,866,None,Move,office
1571041934.91,1366,866,None,Move,office
1571041934.926,1371,866,None,Move,office
1571041934.9420002,1380,866,None,Move,office
1571041934.957,1389,867,None,Move,office
1571041934.9729998,1398,869,None,Move,office
1571041934.988,1411,869,None,Move,office
1571041934.995,1418,870,None,Move,office
1571041935.0110002,1431,871,None,Move,office
1571041935.026,1439,872,None,Move,office
1571041935.042,1447,873,None,Move,office
1571041935.0570002,1456,873,None,Move,office
1571041935.073,1468,874,None,Move,office
1571041935.089,1475,876,None,Move,office
1571041935.095,1479,876,None,Move,office
1571041935.111,1487,876,None,Move,office
1571041935.1260002,1493,876,None,Move,office
1571041935.1420002,1499,876,None,Move,office
1571041935.157,1505,876,None,Move,office
1571041935.173,1514,876,None,Move,office
1571041935.189,1530,876,None,Move,office
1571041935.195,1539,876,None,Move,office
1571041935.211,1559,877,None,Move,office
1571041935.226,1581,877,None,Move,office
1571041935.242,1597,877,None,Move,office
1571041935.258,1606,877,None,Move,office
1571041935.2729998,1616,877,None,Move,office
1571041935.289,1623,878,None,Move,office
1571041935.295,1626,878,None,Move,office
1571041935.311,1628,878,None,Move,office
1571041935.327,1631,878,None,Move,office
1571041935.342,1633,878,None,Move,office
1571041935.3579998,1635,878,None,Move,office
1571041935.3739998,1637,878,None,Move,office
1571041935.389,1640,878,None,Move,office
1571041935.396,1642,878,None,Move,office
1571041935.411,1647,878,None,Move,office
1571041935.427,1652,878,None,Move,office
1571041935.4429998,1657,878,None,Move,office
1571041935.458,1662,878,None,Move,office
1571041935.474,1670,877,None,Move,office
1571041935.496,1675,876,None,Move,office
1571041935.512,1682,875,None,Move,office
1571041935.5270002,1685,875,None,Move,office
1571041935.543,1689,873,None,Move,office
1571041935.559,1691,873,None,Move,office
1571041935.575,1693,873,None,Move,office
1571041935.59,1696,872,None,Move,office
1571041935.596,1697,872,None,Move,office
1571041935.744,1698,872,None,Move,office
1571041935.7589998,1687,876,None,Move,office
1571041935.775,1680,878,None,Move,office
1571041935.79,1672,881,None,Move,office
1571041935.7970002,1663,884,None,Move,office
1571041935.813,1634,889,None,Move,office
1571041935.8279998,1612,890,None,Move,office
1571041935.844,1585,893,None,Move,office
1571041935.859,1553,900,None,Move,office
1571041935.875,1520,906,None,Move,office
1571041935.891,1504,908,None,Move,office
1571041935.897,1484,908,None,Move,office
1571041935.913,1438,909,None,Move,office
1571041935.928,1370,906,None,Move,office
1571041935.944,1292,895,None,Move,office
1571041935.96,1240,889,None,Move,office
1571041935.975,1198,886,None,Move,office
1571041935.9910002,1177,884,None,Move,office
1571041935.998,1169,884,None,Move,office
1571041936.276,1167,883,None,Move,office
1571041936.298,1173,879,None,Move,office
1571041936.314,1182,873,None,Move,office
1571041936.33,1187,871,None,Move,office
1571041938.784,1188,867,None,Move,office
1571041938.8,1089,765,None,Move,office
1571041938.806,1034,692,None,Move,office
1571041938.822,937,549,None,Move,office
1571041938.837,854,431,None,Move,office
1571041938.853,789,337,None,Move,office
1571041938.869,744,278,None,Move,office
1571041938.8839998,713,244,None,Move,office
1571041938.9,694,225,None,Move,office
1571041938.907,685,219,None,Move,office
1571041938.9220002,665,205,None,Move,office
1571041938.938,653,197,None,Move,office
1571041938.9529998,648,194,None,Move,office
1571041938.969,643,192,None,Move,office
1571041956.712,693,169,None,Move,office
1571041956.728,1210,-8,None,Move,office
1571041956.744,1305,0,None,Move,office
1571041956.756,1420,4,None,Move,office
1571041956.772,1532,26,None,Move,office
1571041956.788,1651,74,None,Move,office
1571041956.803,1670,84,None,Move,office
1571041956.819,1703,104,None,Move,office
1571041956.834,1759,143,None,Move,office
1571041956.85,1841,196,None,Move,office
1571041956.857,1869,214,None,Move,office
1571041956.8720002,1923,253,None,Move,office
1571041956.8879998,1932,278,None,Move,office
1571041956.903,1934,290,None,Move,office
1571041956.919,1923,316,None,Move,office
1571041956.935,1919,322,None,Move,office
1571041956.95,1915,326,None,Move,office
1571041956.957,1906,330,None,Move,office
1571041956.972,1869,340,None,Move,office
1571041956.988,1785,357,None,Move,office
1571041957.004,1680,370,None,Move,office
1571041957.019,1613,378,None,Move,office
1571041957.035,1448,415,None,Move,office
1571041957.051,1406,433,None,Move,office
1571041957.0570002,1395,439,None,Move,office
1571041957.073,1384,450,None,Move,office
1571041957.0879998,1383,453,None,Move,office
1571041957.104,1383,454,None,Move,office
1571041957.12,1382,455,None,Move,office
1571041957.135,1381,456,None,Move,office
1571041957.151,1373,462,None,Move,office
1571041957.157,1368,466,None,Move,office
1571041957.173,1357,475,None,Move,office
1571041957.189,1325,499,None,Move,office
1571041957.204,1300,508,None,Move,office
1571041957.22,1262,510,None,Move,office
1571041957.236,1199,498,None,Move,office
1571041957.2510002,1104,481,None,Move,office
1571041957.258,1076,475,None,Move,office
1571041957.2729998,1050,473,None,Move,office
1571041957.289,1043,473,None,Move,office
1571041957.305,1035,466,None,Move,office
1571041957.32,1025,435,None,Move,office
1571041957.336,1014,390,None,Move,office
1571041957.3579998,1007,341,None,Move,office
1571041957.659,1001,349,None,Move,office
1571041957.674,996,359,None,Move,office
1571041957.69,985,387,None,Move,office
1571041957.706,984,395,None,Move,office
1571041957.721,983,396,None,Move,office
1571041957.7370002,984,398,None,Move,office
1571041957.7589998,993,408,None,Move,office
1571041957.775,1046,464,None,Move,office
1571041957.79,1085,503,None,Move,office
1571041957.806,1203,619,None,Move,office
1571041957.822,1393,789,None,Move,office
1571041957.837,1587,953,None,Move,office
1571041957.853,1751,1083,None,Move,office
1571041957.859,1829,1144,None,Move,office
1571041957.875,1931,1114,None,Move,office
1571041957.891,1925,1090,None,Move,office
1571041957.906,1919,1081,None,Move,office
1571041957.9910002,1919,1079,None,Move,office
1571041958.0070002,1918,1079,None,Move,office
1571041958.022,1916,1078,None,Move,office
1571041958.038,1910,1074,None,Move,office
1571041958.053,1894,1063,None,Move,office
1571041958.06,1885,1053,None,Move,office
1571041958.076,1857,1034,None,Move,office
1571041958.091,1829,1012,None,Move,office
1571041958.107,1804,995,None,Move,office
1571041958.1220002,1756,962,None,Move,office
1571041958.1379998,1730,946,None,Move,office
1571041958.154,1714,936,None,Move,office
1571041958.16,1712,934,None,Move,office
1571041958.276,1708,932,None,Move,office
1571041958.292,1698,928,None,Move,office
1571041958.3070002,1675,918,None,Move,office
1571041958.323,1638,907,None,Move,office
1571041958.339,1595,891,None,Move,office
1571041958.354,1547,872,None,Move,office
1571041958.361,1531,867,None,Move,office
1571041958.377,1509,858,None,Move,office
1571041958.3920002,1501,854,None,Move,office
1571041958.408,1499,853,None,Move,office
1571041958.4729998,1498,853,None,Move,office
1571041958.574,1498,853,Left,Pressed,office
1571041958.593,1496,853,None,Drag,office
1571041958.605,1496,854,None,Drag,office
1571041958.615,1496,855,None,Drag,office
1571041958.623,1496,855,None,Drag,office
1571041958.625,1496,856,None,Drag,office
1571041958.694,1496,856,Left,Released,office
1571041958.907,1494,856,None,Move,office
1571041958.918,1492,856,None,Move,office
1571041958.92,1485,856,None,Move,office
1571041958.93,1478,855,None,Move,office
1571041958.94,1471,852,None,Move,office
1571041958.95,1457,849,None,Move,office
1571041958.958,1442,844,None,Move,office
1571041958.968,1404,835,None,Move,office
1571041958.984,1367,829,None,Move,office
1571041958.9989998,1351,827,None,Move,office
1571041959.015,1308,821,None,Move,office
1571041959.031,1300,819,None,Move,office
1571041959.046,1290,818,None,Move,office
1571041959.069,1287,817,None,Move,office
1571041959.084,1287,817,None,Move,office
1571041959.1,1286,816,None,Move,office
1571041959.1160002,1285,816,None,Move,office
1571041959.131,1281,816,None,Move,office
1571041959.147,1277,814,None,Move,office
1571041959.1620002,1265,809,None,Move,office
1571041959.169,1255,806,None,Move,office
1571041959.185,1233,794,None,Move,office
1571041959.2,1202,779,None,Move,office
1571041959.216,1182,770,None,Move,office
1571041959.232,1173,765,None,Move,office
1571041959.2470002,1163,761,None,Move,office
1571041959.3860002,1162,761,None,Move,office
1571041959.401,1160,761,None,Move,office
1571041959.417,1154,767,None,Move,office
1571041959.4320002,1151,769,None,Move,office
1571041959.5170002,1149,770,None,Move,office
1571041959.533,1144,770,None,Move,office
1571041959.548,1140,770,None,Move,office
1571041959.564,1129,769,None,Move,office
1571041959.571,1126,768,None,Move,office
1571041959.586,1123,767,None,Move,office
1571041959.6020002,1122,767,None,Move,office
1571041959.6179998,1121,766,None,Move,office
1571041959.633,1120,766,None,Move,office
1571041959.649,1118,765,None,Move,office
1571041959.671,1117,765,None,Move,office
1571041959.687,1114,765,None,Move,office
1571041959.702,1112,765,None,Move,office
1571041959.734,1110,765,None,Move,office
1571041959.7489998,1108,765,None,Move,office
1571041959.9870002,1105,765,None,Move,office
1571041960.0029998,1102,765,None,Move,office
1571041960.019,1102,765,None,Move,office
1571041960.034,1101,765,None,Move,office
1571041960.05,1100,765,None,Move,office
1571041960.072,1099,766,None,Move,office
1571041960.0879998,1097,767,None,Move,office
1571041960.235,1096,769,None,Move,office
1571041960.2510002,1090,773,None,Move,office
1571041960.2729998,1069,777,None,Move,office
1571041960.289,1050,780,None,Move,office
1571041960.304,1046,780,None,Move,office
1571041960.32,1045,780,None,Move,office
1571041960.42,1045,780,None,Move,office
1571041960.436,1051,780,None,Move,office
1571041960.451,1055,780,None,Move,office
1571041960.467,1058,780,None,Move,office
1571041960.4729998,1059,780,None,Move,office
1571041960.4889998,1061,780,None,Move,office
1571041960.505,1062,780,None,Move,office
1571041960.605,1062,781,None,Move,office
1571041960.8679998,1061,781,None,Move,office
1571041960.8739998,1060,780,None,Move,office
1571041960.921,1059,779,None,Move,office
1571041960.937,1062,777,None,Move,office
1571041960.952,1074,771,None,Move,office
1571041960.975,1089,766,None,Move,office
1571041960.99,1093,765,None,Move,office
1571041961.053,1089,767,None,Move,office
1571041961.0679998,1089,768,None,Move,office
1571041961.077,1087,768,None,Move,office
1571041961.087,1085,769,None,Move,office
1571041961.097,1080,770,None,Move,office
1571041961.107,1078,771,None,Move,office
1571041961.115,1076,772,None,Move,office
1571041961.204,1077,772,None,Move,office
1571041961.219,1079,772,None,Move,office
1571041961.226,1083,772,None,Move,office
1571041961.242,1086,771,None,Move,office
1571041961.357,1086,771,None,Move,office
1571041962.075,1086,774,None,Move,office
1571041962.09,1086,776,None,Move,office
1571041962.792,1088,773,None,Move,office
1571041962.8079998,1090,770,None,Move,office
1571041962.83,1091,769,None,Move,office
1571041962.845,1092,769,None,Move,office
1571041962.861,1093,768,None,Move,office
1571041962.877,1094,768,None,Move,office
1571041962.8920002,1097,767,None,Move,office
1571041962.908,1106,766,None,Move,office
1571041962.924,1125,763,None,Move,office
1571041962.93,1133,763,None,Move,office
1571041962.946,1154,760,None,Move,office
1571041962.961,1172,759,None,Move,office
1571041962.9770002,1193,757,None,Move,office
1571041962.992,1207,757,None,Move,office
1571041963.008,1213,757,None,Move,office
1571041963.024,1217,756,None,Move,office
1571041963.03,1219,756,None,Move,office
1571041963.046,1223,756,None,Move,office
1571041963.062,1227,756,None,Move,office
1571041963.077,1232,755,None,Move,office
1571041963.093,1237,754,None,Move,office
1571041963.1079998,1243,753,None,Move,office
1571041963.1239998,1247,753,None,Move,office
1571041963.131,1248,753,None,Move,office
1571041963.146,1251,753,None,Move,office
1571041966.4020002,1230,742,None,Move,office
1571041966.418,1068,587,None,Move,office
1571041966.434,925,369,None,Move,office
1571041966.44,860,260,None,Move,office
1571041966.456,766,88,None,Move,office
1571041966.471,701,-50,None,Move,office
1571041966.4870002,687,-38,None,Move,office
1571041966.502,677,-18,None,Move,office
1571041966.518,680,-7,None,Move,office
1571041966.534,684,-2,None,Move,office
1571041966.54,686,-1,None,Move,office
1571041966.556,690,0,None,Move,office
1571041967.1420002,692,0,None,Move,office
1571041967.158,701,0,None,Move,office
1571041967.174,730,13,None,Move,office
1571041967.189,765,18,None,Move,office
1571041967.205,786,8,None,Move,office
1571041967.22,816,8,None,Move,office
1571041967.521,835,17,None,Move,office
1571041967.543,872,42,None,Move,office
1571041967.5579998,945,107,None,Move,office
1571041967.574,1008,194,None,Move,office
1571041967.59,1016,263,None,Move,office
1571041967.605,1016,337,None,Move,office
1571041967.621,1006,411,None,Move,office
1571041967.637,993,474,None,Move,office
1571041967.643,988,486,None,Move,office
1571041967.659,984,496,None,Move,office
1571041967.674,981,499,None,Move,office
1571041967.69,974,505,None,Move,office
1571041967.706,968,509,None,Move,office
1571041967.721,963,515,None,Move,office
1571041967.7429998,952,526,None,Move,office
1571041967.7589998,943,529,None,Move,office
1571041967.975,939,531,None,Move,office
1571041967.9910002,940,531,None,Move,office
1571041968.006,940,531,None,Move,office
1571041968.022,941,531,None,Move,office
1571041968.038,942,531,None,Move,office
1571041968.044,941,531,None,Move,office
1571041968.06,939,532,None,Move,office
1571041968.075,931,537,None,Move,office
1571041968.091,921,543,None,Move,office
1571041968.107,899,554,None,Move,office
1571041968.1220002,866,564,None,Move,office
1571041968.1379998,850,567,None,Move,office
1571041968.144,827,571,None,Move,office
1571041968.16,745,567,None,Move,office
1571041968.176,717,561,None,Move,office
1571041968.191,643,534,None,Move,office
1571041968.207,598,514,None,Move,office
1571041968.2229998,563,504,None,Move,office
1571041968.245,537,499,None,Move,office
1571041968.2610002,508,494,None,Move,office
1571041968.276,505,493,None,Move,office
1571041968.3070002,497,489,None,Move,office
1571041968.393,497,489,Left,Pressed,office
1571041968.4929998,497,489,Left,Released,office
1571041968.81,498,489,None,Move,office
1571041968.825,524,486,None,Move,office
1571041968.847,548,489,None,Move,office
1571041968.863,604,514,None,Move,office
1571041968.8779998,696,566,None,Move,office
1571041968.894,769,612,None,Move,office
1571041968.91,834,657,None,Move,office
1571041968.925,858,668,None,Move,office
1571041968.941,880,671,None,Move,office
1571041968.947,901,682,None,Move,office
1571041969.465,904,684,None,Move,office
1571041969.48,906,685,None,Move,office
1571041969.496,911,689,None,Move,office
1571041969.5110002,914,691,None,Move,office
1571041969.5270002,923,698,None,Move,office
1571041969.543,933,706,None,Move,office
1571041969.549,940,710,None,Move,office
1571041969.565,974,730,None,Move,office
1571041969.58,1046,758,None,Move,office
1571041969.596,1154,798,None,Move,office
1571041969.6120002,1296,839,None,Move,office
1571041969.627,1441,876,None,Move,office
1571041969.649,1519,896,None,Move,office
1571041969.665,1527,900,None,Move,office
1571041969.681,1533,902,None,Move,office
1571041969.696,1534,903,None,Move,office
1571041969.9120002,1534,901,None,Move,office
1571041969.928,1534,901,None,Move,office
1571041969.95,1535,900,None,Move,office
1571041969.966,1535,898,None,Move,office
1571041969.981,1535,897,None,Move,office
1571041969.9970002,1535,895,None,Move,office
1571041970.012,1534,890,None,Move,office
1571041970.028,1532,882,None,Move,office
1571041970.05,1527,867,None,Move,office
1571041970.066,1523,846,None,Move,office
1571041970.082,1517,823,None,Move,office
1571041970.097,1515,815,None,Move,office
1571041970.113,1506,777,None,Move,office
1571041970.1279998,1504,766,None,Move,office
1571041970.144,1504,758,None,Move,office
1571041970.151,1504,754,None,Move,office
1571041970.166,1504,749,None,Move,office
1571041970.1820002,1503,744,None,Move,office
1571041970.197,1503,741,None,Move,office
1571041970.2129998,1503,740,None,Move,office
1571041974.194,1499,734,None,Move,office
1571041974.21,1489,728,None,Move,office
1571041974.226,1484,724,None,Move,office
1571041974.2410002,1475,721,None,Move,office
1571041974.2570002,1444,714,None,Move,office
1571041974.2629998,1431,711,None,Move,office
1571041974.279,1407,710,None,Move,office
1571041974.295,1388,710,None,Move,office
1571041974.31,1374,712,None,Move,office
1571041974.326,1362,710,None,Move,office
1571041974.341,1344,698,None,Move,office
1571041974.357,1324,684,None,Move,office
1571041974.363,1313,674,None,Move,office
1571041974.379,1300,662,None,Move,office
1571041974.843,1300,662,None,Move,office
1571041974.8579998,1300,662,None,Move,office
1571041974.865,1301,662,None,Move,office
1571041974.88,1302,662,None,Move,office
1571041974.896,1304,662,None,Move,office
1571041974.9120002,1305,663,None,Move,office
1571041974.927,1306,666,None,Move,office
1571041974.9429998,1306,668,None,Move,office
1571041974.959,1306,669,None,Move,office
1571041974.965,1306,670,None,Move,office
1571041974.981,1305,670,None,Move,office
1571041975.282,1301,670,None,Move,office
1571041975.2970002,1285,665,None,Move,office
1571041975.313,1271,661,None,Move,office
1571041975.3279998,1109,606,None,Move,office
1571041975.344,904,553,None,Move,office
1571041975.36,725,526,None,Move,office
1571041975.3660002,634,517,None,Move,office
1571041975.3820002,549,517,None,Move,office
1571041975.397,403,519,None,Move,office
1571041975.413,366,521,None,Move,office
1571041975.429,353,521,None,Move,office
1571041975.46,354,517,None,Move,office
1571041975.466,366,511,None,Move,office
1571041975.482,378,506,None,Move,office
1571041975.498,387,503,None,Move,office
1571041975.5129998,401,495,None,Move,office
1571041975.529,411,487,None,Move,office
1571041975.544,413,483,None,Move,office
1571041975.56,416,479,None,Move,office
1571041975.5670002,417,476,None,Move,office
1571041975.582,421,468,None,Move,office
1571041975.5979998,424,461,None,Move,office
1571041975.613,425,459,None,Move,office
1571041975.629,425,455,None,Move,office
1571041975.645,425,452,None,Move,office
1571041975.6829998,425,451,None,Move,office
1571041975.698,425,449,None,Move,office
1571041975.714,427,445,None,Move,office
1571041975.729,432,438,None,Move,office
1571041975.745,438,431,None,Move,office
1571041975.7610002,448,423,None,Move,office
1571041975.7670002,455,421,None,Move,office
1571041975.783,472,415,None,Move,office
1571041975.798,491,412,None,Move,office
1571041975.814,509,411,None,Move,office
1571041975.83,514,411,None,Move,office
1571041975.845,523,409,None,Move,office
1571041975.867,525,409,Left,Pressed,office
1571041975.984,525,409,Left,Released,office
1571041976.146,527,412,None,Move,office
1571041976.1620002,531,420,None,Move,office
1571041976.168,537,429,None,Move,office
1571041976.184,559,458,None,Move,office
1571041976.2,576,479,None,Move,office
1571041976.215,608,513,None,Move,office
1571041976.231,646,538,None,Move,office
1571041976.246,679,551,None,Move,office
1571041976.262,707,553,None,Move,office
1571041976.269,717,552,None,Move,office
1571041976.284,725,538,None,Move,office
1571041976.3,725,524,None,Move,office
1571041976.315,717,512,None,Move,office
1571041976.331,711,497,None,Move,office
1571041976.6160002,709,497,None,Move,office
1571041976.647,701,501,None,Move,office
1571041976.663,697,506,None,Move,office
1571041976.669,696,506,None,Move,office
1571041976.685,693,509,None,Move,office
1571041976.701,693,513,None,Move,office
1571041976.748,693,513,None,Move,office
1571041976.77,698,514,None,Move,office
1571041976.785,710,515,None,Move,office
1571041976.801,751,525,None,Move,office
1571041976.816,808,535,None,Move,office
1571041976.832,857,548,None,Move,office
1571041976.8479998,964,566,None,Move,office
1571041976.863,1075,584,None,Move,office
1571041976.87,1134,592,None,Move,office
1571041976.8860002,1189,600,None,Move,office
1571041976.901,1326,621,None,Move,office
1571041976.917,1345,625,None,Move,office
1571041976.9320002,1388,629,None,Move,office
1571041976.948,1390,629,None,Move,office
1571041977.7510002,1367,629,None,Move,office
1571041977.766,1246,616,None,Move,office
1571041977.7729998,1155,607,None,Move,office
1571041977.788,931,601,None,Move,office
1571041977.804,842,601,None,Move,office
1571041977.82,621,613,None,Move,office
1571041977.835,447,637,None,Move,office
1571041977.851,370,644,None,Move,office
1571041977.8660002,346,639,None,Move,office
1571041977.873,311,604,None,Move,office
1571041977.889,306,591,None,Move,office
1571041977.904,302,547,None,Move,office
1571041978.089,298,533,None,Move,office
1571041978.105,301,536,None,Move,office
1571041978.12,309,542,None,Move,office
1571041978.1360002,320,547,None,Move,office
1571041978.151,338,553,None,Move,office
1571041978.167,360,557,None,Move,office
1571041978.174,369,557,None,Move,office
1571041978.189,383,555,None,Move,office
1571041978.205,416,543,None,Move,office
1571041978.221,428,538,None,Move,office
1571041978.236,456,525,None,Move,office
1571041978.252,511,501,None,Move,office
1571041978.268,524,495,None,Move,office
1571041978.274,540,487,None,Move,office
1571041978.289,570,475,None,Move,office
1571041978.305,599,464,None,Move,office
1571041978.32,618,459,None,Move,office
1571041978.336,631,457,None,Move,office
1571041978.806,633,456,None,Move,office
1571041978.822,632,456,None,Move,office
1571041978.837,628,453,None,Move,office
1571041978.853,626,451,None,Move,office
1571041978.8679998,614,441,None,Move,office
1571041978.875,610,439,None,Move,office
1571041978.891,600,428,None,Move,office
1571041978.906,593,423,None,Move,office
1571041978.9220002,585,410,None,Move,office
1571041978.937,580,403,None,Move,office
1571041978.9529998,577,398,None,Move,office
1571041978.969,577,397,None,Move,office
1571041979.075,577,397,Left,Pressed,office
1571041979.154,577,397,Left,Released,office
1571041980.695,574,392,None,Move,office
1571041980.711,564,373,None,Move,office
1571041980.7270002,550,349,None,Move,office
1571041980.742,544,340,None,Move,office
1571041980.758,535,323,None,Move,office
1571041980.7729998,534,321,None,Move,office
1571041980.78,534,321,None,Move,office
1571041980.88,534,320,Left,Pressed,office
1571041980.959,534,320,Left,Released,office
1571041981.228,540,330,None,Move,office
1571041981.244,561,361,None,Move,office
1571041981.2589998,565,372,None,Move,office
1571041981.275,573,397,None,Move,office
1571041981.281,575,413,None,Move,office
1571041981.2970002,577,439,None,Move,office
1571041981.313,576,459,None,Move,office
1571041981.3279998,574,469,None,Move,office
1571041981.344,572,475,None,Move,office
1571041981.36,569,478,None,Move,office
1571041981.375,569,481,None,Move,office
1571041981.3820002,568,482,None,Move,office
1571041981.397,567,483,None,Move,office
1571041982.7470002,567,487,None,Move,office
1571041982.7629998,567,491,None,Move,office
1571041982.778,568,500,None,Move,office
1571041982.785,568,506,None,Move,office
1571041982.801,568,517,None,Move,office
1571041982.8170002,568,525,None,Move,office
1571041982.832,568,543,None,Move,office
1571041982.847,568,550,None,Move,office
1571041982.863,568,555,None,Move,office
1571041982.885,568,558,None,Move,office
1571041983.687,568,557,None,Move,office
1571041983.719,568,553,None,Move,office
1571041983.734,568,550,None,Move,office
1571041983.75,568,550,None,Move,office
1571041983.766,568,549,None,Move,office
1571041983.781,569,547,None,Move,office
1571041983.788,571,546,None,Move,office
1571041983.803,581,541,None,Move,office
1571041983.819,605,537,None,Move,office
1571041983.835,653,533,None,Move,office
1571041983.85,719,533,None,Move,office
1571041983.8660002,782,540,None,Move,office
1571041983.881,853,552,None,Move,office
1571041983.8879998,1018,586,None,Move,office
1571041983.904,1085,604,None,Move,office
1571041983.919,1097,608,None,Move,office
1571041983.935,1100,609,None,Move,office
1571041983.951,1102,608,None,Move,office
1571041983.966,1116,597,None,Move,office
1571041983.982,1134,578,None,Move,office
1571041983.988,1143,572,None,Move,office
1571041984.3520002,1148,570,None,Move,office
1571041984.3679998,1150,570,None,Move,office
1571041984.383,1155,575,None,Move,office
1571041984.39,1157,577,None,Move,office
1571041984.405,1163,580,None,Move,office
1571041984.421,1165,582,None,Move,office
1571041984.437,1172,587,None,Move,office
1571041984.452,1178,591,None,Move,office
1571041984.468,1181,593,None,Move,office
1571041984.484,1186,594,None,Move,office
1571041984.49,1188,594,None,Move,office
1571041984.506,1194,595,None,Move,office
1571041984.521,1201,596,None,Move,office
1571041984.5370002,1207,596,None,Move,office
1571041984.553,1212,596,None,Move,office
1571041984.5679998,1217,596,None,Move,office
1571041984.584,1222,595,None,Move,office
1571041984.59,1224,594,None,Move,office
1571041984.606,1226,593,None,Move,office
1571041984.6220002,1228,592,None,Move,office
1571041984.8070002,1229,591,None,Move,office
1571041984.822,1230,590,None,Move,office
1571041984.8379998,1233,587,None,Move,office
1571041984.853,1237,585,None,Move,office
1571041984.869,1243,580,None,Move,office
1571041984.891,1250,573,None,Move,office
1571041984.923,1259,565,None,Move,office
1571041984.938,1264,563,None,Move,office
1571041984.954,1266,563,None,Move,office
1571041984.97,1267,562,None,Move,office
1571041985.092,1268,562,None,Move,office
1571041987.113,1276,563,None,Move,office
1571041987.129,1289,570,None,Move,office
1571041987.145,1315,586,None,Move,office
1571041987.16,1362,630,None,Move,office
1571041987.176,1373,643,None,Move,office
1571041987.191,1385,661,None,Move,office
1571041987.198,1392,672,None,Move,office
1571041987.229,1395,683,None,Move,office
1571041987.245,1396,686,None,Move,office
1571041987.915,1396,687,None,Move,office
1571041987.931,1377,680,None,Move,office
1571041987.946,1358,671,None,Move,office
1571041987.962,1286,636,None,Move,office
1571041987.9770002,1049,544,None,Move,office
1571041987.9929998,898,497,None,Move,office
1571041988.0,833,480,None,Move,office
1571041988.015,769,466,None,Move,office
1571041988.031,702,449,None,Move,office
1571041988.046,690,446,None,Move,office
1571041988.062,678,442,None,Move,office
1571041988.0779998,675,441,None,Move,office
1571041988.1160002,675,440,None,Move,office
1571041988.131,675,439,None,Move,office
1571041988.147,675,437,None,Move,office
1571041988.1620002,675,435,None,Move,office
1571041988.178,672,431,None,Move,office
1571041988.194,665,423,None,Move,office
1571041988.2,660,419,None,Move,office
1571041988.216,656,415,None,Move,office
1571041988.231,649,410,None,Move,office
1571041988.2470002,647,409,None,Move,office
1571041988.2629998,641,407,None,Move,office
1571041988.278,639,406,None,Move,office
1571041988.294,635,405,None,Move,office
1571041988.301,632,404,None,Move,office
1571041988.316,622,402,None,Move,office
1571041988.332,607,396,None,Move,office
1571041988.347,584,391,None,Move,office
1571041988.363,548,383,None,Move,office
1571041988.379,517,380,None,Move,office
1571041988.394,499,378,None,Move,office
1571041988.401,495,378,None,Move,office
1571041988.416,492,378,None,Move,office
1571041988.564,492,378,None,Move,office
1571041988.579,494,380,None,Move,office
1571041988.601,506,393,None,Move,office
1571041988.617,517,405,None,Move,office
1571041988.633,528,413,None,Move,office
1571041988.6479998,538,423,None,Move,office
1571041988.664,544,431,None,Move,office
1571041988.679,547,433,None,Move,office
1571041988.702,549,434,None,Move,office
1571041988.918,549,434,None,Move,office
1571041988.949,549,434,None,Move,office
1571041988.965,543,437,None,Move,office
1571041988.98,503,447,None,Move,office
1571041989.002,407,467,None,Move,office
1571041989.018,270,479,None,Move,office
1571041989.033,79,485,None,Move,office
1571041989.049,-62,514,None,Move,office
1571041989.065,-94,547,None,Move,office
1571041989.08,-97,552,None,Move,office
1571041989.1020002,-88,549,None,Move,office
1571041989.1179998,-76,541,None,Move,office
1571041989.3660002,-72,540,None,Move,office
1571041989.3820002,-68,542,None,Move,office
1571041989.397,-63,545,None,Move,office
1571041989.404,-60,548,None,Move,office
1571041989.419,-55,555,None,Move,office
1571041989.451,-55,556,None,Move,office
1571041989.466,-57,556,None,Move,office
1571041989.482,-68,556,None,Move,office
1571041989.4970002,-84,555,None,Move,office
1571041989.504,-93,555,None,Move,office
1571041989.52,-108,555,None,Move,office
1571041989.535,-123,555,None,Move,office
1571041989.5670002,-139,556,None,Move,office
1571041989.582,-161,559,None,Move,office
1571041989.604,-163,559,None,Move,office
1571041989.771,-163,559,None,Move,office
1571041989.7870002,-163,559,None,Move,office
1571041989.79,-163,559,None,Move,office
1571041989.937,-163,559,Left,Pressed,office
1571041990.03,-163,559,Left,Released,browsing
1571041991.339,-162,557,None,Move,browsing
1571041991.355,-162,557,None,Move,browsing
1571041991.37,-161,549,None,Move,browsing
1571041991.3860002,-161,526,None,Move,browsing
1571041991.4020002,-161,509,None,Move,browsing
1571041991.687,-161,506,None,Move,browsing
1571041991.709,-159,504,None,Move,browsing
1571041991.725,-156,498,None,Move,browsing
1571041991.74,-155,493,None,Move,browsing
1571041991.756,-155,485,None,Move,browsing
1571041991.772,-158,458,None,Move,browsing
1571041991.7870002,-166,427,None,Move,browsing
1571041991.803,-203,356,None,Move,browsing
1571041991.809,-242,307,None,Move,browsing
1571041991.827,-375,181,None,Move,browsing
1571041991.842,-557,67,None,Move,browsing
1571041991.8579998,-721,0,None,Move,browsing
1571041991.873,-856,-4,None,Move,browsing
1571041991.889,-906,0,None,Move,browsing
1571041991.909,-923,1,None,Move,browsing
1571041991.925,-933,-4,None,Move,browsing
1571041991.941,-935,-4,None,Move,browsing
1571041991.956,-935,-2,None,Move,browsing
1571041992.141,-935,0,None,Move,browsing
1571041992.157,-935,0,None,Move,browsing
1571041992.1720002,-937,3,None,Move,browsing
1571041992.188,-939,4,None,Move,browsing
1571041992.204,-942,6,None,Move,browsing
1571041992.21,-943,7,None,Move,browsing
1571041992.226,-951,9,None,Move,browsing
1571041992.2410002,-955,10,None,Move,browsing
1571041992.2570002,-960,10,None,Move,browsing
1571041992.2729998,-969,10,None,Move,browsing
1571041992.288,-973,10,None,Move,browsing
1571041992.304,-974,10,None,Move,browsing
1571041992.31,-984,9,None,Move,browsing
1571041992.326,-989,7,None,Move,browsing
1571041992.342,-999,6,None,Move,browsing
1571041992.357,-1004,6,None,Move,browsing
1571041992.4420002,-1005,6,Left,Pressed,browsing
1571041992.5270002,-1005,6,Left,Released,browsing
1571041992.589,-1005,6,None,Move,browsing
1571041992.611,-1004,6,None,Move,browsing
1571041992.627,-1002,7,None,Move,browsing
1571041992.643,-998,9,None,Move,browsing
1571041992.658,-995,11,None,Move,browsing
1571041992.674,-993,12,None,Move,browsing
1571041992.69,-985,15,None,Move,browsing
1571041992.705,-981,17,None,Move,browsing
1571041992.712,-978,17,None,Move,browsing
1571041992.7270002,-975,17,None,Move,browsing
1571041992.7429998,-968,18,None,Move,browsing
1571041992.758,-965,19,None,Move,browsing
1571041992.774,-964,19,None,Move,browsing
1571041992.928,-963,19,None,Move,browsing
1571041992.944,-963,19,None,Move,browsing
1571041993.028,-963,19,Left,Pressed,browsing
1571041993.113,-963,19,Left,Released,browsing
1571041994.664,-963,19,Left,Pressed,browsing
1571041994.748,-963,19,Left,Released,browsing
1571041996.1360002,-954,21,None,Move,browsing
1571041996.151,-931,31,None,Move,browsing
1571041996.1820002,-752,132,None,Move,browsing
1571041996.198,-502,288,None,Move,browsing
1571041996.2129998,-444,331,None,Move,browsing
1571041996.22,-425,345,None,Move,browsing
1571041996.236,-405,358,None,Move,browsing
1571041996.2510002,-400,370,None,Move,browsing
1571041996.2610002,-400,372,None,Move,browsing
1571041996.262,-400,373,None,Move,browsing
1571041996.2770002,-400,375,None,Move,browsing
1571041996.293,-402,377,None,Move,browsing
1571041996.309,-404,378,None,Move,browsing
1571041996.3520002,-404,378,Left,Pressed,browsing
1571041996.452,-404,378,Left,Released,browsing
1571041997.84,-405,377,None,Move,browsing
1571041997.855,-405,374,None,Move,browsing
1571041997.871,-405,374,None,Move,browsing
1571041997.887,-406,372,None,Move,browsing
1571041997.9020002,-406,371,None,Move,browsing
1571041997.924,-407,368,None,Move,browsing
1571041997.94,-407,365,None,Move,browsing
1571041997.956,-409,361,None,Move,browsing
1571041997.971,-412,353,None,Move,browsing
1571041997.9870002,-420,338,None,Move,browsing
1571041998.0029998,-427,317,None,Move,browsing
1571041998.018,-444,285,None,Move,browsing
1571041998.025,-454,266,None,Move,browsing
1571041998.04,-476,227,None,Move,browsing
1571041998.056,-509,164,None,Move,browsing
1571041998.072,-540,108,None,Move,browsing
1571041998.087,-563,71,None,Move,browsing
1571041998.103,-581,43,None,Move,browsing
1571041998.125,-588,34,None,Move,browsing
1571041998.141,-599,22,None,Move,browsing
1571041998.156,-603,17,None,Move,browsing
1571041998.1720002,-604,16,None,Move,browsing
1571041998.188,-605,14,None,Move,browsing
1571041998.207,-611,9,None,Move,browsing
1571041998.212,-614,7,None,Move,browsing
1571041998.225,-629,-1,None,Move,browsing
1571041998.2410002,-650,-4,None,Move,browsing
1571041998.2529998,-661,-5,None,Move,browsing
1571041998.262,-672,-4,None,Move,browsing
1571041998.27,-683,-5,None,Move,browsing
1571041998.278,-693,-4,None,Move,browsing
1571041998.294,-710,-4,None,Move,browsing
1571041998.31,-720,-3,None,Move,browsing
1571041998.325,-726,-2,None,Move,browsing
1571041998.341,-729,-1,None,Move,browsing
1571041998.441,-729,0,Left,Pressed,browsing
1571041998.542,-729,0,Left,Released,browsing
1571041999.83,-735,1,None,Move,browsing
1571041999.846,-752,7,None,Move,browsing
1571041999.861,-806,15,None,Move,browsing
1571041999.877,-883,18,None,Move,browsing
1571041999.893,-992,17,None,Move,browsing
1571041999.908,-1102,3,None,Move,browsing
1571041999.924,-1204,-2,None,Move,browsing
1571041999.93,-1260,0,None,Move,browsing
1571041999.946,-1334,-1,None,Move,browsing
1571041999.962,-1377,-3,None,Move,browsing
1571041999.9770002,-1386,6,None,Move,browsing
1571041999.9929998,-1384,8,None,Move,browsing
1571042000.008,-1381,8,None,Move,browsing
1571042000.031,-1367,4,None,Move,browsing
1571042000.046,-1358,0,None,Move,browsing
1571042000.062,-1347,-2,None,Move,browsing
1571042000.278,-1337,5,None,Move,browsing
1571042000.294,-1328,12,None,Move,browsing
1571042000.309,-1323,22,None,Move,browsing
1571042000.325,-1324,23,None,Move,browsing
1571042000.331,-1328,22,None,Move,browsing
1571042000.347,-1336,20,None,Move,browsing
1571042000.363,-1352,15,None,Move,browsing
1571042000.3779998,-1371,10,None,Move,browsing
1571042000.394,-1390,8,None,Move,browsing
1571042000.41,-1399,8,None,Move,browsing
1571042000.425,-1411,8,None,Move,browsing
1571042000.4320002,-1411,8,None,Move,browsing
1571042000.47,-1411,8,Left,Pressed,browsing
1571042000.579,-1411,8,Left,Released,browsing
1571042000.71,-1411,8,None,Move,browsing
1571042000.725,-1405,11,None,Move,browsing
1571042000.732,-1397,16,None,Move,browsing
1571042000.748,-1378,24,None,Move,browsing
1571042000.7629998,-1351,35,None,Move,browsing
1571042000.779,-1319,45,None,Move,browsing
1571042000.794,-1275,58,None,Move,browsing
1571042000.81,-1263,62,None,Move,browsing
1571042000.826,-1264,61,None,Move,browsing
1571042000.832,-1270,55,None,Move,browsing
1571042000.8479998,-1278,52,None,Move,browsing
1571042001.133,-1278,52,None,Move,browsing
1571042001.1479998,-1276,52,None,Move,browsing
1571042001.164,-1270,52,None,Move,browsing
1571042001.18,-1264,51,None,Move,browsing
1571042001.195,-1258,52,None,Move,browsing
1571042001.211,-1255,54,None,Move,browsing
1571042001.2270002,-1252,57,None,Move,browsing
1571042001.2329998,-1251,59,None,Move,browsing
1571042001.265,-1249,59,None,Move,browsing
1571042001.28,-1247,64,None,Move,browsing
1571042001.296,-1240,71,None,Move,browsing
1571042001.311,-1239,73,None,Move,browsing
1571042001.327,-1236,78,None,Move,browsing
1571042001.333,-1235,80,None,Move,browsing
1571042001.349,-1234,82,None,Move,browsing
1571042001.38,-1234,82,None,Move,browsing
1571042001.396,-1234,82,None,Move,browsing
1571042001.4120002,-1234,82,None,Move,browsing
1571042001.427,-1236,82,None,Move,browsing
1571042001.434,-1236,81,None,Move,browsing
1571042001.449,-1237,80,None,Move,browsing
1571042001.465,-1239,78,None,Move,browsing
1571042001.481,-1242,74,None,Move,browsing
1571042001.496,-1246,71,None,Move,browsing
1571042001.512,-1257,63,None,Move,browsing
1571042001.5270002,-1262,60,None,Move,browsing
1571042001.534,-1266,59,None,Move,browsing
1571042001.55,-1271,57,None,Move,browsing
1571042001.565,-1273,57,None,Move,browsing
1571042001.581,-1283,54,None,Move,browsing
1571042001.596,-1286,54,None,Move,browsing
1571042001.6120002,-1294,52,None,Move,browsing
1571042001.6279998,-1301,51,None,Move,browsing
1571042001.6339998,-1304,51,None,Move,browsing
1571042001.65,-1310,49,None,Move,browsing
1571042001.665,-1315,48,None,Move,browsing
1571042001.681,-1322,43,None,Move,browsing
1571042001.697,-1327,39,None,Move,browsing
1571042001.728,-1332,34,None,Move,browsing
1571042001.735,-1336,30,None,Move,browsing
1571042001.75,-1339,27,None,Move,browsing
1571042001.766,-1340,26,None,Move,browsing
1571042001.781,-1341,22,None,Move,browsing
1571042001.7970002,-1344,19,None,Move,browsing
1571042001.813,-1344,18,None,Move,browsing
1571042001.8279998,-1347,14,None,Move,browsing
1571042001.834,-1348,14,None,Move,browsing
1571042001.85,-1348,13,None,Move,browsing
1571042001.881,-1348,12,None,Move,browsing
1571042001.896,-1348,11,None,Move,browsing
1571042001.908,-1348,11,None,Move,browsing
1571042001.9120002,-1347,10,None,Move,browsing
1571042001.928,-1345,8,None,Move,browsing
1571042001.935,-1343,7,None,Move,browsing
1571042001.95,-1337,6,None,Move,browsing
1571042001.966,-1323,5,None,Move,browsing
1571042001.982,-1315,3,None,Move,browsing
1571042001.9970002,-1308,2,None,Move,browsing
1571042002.0129998,-1306,1,None,Move,browsing
1571042002.0670002,-1306,1,Left,Pressed,browsing
1571042002.151,-1306,1,Left,Released,browsing
1571042002.514,-1303,6,None,Move,browsing
1571042002.5370002,-1294,25,None,Move,browsing
1571042002.552,-1281,47,None,Move,browsing
1571042002.5679998,-1251,88,None,Move,browsing
1571042002.583,-1228,116,None,Move,browsing
1571042002.599,-1180,172,None,Move,browsing
1571042002.615,-1129,227,None,Move,browsing
1571042002.63,-1056,298,None,Move,browsing
1571042002.637,-1038,316,None,Move,browsing
1571042002.6520002,-1031,324,None,Move,browsing
1571042002.668,-1019,332,None,Move,browsing
1571042002.684,-1016,334,None,Move,browsing
1571042005.722,-1021,328,None,Move,browsing
1571042005.7370002,-1042,304,None,Move,browsing
1571042005.744,-1060,286,None,Move,browsing
1571042005.7589998,-1104,246,None,Move,browsing
1571042005.775,-1149,208,None,Move,browsing
1571042005.79,-1177,190,None,Move,browsing
1571042005.806,-1196,178,None,Move,browsing
1571042005.822,-1223,162,None,Move,browsing
1571042005.837,-1227,158,None,Move,browsing
1571042005.843,-1232,153,None,Move,browsing
1571042005.859,-1240,142,None,Move,browsing
1571042005.875,-1245,133,None,Move,browsing
1571042005.89,-1248,123,None,Move,browsing
1571042005.906,-1249,114,None,Move,browsing
1571042005.9220002,-1251,103,None,Move,browsing
1571042006.292,-1250,100,None,Move,browsing
1571042006.3070002,-1246,102,None,Move,browsing
1571042006.323,-1241,104,None,Move,browsing
1571042006.339,-1230,119,None,Move,browsing
1571042006.345,-1229,121,None,Move,browsing
1571042006.424,-1225,126,None,Move,browsing
1571042006.439,-1224,128,None,Move,browsing
1571042006.445,-1223,131,None,Move,browsing
1571042006.461,-1221,133,None,Move,browsing
1571042006.4770002,-1218,135,None,Move,browsing
1571042006.546,-1217,136,None,Move,browsing
1571042006.561,-1219,136,None,Move,browsing
1571042006.577,-1221,134,None,Move,browsing
1571042006.593,-1242,122,None,Move,browsing
1571042006.6079998,-1259,114,None,Move,browsing
1571042006.64,-1337,84,None,Move,browsing
1571042006.646,-1357,77,None,Move,browsing
1571042006.6620002,-1387,69,None,Move,browsing
1571042006.677,-1407,64,None,Move,browsing
1571042006.6929998,-1428,58,None,Move,browsing
1571042006.709,-1445,53,None,Move,browsing
1571042006.724,-1459,49,None,Move,browsing
1571042006.74,-1471,47,None,Move,browsing
1571042006.746,-1477,47,None,Move,browsing
1571042006.762,-1490,47,None,Move,browsing
1571042006.778,-1501,48,None,Move,browsing
1571042006.793,-1514,50,None,Move,browsing
1571042006.809,-1526,50,None,Move,browsing
1571042006.825,-1546,50,None,Move,browsing
1571042006.847,-1573,48,None,Move,browsing
1571042006.8779998,-1602,45,None,Move,browsing
1571042006.894,-1645,45,None,Move,browsing
1571042006.909,-1655,45,None,Move,browsing
1571042006.925,-1659,45,None,Move,browsing
1571042006.94,-1681,43,None,Move,browsing
1571042006.947,-1684,42,None,Move,browsing
1571042006.9629998,-1685,42,None,Move,browsing
1571042007.01,-1687,42,None,Move,browsing
1571042007.025,-1687,42,None,Move,browsing
1571042007.041,-1690,42,None,Move,browsing
1571042007.0470002,-1691,42,None,Move,browsing
1571042007.063,-1695,43,None,Move,browsing
1571042007.079,-1699,45,None,Move,browsing
1571042007.094,-1701,46,None,Move,browsing
1571042007.179,-1702,47,None,Move,browsing
1571042007.194,-1703,47,None,Move,browsing
1571042007.21,-1704,47,None,Move,browsing
1571042007.226,-1707,49,None,Move,browsing
1571042007.2470002,-1708,50,None,Move,browsing
1571042007.2629998,-1709,52,None,Move,browsing
1571042007.279,-1709,53,None,Move,browsing
1571042007.294,-1709,53,None,Move,browsing
1571042007.31,-1708,53,None,Move,browsing
1571042007.325,-1703,54,None,Move,browsing
1571042007.341,-1686,58,None,Move,browsing
1571042007.347,-1678,59,None,Move,browsing
1571042007.363,-1650,62,None,Move,browsing
1571042007.395,-1604,65,None,Move,browsing
1571042007.41,-1573,66,None,Move,browsing
1571042007.441,-1341,80,None,Move,browsing
1571042007.454,-1271,85,None,Move,browsing
1571042007.461,-1240,90,None,Move,browsing
1571042007.4629998,-1209,93,None,Move,browsing
1571042007.478,-1146,103,None,Move,browsing
1571042007.494,-1084,110,None,Move,browsing
1571042007.51,-1016,118,None,Move,browsing
1571042007.525,-977,124,None,Move,browsing
1571042007.541,-959,126,None,Move,browsing
1571042007.548,-952,126,None,Move,browsing
1571042007.564,-945,118,None,Move,browsing
1571042007.579,-948,99,None,Move,browsing
1571042007.595,-951,83,None,Move,browsing
1571042007.811,-951,83,None,Move,browsing
1571042007.827,-948,83,None,Move,browsing
1571042007.842,-943,86,None,Move,browsing
1571042007.881,-943,86,None,Move,browsing
1571042007.896,-946,81,None,Move,browsing
1571042007.911,-949,79,None,Move,browsing
1571042007.927,-954,74,None,Move,browsing
1571042007.949,-963,64,None,Move,browsing
1571042007.965,-968,56,None,Move,browsing
1571042007.98,-976,48,None,Move,browsing
1571042007.996,-985,37,None,Move,browsing
1571042008.012,-996,25,None,Move,browsing
1571042008.0270002,-998,22,None,Move,browsing
1571042008.043,-1003,19,None,Move,browsing
1571042008.049,-1005,18,None,Move,browsing
1571042008.071,-1009,17,None,Move,browsing
1571042008.079,-1012,16,None,Move,browsing
1571042008.095,-1023,16,None,Move,browsing
1571042008.111,-1038,15,None,Move,browsing
1571042008.127,-1049,15,None,Move,browsing
1571042008.143,-1071,14,None,Move,browsing
1571042008.149,-1096,12,None,Move,browsing
1571042008.165,-1112,10,None,Move,browsing
1571042008.181,-1125,8,None,Move,browsing
1571042008.196,-1129,6,None,Move,browsing
1571042008.212,-1131,6,None,Move,browsing
1571042008.228,-1136,4,None,Move,browsing
1571042008.25,-1137,4,None,Move,browsing
1571042008.35,-1138,3,Left,Pressed,browsing
1571042008.3660002,-1138,4,None,Drag,browsing
1571042008.381,-1138,6,None,Drag,browsing
1571042008.397,-1138,7,None,Drag,browsing
1571042008.466,-1138,7,Left,Released,browsing
1571042009.099,-1138,10,None,Move,browsing
1571042009.13,-1119,38,None,Move,browsing
1571042009.1520002,-1084,89,None,Move,browsing
1571042009.168,-1020,172,None,Move,browsing
1571042009.1829998,-994,199,None,Move,browsing
1571042009.199,-929,258,None,Move,browsing
1571042009.214,-856,307,None,Move,browsing
1571042009.23,-781,334,None,Move,browsing
1571042009.246,-723,346,None,Move,browsing
1571042009.252,-705,350,None,Move,browsing
1571042009.268,-683,354,None,Move,browsing
1571042009.299,-665,359,None,Move,browsing
1571042009.3839998,-660,360,None,Move,browsing
1571042009.399,-660,357,None,Move,browsing
1571042009.415,-666,348,None,Move,browsing
1571042009.431,-674,337,None,Move,browsing
1571042009.4529998,-677,326,None,Move,browsing
1571042009.731,-677,326,None,Move,browsing
1571042009.7470002,-678,329,None,Move,browsing
1571042009.754,-680,332,None,Move,browsing
1571042009.769,-681,339,None,Move,browsing
1571042009.785,-685,349,None,Move,browsing
1571042009.8,-688,352,None,Move,browsing
1571042009.816,-694,355,None,Move,browsing
1571042009.847,-712,366,None,Move,browsing
1571042009.854,-721,372,None,Move,browsing
1571042009.87,-738,383,None,Move,browsing
1571042009.885,-755,393,None,Move,browsing
1571042009.901,-774,405,None,Move,browsing
1571042009.916,-785,414,None,Move,browsing
1571042009.9320002,-787,416,None,Move,browsing
1571042015.847,-788,419,None,Move,browsing
1571042015.8620002,-784,420,None,Move,browsing
1571042015.869,-780,422,None,Move,browsing
1571042015.8839998,-768,425,None,Move,browsing
1571042015.9,-758,426,None,Move,browsing
1571042015.916,-755,425,None,Move,browsing
1571042015.931,-753,422,None,Move,browsing
1571042015.947,-751,421,None,Move,browsing
1571042015.968,-749,419,None,Move,browsing
1571042016.085,-749,419,None,Move,browsing
1571042016.1,-749,421,None,Move,browsing
1571042016.1160002,-749,423,None,Move,browsing
1571042016.131,-750,424,None,Move,browsing
1571042016.169,-750,423,None,Move,browsing
1571042016.185,-750,418,None,Move,browsing
1571042016.2,-750,412,None,Move,browsing
1571042016.216,-755,394,None,Move,browsing
1571042016.231,-767,367,None,Move,browsing
1571042016.2470002,-785,341,None,Move,browsing
1571042016.2629998,-819,292,None,Move,browsing
1571042016.269,-853,238,None,Move,browsing
1571042016.285,-869,213,None,Move,browsing
1571042016.301,-918,147,None,Move,browsing
1571042016.316,-961,87,None,Move,browsing
1571042016.332,-981,48,None,Move,browsing
1571042016.347,-988,22,None,Move,browsing
1571042016.37,-989,1,None,Move,browsing
1571042016.385,-990,-9,None,Move,browsing
1571042016.401,-992,-10,None,Move,browsing
1571042016.416,-996,-7,None,Move,browsing
1571042016.4320002,-1003,-7,None,Move,browsing
1571042016.448,-1011,-4,None,Move,browsing
1571042016.4629998,-1020,-3,None,Move,browsing
1571042016.47,-1023,-3,None,Move,browsing
1571042016.486,-1025,-1,None,Move,browsing
1571042016.564,-1028,0,Left,Pressed,browsing
1571042016.686,-1028,0,Left,Released,browsing
1571042017.0029998,-1023,5,None,Move,browsing
1571042017.018,-1004,22,None,Move,browsing
1571042017.034,-983,41,None,Move,browsing
1571042017.05,-975,51,None,Move,browsing
1571042017.065,-951,83,None,Move,browsing
1571042017.072,-939,101,None,Move,browsing
1571042017.087,-925,141,None,Move,browsing
1571042017.103,-921,184,None,Move,browsing
1571042017.119,-937,261,None,Move,browsing
1571042017.1339998,-975,345,None,Move,browsing
1571042017.15,-1031,421,None,Move,browsing
1571042017.166,-1122,494,None,Move,browsing
1571042017.1720002,-1179,519,None,Move,browsing
1571042017.188,-1305,548,None,Move,browsing
1571042017.2029998,-1431,554,None,Move,browsing
1571042017.219,-1542,551,None,Move,browsing
1571042017.235,-1608,550,None,Move,browsing
1571042017.25,-1617,560,None,Move,browsing
1571042017.288,-1617,561,None,Move,browsing
1571042017.304,-1612,561,None,Move,browsing
1571042017.319,-1607,559,None,Move,browsing
1571042017.335,-1604,557,None,Move,browsing
1571042017.351,-1603,554,None,Move,browsing
1571042017.3660002,-1600,549,None,Move,browsing
1571042017.373,-1598,547,None,Move,browsing
1571042017.3879998,-1593,540,None,Move,browsing
1571042017.404,-1587,534,None,Move,browsing
1571042017.42,-1575,517,None,Move,browsing
1571042017.573,-1566,517,None,Move,browsing
1571042017.589,-1560,518,None,Move,browsing
1571042017.605,-1557,518,None,Move,browsing
1571042017.62,-1557,518,None,Move,browsing
1571042017.6360002,-1557,510,None,Move,browsing
1571042017.6520002,-1565,490,None,Move,browsing
1571042017.667,-1575,469,None,Move,browsing
1571042017.674,-1582,457,None,Move,browsing
1571042017.689,-1600,423,None,Move,browsing
1571042017.705,-1618,387,None,Move,browsing
1571042017.721,-1636,360,None,Move,browsing
1571042017.736,-1687,296,None,Move,browsing
1571042017.752,-1738,234,None,Move,browsing
1571042017.7670002,-1784,178,None,Move,browsing
1571042017.774,-1801,156,None,Move,browsing
1571042017.79,-1828,124,None,Move,browsing
1571042017.805,-1841,106,None,Move,browsing
1571042017.821,-1846,93,None,Move,browsing
1571042017.837,-1847,84,None,Move,browsing
1571042017.8520002,-1848,78,None,Move,browsing
1571042017.8679998,-1850,72,None,Move,browsing
1571042017.8739998,-1850,70,None,Move,browsing
1571042017.889,-1852,68,None,Move,browsing
1571042017.905,-1855,67,None,Move,browsing
1571042017.921,-1859,66,None,Move,browsing
1571042017.936,-1860,66,None,Move,browsing
1571042017.952,-1861,66,None,Move,browsing
1571042018.0370002,-1861,66,None,Move,browsing
1571042018.053,-1861,74,None,Move,browsing
1571042018.074,-1862,84,None,Move,browsing
1571042018.09,-1863,90,None,Move,browsing
1571042018.105,-1864,96,None,Move,browsing
1571042018.121,-1865,98,None,Move,browsing
1571042018.137,-1865,99,None,Move,browsing
1571042018.1520002,-1865,99,None,Move,browsing
1571042018.168,-1865,101,None,Move,browsing
1571042018.19,-1865,101,None,Move,browsing
1571042018.2529998,-1865,102,None,Move,browsing
1571042018.268,-1865,102,None,Move,browsing
1571042018.275,-1865,103,None,Move,browsing
1571042018.29,-1865,104,None,Move,browsing
1571042018.306,-1865,104,None,Move,browsing
1571042018.321,-1865,105,None,Move,browsing
1571042018.3279998,-1865,106,None,Move,browsing
1571042018.344,-1865,107,None,Move,browsing
1571042018.3520002,-1865,109,None,Move,browsing
1571042018.36,-1865,110,None,Move,browsing
1571042018.3679998,-1865,111,None,Move,browsing
1571042018.3760002,-1865,112,None,Move,browsing
1571042018.3779998,-1865,112,None,Move,browsing
1571042018.394,-1865,114,None,Move,browsing
1571042018.41,-1865,115,None,Move,browsing
1571042018.7229998,-1865,115,Left,Pressed,browsing
1571042018.823,-1865,115,Left,Released,browsing
1571042019.894,-1865,115,None,Move,browsing
1571042019.909,-1805,121,None,Move,browsing
1571042019.925,-1657,157,None,Move,browsing
1571042019.941,-1465,216,None,Move,browsing
1571042019.956,-1297,273,None,Move,browsing
1571042019.972,-1130,319,None,Move,browsing
1571042019.978,-1072,329,None,Move,browsing
1571042019.994,-971,345,None,Move,browsing
1571042020.01,-900,347,None,Move,browsing
1571042020.025,-872,345,None,Move,browsing
1571042020.041,-848,333,None,Move,browsing
1571042020.072,-837,314,None,Move,browsing
1571042020.083,-829,297,None,Move,browsing
1571042020.279,-828,297,None,Move,browsing
1571042020.295,-824,301,None,Move,browsing
1571042020.31,-815,313,None,Move,browsing
1571042020.326,-808,319,None,Move,browsing
1571042020.342,-803,322,None,Move,browsing
1571042020.357,-796,327,None,Move,browsing
1571042020.373,-792,330,None,Move,browsing
1571042020.38,-786,334,None,Move,browsing
1571042020.395,-782,339,None,Move,browsing
1571042020.411,-772,346,None,Move,browsing
1571042020.426,-762,351,None,Move,browsing
1571042020.4420002,-751,356,None,Move,browsing
1571042020.458,-738,360,None,Move,browsing
1571042020.48,-728,363,None,Move,browsing
1571042020.495,-718,363,None,Move,browsing
1571042020.5110002,-711,363,None,Move,browsing
1571042020.5270002,-709,363,None,Move,browsing
1571042020.542,-706,363,None,Move,browsing
1571042020.5579998,-705,363,None,Move,browsing
1571042020.58,-704,362,None,Move,browsing
1571042020.596,-702,362,None,Move,browsing
1571042020.611,-700,362,None,Move,browsing
1571042020.627,-699,362,None,Move,browsing
1571042020.643,-697,364,None,Move,browsing
1571042020.658,-693,375,None,Move,browsing
1571042020.68,-691,396,None,Move,browsing
1571042020.696,-690,421,None,Move,browsing
1571042020.712,-690,429,None,Move,browsing
1571042020.7270002,-699,457,None,Move,browsing
1571042020.7429998,-705,465,None,Move,browsing
1571042020.758,-710,470,None,Move,browsing
1571042020.774,-717,475,None,Move,browsing
1571042020.781,-719,477,None,Move,browsing
1571042020.796,-725,482,None,Move,browsing
1571042020.812,-729,487,None,Move,browsing
1571042020.8279998,-732,489,None,Move,browsing
1571042020.9120002,-733,489,None,Move,browsing
1571042020.928,-734,489,None,Move,browsing
1571042020.944,-735,486,None,Move,browsing
1571042020.959,-736,480,None,Move,browsing
1571042020.975,-736,477,None,Move,browsing
1571042020.981,-736,476,None,Move,browsing
1571042020.9970002,-736,474,None,Move,browsing
1571042021.097,-736,474,Left,Pressed,browsing
1571042021.1820002,-736,474,Left,Released,browsing
1571042021.6829998,-731,474,None,Move,browsing
1571042021.699,-702,474,None,Move,browsing
1571042021.714,-642,482,None,Move,browsing
1571042021.745,-554,489,None,Move,browsing
1571042021.7610002,-356,498,None,Move,browsing
1571042021.7770002,-242,502,None,Move,browsing
1571042021.783,-195,504,None,Move,browsing
1571042021.799,-140,502,None,Move,browsing
1571042021.814,-118,499,None,Move,browsing
1571042021.83,-115,498,None,Move,browsing
1571042021.861,-114,496,None,Move,browsing
1571042021.883,-113,495,None,Move,browsing
1571042022.0,-114,494,None,Move,browsing
1571042022.015,-118,494,None,Move,browsing
1571042022.031,-145,492,None,Move,browsing
1571042022.046,-221,490,None,Move,browsing
1571042022.062,-319,493,None,Move,browsing
1571042022.0779998,-443,503,None,Move,browsing
1571042022.084,-488,511,None,Move,browsing
1571042022.1,-588,528,None,Move,browsing
1571042022.115,-638,534,None,Move,browsing
1571042022.131,-743,546,None,Move,browsing
1571042022.147,-877,561,None,Move,browsing
1571042022.1620002,-913,564,None,Move,browsing
1571042022.178,-959,568,None,Move,browsing
1571042022.184,-968,568,None,Move,browsing
1571042022.2,-979,567,None,Move,browsing
1571042022.221,-981,565,None,Move,browsing
1571042022.229,-981,565,None,Move,browsing
1571042022.245,-980,561,None,Move,browsing
1571042022.26,-972,555,None,Move,browsing
1571042022.276,-960,547,None,Move,browsing
1571042022.285,-950,542,None,Move,browsing
1571042022.3,-941,535,None,Move,browsing
1571042022.316,-908,509,None,Move,browsing
1571042022.331,-900,501,None,Move,browsing
1571042022.347,-895,496,None,Move,browsing
1571042022.379,-894,494,None,Move,browsing
1571042022.385,-893,493,None,Move,browsing
1571042022.4,-891,492,None,Move,browsing
1571042022.416,-887,490,None,Move,browsing
1571042022.4320002,-881,487,None,Move,browsing
1571042022.447,-878,486,None,Move,browsing
1571042022.4629998,-875,485,None,Move,browsing
1571042022.478,-873,485,None,Move,browsing
1571042022.485,-872,485,None,Move,browsing
1571042022.5010002,-868,485,None,Move,browsing
1571042022.516,-864,487,None,Move,browsing
1571042022.532,-854,496,None,Move,browsing
1571042022.5470002,-852,498,None,Move,browsing
1571042022.563,-846,505,None,Move,browsing
1571042022.585,-837,514,None,Move,browsing
1571042022.617,-836,515,None,Move,browsing
1571042022.748,-836,516,None,Move,browsing
1571042022.764,-836,517,None,Move,browsing
1571042022.78,-837,519,None,Move,browsing
1571042022.786,-837,519,None,Move,browsing
1571042022.802,-838,520,None,Move,browsing
1571042022.833,-841,524,None,Move,browsing
1571042022.849,-843,526,None,Move,browsing
1571042022.918,-846,526,None,Move,browsing
1571042022.9329998,-847,526,None,Move,browsing
1571042022.949,-848,526,None,Move,browsing
1571042022.965,-849,525,None,Move,browsing
1571042022.98,-849,525,None,Move,browsing
1571042022.9870002,-850,525,None,Move,browsing
1571042023.087,-850,524,Left,Pressed,browsing
1571042023.154,-850,524,Left,Released,browsing
1571042023.209,-850,524,None,Move,browsing
1571042023.225,-847,524,None,Move,browsing
1571042023.2410002,-839,526,None,Move,browsing
1571042023.256,-822,535,None,Move,browsing
1571042023.272,-810,541,None,Move,browsing
1571042023.289,-761,561,None,Move,browsing
1571042023.293,-744,568,None,Move,browsing
1571042023.309,-698,579,None,Move,browsing
1571042023.321,-681,586,None,Move,browsing
1571042023.326,-669,589,None,Move,browsing
1571042023.342,-652,594,None,Move,browsing
1571042023.3579998,-643,597,None,Move,browsing
1571042023.373,-641,598,None,Move,browsing
1571042023.488,-641,598,Left,Pressed,browsing
1571042023.55,-641,598,Left,Released,browsing
1571042023.72,-640,598,None,Move,browsing
1571042023.735,-640,595,None,Move,browsing
1571042023.7510002,-641,592,None,Move,browsing
1571042023.7670002,-642,588,None,Move,browsing
1571042023.782,-643,584,None,Move,browsing
1571042023.789,-643,581,None,Move,browsing
1571042023.804,-644,577,None,Move,browsing
1571042023.82,-644,575,None,Move,browsing
1571042023.889,-644,573,Left,Pressed,browsing
1571042023.967,-644,573,Left,Released,browsing
1571042024.042,-644,573,None,Move,browsing
1571042024.0579998,-644,573,None,Move,browsing
1571042024.073,-643,573,None,Move,browsing
1571042024.0779998,-638,573,None,Move,browsing
1571042024.089,-634,573,None,Move,browsing
1571042024.096,-623,573,None,Move,browsing
1571042024.1120002,-592,573,None,Move,browsing
1571042024.127,-541,569,None,Move,browsing
1571042024.143,-472,557,None,Move,browsing
1571042024.15,-438,554,None,Move,browsing
1571042024.4529998,-432,554,None,Move,browsing
1571042024.476,-425,554,None,Move,browsing
1571042024.485,-419,552,None,Move,browsing
1571042024.49,-413,551,None,Move,browsing
1571042024.502,-401,547,None,Move,browsing
1571042024.5089998,-390,543,None,Move,browsing
1571042024.525,-371,531,None,Move,browsing
1571042024.541,-359,515,None,Move,browsing
1571042024.544,-357,508,None,Move,browsing
1571042024.56,-353,483,None,Move,browsing
1571042024.573,-353,470,None,Move,browsing
1571042024.577,-353,458,None,Move,browsing
1571042024.59,-354,433,None,Move,browsing
1571042024.605,-356,422,None,Move,browsing
1571042024.609,-357,414,None,Move,browsing
1571042024.625,-360,397,None,Move,browsing
1571042024.64,-360,389,None,Move,browsing
1571042024.654,-360,387,None,Move,browsing
1571042024.659,-360,386,None,Move,browsing
1571042026.156,-355,383,None,Move,browsing
1571042026.171,-336,379,None,Move,browsing
1571042026.187,-318,376,None,Move,browsing
1571042026.194,-307,374,None,Move,browsing
1571042026.209,-283,370,None,Move,browsing
1571042026.225,-261,366,None,Move,browsing
1571042026.24,-248,363,None,Move,browsing
1571042026.256,-239,362,None,Move,browsing
1571042026.272,-235,361,None,Move,browsing
1571042027.76,-243,360,None,Move,browsing
1571042027.776,-262,357,None,Move,browsing
1571042027.798,-336,343,None,Move,browsing
1571042027.813,-461,341,None,Move,browsing
1571042027.829,-598,351,None,Move,browsing
1571042027.845,-784,383,None,Move,browsing
1571042027.86,-827,393,None,Move,browsing
1571042027.8760002,-891,406,None,Move,browsing
1571042027.891,-953,413,None,Move,browsing
1571042027.8979998,-969,413,None,Move,browsing
1571042027.914,-991,407,None,Move,browsing
1571042027.929,-1011,397,None,Move,browsing
1571042027.945,-1027,392,None,Move,browsing
1571042028.146,-1025,392,None,Move,browsing
1571042028.161,-1023,392,None,Move,browsing
1571042028.245,-1023,392,None,Move,browsing
1571042028.2610002,-1025,391,None,Move,browsing
1571042028.2770002,-1030,390,None,Move,browsing
1571042028.292,-1034,390,None,Move,browsing
1571042028.33,-1034,390,None,Move,browsing
1571042028.346,-1035,390,None,Move,browsing
1571042028.361,-1035,390,None,Move,browsing
1571042028.377,-1036,392,None,Move,browsing
1571042028.399,-1036,393,None,Move,browsing
1571042028.414,-1037,397,None,Move,browsing
1571042028.43,-1037,400,None,Move,browsing
1571042028.446,-1038,400,None,Move,browsing
1571042028.461,-1038,401,None,Move,browsing
1571042028.4770002,-1038,402,None,Move,browsing
1571042028.4929998,-1038,403,None,Move,browsing
1571042028.4989998,-1038,403,None,Move,browsing
1571042028.514,-1038,404,None,Move,browsing
1571042028.53,-1038,405,None,Move,browsing
1571042031.584,-1037,412,None,Move,browsing
1571042031.6,-1023,439,None,Move,browsing
1571042031.606,-1006,466,None,Move,browsing
1571042031.6220002,-938,551,None,Move,browsing
1571042031.637,-855,652,None,Move,browsing
1571042031.653,-788,767,None,Move,browsing
1571042031.669,-763,891,None,Move,browsing
1571042031.684,-763,931,None,Move,browsing
1571042031.7,-764,971,None,Move,browsing
1571042031.707,-767,983,None,Move,browsing
1571042031.722,-773,999,None,Move,browsing
1571042031.738,-782,1006,None,Move,browsing
1571042031.754,-792,1006,None,Move,browsing
1571042031.769,-798,1006,None,Move,browsing
1571042031.785,-801,1004,None,Move,browsing
1571042031.8,-805,1002,None,Move,browsing
1571042031.8070002,-805,1002,None,Move,browsing
1571042031.823,-806,1000,None,Move,browsing
1571042031.8379998,-807,994,None,Move,browsing
1571042031.854,-814,980,None,Move,browsing
1571042031.869,-832,959,None,Move,browsing
1571042031.885,-857,938,None,Move,browsing
1571042031.907,-887,921,None,Move,browsing
1571042031.923,-923,903,None,Move,browsing
1571042031.939,-938,897,None,Move,browsing
1571042031.954,-968,886,None,Move,browsing
1571042031.97,-974,883,None,Move,browsing
1571042031.985,-982,878,None,Move,browsing
1571042032.008,-982,877,None,Move,browsing
1571042032.1239998,-982,877,None,Move,browsing
1571042032.139,-981,879,None,Move,browsing
1571042032.155,-976,885,None,Move,browsing
1571042032.171,-972,889,None,Move,browsing
1571042032.186,-962,897,None,Move,browsing
1571042032.202,-950,906,None,Move,browsing
1571042032.208,-948,907,None,Move,browsing
1571042032.224,-945,908,None,Move,browsing
1571042032.356,-944,909,Left,Pressed,browsing
1571042032.44,-944,909,Left,Released,browsing
1571042037.699,-944,909,None,Move,browsing
1571042037.722,-953,900,None,Move,browsing
1571042037.7370002,-985,873,None,Move,browsing
1571042037.7529998,-1035,834,None,Move,browsing
1571042037.768,-1087,795,None,Move,browsing
1571042037.784,-1149,745,None,Move,browsing
1571042037.8,-1212,698,None,Move,browsing
1571042037.815,-1268,650,None,Move,browsing
1571042037.822,-1299,627,None,Move,browsing
1571042037.837,-1339,583,None,Move,browsing
1571042037.853,-1363,550,None,Move,browsing
1571042037.869,-1364,547,None,Move,browsing
1571042037.8839998,-1362,545,None,Move,browsing
1571042037.9,-1359,542,None,Move,browsing
1571042037.9220002,-1355,540,None,Move,browsing
1571042037.938,-1352,536,None,Move,browsing
1571042037.9529998,-1346,530,None,Move,browsing
1571042037.969,-1340,524,None,Move,browsing
1571042038.17,-1329,526,None,Move,browsing
1571042038.185,-1321,530,None,Move,browsing
1571042038.201,-1320,532,None,Move,browsing
1571042038.2389998,-1320,532,None,Move,browsing
1571042038.254,-1322,530,None,Move,browsing
1571042038.27,-1322,524,None,Move,browsing
1571042038.286,-1322,518,None,Move,browsing
1571042038.301,-1314,509,None,Move,browsing
1571042038.323,-1306,504,None,Move,browsing
1571042038.339,-1299,501,None,Move,browsing
1571042038.355,-1283,501,None,Move,browsing
1571042038.37,-1228,503,None,Move,browsing
1571042038.3860002,-1211,505,None,Move,browsing
1571042038.4020002,-1204,506,None,Move,browsing
1571042038.424,-1188,510,None,Move,browsing
1571042038.439,-1183,511,None,Move,browsing
1571042038.6320002,-1181,513,None,Move,browsing
1571042038.633,-1180,513,None,Move,browsing
1571042038.649,-1177,515,None,Move,browsing
1571042038.665,-1173,517,None,Move,browsing
1571042038.68,-1157,529,None,Move,browsing
1571042038.696,-1151,533,None,Move,browsing
1571042038.712,-1138,541,None,Move,browsing
1571042038.724,-1132,545,None,Move,browsing
1571042038.74,-1132,546,None,Move,browsing
1571042038.755,-1132,547,None,Move,browsing
1571042038.771,-1132,548,None,Move,browsing
1571042038.7870002,-1133,548,None,Move,browsing
1571042038.802,-1143,537,None,Move,browsing
1571042038.825,-1148,531,None,Move,browsing
1571042038.84,-1152,526,None,Move,browsing
1571042038.856,-1160,512,None,Move,browsing
1571042038.8720002,-1172,493,None,Move,browsing
1571042038.887,-1194,441,None,Move,browsing
1571042038.903,-1197,422,None,Move,browsing
1571042039.041,-1197,422,None,Move,browsing
1571042039.056,-1186,431,None,Move,browsing
1571042039.072,-1179,435,None,Move,browsing
1571042039.0879998,-1165,446,None,Move,browsing
1571042039.103,-1142,468,None,Move,browsing
1571042039.119,-1131,478,None,Move,browsing
1571042039.125,-1119,492,None,Move,browsing
1571042039.141,-1100,520,None,Move,browsing
1571042039.157,-1081,555,None,Move,browsing
1571042039.1720002,-1063,598,None,Move,browsing
1571042039.188,-1047,643,None,Move,browsing
1571042039.204,-1030,691,None,Move,browsing
1571042039.219,-1014,726,None,Move,browsing
1571042039.226,-1007,739,None,Move,browsing
1571042039.2410002,-995,761,None,Move,browsing
1571042039.2570002,-987,778,None,Move,browsing
1571042039.2729998,-983,790,None,Move,browsing
1571042039.288,-983,797,None,Move,browsing
1571042039.304,-984,802,None,Move,browsing
1571042039.326,-987,809,None,Move,browsing
1571042039.342,-990,814,None,Move,browsing
1571042039.357,-993,822,None,Move,browsing
1571042039.373,-995,832,None,Move,browsing
1571042039.389,-995,841,None,Move,browsing
1571042039.404,-996,847,None,Move,browsing
1571042039.42,-996,849,None,Move,browsing
1571042039.426,-996,850,None,Move,browsing
1571042039.4420002,-996,850,None,Move,browsing
1571042039.458,-997,854,None,Move,browsing
1571042039.4729998,-999,862,None,Move,browsing
1571042039.4889998,-999,874,None,Move,browsing
1571042039.504,-999,885,None,Move,browsing
1571042039.5270002,-999,888,None,Move,browsing
1571042039.542,-998,899,None,Move,browsing
1571042039.5579998,-995,905,None,Move,browsing
1571042039.574,-993,911,None,Move,browsing
1571042039.589,-990,920,None,Move,browsing
1571042039.605,-989,925,None,Move,browsing
1571042039.62,-988,926,None,Move,browsing
1571042039.721,-988,926,None,Move,browsing
1571042039.959,-989,926,None,Move,browsing
1571042039.974,-989,924,None,Move,browsing
1571042039.99,-990,921,None,Move,browsing
1571042040.006,-990,918,None,Move,browsing
1571042040.021,-990,916,None,Move,browsing
1571042040.028,-990,915,None,Move,browsing
1571042040.043,-990,914,None,Move,browsing
1571042041.093,-990,914,Left,Pressed,browsing
1571042041.177,-990,914,Left,Released,browsing
1571042041.519,-990,912,None,Move,browsing
1571042041.535,-990,911,None,Move,browsing
1571042041.5570002,-990,911,None,Move,browsing
1571042041.573,-990,910,None,Move,browsing
1571042041.583,-990,910,None,Move,browsing
1571042041.591,-990,909,None,Move,browsing
1571042041.592,-990,908,None,Move,browsing
1571042041.607,-990,907,None,Move,browsing
1571042041.623,-990,903,None,Move,browsing
1571042041.63,-990,901,None,Move,browsing
1571042041.646,-990,896,None,Move,browsing
1571042041.655,-990,892,None,Move,browsing
1571042041.658,-990,888,None,Move,browsing
1571042041.6720002,-990,878,None,Move,browsing
1571042041.674,-990,872,None,Move,browsing
1571042041.689,-990,854,None,Move,browsing
1571042041.705,-993,833,None,Move,browsing
1571042041.72,-996,806,None,Move,browsing
1571042041.73,-997,789,None,Move,browsing
1571042041.746,-999,759,None,Move,browsing
1571042041.762,-1002,731,None,Move,browsing
1571042041.7770002,-1006,702,None,Move,browsing
1571042041.793,-1014,669,None,Move,browsing
1571042041.809,-1025,631,None,Move,browsing
1571042041.831,-1029,606,None,Move,browsing
1571042041.846,-1030,598,None,Move,browsing
1571042041.8620002,-1030,595,None,Move,browsing
1571042041.8779998,-1030,592,None,Move,browsing
1571042041.893,-1032,587,None,Move,browsing
1571042041.909,-1040,576,None,Move,browsing
1571042041.925,-1051,561,None,Move,browsing
1571042041.931,-1054,554,None,Move,browsing
1571042042.4629998,-1055,550,None,Move,browsing
1571042042.479,-1054,550,None,Move,browsing
1571042042.51,-1054,550,None,Move,browsing
1571042042.548,-1053,551,None,Move,browsing
1571042042.564,-1052,552,None,Move,browsing
1571042042.579,-1051,553,None,Move,browsing
1571042042.595,-1051,555,None,Move,browsing
1571042042.679,-1050,555,None,Move,browsing
1571042042.695,-1050,555,None,Move,browsing
1571042042.7329998,-1049,555,None,Move,browsing
1571042042.748,-1048,555,None,Move,browsing
1571042043.313,-1047,555,None,Move,browsing
1571042043.335,-1047,555,None,Move,browsing
1571042043.35,-1043,554,None,Move,browsing
1571042043.3660002,-1033,552,None,Move,browsing
1571042043.3820002,-1007,551,None,Move,browsing
1571042043.397,-957,543,None,Move,browsing
1571042043.413,-882,534,None,Move,browsing
1571042043.428,-791,528,None,Move,browsing
1571042043.435,-739,526,None,Move,browsing
1571042043.451,-633,527,None,Move,browsing
1571042043.466,-519,529,None,Move,browsing
1571042043.482,-481,529,None,Move,browsing
1571042043.4970002,-436,520,None,Move,browsing
1571042043.5129998,-402,488,None,Move,browsing
1571042043.529,-376,477,None,Move,browsing
1571042043.814,-373,477,None,Move,browsing
1571042043.83,-366,478,None,Move,browsing
1571042043.836,-361,478,None,Move,browsing
1571042043.8520002,-346,481,None,Move,browsing
1571042043.867,-336,481,None,Move,browsing
1571042043.883,-323,479,None,Move,browsing
1571042043.899,-319,477,None,Move,browsing
1571042043.914,-312,475,None,Move,browsing
1571042043.93,-285,465,None,Move,browsing
1571042043.936,-277,462,None,Move,browsing
1571042043.952,-260,456,None,Move,browsing
1571042043.968,-232,446,None,Move,browsing
1571042043.9829998,-222,440,None,Move,browsing
1571042043.9989998,-213,436,None,Move,browsing
1571042044.015,-209,434,None,Move,browsing
1571042044.03,-207,433,None,Move,browsing
1571042044.0370002,-207,432,None,Move,browsing
1571042044.052,-206,432,None,Move,browsing
1571042186.6239998,-192,429,None,Move,browsing
1571042784.135,-123,418,Left,Pressed,browsing
1571042784.143,-123,418,Left,Released,browsing
1571063805.653,-123,410,None,Move,browsing
