client_timestamp,x,y,button,state,window
1574505632.91,1307,289,None,Move,file system
1574505632.936,2366,812,None,Move,file system
1574505632.952,1953,923,None,Move,file system
1574505632.967,1946,979,None,Move,file system
1574505632.9829998,1927,1130,None,Move,file system
1574505632.9989998,1912,1138,None,Move,file system
1574505633.014,1887,1125,None,Move,file system
1574505633.03,1852,1122,None,Move,file system
1574505633.036,1829,1122,None,Move,file system
1574505633.052,1776,1127,None,Move,file system
1574505633.0679998,1702,1127,None,Move,file system
1574505633.083,1613,1137,None,Move,file system
1574505633.099,1490,1133,None,Move,file system
1574505633.115,1420,1133,None,Move,file system
1574505633.13,1302,1120,None,Move,file system
1574505633.137,1238,1114,None,Move,file system
1574505633.1520002,1098,1114,None,Move,file system
1574505633.168,1080,1081,None,Move,file system
1574505633.184,1061,1079,None,Move,file system
1574505633.199,1059,1077,None,Move,file system
1574505633.221,1056,1066,None,Move,file system
1574505633.2370002,1056,1044,None,Move,file system
1574505633.252,1063,1015,None,Move,file system
1574505633.268,1086,965,None,Move,file system
1574505633.2970002,1107,928,None,Move,file system
1574505633.312,1141,876,None,Move,file system
1574505633.325,1153,861,None,Move,file system
1574505633.336,1162,848,None,Move,file system
1574505633.35,1180,828,None,Move,file system
1574505633.3620002,1191,815,None,Move,file system
1574505633.3760002,1195,810,None,Move,file system
1574505633.3860002,1199,803,None,Move,file system
1574505633.3979998,1203,799,None,Move,file system
1574505633.409,1205,794,None,Move,file system
1574505633.42,1214,781,None,Move,file system
1574505633.43,1220,771,None,Move,file system
1574505633.439,1224,760,None,Move,file system
1574505633.447,1229,751,None,Move,file system
1574505633.455,1230,744,None,Move,file system
1574505633.461,1231,736,None,Move,file system
1574505633.468,1231,730,None,Move,file system
1574505633.475,1231,724,None,Move,file system
1574505633.481,1231,715,None,Move,file system
1574505633.4889998,1227,706,None,Move,file system
1574505633.4970002,1224,696,None,Move,file system
1574505633.505,1217,685,None,Move,file system
1574505633.5129998,1207,668,None,Move,file system
1574505633.521,1197,653,None,Move,file system
1574505633.53,1181,633,None,Move,file system
1574505633.539,1166,618,None,Move,file system
1574505633.544,1151,606,None,Move,file system
1574505633.56,1097,577,None,Move,file system
1574505633.575,1079,570,None,Move,file system
1574505633.591,1065,565,None,Move,file system
1574505633.606,1037,556,None,Move,file system
1574505633.6220002,1029,553,None,Move,file system
1574505633.637,1024,552,None,Move,file system
1574505633.653,1016,551,None,Move,file system
1574505633.668,1001,551,None,Move,file system
1574505633.684,984,554,None,Move,file system
1574505633.7,959,560,None,Move,file system
1574505633.715,919,570,None,Move,file system
1574505633.731,911,571,None,Move,file system
1574505633.7370002,901,572,None,Move,file system
1574505633.7529998,885,580,None,Move,file system
1574505633.769,878,586,None,Move,file system
1574505633.784,876,591,None,Move,file system
1574505633.8,876,593,None,Move,file system
1574505633.815,875,595,None,Move,file system
1574505633.8379998,874,597,None,Move,file system
1574505633.853,872,602,None,Move,file system
1574505633.885,872,605,None,Move,file system
1574505633.9,872,607,None,Move,file system
1574505633.916,872,608,None,Move,file system
1574505633.936,871,608,None,Move,file system
1574505633.948,869,610,None,Move,file system
1574505633.956,869,611,None,Move,file system
1574505633.962,868,612,None,Move,file system
1574505633.978,867,614,None,Move,file system
1574505634.141,867,614,None,Move,file system
1574505634.156,870,614,None,Move,file system
1574505634.163,875,615,None,Move,file system
1574505634.179,879,615,None,Move,file system
1574505634.1829998,885,615,None,Move,file system
1574505634.199,896,615,None,Move,file system
1574505634.215,915,616,None,Move,file system
1574505634.23,938,619,None,Move,file system
1574505634.25,953,622,None,Move,file system
1574505634.262,962,623,None,Move,file system
1574505634.27,965,623,None,Move,file system
1574505634.274,967,624,None,Move,file system
1574505634.63,967,624,None,Move,file system
1574505634.645,965,624,None,Move,file system
1574505634.668,962,624,None,Move,file system
1574505634.6829998,957,624,None,Move,file system
1574505634.699,951,624,None,Move,file system
1574505635.697,950,624,None,Move,file system
1574505635.712,950,616,None,Move,file system
1574505635.728,950,615,None,Move,file system
1574505635.744,950,611,None,Move,file system
1574505635.7589998,950,609,None,Move,file system
1574505635.7729998,950,605,None,Move,file system
1574505635.788,950,603,None,Move,file system
1574505635.804,951,600,None,Move,file system
1574505635.82,951,599,None,Move,file system
1574505635.835,951,596,None,Move,file system
1574505635.851,952,594,None,Move,file system
1574505635.867,952,592,None,Move,file system
1574505635.873,952,590,None,Move,file system
1574505635.889,952,589,None,Move,file system
1574505635.92,952,587,None,Move,file system
1574505639.1820002,952,586,Left,Pressed,file system
1574505639.283,952,586,Left,Released,file system
1574505676.461,980,374,None,Move,file system
1574505676.62,981,356,None,Move,file system
1574505676.635,985,319,None,Move,file system
1574505676.651,986,301,None,Move,file system
1574505676.666,986,251,None,Move,file system
1574505676.6820002,979,223,None,Move,file system
1574505676.698,976,207,None,Move,file system
1574505676.704,975,194,None,Move,file system
1574505676.72,970,173,None,Move,file system
1574505676.735,969,164,None,Move,file system
1574505676.7510002,968,161,None,Move,file system
1574505676.904,968,164,None,Move,file system
1574505676.92,961,185,None,Move,file system
1574505676.936,951,214,None,Move,file system
1574505676.951,936,243,None,Move,file system
1574505676.967,921,265,None,Move,file system
1574505676.982,909,281,None,Move,file system
1574505676.998,902,287,None,Move,file system
1574505677.005,901,288,None,Move,file system
1574505677.036,901,288,Left,Pressed,file system
1574505677.1520002,901,288,Left,Released,file system
1574505742.887,906,784,None,Move,file system
1574505742.918,1045,524,None,Move,file system
1574505742.936,1045,520,None,Move,file system
1574505742.948,1043,518,None,Move,file system
1574505742.96,1043,518,None,Move,file system
1574505742.962,1042,517,None,Move,file system
1574505742.986,1042,516,None,Move,file system
1574505743.053,1042,516,Left,Pressed,file system
1574505743.133,1042,516,Left,Released,file system
1574505820.936,900,668,None,Move,development
1574505820.9529998,911,665,None,Move,development
1574505820.967,933,662,None,Move,development
1574505820.98,955,656,None,Move,development
1574505820.9929998,976,647,None,Move,development
1574505821.008,989,641,None,Move,development
1574505821.02,1018,626,None,Move,development
1574505821.032,1035,620,None,Move,development
1574505821.044,1073,604,None,Move,development
1574505821.0570002,1129,581,None,Move,development
1574505821.071,1158,571,None,Move,development
1574505821.082,1266,533,None,Move,development
1574505821.095,1320,511,None,Move,development
1574505821.1079998,1424,469,None,Move,development
1574505821.12,1462,454,None,Move,development
1574505821.133,1537,416,None,Move,development
1574505821.147,1578,396,None,Move,development
1574505821.1620002,1612,381,None,Move,development
1574505821.176,1626,375,None,Move,development
1574505821.191,1667,355,None,Move,development
1574505821.2029998,1693,342,None,Move,development
1574505821.214,1698,338,None,Move,development
1574505821.222,1702,336,None,Move,development
1574505821.2329998,1702,335,None,Move,development
1574505821.2410002,1702,331,None,Move,development
1574505821.2489998,1701,329,None,Move,development
1574505821.2589998,1699,324,None,Move,development
1574505821.2729998,1693,310,None,Move,development
1574505821.292,1687,281,None,Move,development
1574505821.31,1689,258,None,Move,development
1574505821.323,1694,244,None,Move,development
1574505821.34,1705,218,None,Move,development
1574505821.3520002,1706,214,None,Move,development
1574505821.3639998,1709,208,None,Move,development
1574505821.3760002,1709,201,None,Move,development
1574505821.3879998,1713,192,None,Move,development
1574505821.4020002,1714,184,None,Move,development
1574505821.414,1725,160,None,Move,development
1574505821.428,1729,151,None,Move,development
1574505821.4420002,1744,127,None,Move,development
1574505821.457,1758,107,None,Move,development
1574505821.4729998,1774,89,None,Move,development
1574505821.484,1786,79,None,Move,development
1574505821.495,1804,64,None,Move,development
1574505821.504,1815,56,None,Move,development
1574505821.514,1826,47,None,Move,development
1574505821.525,1835,36,None,Move,development
1574505821.535,1838,34,None,Move,development
1574505821.545,1838,33,None,Move,development
1574505821.62,1838,32,None,Move,development
1574505821.689,1840,31,None,Move,development
1574505821.707,1845,31,None,Move,development
1574505821.724,1855,29,None,Move,development
1574505821.736,1859,28,None,Move,development
1574505821.75,1864,27,None,Move,development
1574505821.764,1870,25,None,Move,development
1574505821.774,1873,25,None,Move,development
1574505821.785,1876,24,None,Move,development
1574505821.799,1879,24,None,Move,development
1574505821.81,1881,24,None,Move,development
1574505821.821,1883,24,None,Move,development
1574505821.834,1884,24,None,Move,development
1574505821.849,1886,24,None,Move,development
1574505821.861,1888,24,None,Move,development
1574505821.939,1888,24,Left,Pressed,development
1574505822.0110002,1888,24,Left,Released,development
1574505822.4429998,1879,30,None,Move,file system
1574505822.456,1864,38,None,Move,file system
1574505822.466,1846,47,None,Move,file system
1574505822.475,1827,55,None,Move,file system
1574505822.484,1764,78,None,Move,file system
1574505822.4989998,1688,99,None,Move,file system
1574505822.5070002,1665,102,None,Move,file system
1574505822.515,1642,106,None,Move,file system
1574505822.531,1625,109,None,Move,file system
1574505822.543,1601,114,None,Move,file system
1574505822.556,1588,114,None,Move,file system
1574505822.5679998,1586,114,None,Move,file system
1574505822.58,1582,114,None,Move,file system
1574505822.6339998,1581,114,None,Move,file system
1574505822.651,1581,114,None,Move,file system
1574505822.663,1577,114,None,Move,file system
1574505822.673,1575,114,None,Move,file system
1574505822.68,1573,114,None,Move,file system
1574505822.688,1569,113,None,Move,file system
1574505822.695,1566,113,None,Move,file system
1574505822.701,1563,111,None,Move,file system
1574505822.708,1560,110,None,Move,file system
1574505822.714,1556,109,None,Move,file system
1574505822.7229998,1553,108,None,Move,file system
1574505822.731,1550,106,None,Move,file system
1574505822.748,1538,101,None,Move,file system
1574505822.7610002,1528,96,None,Move,file system
1574505822.774,1506,87,None,Move,file system
1574505822.79,1481,78,None,Move,file system
1574505822.803,1454,68,None,Move,file system
1574505822.815,1443,65,None,Move,file system
1574505822.829,1428,58,None,Move,file system
1574505822.844,1420,54,None,Move,file system
1574505822.855,1418,53,None,Move,file system
1574505822.865,1417,53,None,Move,file system
1574505822.8760002,1416,52,None,Move,file system
1574505822.891,1415,52,None,Move,file system
1574505822.899,1413,50,None,Move,file system
1574505822.909,1411,49,None,Move,file system
1574505822.92,1409,48,None,Move,file system
1574505822.928,1408,47,None,Move,file system
1574505822.935,1406,46,None,Move,file system
1574505822.9420002,1403,44,None,Move,file system
1574505822.951,1402,44,None,Move,file system
1574505822.9629998,1401,43,None,Move,file system
1574505823.091,1401,43,Left,Pressed,file system
1574505823.106,1400,43,None,Drag,file system
1574505823.123,1399,44,None,Drag,file system
1574505823.1320002,1396,45,None,Drag,file system
1574505823.139,1396,46,None,Drag,file system
1574505823.1479998,1394,49,None,Drag,file system
1574505823.156,1392,50,None,Drag,file system
1574505823.166,1390,51,None,Drag,file system
1574505823.173,1389,53,None,Drag,file system
1574505823.1820002,1386,54,None,Drag,file system
1574505823.1920002,1386,54,None,Drag,file system
1574505823.2029998,1384,56,None,Drag,file system
1574505823.211,1383,57,None,Drag,file system
1574505823.226,1382,58,None,Drag,file system
1574505823.2510002,1381,59,None,Drag,file system
1574505823.2589998,1380,60,None,Drag,file system
1574505823.275,1379,61,None,Drag,file system
1574505823.29,1379,62,None,Drag,file system
1574505823.314,1378,62,None,Drag,file system
1574505823.394,1378,62,Left,Released,file system
1574505823.539,1378,62,None,Move,file system
1574505823.552,1379,62,None,Move,file system
1574505823.566,1387,62,None,Move,file system
1574505823.582,1405,65,None,Move,file system
1574505823.595,1421,68,None,Move,file system
1574505823.607,1454,73,None,Move,file system
1574505823.621,1486,78,None,Move,file system
1574505823.635,1502,81,None,Move,file system
1574505823.647,1541,86,None,Move,file system
1574505823.663,1567,93,None,Move,file system
1574505823.675,1580,94,None,Move,file system
1574505823.688,1583,94,None,Move,file system
1574505823.7,1588,94,None,Move,file system
1574505823.709,1589,94,None,Move,file system
1574505823.716,1591,94,None,Move,file system
1574505823.724,1593,94,None,Move,file system
1574505823.732,1594,94,None,Move,file system
1574505823.7429998,1597,94,None,Move,file system
1574505823.755,1601,94,None,Move,file system
1574505823.768,1604,94,None,Move,file system
1574505823.786,1608,94,None,Move,file system
1574505823.799,1608,94,None,Move,file system
1574505823.8170002,1609,93,None,Move,file system
1574505823.832,1611,93,None,Move,file system
1574505823.849,1615,92,None,Move,file system
1574505823.86,1620,90,None,Move,file system
1574505823.87,1627,87,None,Move,file system
1574505823.88,1631,85,None,Move,file system
1574505823.887,1640,82,None,Move,file system
1574505823.894,1649,81,None,Move,file system
1574505823.9,1655,79,None,Move,file system
1574505823.907,1662,78,None,Move,file system
1574505823.915,1668,75,None,Move,file system
1574505823.924,1677,74,None,Move,file system
1574505823.935,1683,73,None,Move,file system
1574505823.945,1688,70,None,Move,file system
1574505823.9529998,1690,70,None,Move,file system
1574505823.965,1693,68,None,Move,file system
1574505823.976,1694,67,None,Move,file system
1574505823.9870002,1697,65,None,Move,file system
1574505823.9970002,1698,63,None,Move,file system
1574505824.006,1698,61,None,Move,file system
1574505824.018,1699,59,None,Move,file system
1574505824.028,1699,58,None,Move,file system
1574505824.059,1699,57,None,Move,file system
1574505824.155,1699,57,Left,Pressed,file system
1574505824.2270002,1699,57,Left,Released,file system
1574505824.355,1698,57,None,Move,file system
1574505824.365,1695,57,None,Move,file system
1574505824.377,1691,57,None,Move,file system
1574505824.385,1684,58,None,Move,file system
1574505824.396,1655,63,None,Move,file system
1574505824.404,1635,67,None,Move,file system
1574505824.414,1607,70,None,Move,file system
1574505824.428,1533,79,None,Move,file system
1574505824.44,1491,84,None,Move,file system
1574505824.455,1410,93,None,Move,file system
1574505824.465,1375,98,None,Move,file system
1574505824.4729998,1353,99,None,Move,file system
1574505824.485,1303,103,None,Move,file system
1574505824.5010002,1285,103,None,Move,file system
1574505824.515,1242,110,None,Move,file system
1574505824.528,1230,111,None,Move,file system
1574505824.54,1211,116,None,Move,file system
1574505824.553,1198,117,None,Move,file system
1574505824.5670002,1170,122,None,Move,file system
1574505824.577,1154,125,None,Move,file system
1574505824.5879998,1125,130,None,Move,file system
1574505824.6,1111,133,None,Move,file system
1574505824.611,1080,138,None,Move,file system
1574505824.6220002,1064,138,None,Move,file system
1574505824.6420002,1027,140,None,Move,file system
1574505824.657,989,140,None,Move,file system
1574505824.669,961,140,None,Move,file system
1574505824.685,946,141,None,Move,file system
1574505824.7,943,142,None,Move,file system
1574505824.717,942,142,None,Move,file system
1574505824.738,940,142,None,Move,file system
1574505824.752,939,142,None,Move,file system
1574505824.765,935,143,None,Move,file system
1574505824.7770002,931,145,None,Move,file system
1574505824.789,925,148,None,Move,file system
1574505824.8,921,148,None,Move,file system
1574505824.814,916,151,None,Move,file system
1574505824.827,913,152,None,Move,file system
1574505824.839,906,157,None,Move,file system
1574505824.854,896,161,None,Move,file system
1574505824.869,888,166,None,Move,file system
1574505824.88,884,168,None,Move,file system
1574505824.891,880,171,None,Move,file system
1574505824.905,879,172,None,Move,file system
1574505824.919,878,174,None,Move,file system
1574505824.9320002,877,175,None,Move,file system
1574505824.946,877,176,None,Move,file system
1574505824.9870002,876,179,None,Move,file system
1574505825.002,876,179,Left,Pressed,file system
1574505825.012,876,180,None,Drag,file system
1574505825.0229998,875,183,None,Drag,file system
1574505825.035,874,187,None,Drag,file system
1574505825.045,873,189,None,Drag,file system
1574505825.053,872,190,None,Drag,file system
1574505825.06,871,193,None,Drag,file system
1574505825.07,870,195,None,Drag,file system
1574505825.077,869,198,None,Drag,file system
1574505825.085,867,200,None,Drag,file system
1574505825.094,866,202,None,Drag,file system
1574505825.1020002,865,206,None,Drag,file system
1574505825.111,864,209,None,Drag,file system
1574505825.121,863,211,None,Drag,file system
1574505825.1320002,858,218,None,Drag,file system
1574505825.147,854,221,None,Drag,file system
1574505825.158,851,223,None,Drag,file system
1574505825.169,850,224,None,Drag,file system
1574505825.1820002,847,225,None,Drag,file system
1574505825.194,845,226,None,Drag,file system
1574505825.204,841,226,None,Drag,file system
1574505825.214,845,226,Left,Released,file system
1574505825.2229998,840,226,None,Move,file system
1574505825.236,836,226,None,Move,file system
1574505825.2489998,833,226,None,Move,file system
1574505825.262,826,226,None,Move,file system
1574505825.276,822,225,None,Move,file system
1574505825.286,820,225,None,Move,file system
1574505825.299,819,225,None,Move,file system
1574505825.407,819,225,Right,Pressed,file system
1574505825.486,818,225,None,Drag,file system
1574505825.5070002,818,225,Right,Released,file system
1574505825.515,818,225,None,Move,file system
1574505825.53,808,225,None,Move,file system
1574505825.542,800,225,None,Move,file system
1574505825.554,797,225,None,Move,file system
1574505825.562,796,225,None,Move,file system
1574505825.571,795,225,None,Move,file system
1574505825.775,795,225,None,Move,file system
1574505825.795,793,225,None,Move,file system
1574505825.809,791,225,None,Move,file system
1574505825.823,790,225,None,Move,file system
1574505825.863,789,225,None,Move,file system
1574505825.9020002,789,225,Left,Pressed,file system
1574505825.9889998,789,225,Left,Released,file system
1574505836.596,958,540,None,Move,file system
1574505836.606,951,540,None,Move,file system
1574505836.6220002,913,529,None,Move,file system
1574505836.637,856,502,None,Move,file system
1574505836.646,812,479,None,Move,file system
1574505836.655,768,453,None,Move,file system
1574505836.664,717,426,None,Move,file system
1574505836.678,615,360,None,Move,file system
1574505836.698,571,335,None,Move,file system
1574505837.041,543,333,None,Move,file system
1574505837.052,483,322,None,Move,file system
1574505837.063,412,311,None,Move,file system
1574505837.075,340,296,None,Move,file system
1574505837.084,115,253,None,Move,file system
1574505837.097,-78,213,None,Move,file system
1574505837.1079998,-131,201,None,Move,file system
1574505837.119,-169,192,None,Move,file system
1574505837.127,-204,183,None,Move,file system
1574505837.1339998,-226,176,None,Move,file system
1574505837.1420002,-239,167,None,Move,file system
1574505837.153,-256,156,None,Move,file system
1574505837.163,-262,151,None,Move,file system
1574505837.178,-270,140,None,Move,file system
1574505837.189,-272,131,None,Move,file system
1574505837.2,-273,114,None,Move,file system
1574505837.215,-268,104,None,Move,file system
1574505837.226,-256,81,None,Move,file system
1574505837.2370002,-249,73,None,Move,file system
1574505837.248,-242,63,None,Move,file system
1574505837.2610002,-205,28,None,Move,file system
1574505837.271,-191,20,None,Move,file system
1574505837.28,-172,6,None,Move,file system
1574505837.289,-151,-6,None,Move,file system
1574505837.2970002,-135,-9,None,Move,file system
1574505837.309,-112,-11,None,Move,file system
1574505837.3170002,-57,-22,None,Move,file system
1574505837.326,-42,-5,None,Move,file system
1574505837.3379998,-37,0,None,Move,file system
1574505837.356,-33,4,None,Move,file system
1574505837.367,-39,19,None,Move,file system
1574505837.379,-49,36,None,Move,file system
1574505837.391,-104,87,None,Move,file system
1574505837.403,-155,122,None,Move,file system
1574505837.417,-306,183,None,Move,file system
1574505837.431,-480,219,None,Move,file system
1574505837.445,-554,227,None,Move,file system
1574505837.46,-651,229,None,Move,file system
1574505837.474,-883,228,None,Move,file system
1574505837.492,-984,222,None,Move,file system
1574505837.5110002,-1059,200,None,Move,file system
1574505837.5229998,-1066,192,None,Move,file system
1574505837.5370002,-1071,179,None,Move,file system
1574505837.554,-1064,164,None,Move,file system
1574505837.5679998,-1060,156,None,Move,file system
1574505837.726,-1059,156,None,Move,file system
1574505837.745,-1059,156,None,Move,file system
1574505837.756,-1056,154,None,Move,file system
1574505837.769,-1056,152,None,Move,file system
1574505837.778,-1056,150,None,Move,file system
1574505837.785,-1057,147,None,Move,file system
1574505837.793,-1061,143,None,Move,file system
1574505837.8070002,-1067,138,None,Move,file system
1574505837.82,-1071,136,None,Move,file system
1574505837.834,-1080,130,None,Move,file system
1574505837.847,-1095,123,None,Move,file system
1574505837.861,-1111,115,None,Move,file system
1574505837.8739998,-1116,108,None,Move,file system
1574505837.8920002,-1119,100,None,Move,file system
1574505837.905,-1120,94,None,Move,file system
1574505837.919,-1120,87,None,Move,file system
1574505837.9320002,-1121,83,None,Move,file system
1574505837.946,-1126,72,None,Move,file system
1574505837.965,-1131,62,None,Move,file system
1574505837.979,-1134,58,None,Move,file system
1574505838.033,-1134,58,Right,Pressed,file system
1574505838.101,-1134,58,Right,Released,file system
1574505838.149,-1134,58,None,Move,file system
1574505838.16,-1135,58,None,Move,file system
1574505838.174,-1138,58,None,Move,file system
1574505838.1829998,-1139,58,None,Move,file system
1574505838.194,-1143,59,None,Move,file system
1574505838.207,-1147,59,None,Move,file system
1574505838.215,-1150,59,None,Move,file system
1574505838.2229998,-1152,59,None,Move,file system
1574505838.2370002,-1155,59,None,Move,file system
1574505838.2510002,-1157,59,None,Move,file system
1574505838.2629998,-1158,59,None,Move,file system
1574505838.2770002,-1160,59,None,Move,file system
1574505838.29,-1161,59,None,Move,file system
1574505838.302,-1162,59,None,Move,file system
1574505838.315,-1162,59,None,Move,file system
1574505838.349,-1163,59,None,Move,file system
1574505838.476,-1163,59,Left,Pressed,file system
1574505838.533,-1163,59,Left,Released,file system
1574505838.63,-1163,59,None,Move,file system
1574505838.6420002,-1161,59,None,Move,file system
1574505838.655,-1154,62,None,Move,file system
1574505838.67,-1145,66,None,Move,file system
1574505838.681,-1139,69,None,Move,file system
1574505838.691,-1103,88,None,Move,file system
1574505838.701,-1090,94,None,Move,file system
1574505838.715,-1060,110,None,Move,file system
1574505838.728,-1046,119,None,Move,file system
1574505838.742,-1029,127,None,Move,file system
1574505838.755,-980,157,None,Move,file system
1574505838.7670002,-974,161,None,Move,file system
1574505838.778,-973,162,None,Move,file system
1574505838.789,-973,163,None,Move,file system
1574505838.982,-973,163,Left,Pressed,file system
1574505838.992,-972,163,None,Drag,file system
1574505839.03,-972,163,Left,Released,file system
1574505839.12,-972,163,Left,Pressed,file system
1574505839.191,-972,163,Left,Released,file system
1574505840.413,-971,163,None,Move,file system
1574505840.423,-963,161,None,Move,file system
1574505840.436,-957,160,None,Move,file system
1574505840.448,-943,161,None,Move,file system
1574505840.459,-932,166,None,Move,file system
1574505840.47,-911,176,None,Move,file system
1574505840.48,-898,185,None,Move,file system
1574505840.4889998,-883,197,None,Move,file system
1574505840.5010002,-869,212,None,Move,file system
1574505840.5089998,-857,235,None,Move,file system
1574505840.5170002,-846,258,None,Move,file system
1574505840.524,-835,299,None,Move,file system
1574505840.531,-827,347,None,Move,file system
1574505840.5470002,-819,472,None,Move,file system
1574505840.56,-825,638,None,Move,file system
1574505840.573,-861,812,None,Move,file system
1574505840.586,-878,877,None,Move,file system
1574505840.6,-918,963,None,Move,file system
1574505840.613,-929,989,None,Move,file system
1574505840.6260002,-946,1027,None,Move,file system
1574505840.637,-953,1040,None,Move,file system
1574505840.647,-963,1057,None,Move,file system
1574505840.656,-967,1063,None,Move,file system
1574505840.665,-970,1069,None,Move,file system
1574505840.675,-972,1072,None,Move,file system
1574505840.689,-974,1077,None,Move,file system
1574505840.701,-975,1079,None,Move,file system
1574505840.717,-975,1081,None,Move,file system
1574505840.728,-975,1084,None,Move,file system
1574505840.7410002,-975,1080,None,Move,file system
1574505840.7529998,-975,1084,None,Move,file system
1574505840.766,-972,1089,None,Move,file system
1574505840.778,-955,1116,None,Move,file system
1574505840.792,-939,1124,None,Move,file system
1574505840.809,-914,1148,None,Move,file system
1574505840.823,-904,1109,None,Move,file system
1574505840.836,-882,1131,None,Move,file system
1574505840.849,-865,1114,None,Move,file system
1574505840.861,-852,1101,None,Move,file system
1574505840.875,-850,1083,None,Move,file system
1574505840.8860002,-848,1080,None,Move,file system
1574505840.909,-848,1074,None,Move,file system
1574505840.924,-852,1064,None,Move,file system
1574505840.937,-852,1057,None,Move,file system
1574505840.949,-852,1056,None,Move,file system
1574505841.198,-852,1050,None,Move,file system
1574505841.214,-850,1032,None,Move,file system
1574505841.229,-850,1026,None,Move,file system
1574505841.246,-850,1023,None,Move,file system
1574505841.2629998,-847,1002,None,Move,file system
1574505841.274,-846,993,None,Move,file system
1574505841.288,-845,983,None,Move,file system
1574505841.35,-845,982,None,Move,file system
1574505841.36,-845,981,None,Move,file system
1574505841.406,-845,981,None,Move,file system
1574505841.418,-844,981,None,Move,file system
1574505841.4320002,-843,981,None,Move,file system
1574505841.446,-843,981,None,Move,file system
1574505841.459,-842,983,None,Move,file system
1574505841.472,-835,1003,None,Move,file system
1574505841.486,-820,1061,None,Move,file system
1574505841.505,-797,1165,None,Move,file system
1574505841.519,-775,1197,None,Move,file system
1574505841.5370002,-756,1206,None,Move,file system
1574505841.551,-741,1169,None,Move,file system
1574505841.565,-735,1106,None,Move,file system
1574505841.5779998,-726,1129,None,Move,file system
1574505841.593,-723,1094,None,Move,file system
1574505841.606,-719,1107,None,Move,file system
1574505841.6179998,-716,1110,None,Move,file system
1574505841.631,-715,1094,None,Move,file system
1574505841.6420002,-715,1082,None,Move,file system
1574505841.653,-715,1081,None,Move,file system
1574505841.666,-715,1081,None,Move,file system
1574505841.685,-715,1080,None,Move,file system
1574505841.701,-715,1080,None,Move,file system
1574505841.712,-715,1081,None,Move,file system
1574505841.725,-715,1080,None,Move,file system
1574505841.7370002,-715,1082,None,Move,file system
1574505841.7489998,-715,1080,None,Move,file system
1574505841.766,-715,1081,None,Move,file system
1574505841.8479998,-715,1079,None,Move,file system
1574505841.865,-715,1079,None,Move,file system
1574505841.8760002,-715,1078,None,Move,file system
1574505841.8879998,-716,1074,None,Move,file system
1574505841.901,-716,1070,None,Move,file system
1574505841.913,-717,1063,None,Move,file system
1574505841.926,-717,1062,None,Move,file system
1574505841.944,-717,1061,None,Move,file system
1574505842.015,-717,1060,None,Move,file system
1574505842.026,-717,1058,None,Move,file system
1574505842.04,-718,1053,None,Move,file system
1574505842.051,-720,1049,None,Move,file system
1574505842.063,-721,1043,None,Move,file system
1574505842.074,-723,1033,None,Move,file system
1574505842.086,-725,1026,None,Move,file system
1574505842.097,-731,1001,None,Move,file system
1574505842.106,-736,981,None,Move,file system
1574505842.12,-754,929,None,Move,file system
1574505842.1279998,-766,898,None,Move,file system
1574505842.1360002,-783,856,None,Move,file system
1574505842.144,-802,809,None,Move,file system
1574505842.154,-824,765,None,Move,file system
1574505842.1620002,-844,725,None,Move,file system
1574505842.176,-870,682,None,Move,file system
1574505842.19,-898,637,None,Move,file system
1574505842.2029998,-907,623,None,Move,file system
1574505842.216,-911,613,None,Move,file system
1574505842.23,-914,604,None,Move,file system
1574505842.2429998,-915,576,None,Move,file system
1574505842.254,-914,564,None,Move,file system
1574505842.268,-914,562,None,Move,file system
1574505842.28,-914,562,None,Move,file system
1574505842.6260002,-913,562,None,Move,file system
1574505842.6420002,-906,561,None,Move,file system
1574505842.654,-896,561,None,Move,file system
1574505842.665,-854,561,None,Move,file system
1574505842.673,-832,561,None,Move,file system
1574505842.681,-803,561,None,Move,file system
1574505842.689,-767,561,None,Move,file system
1574505842.697,-724,561,None,Move,file system
1574505842.705,-666,564,None,Move,file system
1574505842.715,-556,574,None,Move,file system
1574505842.7270002,-485,582,None,Move,file system
1574505842.74,-400,595,None,Move,file system
1574505842.756,-226,622,None,Move,file system
1574505842.769,13,664,None,Move,file system
1574505842.783,313,721,None,Move,file system
1574505842.798,442,751,None,Move,file system
1574505842.811,678,793,None,Move,file system
1574505842.824,894,828,None,Move,file system
1574505842.84,1069,855,None,Move,file system
1574505842.853,1134,858,None,Move,file system
1574505842.8639998,1261,864,None,Move,file system
1574505842.8720002,1315,866,None,Move,file system
1574505842.8820002,1352,866,None,Move,file system
1574505842.894,1401,866,None,Move,file system
1574505842.9020002,1460,859,None,Move,file system
1574505842.909,1474,858,None,Move,file system
1574505842.917,1487,855,None,Move,file system
1574505842.926,1497,852,None,Move,file system
1574505842.941,1504,849,None,Move,file system
1574505842.949,1519,842,None,Move,file system
1574505842.958,1527,840,None,Move,file system
1574505842.967,1534,838,None,Move,file system
1574505842.976,1544,835,None,Move,file system
1574505842.9829998,1549,834,None,Move,file system
1574505842.99,1556,831,None,Move,file system
1574505843.0,1562,829,None,Move,file system
1574505843.008,1569,824,None,Move,file system
1574505843.015,1573,821,None,Move,file system
1574505843.022,1578,816,None,Move,file system
1574505843.03,1582,813,None,Move,file system
1574505843.0370002,1584,811,None,Move,file system
1574505843.046,1587,809,None,Move,file system
1574505843.056,1592,807,None,Move,file system
1574505843.069,1597,803,None,Move,file system
1574505843.083,1608,795,None,Move,file system
1574505843.096,1615,780,None,Move,file system
1574505843.111,1614,758,None,Move,file system
1574505843.13,1598,730,None,Move,file system
1574505843.144,1546,686,None,Move,file system
1574505843.154,1513,662,None,Move,file system
1574505843.166,1422,615,None,Move,file system
1574505843.1820002,1380,598,None,Move,file system
1574505843.196,1300,567,None,Move,file system
1574505843.211,1243,541,None,Move,file system
1574505843.228,1211,527,None,Move,file system
1574505843.245,1190,514,None,Move,file system
1574505843.2629998,1157,499,None,Move,file system
1574505843.279,1132,491,None,Move,file system
1574505843.292,1120,488,None,Move,file system
1574505843.3079998,1091,481,None,Move,file system
1574505843.32,1067,477,None,Move,file system
1574505843.334,1036,472,None,Move,file system
1574505843.346,1020,469,None,Move,file system
1574505843.357,974,464,None,Move,file system
1574505843.37,958,461,None,Move,file system
1574505843.383,908,450,None,Move,file system
1574505843.396,867,441,None,Move,file system
1574505843.409,831,431,None,Move,file system
1574505843.419,779,421,None,Move,file system
1574505843.43,771,420,None,Move,file system
1574505843.441,766,419,None,Move,file system
1574505843.478,765,419,None,Move,file system
1574505843.488,764,418,None,Move,file system
1574505843.4989998,763,417,None,Move,file system
1574505843.5110002,759,415,None,Move,file system
1574505843.524,758,414,None,Move,file system
1574505843.5370002,756,414,None,Move,file system
1574505843.551,754,412,None,Move,file system
1574505843.563,753,412,None,Move,file system
1574505843.577,752,411,None,Move,file system
1574505843.594,751,410,None,Move,file system
1574505843.607,750,408,None,Move,file system
1574505843.62,748,406,None,Move,file system
1574505843.6339998,743,401,None,Move,file system
1574505843.649,739,398,None,Move,file system
1574505843.67,738,397,None,Move,file system
1574505844.0229998,738,397,Left,Pressed,file system
1574505844.077,738,397,Left,Released,file system
1574505844.174,738,397,Left,Pressed,file system
1574505844.231,738,397,Left,Released,file system
1574505845.9020002,740,397,None,Move,office
1574505845.909,745,396,None,Move,office
1574505845.917,751,396,None,Move,office
1574505845.926,755,396,None,Move,office
1574505845.934,762,395,None,Move,office
1574505845.9420002,765,391,None,Move,office
1574505845.95,766,389,None,Move,office
1574505845.959,768,384,None,Move,office
1574505845.967,770,380,None,Move,office
1574505845.976,770,372,None,Move,office
1574505845.9829998,770,362,None,Move,office
1574505845.9970002,767,349,None,Move,office
1574505846.014,766,321,None,Move,office
1574505846.022,766,317,None,Move,office
1574505846.2610002,766,316,None,Move,office
1574505846.275,766,317,None,Move,office
1574505846.288,766,320,None,Move,office
1574505846.301,766,320,None,Move,office
1574505846.315,772,312,None,Move,office
1574505846.329,796,257,None,Move,office
1574505846.34,818,199,None,Move,office
1574505846.351,864,84,None,Move,office
1574505846.3620002,878,50,None,Move,office
1574505846.373,888,20,None,Move,office
1574505846.3860002,903,-15,None,Move,office
1574505846.397,908,-12,None,Move,office
1574505846.407,913,-11,None,Move,office
1574505846.415,918,-16,None,Move,office
1574505846.424,919,-4,None,Move,office
1574505846.4329998,919,-4,None,Move,office
1574505846.44,919,-3,None,Move,office
1574505846.454,919,-5,None,Move,office
1574505846.4629998,921,-6,None,Move,office
1574505846.4729998,921,-3,None,Move,office
1574505846.486,922,-2,None,Move,office
1574505846.4989998,924,-5,None,Move,office
1574505846.5779998,925,0,None,Move,office
1574505846.591,926,0,None,Move,office
1574505846.604,935,18,None,Move,office
1574505846.621,945,39,None,Move,office
1574505846.6360002,949,51,None,Move,office
1574505846.6520002,949,54,None,Move,office
1574505846.668,949,56,None,Move,office
1574505846.735,949,56,None,Move,office
1574505846.745,949,53,None,Move,office
1574505846.755,949,51,None,Move,office
1574505846.765,949,49,None,Move,office
1574505846.775,946,45,None,Move,office
1574505846.786,946,44,None,Move,office
1574505846.795,946,44,None,Move,office
1574505846.805,946,43,None,Move,office
1574505846.816,945,41,None,Move,office
1574505846.8279998,945,40,None,Move,office
1574505846.839,944,39,None,Move,office
1574505846.8479998,943,37,None,Move,office
1574505846.856,942,35,None,Move,office
1574505846.865,941,34,None,Move,office
1574505846.871,940,32,None,Move,office
1574505846.885,940,31,None,Move,office
1574505846.975,940,31,Left,Pressed,office
1574505847.1220002,939,31,None,Drag,office
1574505847.135,937,31,None,Drag,office
1574505847.147,931,31,None,Drag,office
1574505847.156,925,31,None,Drag,office
1574505847.17,911,31,None,Drag,office
1574505847.19,752,31,None,Drag,office
1574505847.2,691,31,None,Drag,office
1574505847.209,618,31,None,Drag,office
1574505847.22,545,31,None,Drag,office
1574505847.23,479,28,None,Drag,office
1574505847.2389998,300,25,None,Drag,office
1574505847.248,211,22,None,Drag,office
1574505847.2570002,104,16,None,Drag,office
1574505847.274,-45,2,None,Drag,office
1574505847.282,-80,-16,None,Drag,office
1574505847.29,-73,-18,None,Drag,office
1574505847.3,-67,-11,None,Drag,office
1574505847.313,-123,-22,None,Drag,office
1574505847.32,-47,-7,None,Drag,office
1574505847.326,-52,-8,None,Drag,office
1574505847.335,-51,-8,None,Drag,office
1574505847.343,-43,-7,None,Drag,office
1574505847.35,-36,-6,None,Drag,office
1574505847.3579998,-30,-5,None,Drag,office
1574505847.3660002,-23,-3,None,Drag,office
1574505847.375,-36,-7,None,Drag,office
1574505847.3839998,-56,-10,None,Drag,office
1574505847.391,-43,-8,None,Drag,office
1574505847.3979998,-52,-10,None,Drag,office
1574505847.407,-47,-7,None,Drag,office
1574505847.417,-63,-9,None,Drag,office
1574505847.427,-54,-5,None,Drag,office
1574505847.439,-91,-2,None,Drag,office
1574505847.448,-41,0,None,Drag,office
1574505847.458,-33,0,None,Drag,office
1574505847.466,-40,0,None,Drag,office
1574505847.4729998,-45,0,None,Drag,office
1574505847.482,-42,1,None,Drag,office
1574505847.4910002,-41,1,None,Drag,office
1574505847.498,-42,3,None,Drag,office
1574505847.506,-41,3,None,Drag,office
1574505847.515,-52,3,None,Drag,office
1574505847.521,-50,6,None,Drag,office
1574505847.53,-88,6,None,Drag,office
1574505847.5370002,-123,6,None,Drag,office
1574505847.5470002,-151,6,None,Drag,office
1574505847.554,-173,6,None,Drag,office
1574505847.5670002,-198,5,None,Drag,office
1574505847.576,-271,3,None,Drag,office
1574505847.583,-299,2,None,Drag,office
1574505847.593,-327,0,None,Drag,office
1574505847.6,-357,0,None,Drag,office
1574505847.613,-384,-1,None,Drag,office
1574505847.621,-441,0,None,Drag,office
1574505847.63,-454,0,None,Drag,office
1574505847.6379998,-465,0,None,Drag,office
1574505847.646,-473,0,None,Drag,office
1574505847.655,-479,0,None,Drag,office
1574505847.664,-486,1,None,Drag,office
1574505847.6720002,-490,2,None,Drag,office
1574505847.6820002,-498,4,None,Drag,office
1574505847.6929998,-504,7,None,Drag,office
1574505847.7029998,-509,9,None,Drag,office
1574505847.7129998,-518,12,None,Drag,office
1574505847.72,-544,18,None,Drag,office
1574505847.73,-555,21,None,Drag,office
1574505847.7370002,-560,22,None,Drag,office
1574505847.75,-580,27,None,Drag,office
1574505847.76,-588,31,None,Drag,office
1574505847.768,-595,34,None,Drag,office
1574505847.782,-609,38,None,Drag,office
1574505847.79,-615,40,None,Drag,office
1574505847.798,-621,42,None,Drag,office
1574505847.806,-627,44,None,Drag,office
1574505847.814,-634,47,None,Drag,office
1574505847.824,-642,49,None,Drag,office
1574505847.834,-648,50,None,Drag,office
1574505847.843,-659,53,None,Drag,office
1574505847.85,-671,57,None,Drag,office
1574505847.857,-686,60,None,Drag,office
1574505847.865,-712,65,None,Drag,office
1574505847.873,-731,69,None,Drag,office
1574505847.879,-746,71,None,Drag,office
1574505847.887,-760,75,None,Drag,office
1574505847.896,-775,78,None,Drag,office
1574505847.903,-786,81,None,Drag,office
1574505847.91,-794,84,None,Drag,office
1574505847.919,-803,88,None,Drag,office
1574505847.935,-819,95,None,Drag,office
1574505847.9429998,-828,100,None,Drag,office
1574505847.962,-834,103,None,Drag,office
1574505847.97,-858,114,None,Drag,office
1574505847.9910002,-868,117,None,Drag,office
1574505848.0,-910,133,None,Drag,office
1574505848.008,-921,137,None,Drag,office
1574505848.016,-934,141,None,Drag,office
1574505848.024,-945,145,None,Drag,office
1574505848.04,-983,157,None,Drag,office
1574505848.048,-1005,165,None,Drag,office
1574505848.0579998,-1025,172,None,Drag,office
1574505848.065,-1045,179,None,Drag,office
1574505848.073,-1066,184,None,Drag,office
1574505848.079,-1089,192,None,Drag,office
1574505848.089,-1108,199,None,Drag,office
1574505848.096,-1136,209,None,Drag,office
1574505848.104,-1155,214,None,Drag,office
1574505848.1120002,-1169,217,None,Drag,office
1574505848.12,-1182,221,None,Drag,office
1574505848.1279998,-1194,223,None,Drag,office
1574505848.1360002,-1210,227,None,Drag,office
1574505848.145,-1222,229,None,Drag,office
1574505848.1520002,-1235,231,None,Drag,office
1574505848.1620002,-1249,233,None,Drag,office
1574505848.17,-1261,233,None,Drag,office
1574505848.177,-1274,233,None,Drag,office
1574505848.186,-1287,233,None,Drag,office
1574505848.194,-1299,233,None,Drag,office
1574505848.201,-1311,233,None,Drag,office
1574505848.209,-1321,233,None,Drag,office
1574505848.216,-1332,233,None,Drag,office
1574505848.232,-1347,231,None,Drag,office
1574505848.24,-1354,223,None,Drag,office
1574505848.2470002,-1358,214,None,Drag,office
1574505848.2570002,-1358,203,None,Drag,office
1574505848.265,-1357,188,None,Drag,office
1574505848.28,-1357,176,None,Drag,office
1574505848.355,-1357,176,Left,Released,office
1574505848.6179998,-1354,176,None,Move,office
1574505848.627,-1345,179,None,Move,office
1574505848.6379998,-1337,184,None,Move,office
1574505848.65,-1327,191,None,Move,office
1574505848.658,-1321,196,None,Move,office
1574505848.666,-1316,197,None,Move,office
1574505848.674,-1314,197,None,Move,office
1574505848.6820002,-1312,196,None,Move,office
1574505848.69,-1311,195,None,Move,office
1574505848.7,-1303,194,None,Move,office
1574505848.708,-1298,192,None,Move,office
1574505848.716,-1292,190,None,Move,office
1574505848.725,-1287,189,None,Move,office
1574505848.734,-1282,187,None,Move,office
1574505848.744,-1276,185,None,Move,office
1574505848.7510002,-1269,182,None,Move,office
1574505848.7589998,-1262,181,None,Move,office
1574505848.7670002,-1255,180,None,Move,office
1574505848.775,-1251,180,None,Move,office
1574505848.783,-1245,179,None,Move,office
1574505848.79,-1242,179,None,Move,office
1574505848.798,-1241,179,None,Move,office
1574505848.8079998,-1240,179,None,Move,office
1574505848.994,-1240,178,None,Move,office
1574505849.006,-1239,177,None,Move,office
1574505849.021,-1235,173,None,Move,office
1574505849.053,-1239,177,Left,Pressed,office
1574505849.066,-1222,161,None,Drag,office
1574505849.074,-1211,150,None,Drag,office
1574505849.081,-1203,143,None,Drag,office
1574505849.087,-1196,137,None,Drag,office
1574505849.096,-1190,131,None,Drag,office
1574505849.105,-1182,125,None,Drag,office
1574505849.111,-1175,117,None,Drag,office
1574505849.119,-1166,108,None,Drag,office
1574505849.125,-1156,98,None,Drag,office
1574505849.1320002,-1149,89,None,Drag,office
1574505849.139,-1144,78,None,Drag,office
1574505849.146,-1139,66,None,Drag,office
1574505849.154,-1136,51,None,Drag,office
1574505849.163,-1130,34,None,Drag,office
1574505849.171,-1128,19,None,Drag,office
1574505849.178,-1123,0,None,Drag,office
1574505849.187,-1116,-15,None,Drag,office
1574505849.195,-1112,-11,None,Drag,office
1574505849.202,-1106,-13,None,Drag,office
1574505849.211,-1101,-12,None,Drag,office
1574505849.218,-1095,-10,None,Drag,office
1574505849.228,-1089,-10,None,Drag,office
1574505849.244,-1080,-17,None,Drag,office
1574505849.255,-1077,-8,None,Drag,office
1574505849.274,-1061,-40,None,Drag,office
1574505849.2870002,-1059,-8,None,Drag,office
1574505849.298,-1057,-10,None,Drag,office
1574505849.309,-1054,-19,None,Drag,office
1574505849.32,-1053,-8,None,Drag,office
1574505849.335,-1052,-7,None,Drag,office
1574505849.346,-1050,-14,None,Drag,office
1574505849.3579998,-1048,-2,None,Drag,office
1574505849.37,-1048,-3,None,Drag,office
1574505849.3820002,-1048,0,Left,Released,office
1574505849.5170002,-1048,3,None,Move,office
1574505849.5270002,-1048,11,None,Move,office
1574505849.5370002,-1047,24,None,Move,office
1574505849.548,-1047,39,None,Move,office
1574505849.555,-1047,57,None,Move,office
1574505849.564,-1047,95,None,Move,office
1574505849.573,-1047,110,None,Move,office
1574505849.582,-1047,126,None,Move,office
1574505849.59,-1049,137,None,Move,office
1574505849.5979998,-1051,145,None,Move,office
1574505849.6079998,-1053,151,None,Move,office
1574505849.6179998,-1056,155,None,Move,office
1574505849.6260002,-1057,157,None,Move,office
1574505849.637,-1061,161,None,Move,office
1574505849.646,-1063,162,None,Move,office
1574505849.653,-1064,164,None,Move,office
1574505849.66,-1065,164,None,Move,office
1574505849.668,-1065,165,None,Move,office
1574505849.676,-1066,165,None,Move,office
1574505849.6920002,-1066,165,None,Move,office
1574505849.701,-1066,165,None,Move,office
1574505849.716,-1068,166,None,Move,office
1574505849.724,-1069,166,None,Move,office
1574505849.735,-1070,166,None,Move,office
1574505849.75,-1078,167,None,Move,office
1574505849.762,-1081,168,None,Move,office
1574505849.7729998,-1091,169,None,Move,office
1574505849.782,-1095,169,None,Move,office
1574505849.792,-1101,169,None,Move,office
1574505849.801,-1104,169,None,Move,office
1574505849.8079998,-1106,169,None,Move,office
1574505849.815,-1108,169,None,Move,office
1574505849.822,-1111,168,None,Move,office
1574505849.8279998,-1114,167,None,Move,office
1574505849.836,-1119,167,None,Move,office
1574505849.844,-1125,164,None,Move,office
1574505849.8520002,-1129,163,None,Move,office
1574505849.861,-1136,161,None,Move,office
1574505849.869,-1142,159,None,Move,office
1574505849.8779998,-1146,158,None,Move,office
1574505849.887,-1149,157,None,Move,office
1574505849.895,-1154,156,None,Move,office
1574505849.9020002,-1156,156,None,Move,office
1574505849.909,-1158,155,None,Move,office
1574505849.916,-1159,155,None,Move,office
1574505849.939,-1160,154,None,Move,office
1574505849.9529998,-1161,154,None,Move,office
1574505849.971,-1162,154,None,Move,office
1574505850.083,-1162,153,None,Move,office
1574505850.14,-1162,153,Left,Pressed,office
1574505850.1620002,-1162,153,None,Drag,office
1574505850.171,-1162,152,None,Drag,office
1574505850.179,-1160,150,None,Drag,office
1574505850.187,-1155,148,None,Drag,office
1574505850.199,-1151,145,None,Drag,office
1574505850.216,-1137,137,None,Drag,office
1574505850.224,-1130,130,None,Drag,office
1574505850.23,-1124,126,None,Drag,office
1574505850.2370002,-1119,122,None,Drag,office
1574505850.2429998,-1114,117,None,Drag,office
1574505850.2510002,-1109,111,None,Drag,office
1574505850.26,-1103,104,None,Drag,office
1574505850.2670002,-1100,100,None,Drag,office
1574505850.275,-1097,95,None,Drag,office
1574505850.29,-1093,89,None,Drag,office
1574505850.299,-1087,73,None,Drag,office
1574505850.313,-1084,66,None,Drag,office
1574505850.324,-1078,51,None,Drag,office
1574505850.339,-1071,40,None,Drag,office
1574505850.347,-1068,34,None,Drag,office
1574505850.355,-1067,32,None,Drag,office
1574505850.365,-1065,28,None,Drag,office
1574505850.373,-1064,26,None,Drag,office
1574505850.38,-1062,22,None,Drag,office
1574505850.387,-1061,19,None,Drag,office
1574505850.396,-1059,16,None,Drag,office
1574505850.403,-1059,12,None,Drag,office
1574505850.4120002,-1057,7,None,Drag,office
1574505850.421,-1055,3,None,Drag,office
1574505850.4320002,-1053,-3,None,Drag,office
1574505850.447,-1047,-29,None,Drag,office
1574505850.456,-1045,-9,None,Drag,office
1574505850.466,-1043,-7,None,Drag,office
1574505850.484,-1041,-13,None,Drag,office
1574505850.496,-1038,-13,None,Drag,office
1574505850.5070002,-1038,-4,None,Drag,office
1574505850.531,-1038,-3,None,Drag,office
1574505850.546,-1035,-19,None,Drag,office
1574505850.555,-1035,0,Left,Released,office
1574505850.563,-1033,-5,None,Move,office
1574505850.579,-1032,-4,None,Move,office
1574505850.589,-1031,-2,None,Move,office
1574505850.869,-1030,0,None,Move,office
1574505850.879,-1028,4,None,Move,office
1574505850.8879998,-1025,10,None,Move,office
1574505850.896,-1020,19,None,Move,office
1574505850.904,-1015,27,None,Move,office
1574505850.914,-1008,36,None,Move,office
1574505850.923,-1003,46,None,Move,office
1574505850.931,-995,56,None,Move,office
1574505850.941,-972,90,None,Move,office
1574505850.949,-959,106,None,Move,office
1574505850.956,-942,127,None,Move,office
1574505850.965,-928,144,None,Move,office
1574505850.972,-909,164,None,Move,office
1574505850.981,-891,187,None,Move,office
1574505850.9889998,-869,212,None,Move,office
1574505850.9970002,-852,233,None,Move,office
1574505851.008,-837,250,None,Move,office
1574505851.021,-808,283,None,Move,office
1574505851.034,-792,298,None,Move,office
1574505851.044,-774,314,None,Move,office
1574505851.052,-759,330,None,Move,office
1574505851.059,-749,338,None,Move,office
1574505851.066,-740,344,None,Move,office
1574505851.079,-728,355,None,Move,office
1574505851.089,-723,362,None,Move,office
1574505851.097,-718,367,None,Move,office
1574505851.104,-716,368,None,Move,office
1574505851.11,-713,371,None,Move,office
1574505851.117,-709,375,None,Move,office
1574505851.125,-707,377,None,Move,office
1574505851.1320002,-704,381,None,Move,office
1574505851.141,-699,385,None,Move,office
1574505851.1479998,-695,388,None,Move,office
1574505851.157,-691,392,None,Move,office
1574505851.166,-689,394,None,Move,office
1574505851.175,-687,397,None,Move,office
1574505851.185,-683,399,None,Move,office
1574505851.194,-682,401,None,Move,office
1574505851.204,-681,401,None,Move,office
1574505851.217,-680,401,None,Move,office
1574505851.229,-680,402,None,Move,office
1574505886.694,-678,402,None,Move,file system
1574505886.712,-625,376,None,Move,file system
1574505886.731,-628,382,None,Move,file system
1574505886.7489998,-634,396,None,Move,file system
1574505886.764,-641,418,None,Move,file system
1574505886.7770002,-646,443,None,Move,file system
1574505886.791,-652,466,None,Move,file system
1574505886.8070002,-654,489,None,Move,file system
1574505886.821,-655,497,None,Move,file system
1574505886.835,-656,519,None,Move,file system
1574505886.853,-656,539,None,Move,file system
1574505886.871,-659,564,None,Move,file system
1574505886.887,-660,572,None,Move,file system
1574505886.901,-665,592,None,Move,file system
1574505886.913,-670,601,None,Move,file system
1574505886.926,-673,605,None,Move,file system
1574505886.9420002,-680,619,None,Move,file system
1574505886.957,-685,637,None,Move,file system
1574505886.969,-687,652,None,Move,file system
1574505886.981,-687,660,None,Move,file system
1574505886.9970002,-684,671,None,Move,file system
1574505887.01,-680,677,None,Move,file system
1574505887.022,-679,678,None,Move,file system
1574505887.035,-678,679,None,Move,file system
1574505887.08,-678,680,None,Move,file system
1574505887.096,-678,680,None,Move,file system
1574505887.1079998,-679,680,None,Move,file system
1574505887.216,-680,680,None,Move,file system
1574505887.232,-680,678,None,Move,file system
1574505887.245,-682,673,None,Move,file system
1574505887.2589998,-684,665,None,Move,file system
1574505887.274,-685,661,None,Move,file system
1574505887.286,-685,658,None,Move,file system
1574505887.299,-686,651,None,Move,file system
1574505887.312,-686,647,None,Move,file system
1574505887.326,-687,643,None,Move,file system
1574505887.341,-688,642,None,Move,file system
1574505887.355,-688,640,None,Move,file system
1574505887.367,-688,638,None,Move,file system
1574505887.379,-688,638,None,Move,file system
1574505887.3920002,-689,637,None,Move,file system
1574505887.405,-689,635,None,Move,file system
1574505887.419,-689,634,None,Move,file system
1574505887.434,-689,631,None,Move,file system
1574505887.449,-690,629,None,Move,file system
1574505887.462,-690,628,None,Move,file system
1574505887.475,-690,627,None,Move,file system
1574505887.4910002,-690,625,None,Move,file system
1574505887.5070002,-690,625,None,Move,file system
1574505887.52,-690,621,None,Move,file system
1574505887.532,-690,619,None,Move,file system
1574505887.545,-689,617,None,Move,file system
1574505887.5579998,-689,615,None,Move,file system
1574505887.57,-689,614,None,Move,file system
1574505887.587,-689,613,None,Move,file system
1574505887.6020002,-689,612,None,Move,file system
1574505887.6139998,-689,611,None,Move,file system
1574505887.6260002,-689,610,None,Move,file system
1574505887.637,-688,608,None,Move,file system
1574505887.649,-688,608,None,Move,file system
1574505887.659,-688,607,None,Move,file system
1574505887.671,-688,606,None,Move,file system
1574505887.684,-687,605,None,Move,file system
1574505887.702,-687,604,None,Move,file system
1574505887.717,-687,603,None,Move,file system
1574505887.73,-687,603,None,Move,file system
1574505887.7429998,-687,600,None,Move,file system
1574505887.76,-687,599,None,Move,file system
1574505887.7729998,-687,598,None,Move,file system
1574505887.789,-686,598,None,Move,file system
1574505887.8839998,-686,598,Left,Pressed,file system
1574505887.981,-686,598,Left,Released,file system
1574506564.745,-703,572,None,Move,office
1574506564.7670002,-787,269,None,Move,office
1574506564.783,-787,266,None,Move,office
1574506564.798,-786,263,None,Move,office
1574506564.814,-786,257,None,Move,office
1574506564.83,-787,249,None,Move,office
1574506564.845,-788,243,None,Move,office
1574506564.867,-788,240,None,Move,office
1574506564.883,-788,239,None,Move,office
1574506564.899,-788,238,None,Move,office
1574506564.914,-787,238,None,Move,office
1574506564.93,-786,236,None,Move,office
1574506564.946,-781,234,None,Move,office
1574506564.961,-773,229,None,Move,office
1574506564.968,-771,228,None,Move,office
1574506565.015,-770,228,None,Move,office
1574506565.03,-769,232,None,Move,office
1574506565.046,-767,238,None,Move,office
1574506565.062,-763,250,None,Move,office
1574506565.0679998,-761,257,None,Move,office
1574506565.084,-752,281,None,Move,office
1574506565.099,-737,323,None,Move,office
1574506565.115,-730,341,None,Move,office
1574506565.1320002,-712,371,None,Move,office
1574506565.1479998,-704,379,None,Move,office
1574506565.168,-701,381,None,Move,office
1574506565.256,-701,381,Left,Pressed,office
1574506565.315,-701,381,Left,Released,office
1574506565.569,-700,381,None,Move,office
1574506565.584,-698,381,None,Move,office
1574506565.6,-697,380,None,Move,office
1574506565.6160002,-695,379,None,Move,office
1574506565.631,-693,377,None,Move,office
1574506565.647,-692,376,None,Move,office
1574506567.778,-692,376,None,Move,office
1574506567.794,-692,375,None,Move,office
1574506567.809,-692,374,None,Move,office
1574506567.84,-692,373,None,Move,office
1574506567.8779998,-691,373,None,Move,office
1574506567.91,-691,372,None,Move,office
1574506568.496,-691,372,None,Move,office
1574506568.512,-691,371,None,Move,office
1574506568.543,-690,370,None,Move,office
1574506568.5579998,-690,369,None,Move,office
1574506568.574,-689,369,None,Move,office
1574506568.6279998,-689,369,None,Move,office
1574506568.697,-689,368,None,Move,office
1574506568.944,-689,368,None,Move,office
1574506568.959,-688,367,None,Move,office
1574506569.314,-688,366,None,Move,office
1574506569.331,-688,362,None,Move,office
1574506569.3379998,-688,361,None,Move,office
1574506569.3379998,-687,360,None,Move,office
1574506569.354,-687,359,None,Move,office
1574506569.369,-686,355,None,Move,office
1574506569.3820002,-685,351,None,Move,office
1574506569.3979998,-684,349,None,Move,office
1574506569.414,-684,346,None,Move,office
1574506569.429,-684,341,None,Move,office
1574506569.445,-686,335,None,Move,office
1574506569.46,-690,329,None,Move,office
1574506569.482,-695,322,None,Move,office
1574506569.498,-700,313,None,Move,office
1574506569.514,-704,306,None,Move,office
1574506569.529,-706,301,None,Move,office
1574506569.545,-706,298,None,Move,office
1574506569.561,-707,296,None,Move,office
1574506569.583,-707,295,None,Move,office
1574506569.615,-707,295,None,Move,office
1574506569.799,-707,295,Right,Pressed,office
1574506569.883,-707,295,Right,Released,office
1574506570.046,-707,294,None,Move,office
1574506570.077,-705,292,None,Move,office
1574506570.084,-705,290,None,Move,office
1574506570.1,-703,287,None,Move,office
1574506570.115,-703,282,None,Move,office
1574506570.131,-702,279,None,Move,office
1574506570.146,-701,275,None,Move,office
1574506570.1620002,-701,274,None,Move,office
1574506570.178,-700,272,None,Move,office
1574506570.184,-700,271,None,Move,office
1574506570.202,-699,269,None,Move,office
1574506570.272,-699,269,Left,Pressed,office
1574506570.331,-699,269,Left,Released,office
1574506570.548,-699,269,None,Move,office
1574506570.563,-700,270,None,Move,office
1574506570.585,-704,274,None,Move,office
1574506570.6,-709,277,None,Move,office
1574506570.6160002,-716,279,None,Move,office
1574506570.6320002,-723,281,None,Move,office
1574506570.647,-732,283,None,Move,office
1574506570.663,-741,285,None,Move,office
1574506570.685,-751,288,None,Move,office
1574506570.701,-760,291,None,Move,office
1574506570.716,-768,293,None,Move,office
1574506570.732,-772,294,None,Move,office
1574506570.748,-774,294,None,Move,office
1574506570.8479998,-774,294,Left,Pressed,office
1574506570.917,-774,294,Left,Released,office
1574506571.018,-774,294,Left,Pressed,office
1574506571.086,-774,294,Left,Released,office
1574506571.202,-774,294,Left,Pressed,office
1574506571.24,-774,294,Left,Released,office
1574506571.39,-774,294,None,Move,office
1574506571.405,-773,293,None,Move,office
1574506571.421,-771,290,None,Move,office
1574506571.437,-765,289,None,Move,office
1574506571.452,-755,285,None,Move,office
1574506571.468,-738,283,None,Move,office
1574506571.49,-723,282,None,Move,office
1574506571.506,-713,282,None,Move,office
1574506571.521,-708,282,None,Move,office
1574506571.5370002,-707,282,None,Move,office
1574506571.791,-707,282,Left,Pressed,office
1574506571.869,-707,282,Left,Released,office
1574506576.512,-706,282,None,Move,office
1574506576.597,-705,282,None,Move,office
1574506576.613,-705,281,None,Move,office
1574506582.184,-701,277,None,Move,office
1574506582.2,-700,276,None,Move,office
1574506582.208,-698,275,None,Move,office
1574506582.215,-697,274,None,Move,office
1574506582.224,-695,272,None,Move,office
1574506582.24,-692,270,None,Move,office
1574506582.256,-690,267,None,Move,office
1574506582.268,-688,265,None,Move,office
1574506582.284,-686,262,None,Move,office
1574506582.299,-685,261,None,Move,office
1574506582.315,-685,259,None,Move,office
1574506582.336,-683,256,None,Move,office
1574506582.674,-683,253,None,Move,office
1574506582.68,-683,251,None,Move,office
1574506582.696,-683,247,None,Move,office
1574506623.405,-685,247,None,Move,office
1574506623.42,-751,295,None,Move,office
1574506623.488,-751,296,None,Move,office
1574506623.5029998,-751,298,None,Move,office
1574506623.519,-751,300,None,Move,office
1574506623.525,-750,302,None,Move,office
1574506623.54,-749,305,None,Move,office
1574506623.556,-746,311,None,Move,office
1574506623.572,-745,313,None,Move,office
1574506623.587,-744,316,None,Move,office
1574506623.603,-742,322,None,Move,office
1574506623.625,-740,326,None,Move,office
1574506623.641,-738,331,None,Move,office
1574506623.657,-737,332,None,Move,office
1574506623.6720002,-736,333,None,Move,office
1574506623.688,-736,334,None,Move,office
1574506623.7729998,-735,335,None,Move,office
1574506623.788,-735,335,None,Move,office
1574506623.804,-735,335,None,Move,office
1574506623.826,-734,336,None,Move,office
1574506623.857,-733,337,None,Move,office
1574506624.03,-733,337,None,Move,office
1574506624.062,-733,337,Left,Pressed,office
1574506624.125,-733,337,Left,Released,office
1574506813.1620002,-709,337,None,Move,office
1574506813.169,-345,340,None,Move,office
1574506813.606,-343,340,None,Move,office
1574506813.975,-306,340,None,Move,office
1574506817.975,-305,340,None,Move,office
1574506817.99,-304,340,None,Move,office
1574506818.012,-301,338,None,Move,office
1574506818.028,-299,336,None,Move,office
1574506818.113,-299,336,None,Move,office
1574506818.144,-296,335,None,Move,office
1574506818.16,-248,323,None,Move,office
1574506818.175,-187,292,None,Move,office
1574506818.191,-160,272,None,Move,office
1574506818.207,-100,231,None,Move,office
1574506818.2129998,-81,220,None,Move,office
1574506818.603,-77,223,None,Move,office
1574506818.625,-69,236,None,Move,office
1574506818.641,-62,257,None,Move,office
1574506818.657,-57,289,None,Move,office
1574506818.6720002,-57,299,None,Move,office
1574506818.688,-59,317,None,Move,office
1574506818.7029998,-69,337,None,Move,office
1574506818.719,-73,343,None,Move,office
1574506818.726,-77,347,None,Move,office
1574506818.7410002,-82,351,None,Move,office
1574506818.7570002,-85,353,None,Move,office
1574506818.772,-90,354,None,Move,office
1574506818.788,-93,356,None,Move,office
1574506818.804,-95,356,None,Move,office
1574506818.819,-96,358,None,Move,office
1574506818.826,-97,358,None,Move,office
1574506818.842,-97,361,None,Move,office
1574506818.857,-98,363,None,Move,office
1574506818.873,-99,366,None,Move,office
1574506818.891,-101,369,None,Move,office
1574506818.906,-102,371,None,Move,office
1574506818.923,-104,374,None,Move,office
1574506818.926,-105,376,None,Move,office
1574506818.9420002,-108,378,None,Move,office
1574506818.957,-112,381,None,Move,office
1574506818.9729998,-115,383,None,Move,office
1574506818.9889998,-122,388,None,Move,office
1574506819.004,-124,389,None,Move,office
1574506819.02,-128,391,None,Move,office
1574506819.026,-130,393,None,Move,office
1574506819.042,-132,394,None,Move,office
1574506819.0579998,-134,395,None,Move,office
1574506819.073,-137,397,None,Move,office
1574506819.089,-142,400,None,Move,office
1574506819.105,-151,404,None,Move,office
1574506819.127,-162,409,None,Move,office
1574506819.144,-176,415,None,Move,office
1574506819.16,-198,421,None,Move,office
1574506819.175,-225,425,None,Move,office
1574506819.191,-248,427,None,Move,office
1574506819.207,-309,432,None,Move,office
1574506819.222,-416,440,None,Move,office
1574506819.2270002,-476,442,None,Move,office
1574506819.242,-596,448,None,Move,office
1574506819.258,-692,454,None,Move,office
1574506819.274,-763,455,None,Move,office
1574506819.289,-796,457,None,Move,office
1574506819.29,-816,457,None,Move,office
1574506819.306,-879,456,None,Move,office
1574506819.325,-934,453,None,Move,office
1574506819.332,-961,449,None,Move,office
1574506819.337,-978,447,None,Move,office
1574506819.353,-1008,442,None,Move,office
1574506819.369,-1019,436,None,Move,office
1574506819.3839998,-1021,429,None,Move,office
1574506819.4,-1021,420,None,Move,office
1574506819.416,-1015,410,None,Move,office
1574506819.428,-1011,405,None,Move,office
1574506819.4429998,-1007,403,None,Move,office
1574506819.459,-985,392,None,Move,office
1574506819.475,-957,383,None,Move,office
1574506819.49,-918,376,None,Move,office
1574506819.506,-860,373,None,Move,office
1574506819.528,-802,373,None,Move,office
1574506819.544,-760,375,None,Move,office
1574506819.559,-737,376,None,Move,office
1574506819.577,-723,376,None,Move,office
1574506819.593,-692,373,None,Move,office
1574506819.6079998,-663,369,None,Move,office
1574506819.6279998,-639,364,None,Move,office
1574506819.644,-615,360,None,Move,office
1574506819.66,-594,357,None,Move,office
1574506819.675,-581,355,None,Move,office
1574506819.691,-570,351,None,Move,office
1574506819.707,-566,348,None,Move,office
1574506819.722,-564,347,None,Move,office
1574506819.729,-563,345,None,Move,office
1574506819.746,-562,345,None,Move,office
1574506819.809,-562,345,Left,Pressed,office
1574506819.907,-562,345,Left,Released,office
1574506820.506,-569,347,None,Move,office
1574506820.522,-612,373,None,Move,office
1574506820.543,-662,409,None,Move,office
1574506820.544,-695,439,None,Move,office
1574506820.56,-735,485,None,Move,office
1574506820.579,-753,514,None,Move,office
1574506820.595,-758,528,None,Move,office
1574506820.611,-760,536,None,Move,office
1574506820.6260002,-761,539,None,Move,office
1574506820.644,-761,540,None,Move,office
1574506820.676,-761,542,None,Move,office
1574506820.9910002,-761,540,None,Move,office
1574506821.0070002,-761,536,None,Move,office
1574506821.0229998,-761,533,None,Move,office
1574506821.045,-760,530,None,Move,office
1574506821.061,-760,529,None,Move,office
1574506821.914,-759,527,None,Move,office
1574506821.93,-759,524,None,Move,office
1574506821.945,-757,522,None,Move,office
1574506821.968,-757,521,None,Move,office
1574506821.9889998,-756,521,None,Move,office
1574506822.005,-755,519,None,Move,office
1574506822.006,-754,518,None,Move,office
1574506822.022,-754,518,None,Move,office
1574506822.0370002,-754,516,None,Move,office
1574506822.053,-753,515,None,Move,office
1574506822.0679998,-753,514,None,Move,office
1574506822.083,-751,511,None,Move,office
1574506822.099,-748,507,None,Move,office
1574506822.115,-745,504,None,Move,office
1574506822.135,-742,499,None,Move,office
1574506822.151,-736,488,None,Move,office
1574506822.168,-732,475,None,Move,office
1574506822.184,-729,460,None,Move,office
1574506822.205,-727,439,None,Move,office
1574506822.2129998,-727,429,None,Move,office
1574506822.221,-727,421,None,Move,office
1574506822.225,-727,413,None,Move,office
1574506822.2429998,-727,396,None,Move,office
1574506822.2589998,-722,375,None,Move,office
1574506822.268,-721,367,None,Move,office
1574506822.284,-716,349,None,Move,office
1574506822.299,-712,334,None,Move,office
1574506822.315,-709,325,None,Move,office
1574506822.333,-708,320,None,Move,office
1574506822.337,-708,317,None,Move,office
1574506822.3520002,-708,314,None,Move,office
1574506822.3720002,-711,311,None,Move,office
1574506822.387,-722,307,None,Move,office
1574506822.403,-744,301,None,Move,office
1574506822.42,-781,295,None,Move,office
1574506822.436,-873,280,None,Move,office
1574506822.451,-985,260,None,Move,office
1574506822.469,-1110,235,None,Move,office
1574506822.486,-1257,206,None,Move,office
1574506822.486,-1346,186,None,Move,office
1574506822.502,-1477,154,None,Move,office
1574506822.5170002,-1602,119,None,Move,office
1574506822.533,-1651,103,None,Move,office
1574506822.549,-1735,77,None,Move,office
1574506822.565,-1779,64,None,Move,office
1574506822.569,-1795,60,None,Move,office
1574506822.585,-1814,56,None,Move,office
1574506822.6,-1818,55,None,Move,office
1574506822.6320002,-1817,55,None,Move,office
1574506822.647,-1816,55,None,Move,office
1574506822.663,-1815,55,None,Move,office
1574506822.669,-1813,57,None,Move,office
1574506822.685,-1802,72,None,Move,office
1574506822.701,-1790,99,None,Move,office
1574506822.716,-1776,138,None,Move,office
1574506822.732,-1771,170,None,Move,office
1574506822.7470002,-1767,192,None,Move,office
1574506822.7629998,-1767,210,None,Move,office
1574506822.77,-1767,216,None,Move,office
1574506822.788,-1765,219,None,Move,office
1574506822.804,-1765,218,None,Move,office
1574506822.819,-1765,216,None,Move,office
1574506823.021,-1765,216,None,Move,office
1574506823.0370002,-1767,223,None,Move,office
1574506823.052,-1767,227,None,Move,office
1574506823.074,-1767,227,None,Move,office
1574506823.09,-1757,227,None,Move,office
1574506823.106,-1738,227,None,Move,office
1574506823.121,-1693,228,None,Move,office
1574506823.139,-1634,232,None,Move,office
1574506823.154,-1555,243,None,Move,office
1574506823.174,-1477,250,None,Move,office
1574506823.19,-1385,263,None,Move,office
1574506823.206,-1301,274,None,Move,office
1574506823.221,-1236,284,None,Move,office
1574506823.238,-1164,290,None,Move,office
1574506823.2529998,-1114,290,None,Move,office
1574506823.27,-1088,289,None,Move,office
1574506823.274,-1076,286,None,Move,office
1574506823.29,-1055,281,None,Move,office
1574506823.306,-1043,275,None,Move,office
1574506823.321,-1038,270,None,Move,office
1574506823.337,-1036,264,None,Move,office
1574506823.3520002,-1036,258,None,Move,office
1574506823.3679998,-1040,253,None,Move,office
1574506823.375,-1041,251,None,Move,office
1574506823.3979998,-1042,248,None,Move,office
1574506823.405,-1042,247,None,Move,office
1574506823.421,-1042,244,None,Move,office
1574506823.436,-1042,242,None,Move,office
1574506823.452,-1047,233,None,Move,office
1574506823.468,-1055,224,None,Move,office
1574506823.475,-1064,216,None,Move,office
1574506823.49,-1079,205,None,Move,office
1574506823.508,-1100,192,None,Move,office
1574506823.5229998,-1126,176,None,Move,office
1574506823.539,-1144,164,None,Move,office
1574506823.555,-1154,158,None,Move,office
1574506823.606,-1155,156,None,Move,office
1574506823.6220002,-1151,156,None,Move,office
1574506823.637,-1146,156,None,Move,office
1574506823.653,-1129,156,None,Move,office
1574506823.669,-1111,157,None,Move,office
1574506823.675,-1101,157,None,Move,office
1574506823.691,-1084,157,None,Move,office
1574506823.707,-1070,154,None,Move,office
1574506823.722,-1056,151,None,Move,office
1574506823.738,-1046,149,None,Move,office
1574506823.7529998,-1033,144,None,Move,office
1574506823.769,-1021,140,None,Move,office
1574506823.776,-1014,138,None,Move,office
1574506823.796,-1002,134,None,Move,office
1574506823.812,-991,131,None,Move,office
1574506823.827,-989,130,None,Move,office
1574506823.8920002,-987,130,None,Move,office
1574506823.907,-987,129,None,Move,office
1574506823.929,-986,128,None,Move,office
1574506823.946,-983,125,None,Move,office
1574506823.961,-982,123,None,Move,office
1574506823.976,-981,120,None,Move,office
1574506823.998,-978,116,None,Move,office
1574506824.0129998,-977,113,None,Move,office
1574506824.029,-975,111,None,Move,office
1574506824.06,-975,110,None,Move,office
1574506824.139,-975,110,Left,Pressed,office
1574506824.176,-975,110,Left,Released,office
1574506824.293,-975,110,Left,Pressed,office
1574506824.339,-975,110,Left,Released,office
1574506824.424,-975,110,Left,Pressed,office
1574506824.5089998,-975,110,Left,Released,office
1574506824.577,-975,110,Left,Pressed,office
1574506824.656,-975,110,Left,Released,office
1574506824.7410002,-975,110,Left,Pressed,office
1574506824.81,-975,110,Left,Released,office
1574506824.88,-974,111,None,Move,office
1574506824.897,-973,112,None,Move,office
1574506824.9120002,-971,117,None,Move,office
1574506824.9329998,-967,121,None,Move,office
1574506824.949,-958,132,None,Move,office
1574506824.964,-946,146,None,Move,office
1574506824.98,-929,168,None,Move,office
1574506824.996,-909,188,None,Move,office
1574506825.012,-888,209,None,Move,office
1574506825.0270002,-869,231,None,Move,office
1574506825.044,-857,245,None,Move,office
1574506825.059,-850,258,None,Move,office
1574506825.075,-845,268,None,Move,office
1574506825.08,-845,272,None,Move,office
1574506825.096,-843,279,None,Move,office
1574506825.1120002,-843,288,None,Move,office
1574506825.127,-841,294,None,Move,office
1574506825.145,-840,297,None,Move,office
1574506825.181,-840,298,None,Move,office
1574506825.205,-840,298,None,Move,office
1574506825.2129998,-843,298,None,Move,office
1574506825.221,-854,298,None,Move,office
1574506825.225,-866,296,None,Move,office
1574506825.2410002,-919,288,None,Move,office
1574506825.2570002,-980,275,None,Move,office
1574506825.272,-1027,260,None,Move,office
1574506825.282,-1048,248,None,Move,office
1574506825.2970002,-1079,220,None,Move,office
1574506825.313,-1105,184,None,Move,office
1574506825.334,-1125,145,None,Move,office
1574506825.337,-1136,117,None,Move,office
1574506825.353,-1146,84,None,Move,office
1574506825.369,-1144,64,None,Move,office
1574506825.3820002,-1138,56,None,Move,office
1574506825.397,-1122,42,None,Move,office
1574506825.413,-1113,35,None,Move,office
1574506825.429,-1111,33,None,Move,office
1574506825.482,-1110,33,None,Move,office
1574506825.4970002,-1108,35,None,Move,office
1574506825.5129998,-1102,43,None,Move,office
1574506825.529,-1095,50,None,Move,office
1574506825.544,-1086,57,None,Move,office
1574506825.56,-1077,63,None,Move,office
1574506825.575,-1071,67,None,Move,office
1574506825.582,-1067,70,None,Move,office
1574506825.5979998,-1065,72,None,Move,office
1574506825.613,-1056,78,None,Move,office
1574506825.629,-1053,81,None,Move,office
1574506825.645,-1048,87,None,Move,office
1574506825.66,-1039,99,None,Move,office
1574506825.676,-1026,112,None,Move,office
1574506825.6820002,-1020,119,None,Move,office
1574506825.698,-1007,131,None,Move,office
1574506825.714,-998,138,None,Move,office
1574506825.729,-995,141,None,Move,office
1574506825.859,-995,141,None,Move,office
1574506825.8739998,-997,141,None,Move,office
1574506825.89,-1004,137,None,Move,office
1574506825.896,-1008,135,None,Move,office
1574506825.9120002,-1014,131,None,Move,office
1574506825.928,-1022,125,None,Move,office
1574506825.9429998,-1025,122,None,Move,office
1574506825.959,-1028,118,None,Move,office
1574506825.974,-1028,118,None,Move,office
1574506825.975,-1028,117,None,Move,office
1574506826.014,-1029,116,None,Move,office
1574506826.077,-1029,116,Left,Pressed,office
1574506826.131,-1029,116,Left,Released,office
1574506826.256,-1029,116,Left,Pressed,office
1574506826.336,-1029,116,Left,Released,office
1574506826.415,-1029,116,None,Move,office
1574506826.431,-1029,113,None,Move,office
1574506826.447,-1028,105,None,Move,office
1574506826.4629998,-1028,103,None,Move,office
1574506826.478,-1028,102,None,Move,office
1574506826.55,-1028,102,Left,Pressed,office
1574506826.6339998,-1028,102,Left,Released,office
1574506826.781,-1028,102,Left,Pressed,office
1574506826.8820002,-1028,102,Left,Released,office
1574506827.401,-1022,109,None,Move,office
1574506827.417,-1009,124,None,Move,office
1574506827.4329998,-984,156,None,Move,office
1574506827.448,-955,204,None,Move,office
1574506827.47,-944,252,None,Move,office
1574506827.4889998,-942,292,None,Move,office
1574506827.504,-940,344,None,Move,office
1574506827.52,-940,385,None,Move,office
1574506827.536,-940,411,None,Move,office
1574506827.551,-940,427,None,Move,office
1574506827.57,-938,437,None,Move,office
1574506827.586,-937,440,None,Move,office
1574506828.85,-937,440,None,Move,office
1574506828.8660002,-935,440,None,Move,office
1574506828.8879998,-929,440,None,Move,office
1574506828.904,-922,441,None,Move,office
1574506829.051,-922,441,None,Move,office
1574506829.066,-928,443,None,Move,office
1574506829.082,-937,445,None,Move,office
1574506829.0879998,-942,445,None,Move,office
1574506829.104,-960,445,None,Move,office
1574506829.12,-1010,437,None,Move,office
1574506829.137,-1092,422,None,Move,office
1574506829.1520002,-1194,413,None,Move,office
1574506829.168,-1345,398,None,Move,office
1574506829.188,-1474,384,None,Move,office
1574506829.206,-1571,372,None,Move,office
1574506829.2129998,-1611,365,None,Move,office
1574506829.222,-1645,358,None,Move,office
1574506829.224,-1683,349,None,Move,office
1574506829.24,-1744,336,None,Move,office
1574506829.255,-1766,330,None,Move,office
1574506829.271,-1795,323,None,Move,office
1574506829.2870002,-1807,320,None,Move,office
1574506829.288,-1808,319,None,Move,office
1574506829.356,-1808,319,None,Move,office
1574506829.3720002,-1808,318,None,Move,office
1574506829.3879998,-1808,317,None,Move,office
1574506829.404,-1808,316,None,Move,office
1574506829.42,-1807,314,None,Move,office
1574506829.435,-1807,313,None,Move,office
1574506829.451,-1807,312,None,Move,office
1574506829.482,-1806,311,None,Move,office
1574506829.504,-1806,311,None,Move,office
1574506829.52,-1805,310,None,Move,office
1574506829.536,-1802,306,None,Move,office
1574506829.551,-1799,302,None,Move,office
1574506829.5670002,-1796,298,None,Move,office
1574506829.582,-1792,291,None,Move,office
1574506829.589,-1789,289,None,Move,office
1574506829.605,-1786,284,None,Move,office
1574506829.62,-1785,282,None,Move,office
1574506830.1520002,-1785,282,None,Move,office
1574506830.168,-1789,280,None,Move,office
1574506830.19,-1797,275,None,Move,office
1574506830.211,-1808,265,None,Move,office
1574506830.22,-1815,256,None,Move,office
1574506830.224,-1823,248,None,Move,office
1574506830.24,-1846,213,None,Move,office
1574506830.255,-1854,198,None,Move,office
1574506830.271,-1861,181,None,Move,office
1574506830.29,-1864,171,None,Move,office
1574506830.306,-1864,167,None,Move,office
1574506830.322,-1864,165,None,Move,office
1574506830.337,-1864,164,None,Move,office
1574506830.353,-1864,163,None,Move,office
1574506830.4220002,-1864,162,None,Move,office
1574506830.437,-1864,160,None,Move,office
1574506830.4529998,-1868,158,None,Move,office
1574506830.468,-1870,156,None,Move,office
1574506830.484,-1871,154,None,Move,office
1574506830.4910002,-1873,153,None,Move,office
1574506830.522,-1873,153,None,Move,office
1574506830.553,-1874,153,None,Move,office
1574506830.569,-1874,153,None,Move,office
1574506830.591,-1875,153,None,Move,office
1574506830.606,-1875,153,None,Move,office
1574506830.6379998,-1876,153,None,Move,office
1574506830.654,-1877,153,None,Move,office
1574506830.669,-1877,153,None,Move,office
1574506830.691,-1878,153,None,Move,office
1574506830.707,-1878,153,None,Move,office
1574506830.722,-1880,153,None,Move,office
1574506830.738,-1882,153,None,Move,office
1574506830.754,-1888,155,None,Move,office
1574506830.769,-1890,157,None,Move,office
1574506830.785,-1895,159,None,Move,office
1574506830.791,-1902,163,None,Move,office
1574506830.8070002,-1902,163,None,Move,office
1574506830.823,-1903,164,None,Move,office
1574506830.869,-1903,164,Left,Pressed,office
1574506830.939,-1903,164,Left,Released,office
1574506831.829,-1903,164,Left,Pressed,office
1574506831.913,-1903,164,Left,Released,office
1574506832.076,-1903,166,None,Move,office
1574506832.092,-1903,170,None,Move,office
1574506832.1139998,-1901,176,None,Move,office
1574506832.129,-1898,185,None,Move,office
1574506832.145,-1892,200,None,Move,office
1574506832.161,-1890,207,None,Move,office
1574506832.176,-1889,215,None,Move,office
1574506832.198,-1887,222,None,Move,office
1574506832.206,-1887,223,None,Move,office
1574506832.215,-1886,226,None,Move,office
1574506832.2229998,-1886,227,None,Move,office
1574506832.226,-1886,228,None,Move,office
1574506832.2410002,-1886,229,None,Move,office
1574506832.2570002,-1886,229,None,Move,office
1574506832.478,-1888,227,None,Move,office
1574506832.4929998,-1889,225,None,Move,office
1574506832.51,-1891,221,None,Move,office
1574506832.515,-1891,220,None,Move,office
1574506832.531,-1892,216,None,Move,office
1574506832.546,-1893,214,None,Move,office
1574506832.562,-1893,213,None,Move,office
1574506832.5779998,-1893,212,None,Move,office
1574506832.694,-1893,212,Left,Pressed,office
1574506832.762,-1893,212,Left,Released,office
1574506833.893,-1893,212,None,Move,office
1574506833.909,-1882,211,None,Move,office
1574506833.924,-1866,211,None,Move,office
1574506833.931,-1853,213,None,Move,office
1574506833.946,-1811,219,None,Move,office
1574506833.962,-1748,227,None,Move,office
1574506833.978,-1670,236,None,Move,office
1574506833.9929998,-1628,241,None,Move,office
1574506834.0089998,-1497,258,None,Move,office
1574506834.025,-1469,260,None,Move,office
1574506834.031,-1433,263,None,Move,office
1574506834.0470002,-1363,270,None,Move,office
1574506834.062,-1320,274,None,Move,office
1574506834.0779998,-1291,280,None,Move,office
1574506834.093,-1268,284,None,Move,office
1574506834.109,-1253,287,None,Move,office
1574506834.125,-1243,289,None,Move,office
1574506834.131,-1239,290,None,Move,office
1574506834.147,-1234,290,None,Move,office
1574506834.163,-1231,290,None,Move,office
1574506834.178,-1231,290,None,Move,office
1574506834.207,-1230,290,None,Move,office
1574506834.2229998,-1229,290,None,Move,office
1574506834.225,-1229,288,None,Move,office
1574506834.231,-1228,288,None,Move,office
1574506834.2470002,-1227,285,None,Move,office
1574506834.2629998,-1225,283,None,Move,office
1574506834.278,-1222,277,None,Move,office
1574506834.294,-1216,269,None,Move,office
1574506834.31,-1209,261,None,Move,office
1574506834.327,-1196,250,None,Move,office
1574506834.335,-1188,243,None,Move,office
1574506834.336,-1178,238,None,Move,office
1574506834.3520002,-1157,228,None,Move,office
1574506834.367,-1145,222,None,Move,office
1574506834.383,-1121,213,None,Move,office
1574506834.399,-1104,207,None,Move,office
1574506834.414,-1090,201,None,Move,office
1574506834.435,-1078,197,None,Move,office
1574506834.451,-1067,193,None,Move,office
1574506834.466,-1063,191,None,Move,office
1574506834.482,-1061,191,None,Move,office
1574506834.535,-1060,190,None,Move,office
1574506834.55,-1059,190,None,Move,office
1574506834.566,-1053,190,None,Move,office
1574506834.581,-1041,190,None,Move,office
1574506834.599,-1021,190,None,Move,office
1574506834.6139998,-991,190,None,Move,office
1574506834.63,-973,188,None,Move,office
1574506834.6339998,-969,185,None,Move,office
1574506834.65,-964,176,None,Move,office
1574506834.666,-957,168,None,Move,office
1574506834.8660002,-957,168,None,Move,office
1574506834.8820002,-957,176,None,Move,office
1574506834.897,-957,178,None,Move,office
1574506834.913,-958,179,None,Move,office
1574506834.935,-959,180,None,Move,office
1574506834.982,-959,180,None,Move,office
1574506834.998,-959,174,None,Move,office
1574506835.0129998,-959,165,None,Move,office
1574506835.03,-961,151,None,Move,office
1574506835.036,-964,145,None,Move,office
1574506835.051,-973,134,None,Move,office
1574506835.0670002,-990,128,None,Move,office
1574506835.082,-1014,124,None,Move,office
1574506835.0979998,-1037,119,None,Move,office
1574506835.1139998,-1058,117,None,Move,office
1574506835.131,-1073,114,None,Move,office
1574506835.1360002,-1077,113,None,Move,office
1574506835.1520002,-1081,112,None,Move,office
1574506835.167,-1084,112,None,Move,office
1574506835.1829998,-1089,110,None,Move,office
1574506835.199,-1092,109,None,Move,office
1574506835.207,-1096,107,None,Move,office
1574506835.215,-1097,107,None,Move,office
1574506835.2229998,-1099,106,None,Move,office
1574506835.224,-1102,104,None,Move,office
1574506835.236,-1106,103,None,Move,office
1574506835.252,-1112,99,None,Move,office
1574506835.2670002,-1120,95,None,Move,office
1574506835.283,-1123,94,None,Move,office
1574506835.299,-1124,92,None,Move,office
1574506835.553,-1124,92,None,Move,office
1574506835.569,-1122,93,None,Move,office
1574506835.584,-1119,96,None,Move,office
1574506835.6,-1112,99,None,Move,office
1574506835.6160002,-1111,99,None,Move,office
1574506835.6379998,-1108,101,None,Move,office
1574506835.816,-1108,101,Left,Pressed,office
1574506835.885,-1108,101,Left,Released,office
1574506836.206,-1106,102,None,Move,office
1574506836.221,-1098,108,None,Move,office
1574506836.2370002,-1084,119,None,Move,office
1574506836.244,-1070,130,None,Move,office
1574506836.2589998,-1022,169,None,Move,office
1574506836.275,-963,222,None,Move,office
1574506836.291,-900,281,None,Move,office
1574506836.306,-874,305,None,Move,office
1574506836.322,-820,357,None,Move,office
1574506836.337,-805,371,None,Move,office
1574506836.344,-799,377,None,Move,office
1574506836.36,-795,381,None,Move,office
1574506836.375,-794,382,None,Move,office
1574506838.71,-793,382,None,Move,office
1574506838.725,-793,380,None,Move,office
1574506838.7410002,-796,370,None,Move,office
1574506838.7570002,-803,356,None,Move,office
1574506838.772,-810,345,None,Move,office
1574506838.788,-816,336,None,Move,office
1574506838.795,-818,331,None,Move,office
1574506838.81,-821,326,None,Move,office
1574506838.826,-822,322,None,Move,office
1574506838.841,-823,320,None,Move,office
1574506838.873,-824,313,None,Move,office
1574506838.8879998,-826,306,None,Move,office
1574506838.895,-827,303,None,Move,office
1574506838.911,-828,296,None,Move,office
1574506838.926,-828,289,None,Move,office
1574506838.9420002,-828,285,None,Move,office
1574506838.957,-828,276,None,Move,office
1574506838.9729998,-828,268,None,Move,office
1574506838.9889998,-828,258,None,Move,office
1574506838.995,-828,252,None,Move,office
1574506839.0110002,-826,239,None,Move,office
1574506839.0270002,-824,235,None,Move,office
1574506839.042,-818,221,None,Move,office
1574506839.0579998,-815,212,None,Move,office
1574506839.073,-814,209,None,Move,office
1574506839.089,-812,205,None,Move,office
1574506839.096,-811,201,None,Move,office
1574506839.111,-810,199,None,Move,office
1574506839.127,-809,195,None,Move,office
1574506839.144,-806,187,None,Move,office
1574506839.16,-802,177,None,Move,office
1574506839.176,-799,170,None,Move,office
1574506839.191,-795,160,None,Move,office
1574506839.199,-795,159,None,Move,office
1574506839.207,-795,156,None,Move,office
1574506839.215,-795,155,None,Move,office
1574506839.225,-795,154,None,Move,office
1574506839.24,-794,151,None,Move,office
1574506839.256,-793,146,None,Move,office
1574506839.271,-791,137,None,Move,office
1574506839.2870002,-790,132,None,Move,office
1574506839.296,-790,130,None,Move,office
1574506839.311,-790,127,None,Move,office
1574506839.332,-790,125,None,Move,office
1574506839.336,-790,124,None,Move,office
1574506839.3520002,-790,123,None,Move,office
1574506839.367,-790,121,None,Move,office
1574506839.383,-790,118,None,Move,office
1574506839.396,-790,115,None,Move,office
1574506839.411,-792,111,None,Move,office
1574506839.427,-796,105,None,Move,office
1574506839.4420002,-801,101,None,Move,office
1574506839.458,-805,98,None,Move,office
1574506839.474,-807,97,None,Move,office
1574506839.4889998,-811,94,None,Move,office
1574506839.496,-813,93,None,Move,office
1574506839.512,-819,89,None,Move,office
1574506839.5270002,-824,86,None,Move,office
1574506839.543,-826,85,None,Move,office
1574506839.5579998,-829,84,None,Move,office
1574506839.574,-830,83,None,Move,office
1574506839.599,-832,83,None,Move,office
1574506839.615,-833,83,None,Move,office
1574506839.631,-833,83,None,Move,office
1574506839.6620002,-834,83,None,Move,office
1574506839.677,-834,84,None,Move,office
1574506839.6929998,-835,88,None,Move,office
1574506839.699,-835,91,None,Move,office
1574506839.715,-836,95,None,Move,office
1574506839.73,-836,97,None,Move,office
1574506839.746,-836,99,None,Move,office
1574506839.762,-836,100,None,Move,office
1574506839.805,-836,101,None,Move,office
1574506839.837,-836,101,Left,Pressed,office
1574506839.899,-836,101,Left,Released,office
1574506840.2229998,-836,103,None,Move,office
1574506840.224,-835,108,None,Move,office
1574506840.24,-834,111,None,Move,office
1574506840.255,-833,119,None,Move,office
1574506840.271,-832,125,None,Move,office
1574506840.2870002,-831,131,None,Move,office
1574506840.303,-831,137,None,Move,office
1574506840.304,-830,140,None,Move,office
1574506840.321,-829,143,None,Move,office
1574506840.337,-829,146,None,Move,office
1574506840.3520002,-829,148,None,Move,office
1574506840.3679998,-829,148,None,Move,office
1574506840.722,-829,148,None,Move,office
1574506840.738,-829,149,None,Move,office
1574506840.754,-830,149,None,Move,office
1574506840.785,-830,149,None,Move,office
1574506840.801,-832,149,None,Move,office
1574506840.816,-837,148,None,Move,office
1574506840.822,-841,147,None,Move,office
1574506840.8379998,-854,144,None,Move,office
1574506840.854,-866,142,None,Move,office
1574506840.869,-882,140,None,Move,office
1574506840.885,-896,140,None,Move,office
1574506840.901,-904,140,None,Move,office
1574506840.923,-911,142,None,Move,office
1574506840.938,-914,144,None,Move,office
1574506840.954,-915,147,None,Move,office
1574506840.97,-915,149,None,Move,office
1574506840.985,-915,150,None,Move,office
1574506841.0010002,-915,151,None,Move,office
1574506841.0229998,-915,151,None,Move,office
1574506841.039,-915,152,None,Move,office
1574506841.07,-915,153,None,Move,office
1574506841.086,-915,153,None,Move,office
1574506841.101,-915,153,None,Move,office
1574506841.1239998,-914,153,None,Move,office
1574506841.1420002,-913,153,None,Move,office
1574506841.157,-913,153,None,Move,office
1574506841.173,-911,153,None,Move,office
1574506841.188,-909,153,None,Move,office
1574506841.204,-907,153,None,Move,office
1574506841.22,-905,152,None,Move,office
1574506841.224,-903,151,None,Move,office
1574506841.54,-903,151,None,Move,office
1574506841.556,-904,151,None,Move,office
1574506841.571,-905,151,None,Move,office
1574506841.587,-906,152,None,Move,office
1574506841.603,-908,154,None,Move,office
1574506841.6179998,-912,160,None,Move,office
1574506841.625,-913,163,None,Move,office
1574506841.64,-923,176,None,Move,office
1574506841.656,-928,185,None,Move,office
1574506841.6720002,-937,198,None,Move,office
1574506841.687,-944,210,None,Move,office
1574506841.7029998,-949,218,None,Move,office
1574506841.718,-950,222,None,Move,office
1574506841.725,-951,224,None,Move,office
1574506841.7410002,-951,226,None,Move,office
1574506841.756,-951,228,None,Move,office
1574506841.772,-951,229,None,Move,office
1574506841.788,-951,229,None,Move,office
1574506841.887,-951,230,None,Move,office
1574506841.967,-951,230,None,Move,office
1574506842.083,-951,230,Left,Pressed,office
1574506842.1829998,-951,230,Left,Released,office
1574506842.4,-949,230,None,Move,office
1574506842.415,-946,224,None,Move,office
1574506842.435,-940,214,None,Move,office
1574506842.441,-936,210,None,Move,office
1574506842.456,-917,193,None,Move,office
1574506842.472,-906,186,None,Move,office
1574506842.488,-877,171,None,Move,office
1574506842.5029998,-854,161,None,Move,office
1574506842.519,-834,152,None,Move,office
1574506842.535,-820,144,None,Move,office
1574506842.541,-816,142,None,Move,office
1574506842.5570002,-812,138,None,Move,office
1574506842.572,-810,136,None,Move,office
1574506842.5879998,-810,135,None,Move,office
1574506842.604,-810,133,None,Move,office
1574506842.62,-810,133,None,Move,office
1574506842.658,-810,132,None,Move,office
1574506842.673,-810,132,None,Move,office
1574506842.689,-810,131,None,Move,office
1574506842.704,-810,131,None,Move,office
1574506842.72,-809,130,None,Move,office
1574506842.735,-809,129,None,Move,office
1574506842.742,-808,128,None,Move,office
1574506842.758,-808,127,None,Move,office
1574506842.789,-808,127,None,Move,office
1574506842.804,-807,126,None,Move,office
1574506842.823,-806,125,None,Move,office
1574506842.84,-805,124,None,Move,office
1574506842.842,-804,124,None,Move,office
1574506842.857,-802,122,None,Move,office
1574506842.873,-799,120,None,Move,office
1574506842.889,-798,119,None,Move,office
1574506842.936,-797,117,None,Move,office
1574506842.958,-797,117,None,Move,office
1574506843.005,-796,117,None,Move,office
1574506843.041,-795,117,None,Move,office
1574506843.0579998,-795,117,None,Move,office
1574506843.073,-794,117,None,Move,office
1574506843.081,-792,116,None,Move,office
1574506843.096,-792,116,None,Move,office
1574506843.1120002,-791,116,None,Move,office
1574506843.16,-791,116,None,Move,office
1574506843.184,-790,115,None,Move,office
1574506843.201,-790,115,None,Move,office
1574506843.232,-788,114,None,Move,office
1574506843.242,-788,113,None,Move,office
1574506843.258,-787,112,None,Move,office
1574506843.29,-787,110,None,Move,office
1574506846.829,-788,112,None,Move,office
1574506846.845,-792,114,None,Move,office
1574506846.861,-798,116,None,Move,office
1574506846.867,-802,117,None,Move,office
1574506846.883,-812,120,None,Move,office
1574506846.899,-832,124,None,Move,office
1574506846.914,-890,139,None,Move,office
1574506846.93,-1005,163,None,Move,office
1574506846.945,-1135,188,None,Move,office
1574506846.968,-1295,209,None,Move,office
1574506846.9829998,-1428,215,None,Move,office
1574506846.9989998,-1537,217,None,Move,office
1574506847.014,-1650,206,None,Move,office
1574506847.03,-1734,192,None,Move,office
1574506847.046,-1806,178,None,Move,office
1574506847.061,-1864,168,None,Move,office
1574506847.0679998,-1887,165,None,Move,office
1574506847.083,-1914,161,None,Move,office
1574506847.099,-1930,157,None,Move,office
1574506847.115,-1926,156,None,Move,office
1574506847.133,-1921,156,None,Move,office
1574506847.149,-1921,155,None,Move,office
1574506847.164,-1920,155,None,Move,office
1574506847.168,-1921,155,None,Move,office
1574506847.184,-1920,154,None,Move,office
1574506847.201,-1922,152,None,Move,office
1574506847.209,-1921,150,None,Move,office
1574506847.216,-1921,150,None,Move,office
1574506847.224,-1921,149,None,Move,office
1574506847.24,-1921,146,None,Move,office
1574506847.255,-1921,145,None,Move,office
1574506847.269,-1920,144,None,Move,office
1574506847.284,-1920,143,None,Move,office
1574506847.3,-1919,140,None,Move,office
1574506847.316,-1916,137,None,Move,office
1574506847.336,-1911,132,None,Move,office
1574506847.3379998,-1908,128,None,Move,office
1574506847.353,-1898,122,None,Move,office
1574506847.369,-1891,115,None,Move,office
1574506847.3839998,-1879,106,None,Move,office
1574506847.4,-1875,102,None,Move,office
1574506847.416,-1863,93,None,Move,office
1574506847.431,-1852,85,None,Move,office
1574506847.447,-1840,77,None,Move,office
1574506847.4629998,-1831,71,None,Move,office
1574506847.469,-1824,68,None,Move,office
1574506847.485,-1815,66,None,Move,office
1574506847.5,-1804,63,None,Move,office
1574506847.516,-1799,63,None,Move,office
1574506847.532,-1790,63,None,Move,office
1574506847.5470002,-1784,63,None,Move,office
1574506847.563,-1778,63,None,Move,office
1574506847.569,-1776,63,None,Move,office
1574506847.585,-1775,63,None,Move,office
1574506847.601,-1773,63,None,Move,office
1574506847.617,-1773,63,None,Move,office
1574506847.664,-1771,63,None,Move,office
1574506847.685,-1770,63,None,Move,office
1574506847.701,-1768,63,None,Move,office
1574506847.717,-1766,63,None,Move,office
1574506847.732,-1765,63,None,Move,office
1574506847.748,-1763,63,None,Move,office
1574506847.7629998,-1760,63,None,Move,office
1574506847.77,-1759,63,None,Move,office
1574506847.786,-1755,64,None,Move,office
1574506847.801,-1745,64,None,Move,office
1574506847.8170002,-1742,64,None,Move,office
1574506847.833,-1729,65,None,Move,office
1574506847.8479998,-1715,67,None,Move,office
1574506847.8639998,-1699,69,None,Move,office
1574506847.87,-1691,71,None,Move,office
1574506847.8860002,-1684,73,None,Move,office
1574506847.9020002,-1678,74,None,Move,office
1574506847.917,-1677,75,None,Move,office
1574506847.9329998,-1675,76,None,Move,office
1574506847.949,-1673,78,None,Move,office
1574506847.964,-1672,78,None,Move,office
1574506847.971,-1670,80,None,Move,office
1574506847.986,-1667,82,None,Move,office
1574506848.002,-1662,83,None,Move,office
1574506848.018,-1659,85,None,Move,office
1574506848.033,-1656,85,None,Move,office
1574506848.04,-1655,86,None,Move,office
1574506848.056,-1653,86,None,Move,office
1574506848.071,-1650,86,None,Move,office
1574506848.086,-1649,86,None,Move,office
1574506848.1020002,-1647,86,None,Move,office
1574506848.1179998,-1646,86,None,Move,office
1574506848.8070002,-1645,86,None,Move,office
1574506848.823,-1645,87,None,Move,office
1574506848.8379998,-1639,87,None,Move,office
1574506848.854,-1634,87,None,Move,office
1574506848.869,-1620,88,None,Move,office
1574506848.8760002,-1615,88,None,Move,office
1574506848.891,-1593,89,None,Move,office
1574506848.907,-1580,92,None,Move,office
1574506848.923,-1568,94,None,Move,office
1574506848.938,-1553,97,None,Move,office
1574506848.954,-1536,101,None,Move,office
1574506848.976,-1515,104,None,Move,office
1574506848.992,-1481,110,None,Move,office
1574506849.0070002,-1429,119,None,Move,office
1574506849.0229998,-1371,129,None,Move,office
1574506849.04,-1309,135,None,Move,office
1574506849.056,-1246,137,None,Move,office
1574506849.072,-1199,139,None,Move,office
1574506849.076,-1184,139,None,Move,office
1574506849.095,-1164,140,None,Move,office
1574506849.111,-1157,140,None,Move,office
1574506849.1920002,-1155,140,None,Move,office
1574506849.212,-1157,140,None,Move,office
1574506849.224,-1160,140,None,Move,office
1574506849.24,-1165,140,None,Move,office
1574506849.256,-1177,138,None,Move,office
1574506849.272,-1199,134,None,Move,office
1574506849.2770002,-1218,130,None,Move,office
1574506849.292,-1253,122,None,Move,office
1574506849.3079998,-1295,114,None,Move,office
1574506849.324,-1337,107,None,Move,office
1574506849.339,-1352,104,None,Move,office
1574506849.355,-1376,101,None,Move,office
1574506849.3720002,-1396,100,None,Move,office
1574506849.377,-1406,100,None,Move,office
1574506849.3920002,-1418,99,None,Move,office
1574506849.408,-1424,99,None,Move,office
1574506849.425,-1425,99,None,Move,office
1574506849.456,-1425,99,None,Move,office
1574506849.4770002,-1423,99,None,Move,office
1574506849.4929998,-1422,99,None,Move,office
1574506849.508,-1419,97,None,Move,office
1574506849.524,-1412,94,None,Move,office
1574506849.54,-1398,92,None,Move,office
1574506849.555,-1383,88,None,Move,office
1574506849.577,-1364,85,None,Move,office
1574506849.593,-1314,80,None,Move,office
1574506849.609,-1289,80,None,Move,office
1574506849.6160002,-1265,80,None,Move,office
1574506849.6320002,-1215,79,None,Move,office
1574506849.6479998,-1174,79,None,Move,office
1574506849.664,-1133,79,None,Move,office
1574506849.677,-1109,79,None,Move,office
1574506849.6929998,-1093,77,None,Move,office
1574506849.709,-1084,77,None,Move,office
1574506849.724,-1082,76,None,Move,office
1574506849.91,-1081,76,None,Move,office
1574506849.925,-1077,77,None,Move,office
1574506849.941,-1070,82,None,Move,office
1574506849.956,-1063,88,None,Move,office
1574506849.975,-1058,94,None,Move,office
1574506849.978,-1054,99,None,Move,office
1574506849.994,-1050,104,None,Move,office
1574506850.0089998,-1049,107,None,Move,office
1574506850.025,-1047,109,None,Move,office
1574506850.025,-1046,110,None,Move,office
1574506850.299,-1046,111,None,Move,office
1574506850.314,-1047,110,None,Move,office
1574506850.332,-1048,110,None,Move,office
1574506850.3379998,-1049,109,None,Move,office
1574506850.354,-1051,108,None,Move,office
1574506850.369,-1051,107,None,Move,office
1574506850.599,-1052,107,Left,Pressed,office
1574506850.661,-1052,107,Left,Released,office
1574506850.9,-1052,108,None,Move,office
1574506850.915,-1051,114,None,Move,office
1574506850.931,-1047,133,None,Move,office
1574506850.946,-1040,160,None,Move,office
1574506850.962,-1035,182,None,Move,office
1574506850.978,-1021,228,None,Move,office
1574506850.984,-1013,255,None,Move,office
1574506851.0,-997,312,None,Move,office
1574506851.016,-983,364,None,Move,office
1574506851.031,-974,389,None,Move,office
1574506851.0470002,-967,404,None,Move,office
1574506851.062,-964,409,None,Move,office
1574506851.586,-963,410,None,Move,office
1574506851.6020002,-962,410,None,Move,office
1574506852.694,-961,411,None,Move,office
1574506852.71,-960,412,None,Move,office
1574506852.715,-958,416,None,Move,office
1574506852.731,-955,420,None,Move,office
1574506852.746,-946,435,None,Move,office
1574506852.762,-921,471,None,Move,office
1574506852.7770002,-912,488,None,Move,office
1574506852.793,-893,518,None,Move,office
1574506852.809,-878,543,None,Move,office
1574506852.815,-873,555,None,Move,office
1574506852.831,-863,578,None,Move,office
1574506852.847,-854,614,None,Move,office
1574506852.8620002,-848,642,None,Move,office
1574506852.8779998,-842,667,None,Move,office
1574506852.894,-837,689,None,Move,office
1574506852.909,-834,698,None,Move,office
1574506852.916,-832,701,None,Move,office
1574506852.931,-832,703,None,Move,office
1574506853.032,-832,702,None,Move,office
1574506853.0470002,-832,700,None,Move,office
1574506853.063,-832,693,None,Move,office
1574506853.0779998,-834,678,None,Move,office
1574506853.094,-837,658,None,Move,office
1574506853.11,-838,646,None,Move,office
1574506853.1160002,-840,632,None,Move,office
1574506853.1339998,-849,581,None,Move,office
1574506853.149,-851,568,None,Move,office
1574506853.165,-861,511,None,Move,office
1574506853.181,-866,491,None,Move,office
1574506853.207,-867,483,None,Move,office
1574506853.217,-868,479,None,Move,office
1574506853.224,-868,472,None,Move,office
1574506853.24,-868,467,None,Move,office
1574506853.255,-868,465,None,Move,office
1574506853.271,-868,457,None,Move,office
1574506853.2870002,-868,454,None,Move,office
1574506853.302,-867,445,None,Move,office
1574506853.3170002,-866,441,None,Move,office
1574506853.337,-863,426,None,Move,office
1574506853.353,-860,412,None,Move,office
1574506853.3679998,-860,407,None,Move,office
1574506853.391,-857,386,None,Move,office
1574506853.401,-856,379,None,Move,office
1574506853.406,-854,368,None,Move,office
1574506853.417,-853,363,None,Move,office
1574506853.4320002,-851,353,None,Move,office
1574506853.448,-849,347,None,Move,office
1574506853.464,-849,341,None,Move,office
1574506853.479,-848,338,None,Move,office
1574506853.495,-847,337,None,Move,office
1574506853.5110002,-847,336,None,Move,office
1574506853.5170002,-847,335,None,Move,office
1574506853.533,-847,335,None,Move,office
1574506853.548,-847,334,None,Move,office
1574506853.564,-847,334,None,Move,office
1574506853.68,-847,336,None,Move,office
1574506853.695,-849,361,None,Move,office
1574506853.717,-853,377,None,Move,office
1574506853.7329998,-861,437,None,Move,office
1574506853.748,-874,524,None,Move,office
1574506853.764,-885,605,None,Move,office
1574506853.78,-894,678,None,Move,office
1574506853.795,-894,728,None,Move,office
1574506853.811,-894,751,None,Move,office
1574506853.8170002,-894,758,None,Move,office
1574506853.833,-893,765,None,Move,office
1574506853.849,-892,768,None,Move,office
1574506853.88,-892,772,None,Move,office
1574506853.896,-892,774,None,Move,office
1574506853.996,-892,774,Left,Pressed,office
1574506854.018,-892,772,None,Drag,office
1574506854.034,-892,768,None,Drag,office
1574506854.049,-892,756,None,Drag,office
1574506854.065,-892,743,None,Drag,office
1574506854.081,-892,725,None,Drag,office
1574506854.096,-893,713,None,Drag,office
1574506854.1120002,-894,707,None,Drag,office
1574506854.119,-894,700,None,Drag,office
1574506854.1339998,-895,695,None,Drag,office
1574506854.15,-897,688,None,Drag,office
1574506854.165,-897,685,None,Drag,office
1574506854.181,-898,681,None,Drag,office
1574506854.2029998,-898,677,None,Drag,office
1574506854.21,-899,676,None,Drag,office
1574506854.218,-899,675,None,Drag,office
1574506854.224,-899,675,None,Drag,office
1574506854.936,-899,675,Left,Released,office
1574506855.036,-899,674,None,Move,office
1574506855.052,-899,673,None,Move,office
1574506855.0670002,-899,669,None,Move,office
1574506855.083,-899,660,None,Move,office
1574506855.099,-899,652,None,Move,office
1574506855.12,-899,639,None,Move,office
1574506855.1360002,-899,623,None,Move,office
1574506855.1379998,-899,615,None,Move,office
1574506855.153,-899,600,None,Move,office
1574506855.169,-899,595,None,Move,office
1574506855.185,-898,582,None,Move,office
1574506855.201,-898,575,None,Move,office
1574506855.209,-898,571,None,Move,office
1574506855.217,-898,569,None,Move,office
1574506855.224,-898,567,None,Move,office
1574506855.24,-897,564,None,Move,office
1574506855.256,-897,562,None,Move,office
1574506855.271,-897,561,None,Move,office
1574506855.2870002,-897,559,None,Move,office
1574506855.303,-897,557,None,Move,office
1574506855.321,-897,556,None,Move,office
1574506855.3839998,-897,556,None,Move,office
1574506858.468,-897,557,None,Move,office
1574506858.484,-897,560,None,Move,office
1574506858.5,-897,561,None,Move,office
1574506858.515,-896,562,None,Move,office
1574506858.6160002,-896,562,None,Move,office
1574506858.631,-894,562,None,Move,office
1574506858.647,-892,562,None,Move,office
1574506858.669,-891,562,None,Move,office
1574506858.685,-889,561,None,Move,office
1574506858.7,-887,560,None,Move,office
1574506858.716,-885,560,None,Move,office
1574506858.731,-884,559,None,Move,office
1574506858.769,-883,559,None,Move,office
1574506884.06,-881,559,None,Move,office
1574506884.076,-678,337,None,Move,office
1574506884.092,-622,304,None,Move,office
1574506884.107,-546,283,None,Move,office
1574506884.123,-482,269,None,Move,office
1574506884.1420002,-405,253,None,Move,office
1574506884.147,-373,244,None,Move,office
1574506884.163,-319,232,None,Move,office
1574506884.178,-278,219,None,Move,office
1574506884.196,-253,210,None,Move,office
1574506884.204,-247,207,None,Move,office
1574506884.2129998,-244,204,None,Move,office
1574506884.22,-240,202,None,Move,office
1574506884.224,-238,200,None,Move,office
1574506884.234,-236,199,None,Move,office
1574506884.2470002,-234,198,None,Move,office
1574506884.3279998,-232,195,None,Move,office
1574506884.347,-232,192,None,Move,office
1574506884.363,-232,191,None,Move,office
1574506884.3979998,-232,191,None,Move,office
1574506884.414,-235,191,None,Move,office
1574506884.429,-243,191,None,Move,office
1574506884.448,-254,191,None,Move,office
1574506884.4629998,-277,183,None,Move,office
1574506884.482,-307,170,None,Move,office
1574506884.655,-316,169,None,Move,office
1574506884.671,-319,195,None,Move,office
1574506884.687,-319,196,None,Move,office
1574506884.702,-321,197,None,Move,office
1574506884.718,-324,205,None,Move,office
1574506884.7370002,-336,222,None,Move,office
1574506884.752,-347,233,None,Move,office
1574506884.755,-352,240,None,Move,office
1574506884.771,-366,257,None,Move,office
1574506884.7870002,-384,281,None,Move,office
1574506884.802,-418,328,None,Move,office
1574506884.8179998,-478,408,None,Move,office
1574506884.833,-562,517,None,Move,office
1574506884.849,-614,577,None,Move,office
1574506884.856,-673,643,None,Move,office
1574506884.871,-793,763,None,Move,office
1574506884.887,-895,848,None,Move,office
1574506884.9020002,-933,875,None,Move,office
1574506884.918,-967,902,None,Move,office
1574506884.935,-977,911,None,Move,office
1574506884.972,-979,912,None,Move,office
1574506884.988,-979,909,None,Move,office
1574506885.0029998,-979,903,None,Move,office
1574506885.019,-981,896,None,Move,office
1574506885.04,-983,889,None,Move,office
1574506885.056,-987,882,None,Move,office
1574506885.072,-989,879,None,Move,office
1574506885.089,-990,877,None,Move,office
1574506885.1360002,-991,875,None,Move,office
1574506885.1379998,-991,875,None,Move,office
1574506885.156,-991,874,None,Move,office
1574506885.171,-992,871,None,Move,office
1574506885.187,-993,869,None,Move,office
1574506885.202,-993,869,None,Move,office
1574506885.218,-994,867,None,Move,office
1574506885.604,-994,866,None,Move,office
1574506885.619,-994,866,None,Move,office
1574506885.635,-994,865,None,Move,office
1574506885.65,-991,865,None,Move,office
1574506885.657,-990,865,None,Move,office
1574506885.6720002,-988,865,None,Move,office
1574506885.688,-980,872,None,Move,office
1574506885.704,-961,887,None,Move,office
1574506885.719,-942,905,None,Move,office
1574506885.735,-928,918,None,Move,office
1574506885.752,-918,927,None,Move,office
1574506885.7570002,-915,930,None,Move,office
1574506885.772,-910,933,None,Move,office
1574506885.788,-908,933,None,Move,office
1574506885.819,-907,933,None,Move,office
1574506885.936,-907,933,Left,Pressed,office
1574506885.957,-907,933,None,Drag,office
1574506885.9729998,-907,926,None,Drag,office
1574506885.988,-907,909,None,Drag,office
1574506886.004,-907,872,None,Drag,office
1574506886.02,-907,842,None,Drag,office
1574506886.035,-903,726,None,Drag,office
1574506886.051,-901,685,None,Drag,office
1574506886.0570002,-899,647,None,Drag,office
1574506886.073,-896,575,None,Drag,office
1574506886.089,-893,525,None,Drag,office
1574506886.104,-892,483,None,Drag,office
1574506886.12,-890,456,None,Drag,office
1574506886.1360002,-890,439,None,Drag,office
1574506886.158,-889,432,None,Drag,office
1574506886.173,-888,429,None,Drag,office
1574506886.189,-888,426,None,Drag,office
1574506886.205,-887,423,None,Drag,office
1574506886.22,-887,423,None,Drag,office
1574506886.258,-887,423,Left,Released,office
1574506886.59,-887,426,None,Move,office
1574506886.606,-887,434,None,Move,office
1574506886.621,-887,453,None,Move,office
1574506886.637,-887,471,None,Move,office
1574506886.6520002,-887,479,None,Move,office
1574506886.659,-887,485,None,Move,office
1574506886.675,-887,496,None,Move,office
1574506886.69,-887,503,None,Move,office
1574506886.706,-887,507,None,Move,office
1574506886.722,-887,510,None,Move,office
1574506886.7370002,-887,511,None,Move,office
1574506886.7589998,-887,514,None,Move,office
1574506886.775,-887,516,None,Move,office
1574506887.312,-887,517,None,Move,office
1574506887.33,-887,521,None,Move,office
1574506887.337,-886,527,None,Move,office
1574506887.353,-885,547,None,Move,office
1574506887.365,-885,561,None,Move,office
1574506887.381,-882,590,None,Move,office
1574506887.397,-879,643,None,Move,office
1574506887.4120002,-873,701,None,Move,office
1574506887.428,-868,732,None,Move,office
1574506887.4429998,-863,758,None,Move,office
1574506887.459,-862,772,None,Move,office
1574506887.466,-862,776,None,Move,office
1574506887.481,-862,780,None,Move,office
1574506887.4970002,-862,781,None,Move,office
1574506887.505,-862,781,None,Move,office
1574506887.512,-862,782,None,Move,office
1574506887.528,-862,783,None,Move,office
1574506887.543,-862,785,None,Move,office
1574506887.566,-862,789,None,Move,office
1574506887.582,-863,794,None,Move,office
1574506887.597,-863,800,None,Move,office
1574506887.6139998,-863,805,None,Move,office
1574506887.6179998,-863,809,None,Move,office
1574506887.6339998,-863,817,None,Move,office
1574506887.65,-862,825,None,Move,office
1574506887.666,-861,827,None,Move,office
1574506887.6820002,-861,831,None,Move,office
1574506887.798,-860,831,None,Move,office
1574506887.829,-859,824,None,Move,office
1574506887.844,-859,809,None,Move,office
1574506887.86,-859,769,None,Move,office
1574506887.8660002,-858,755,None,Move,office
1574506887.8820002,-858,735,None,Move,office
1574506887.887,-858,720,None,Move,office
1574506887.9020002,-858,700,None,Move,office
1574506887.918,-860,644,None,Move,office
1574506887.934,-861,616,None,Move,office
1574506887.949,-855,516,None,Move,office
1574506887.965,-852,485,None,Move,office
1574506887.966,-847,459,None,Move,office
1574506887.982,-841,428,None,Move,office
1574506887.998,-837,410,None,Move,office
1574506888.0129998,-835,399,None,Move,office
1574506888.045,-834,392,None,Move,office
1574506888.06,-832,383,None,Move,office
1574506888.0670002,-832,381,None,Move,office
1574506888.082,-832,377,None,Move,office
1574506888.0979998,-832,375,None,Move,office
1574506888.1139998,-832,374,None,Move,office
1574506888.129,-831,373,None,Move,office
1574506888.283,-831,373,None,Move,office
1574506888.299,-831,374,None,Move,office
1574506888.314,-830,379,None,Move,office
1574506888.336,-830,387,None,Move,office
1574506888.337,-830,391,None,Move,office
1574506888.3520002,-830,398,None,Move,office
1574506888.3679998,-830,409,None,Move,office
1574506888.3839998,-830,423,None,Move,office
1574506888.393,-830,431,None,Move,office
1574506888.401,-829,442,None,Move,office
1574506888.406,-829,450,None,Move,office
1574506888.4220002,-829,469,None,Move,office
1574506888.437,-829,480,None,Move,office
1574506888.4529998,-829,485,None,Move,office
1574506888.468,-828,487,None,Move,office
1574506889.048,-828,489,None,Move,office
1574506889.063,-827,496,None,Move,office
1574506889.07,-826,504,None,Move,office
1574506889.085,-822,528,None,Move,office
1574506889.101,-816,571,None,Move,office
1574506889.1160002,-813,603,None,Move,office
1574506889.1339998,-806,644,None,Move,office
1574506889.149,-801,673,None,Move,office
1574506889.169,-801,694,None,Move,office
1574506889.185,-801,713,None,Move,office
1574506889.201,-801,718,None,Move,office
1574506889.216,-803,730,None,Move,office
1574506889.232,-805,741,None,Move,office
1574506889.248,-806,752,None,Move,office
1574506889.27,-806,763,None,Move,office
1574506889.286,-806,774,None,Move,office
1574506889.301,-806,777,None,Move,office
1574506889.3170002,-806,779,None,Move,office
1574506889.337,-806,779,None,Move,office
1574506889.416,-806,779,Left,Pressed,office
1574506889.4629998,-806,779,None,Drag,office
1574506889.478,-806,775,None,Drag,office
1574506889.485,-806,771,None,Drag,office
1574506889.5010002,-806,756,None,Drag,office
1574506889.516,-806,736,None,Drag,office
1574506889.532,-806,727,None,Drag,office
1574506889.548,-806,684,None,Drag,office
1574506889.563,-806,669,None,Drag,office
1574506889.579,-806,643,None,Drag,office
1574506889.585,-806,629,None,Drag,office
1574506889.601,-806,603,None,Drag,office
1574506889.617,-806,582,None,Drag,office
1574506889.6320002,-807,567,None,Drag,office
1574506889.6479998,-807,560,None,Drag,office
1574506889.664,-807,557,None,Drag,office
1574506889.679,-807,555,None,Drag,office
1574506889.686,-807,554,None,Drag,office
1574506889.701,-807,551,None,Drag,office
1574506889.717,-807,549,None,Drag,office
1574506889.7370002,-807,544,None,Drag,office
1574506889.7529998,-807,542,None,Drag,office
1574506889.768,-808,539,None,Drag,office
1574506889.784,-808,537,None,Drag,office
1574506889.786,-808,536,None,Drag,office
1574506889.802,-808,534,None,Drag,office
1574506889.8170002,-808,530,None,Drag,office
1574506889.833,-808,529,None,Drag,office
1574506889.849,-808,527,None,Drag,office
1574506889.9020002,-808,527,Left,Released,office
1574506890.752,-808,533,None,Move,office
1574506890.768,-808,547,None,Move,office
1574506890.783,-800,595,None,Move,office
1574506890.79,-793,622,None,Move,office
1574506890.805,-781,675,None,Move,office
1574506890.821,-775,706,None,Move,office
1574506890.837,-773,716,None,Move,office
1574506890.8520002,-773,720,None,Move,office
1574506890.8679998,-779,720,None,Move,office
1574506890.89,-791,720,None,Move,office
1574506891.036,-795,720,None,Move,office
1574506891.052,-796,720,None,Move,office
1574506891.0670002,-802,720,None,Move,office
1574506891.083,-806,720,None,Move,office
1574506891.121,-806,721,None,Move,office
1574506891.139,-806,722,None,Move,office
1574506891.186,-807,723,None,Move,office
1574506891.201,-807,727,None,Move,office
1574506891.205,-807,731,None,Move,office
1574506891.221,-807,744,None,Move,office
1574506891.2370002,-805,767,None,Move,office
1574506891.252,-805,793,None,Move,office
1574506891.268,-804,814,None,Move,office
1574506891.284,-804,826,None,Move,office
1574506891.299,-804,832,None,Move,office
1574506891.306,-804,833,None,Move,office
1574506891.321,-804,834,None,Move,office
1574506891.337,-804,836,None,Move,office
1574506891.353,-804,836,None,Move,office
1574506891.437,-803,837,None,Move,office
1574506891.4529998,-803,837,None,Move,office
1574506891.484,-802,837,None,Move,office
1574506891.5,-802,837,None,Move,office
1574506891.506,-802,837,Left,Pressed,office
1574506891.522,-800,837,None,Drag,office
1574506891.5370002,-799,833,None,Drag,office
1574506891.553,-798,827,None,Drag,office
1574506891.569,-795,809,None,Drag,office
1574506891.585,-789,779,None,Drag,office
1574506891.601,-775,725,None,Drag,office
1574506891.606,-762,684,None,Drag,office
1574506891.6220002,-749,643,None,Drag,office
1574506891.637,-713,536,None,Drag,office
1574506891.653,-708,507,None,Drag,office
1574506891.669,-699,449,None,Drag,office
1574506891.684,-696,391,None,Drag,office
1574506891.706,-696,365,None,Drag,office
1574506891.722,-696,347,None,Drag,office
1574506891.738,-696,347,Left,Released,office
1574506891.7529998,-696,336,None,Move,office
1574506891.8,-696,335,None,Move,office
1574506891.8070002,-696,334,None,Move,office
1574506891.822,-696,333,None,Move,office
1574506891.8379998,-696,333,None,Move,office
1574506891.854,-696,331,None,Move,office
1574506891.97,-696,332,None,Move,office
1574506891.985,-697,345,None,Move,office
1574506892.0010002,-703,375,None,Move,office
1574506892.0070002,-709,405,None,Move,office
1574506892.0229998,-722,458,None,Move,office
1574506892.039,-745,527,None,Move,office
1574506892.054,-761,584,None,Move,office
1574506892.07,-775,620,None,Move,office
1574506892.086,-782,640,None,Move,office
1574506892.101,-783,644,None,Move,office
1574506892.44,-783,644,None,Move,office
1574506892.455,-783,644,None,Move,office
1574506892.5089998,-783,644,None,Move,office
1574506892.525,-783,649,None,Move,office
1574506892.54,-780,664,None,Move,office
1574506892.556,-778,677,None,Move,office
1574506892.571,-773,706,None,Move,office
1574506892.587,-758,762,None,Move,office
1574506892.603,-745,809,None,Move,office
1574506892.609,-739,830,None,Move,office
1574506892.625,-733,850,None,Move,office
1574506892.64,-730,862,None,Move,office
1574506892.656,-727,867,None,Move,office
1574506892.6720002,-726,869,None,Move,office
1574506892.71,-726,869,None,Move,office
1574506892.725,-725,869,None,Move,office
1574506892.772,-724,869,None,Move,office
1574506892.788,-724,869,None,Move,office
1574506892.803,-724,863,None,Move,office
1574506892.81,-724,859,None,Move,office
1574506892.826,-725,846,None,Move,office
1574506892.841,-726,826,None,Move,office
1574506892.857,-729,798,None,Move,office
1574506892.873,-730,776,None,Move,office
1574506892.8879998,-742,708,None,Move,office
1574506892.904,-752,642,None,Move,office
1574506892.91,-755,603,None,Move,office
1574506892.926,-757,524,None,Move,office
1574506892.9420002,-756,453,None,Move,office
1574506892.957,-749,404,None,Move,office
1574506892.9729998,-745,383,None,Move,office
1574506892.988,-741,374,None,Move,office
1574506893.004,-740,371,None,Move,office
1574506893.0110002,-739,369,None,Move,office
1574506893.026,-739,368,None,Move,office
1574506893.042,-738,366,None,Move,office
1574506893.0570002,-738,366,None,Move,office
1574506893.073,-738,363,None,Move,office
1574506893.089,-737,361,None,Move,office
1574506893.104,-737,360,None,Move,office
1574506893.111,-737,359,None,Move,office
1574506893.33,-737,359,None,Move,office
1574506893.337,-737,365,None,Move,office
1574506893.353,-742,382,None,Move,office
1574506893.369,-750,412,None,Move,office
1574506893.385,-765,471,None,Move,office
1574506893.393,-771,498,None,Move,office
1574506893.401,-777,522,None,Move,office
1574506893.405,-781,541,None,Move,office
1574506893.411,-784,553,None,Move,office
1574506893.427,-788,568,None,Move,office
1574506893.4420002,-789,573,None,Move,office
1574506893.458,-789,573,None,Move,office
1574506894.271,-789,573,None,Move,office
1574506894.286,-788,573,None,Move,office
1574506894.302,-788,573,None,Move,office
1574506894.336,-787,573,None,Move,office
1574506894.3679998,-787,573,None,Move,office
1574506894.744,-787,573,None,Move,office
1574506894.7589998,-787,566,None,Move,office
1574507039.583,-758,575,None,Move,office
1574507039.599,-697,647,None,Move,office
1574507039.6139998,-662,656,None,Move,office
1574507039.63,-542,693,None,Move,office
1574507039.645,-363,755,None,Move,office
1574507039.661,-83,882,None,Move,office
1574507039.667,64,974,None,Move,office
1574507039.6829998,291,1146,None,Move,office
1574507039.698,564,1229,None,Move,office
1574507039.714,770,1237,None,Move,office
1574507039.73,803,1201,None,Move,office
1574507039.745,803,1140,None,Move,office
1574507039.7610002,790,1101,None,Move,office
1574507039.7670002,784,1084,None,Move,office
1574507039.783,774,1084,None,Move,office
1574507039.799,767,1079,None,Move,office
1574507039.814,757,1080,None,Move,office
1574507039.83,756,1079,None,Move,office
1574507039.846,755,1079,None,Move,office
1574507039.861,753,1079,None,Move,office
1574507039.8679998,751,1079,None,Move,office
1574507039.883,740,1076,None,Move,office
1574507039.899,732,1073,None,Move,office
1574507039.915,701,1067,None,Move,office
1574507039.93,697,1067,None,Move,office
1574507039.946,696,1067,None,Move,office
1574507039.961,695,1069,None,Move,office
1574507039.968,691,1073,None,Move,office
1574507039.984,654,1103,None,Move,office
1574507039.9989998,621,1103,None,Move,office
1574507040.03,418,1206,None,Move,office
1574507040.046,325,1119,None,Move,office
1574507040.062,286,1096,None,Move,office
1574507040.0679998,282,1088,None,Move,office
1574507040.1,283,1079,None,Move,office
1574507040.115,288,1078,None,Move,office
1574507040.131,309,1065,None,Move,office
1574507040.146,351,1047,None,Move,office
1574507040.1620002,383,1032,None,Move,office
1574507040.169,416,1021,None,Move,office
1574507040.184,514,990,None,Move,office
1574507040.207,760,930,None,Move,office
1574507040.216,860,911,None,Move,office
1574507040.224,943,899,None,Move,office
1574507040.225,1015,884,None,Move,office
1574507040.2410002,1116,861,None,Move,office
1574507040.2570002,1132,860,None,Move,office
1574507040.269,1164,856,None,Move,office
1574507040.284,1188,856,None,Move,office
1574507040.3,1200,857,None,Move,office
1574507040.316,1215,858,None,Move,office
1574507040.334,1238,862,None,Move,office
1574507040.337,1243,864,None,Move,office
1574507040.3520002,1248,866,None,Move,office
1574507040.369,1250,867,None,Move,office
1574507040.385,1259,873,None,Move,office
1574507040.4,1281,890,None,Move,office
1574507040.416,1331,928,None,Move,office
1574507040.431,1397,972,None,Move,office
1574507040.447,1471,1034,None,Move,office
1574507040.4629998,1484,1047,None,Move,office
1574507040.469,1490,1058,None,Move,office
1574507040.485,1496,1073,None,Move,office
1574507040.5010002,1497,1083,None,Move,office
1574507040.516,1500,1084,None,Move,office
1574507040.532,1500,1081,None,Move,office
1574507040.5470002,1500,1080,None,Move,office
1574507040.563,1500,1080,None,Move,office
1574507040.585,1500,1079,None,Move,office
1574507040.601,1498,1079,None,Move,office
1574507040.6160002,1497,1079,None,Move,office
1574507040.6320002,1495,1079,None,Move,office
1574507040.6479998,1491,1077,None,Move,office
1574507040.663,1489,1076,None,Move,office
1574507040.67,1484,1071,None,Move,office
1574507040.686,1466,1055,None,Move,office
1574507040.701,1444,1041,None,Move,office
1574507040.717,1433,1037,None,Move,office
1574507040.732,1417,1032,None,Move,office
1574507040.748,1410,1029,None,Move,office
1574507040.764,1408,1028,None,Move,office
1574507040.77,1404,1027,None,Move,office
1574507040.786,1402,1027,None,Move,office
1574507040.801,1400,1027,None,Move,office
1574507040.8170002,1394,1028,None,Move,office
1574507040.833,1393,1028,None,Move,office
1574507040.8479998,1391,1029,None,Move,office
1574507040.8639998,1387,1030,None,Move,office
1574507040.87,1386,1030,None,Move,office
1574507040.8860002,1380,1031,None,Move,office
1574507040.9020002,1375,1033,None,Move,office
1574507040.917,1364,1035,None,Move,office
1574507040.9329998,1357,1036,None,Move,office
1574507040.949,1356,1037,None,Move,office
1574507040.986,1355,1037,None,Move,office
1574507041.002,1354,1037,None,Move,office
1574507041.018,1353,1038,None,Move,office
1574507041.033,1350,1038,None,Move,office
1574507041.049,1348,1040,None,Move,office
1574507041.064,1344,1041,None,Move,office
1574507041.071,1344,1041,None,Move,office
1574507041.087,1341,1042,None,Move,office
1574507041.1020002,1336,1042,None,Move,office
1574507041.1179998,1333,1042,None,Move,office
1574507041.1339998,1330,1043,None,Move,office
1574507041.135,1330,1043,None,Move,office
1574507041.151,1329,1043,None,Move,office
1574507041.218,1329,1043,Left,Pressed,office
1574507041.272,1329,1043,Left,Released,office
1574507041.7729998,1325,1040,None,Move,development
1574507041.783,1318,1031,None,Move,development
1574507041.785,1310,1020,None,Move,development
1574507041.795,1295,1000,None,Move,development
1574507041.813,1280,979,None,Move,development
1574507041.826,1224,911,None,Move,development
1574507041.834,1190,869,None,Move,development
1574507041.844,1156,827,None,Move,development
1574507041.854,1089,746,None,Move,development
1574507041.8639998,1047,715,None,Move,development
1574507041.877,1006,684,None,Move,development
1574507041.8920002,962,658,None,Move,development
1574507041.901,854,599,None,Move,development
1574507041.925,842,592,None,Move,development
1574507041.935,842,591,None,Move,development
1574507041.964,841,589,None,Move,development
1574507041.974,841,588,None,Move,development
1574507041.984,840,586,None,Move,development
1574507041.9929998,837,584,None,Move,development
1574507042.002,835,581,None,Move,development
1574507042.0110002,832,577,None,Move,development
1574507042.02,819,566,None,Move,development
1574507042.029,810,557,None,Move,development
1574507042.0370002,801,551,None,Move,development
1574507042.044,788,541,None,Move,development
1574507042.052,775,531,None,Move,development
1574507042.062,760,520,None,Move,development
1574507042.073,740,507,None,Move,development
1574507042.084,723,495,None,Move,development
1574507042.093,668,457,None,Move,development
1574507042.103,628,432,None,Move,development
1574507042.1139998,587,407,None,Move,development
1574507042.1260002,492,354,None,Move,development
1574507042.137,441,330,None,Move,development
1574507042.1479998,382,305,None,Move,development
1574507042.158,309,271,None,Move,development
1574507042.168,282,259,None,Move,development
1574507042.177,264,251,None,Move,development
1574507042.185,245,242,None,Move,development
1574507042.208,224,233,None,Move,development
1574507042.217,18,177,None,Move,development
1574507042.229,-38,166,None,Move,development
1574507042.242,-125,153,None,Move,development
1574507042.254,-165,146,None,Move,development
1574507042.268,-233,133,None,Move,development
1574507042.285,-280,125,None,Move,development
1574507042.2970002,-308,120,None,Move,development
1574507042.3079998,-319,117,None,Move,development
1574507042.32,-331,115,None,Move,development
1574507042.331,-335,115,None,Move,development
1574507042.34,-337,114,None,Move,development
1574507042.409,-337,114,None,Move,development
1574507042.417,-338,112,None,Move,development
1574507042.426,-339,111,None,Move,development
1574507042.435,-339,110,None,Move,development
1574507042.444,-339,108,None,Move,development
1574507042.452,-339,105,None,Move,development
1574507042.461,-339,103,None,Move,development
1574507042.4729998,-339,94,None,Move,development
1574507042.481,-339,90,None,Move,development
1574507042.49,-339,85,None,Move,development
1574507042.498,-338,80,None,Move,development
1574507042.508,-337,77,None,Move,development
1574507042.524,-335,70,None,Move,development
1574507042.539,-329,62,None,Move,development
1574507042.5470002,-328,60,None,Move,development
1574507042.556,-326,59,None,Move,development
1574507042.5670002,-325,58,None,Move,development
1574507042.577,-324,58,None,Move,development
1574507042.586,-322,57,None,Move,development
1574507042.596,-320,57,None,Move,development
1574507042.605,-317,57,None,Move,development
1574507042.6120002,-313,57,None,Move,development
1574507042.621,-311,57,None,Move,development
1574507042.63,-308,57,None,Move,development
1574507042.639,-306,57,None,Move,development
1574507042.647,-305,57,None,Move,development
1574507042.659,-304,57,None,Move,development
1574507042.7229998,-304,57,None,Move,development
1574507042.731,-303,57,None,Move,development
1574507042.7410002,-301,57,None,Move,development
1574507042.748,-300,57,None,Move,development
1574507042.7629998,-297,57,None,Move,development
1574507042.779,-294,57,None,Move,development
1574507042.786,-293,57,None,Move,development
1574507042.8479998,-292,57,None,Move,development
1574507042.8639998,-293,58,None,Move,development
1574507042.887,-295,62,None,Move,development
1574507042.897,-297,63,None,Move,development
1574507042.907,-298,65,None,Move,development
1574507042.923,-303,79,None,Move,development
1574507042.938,-308,93,None,Move,development
1574507042.954,-309,98,None,Move,development
1574507042.97,-312,116,None,Move,development
1574507042.986,-317,141,None,Move,development
1574507043.01,-319,160,None,Move,development
1574507043.022,-319,174,None,Move,development
1574507043.029,-319,181,None,Move,development
1574507043.038,-319,190,None,Move,development
1574507043.048,-318,196,None,Move,development
1574507043.056,-315,203,None,Move,development
1574507043.06,-313,208,None,Move,development
1574507043.076,-309,216,None,Move,development
1574507043.086,-309,217,None,Move,development
1574507043.1020002,-308,221,None,Move,development
1574507043.117,-308,222,None,Move,development
1574507043.14,-309,224,None,Move,development
1574507043.1479998,-310,224,None,Move,development
1574507043.164,-311,225,None,Move,development
1574507043.187,-312,225,None,Move,development
1574507043.195,-312,226,None,Move,development
1574507043.2029998,-314,227,None,Move,development
1574507043.211,-315,228,None,Move,development
1574507043.221,-317,230,None,Move,development
1574507043.225,-319,233,None,Move,development
1574507043.24,-326,239,None,Move,development
1574507043.256,-336,249,None,Move,development
1574507043.272,-351,263,None,Move,development
1574507043.2870002,-372,276,None,Move,development
1574507043.3079998,-393,288,None,Move,development
1574507043.316,-410,295,None,Move,development
1574507043.325,-428,301,None,Move,development
1574507043.333,-458,312,None,Move,development
1574507043.337,-484,316,None,Move,development
1574507043.3520002,-549,323,None,Move,development
1574507043.3679998,-636,324,None,Move,development
1574507043.3920002,-742,321,None,Move,development
1574507043.401,-781,318,None,Move,development
1574507043.41,-828,314,None,Move,development
1574507043.418,-870,309,None,Move,development
1574507043.427,-913,299,None,Move,development
1574507043.437,-985,284,None,Move,development
1574507043.446,-1012,276,None,Move,development
1574507043.455,-1055,262,None,Move,development
1574507043.46,-1083,253,None,Move,development
1574507043.476,-1134,232,None,Move,development
1574507043.4870002,-1172,217,None,Move,development
1574507043.5029998,-1201,204,None,Move,development
1574507043.518,-1212,200,None,Move,development
1574507043.534,-1231,189,None,Move,development
1574507043.55,-1241,181,None,Move,development
1574507043.565,-1246,175,None,Move,development
1574507043.581,-1248,172,None,Move,development
1574507043.587,-1249,168,None,Move,development
1574507043.603,-1249,167,None,Move,development
1574507043.619,-1250,164,None,Move,development
1574507043.6339998,-1252,155,None,Move,development
1574507043.65,-1252,150,None,Move,development
1574507043.666,-1252,134,None,Move,development
1574507043.681,-1252,120,None,Move,development
1574507043.688,-1252,114,None,Move,development
1574507043.7029998,-1252,106,None,Move,development
1574507043.719,-1252,97,None,Move,development
1574507043.735,-1252,92,None,Move,development
1574507043.75,-1252,85,None,Move,development
1574507043.766,-1252,82,None,Move,development
1574507043.788,-1252,75,None,Move,development
1574507043.804,-1252,57,None,Move,development
1574507043.819,-1252,43,None,Move,development
1574507043.835,-1252,26,None,Move,development
1574507043.851,-1246,5,None,Move,development
1574507043.8660002,-1244,-2,None,Move,development
1574507043.883,-1240,-8,None,Move,development
1574507043.895,-1233,-14,None,Move,development
1574507043.907,-1229,-6,None,Move,development
1574507043.916,-1219,-15,None,Move,development
1574507043.924,-1214,-6,None,Move,development
1574507043.94,-1204,-4,None,Move,development
1574507043.955,-1196,-4,None,Move,development
1574507043.971,-1187,-1,None,Move,development
1574507043.988,-1176,-3,None,Move,development
1574507044.004,-1167,-2,None,Move,development
1574507044.019,-1156,-3,None,Move,development
1574507044.035,-1149,-2,None,Move,development
1574507044.051,-1142,0,None,Move,development
1574507044.066,-1136,-2,None,Move,development
1574507044.082,-1125,-5,None,Move,development
1574507044.0879998,-1119,-3,None,Move,development
1574507044.104,-1115,-2,None,Move,development
1574507044.12,-1092,-5,None,Move,development
1574507044.1379998,-1085,-2,None,Move,development
1574507044.15,-1075,-4,None,Move,development
1574507044.1620002,-1072,-1,None,Move,development
1574507044.171,-1068,-2,None,Move,development
1574507044.179,-1066,-1,None,Move,development
1574507044.191,-1060,-2,None,Move,development
1574507044.198,-1057,-1,None,Move,development
1574507044.206,-1055,-2,None,Move,development
1574507044.214,-1050,-1,None,Move,development
1574507044.222,-1047,-2,None,Move,development
1574507044.224,-1041,-2,None,Move,development
1574507044.2389998,-1034,-4,None,Move,development
1574507044.255,-1024,-3,None,Move,development
1574507044.271,-1016,-1,None,Move,development
1574507044.289,-1007,-2,None,Move,development
1574507044.304,-995,-5,None,Move,development
1574507044.32,-988,-3,None,Move,development
1574507044.336,-974,-2,None,Move,development
1574507044.351,-953,-5,None,Move,development
1574507044.367,-909,-4,None,Move,development
1574507044.385,-859,-1,None,Move,development
1574507044.394,-823,0,None,Move,development
1574507044.401,-781,6,None,Move,development
1574507044.409,-736,15,None,Move,development
1574507044.417,-685,25,None,Move,development
1574507044.424,-617,46,None,Move,development
1574507044.4320002,-571,60,None,Move,development
1574507044.44,-516,82,None,Move,development
1574507044.447,-462,100,None,Move,development
1574507044.457,-410,120,None,Move,development
1574507044.4729998,-282,176,None,Move,development
1574507044.4889998,-250,191,None,Move,development
1574507044.505,-215,208,None,Move,development
1574507044.536,-177,231,None,Move,development
1574507044.5670002,-150,250,None,Move,development
1574507044.583,-137,264,None,Move,development
1574507044.589,-133,269,None,Move,development
1574507044.6,-128,275,None,Move,development
1574507044.62,-116,292,None,Move,development
1574507044.63,-110,300,None,Move,development
1574507044.641,-104,308,None,Move,development
1574507044.653,-92,321,None,Move,development
1574507044.661,-87,326,None,Move,development
1574507044.663,-82,331,None,Move,development
1574507044.673,-80,334,None,Move,development
1574507044.6829998,-77,335,None,Move,development
1574507044.775,-77,337,None,Move,development
1574507044.785,-76,340,None,Move,development
1574507044.795,-74,349,None,Move,development
1574507044.805,-73,358,None,Move,development
1574507044.815,-69,377,None,Move,development
1574507044.824,-66,398,None,Move,development
1574507044.835,-65,420,None,Move,development
1574507044.844,-65,475,None,Move,development
1574507044.853,-65,502,None,Move,development
1574507044.8620002,-65,532,None,Move,development
1574507044.8720002,-65,562,None,Move,development
1574507044.8820002,-65,589,None,Move,development
1574507044.891,-65,609,None,Move,development
1574507044.899,-69,625,None,Move,development
1574507044.908,-72,637,None,Move,development
1574507044.915,-80,654,None,Move,development
1574507044.923,-90,668,None,Move,development
1574507044.9320002,-100,678,None,Move,development
1574507044.939,-113,688,None,Move,development
1574507044.941,-141,700,None,Move,development
1574507044.957,-161,705,None,Move,development
1574507044.972,-217,711,None,Move,development
1574507044.988,-305,710,None,Move,development
1574507045.004,-446,702,None,Move,development
1574507045.019,-647,691,None,Move,development
1574507045.034,-847,688,None,Move,development
1574507045.049,-1034,678,None,Move,development
1574507045.065,-1181,648,None,Move,development
1574507045.081,-1321,609,None,Move,development
1574507045.096,-1437,581,None,Move,development
1574507045.1120002,-1524,555,None,Move,development
1574507045.127,-1583,529,None,Move,development
1574507045.1339998,-1610,513,None,Move,development
1574507045.151,-1635,494,None,Move,development
1574507045.167,-1702,434,None,Move,development
1574507045.1820002,-1773,348,None,Move,development
1574507045.205,-1811,288,None,Move,development
1574507045.2129998,-1833,256,None,Move,development
1574507045.222,-1851,231,None,Move,development
1574507045.225,-1865,212,None,Move,development
1574507045.234,-1873,198,None,Move,development
1574507045.25,-1885,181,None,Move,development
1574507045.265,-1889,175,None,Move,development
1574507045.281,-1891,172,None,Move,development
1574507045.2970002,-1892,167,None,Move,development
1574507045.312,-1892,164,None,Move,development
1574507045.336,-1892,161,None,Move,development
1574507045.337,-1892,161,None,Move,development
1574507045.353,-1888,160,None,Move,development
1574507045.369,-1883,159,None,Move,development
1574507045.391,-1859,158,None,Move,development
1574507045.399,-1839,166,None,Move,development
1574507045.408,-1815,178,None,Move,development
1574507045.416,-1791,195,None,Move,development
1574507045.424,-1758,216,None,Move,development
1574507045.425,-1725,244,None,Move,development
1574507045.434,-1690,276,None,Move,development
1574507045.45,-1655,315,None,Move,development
1574507045.465,-1613,376,None,Move,development
1574507045.481,-1555,492,None,Move,development
1574507045.4970002,-1535,541,None,Move,development
1574507045.512,-1499,645,None,Move,development
1574507045.528,-1472,737,None,Move,development
1574507045.535,-1465,762,None,Move,development
1574507045.55,-1452,788,None,Move,development
1574507045.566,-1444,796,None,Move,development
1574507045.581,-1439,796,None,Move,development
1574507045.597,-1434,790,None,Move,development
1574507045.613,-1431,775,None,Move,development
1574507045.6279998,-1429,751,None,Move,development
1574507045.637,-1427,739,None,Move,development
1574507045.647,-1427,739,None,Move,development
1574507045.819,-1427,737,None,Move,development
1574507045.821,-1425,733,None,Move,development
1574507045.831,-1425,731,None,Move,development
1574507045.841,-1425,722,None,Move,development
1574507045.851,-1429,713,None,Move,development
1574507045.861,-1431,705,None,Move,development
1574507045.871,-1435,696,None,Move,development
1574507045.88,-1439,690,None,Move,development
1574507045.8820002,-1442,684,None,Move,development
1574507045.901,-1451,672,None,Move,development
1574507045.911,-1454,668,None,Move,development
1574507045.919,-1456,666,None,Move,development
1574507045.924,-1457,665,None,Move,development
1574507045.93,-1457,664,None,Move,development
1574507045.9420002,-1457,664,None,Move,development
1574507045.9529998,-1457,662,None,Move,development
1574507045.9629998,-1455,659,None,Move,development
1574507045.971,-1449,653,None,Move,development
1574507045.9829998,-1442,648,None,Move,development
1574507045.9929998,-1432,641,None,Move,development
1574507046.0029998,-1417,634,None,Move,development
1574507046.012,-1399,624,None,Move,development
1574507046.014,-1368,612,None,Move,development
1574507046.024,-1337,600,None,Move,development
1574507046.034,-1307,590,None,Move,development
1574507046.042,-1261,575,None,Move,development
1574507046.044,-1209,557,None,Move,development
1574507046.054,-1150,542,None,Move,development
1574507046.065,-1080,525,None,Move,development
1574507046.075,-1002,506,None,Move,development
1574507046.083,-916,486,None,Move,development
1574507046.085,-825,468,None,Move,development
1574507046.095,-702,443,None,Move,development
1574507046.103,-595,422,None,Move,development
1574507046.115,-477,401,None,Move,development
1574507046.125,-249,374,None,Move,development
1574507046.133,-116,367,None,Move,development
1574507046.1360002,11,365,None,Move,development
1574507046.146,205,365,None,Move,development
1574507046.156,383,365,None,Move,development
1574507046.17,529,367,None,Move,development
1574507046.181,678,367,None,Move,development
1574507046.189,813,374,None,Move,development
1574507046.198,1033,383,None,Move,development
1574507046.206,1103,386,None,Move,development
1574507046.215,1153,391,None,Move,development
1574507046.2270002,1192,398,None,Move,development
1574507046.235,1215,401,None,Move,development
1574507046.246,1246,408,None,Move,development
1574507046.256,1255,411,None,Move,development
1574507046.2670002,1258,411,None,Move,development
1574507046.407,1260,412,None,Move,development
1574507046.429,1283,419,None,Move,development
1574507046.437,1312,429,None,Move,development
1574507046.448,1353,438,None,Move,development
1574507046.457,1409,452,None,Move,development
1574507046.466,1466,468,None,Move,development
1574507046.476,1531,488,None,Move,development
1574507046.4870002,1631,527,None,Move,development
1574507046.4970002,1677,543,None,Move,development
1574507046.506,1725,555,None,Move,development
1574507046.519,1821,576,None,Move,development
1574507046.528,1864,580,None,Move,development
1574507046.5370002,1885,580,None,Move,development
1574507046.5470002,1898,580,None,Move,development
1574507046.555,1908,578,None,Move,development
1574507046.564,1913,577,None,Move,development
1574507046.573,1915,576,None,Move,development
1574507046.597,1915,575,None,Move,development
1574507046.605,1915,574,None,Move,development
1574507046.6139998,1913,571,None,Move,development
1574507046.6220002,1905,562,None,Move,development
1574507046.631,1892,552,None,Move,development
1574507046.6420002,1879,539,None,Move,development
1574507046.651,1862,527,None,Move,development
1574507046.661,1842,513,None,Move,development
1574507046.669,1795,487,None,Move,development
1574507046.68,1765,474,None,Move,development
1574507046.688,1739,465,None,Move,development
1574507046.699,1706,453,None,Move,development
1574507046.707,1665,444,None,Move,development
1574507046.715,1624,432,None,Move,development
1574507046.724,1589,425,None,Move,development
1574507046.726,1510,411,None,Move,development
1574507046.7370002,1462,401,None,Move,development
1574507046.7470002,1415,394,None,Move,development
1574507046.758,1355,383,None,Move,development
1574507046.768,1308,375,None,Move,development
1574507046.776,1270,371,None,Move,development
1574507046.789,1214,367,None,Move,development
1574507046.798,1194,365,None,Move,development
1574507046.8070002,1174,365,None,Move,development
1574507046.816,1158,365,None,Move,development
1574507046.827,1146,365,None,Move,development
1574507046.837,1134,366,None,Move,development
1574507046.8479998,1119,370,None,Move,development
1574507046.857,1110,371,None,Move,development
1574507046.8660002,1104,373,None,Move,development
1574507046.8739998,1097,374,None,Move,development
1574507046.8839998,1087,375,None,Move,development
1574507046.893,1076,378,None,Move,development
1574507046.901,1046,383,None,Move,development
1574507046.911,1030,387,None,Move,development
1574507046.919,1014,388,None,Move,development
1574507046.928,995,391,None,Move,development
1574507046.937,979,393,None,Move,development
1574507046.945,963,393,None,Move,development
1574507046.954,951,393,None,Move,development
1574507046.9629998,937,393,None,Move,development
1574507046.9729998,914,388,None,Move,development
1574507046.982,896,381,None,Move,development
1574507046.9910002,880,375,None,Move,development
1574507047.002,863,366,None,Move,development
1574507047.0110002,841,355,None,Move,development
1574507047.02,808,337,None,Move,development
1574507047.031,788,325,None,Move,development
1574507047.04,771,313,None,Move,development
1574507047.049,758,303,None,Move,development
1574507047.0579998,747,293,None,Move,development
1574507047.0679998,732,280,None,Move,development
1574507047.077,727,275,None,Move,development
1574507047.089,724,272,None,Move,development
1574507047.099,722,268,None,Move,development
1574507047.109,722,267,None,Move,development
1574507047.1179998,722,267,None,Move,development
1574507047.131,722,266,None,Move,development
1574507047.14,722,265,None,Move,development
1574507047.149,722,264,None,Move,development
1574507047.157,722,261,None,Move,development
1574507047.166,722,259,None,Move,development
1574507047.175,722,256,None,Move,development
1574507047.1829998,722,251,None,Move,development
1574507047.191,720,246,None,Move,development
1574507047.2,714,241,None,Move,development
1574507047.208,714,238,None,Move,development
1574507047.381,717,240,None,Move,development
1574507047.389,724,246,None,Move,development
1574507047.399,731,249,None,Move,development
1574507047.409,739,249,None,Move,development
1574507047.419,750,245,None,Move,development
1574507047.428,760,240,None,Move,development
1574507047.438,790,229,None,Move,development
1574507047.446,808,222,None,Move,development
1574507047.454,829,214,None,Move,development
1574507047.4629998,851,207,None,Move,development
1574507047.471,876,197,None,Move,development
1574507047.48,906,186,None,Move,development
1574507047.4889998,926,181,None,Move,development
1574507047.5,989,162,None,Move,development
1574507047.5089998,1014,154,None,Move,development
1574507047.5170002,1038,149,None,Move,development
1574507047.525,1056,142,None,Move,development
1574507047.534,1072,137,None,Move,development
1574507047.543,1091,132,None,Move,development
1574507047.555,1109,127,None,Move,development
1574507047.564,1125,124,None,Move,development
1574507047.572,1138,117,None,Move,development
1574507047.58,1149,113,None,Move,development
1574507047.5879998,1159,110,None,Move,development
1574507047.599,1175,103,None,Move,development
1574507047.6079998,1182,100,None,Move,development
1574507047.6179998,1188,99,None,Move,development
1574507047.627,1190,98,None,Move,development
1574507047.6360002,1197,95,None,Move,development
1574507047.645,1203,94,None,Move,development
1574507047.653,1210,92,None,Move,development
1574507047.6620002,1219,90,None,Move,development
1574507047.676,1226,89,None,Move,development
1574507047.685,1238,87,None,Move,development
1574507047.6929998,1241,86,None,Move,development
1574507047.702,1243,85,None,Move,development
1574507047.711,1245,85,None,Move,development
1574507047.718,1246,84,None,Move,development
1574507047.726,1248,84,None,Move,development
1574507047.735,1249,83,None,Move,development
1574507047.742,1250,83,None,Move,development
1574507047.75,1251,83,None,Move,development
1574507047.758,1254,82,None,Move,development
1574507047.7670002,1256,81,None,Move,development
1574507047.774,1260,80,None,Move,development
1574507047.782,1263,79,None,Move,development
1574507047.79,1266,78,None,Move,development
1574507047.798,1269,77,None,Move,development
1574507047.8070002,1270,77,None,Move,development
1574507047.816,1272,76,None,Move,development
1574507047.869,1273,75,None,Move,development
1574507047.893,1273,74,None,Move,development
1574507048.2370002,1273,74,Left,Pressed,development
1574507048.321,1273,74,Left,Released,development
1574507048.7729998,1273,74,None,Move,development
1574507048.788,1272,74,None,Move,development
1574507048.799,1272,74,None,Move,development
1574507048.813,1270,74,None,Move,development
1574507048.829,1268,74,None,Move,development
1574507048.839,1266,74,None,Move,development
1574507048.8520002,1264,74,None,Move,development
1574507048.863,1256,75,None,Move,development
1574507048.8720002,1248,76,None,Move,development
1574507048.881,1233,79,None,Move,development
1574507048.893,1186,90,None,Move,development
1574507048.904,1146,100,None,Move,development
1574507048.914,1109,109,None,Move,development
1574507048.9220002,1061,122,None,Move,development
1574507048.9329998,1008,137,None,Move,development
1574507048.945,892,179,None,Move,development
1574507048.954,828,196,None,Move,development
1574507048.964,778,211,None,Move,development
1574507048.9729998,723,222,None,Move,development
1574507048.982,624,237,None,Move,development
1574507048.9929998,566,242,None,Move,development
1574507049.0029998,516,245,None,Move,development
1574507049.014,428,252,None,Move,development
1574507049.0270002,388,259,None,Move,development
1574507049.035,353,265,None,Move,development
1574507049.043,320,274,None,Move,development
1574507049.052,302,279,None,Move,development
1574507049.06,284,284,None,Move,development
1574507049.071,253,294,None,Move,development
1574507049.081,242,299,None,Move,development
1574507049.093,234,301,None,Move,development
1574507049.101,225,303,None,Move,development
1574507049.11,216,304,None,Move,development
1574507049.1220002,208,305,None,Move,development
1574507049.131,202,305,None,Move,development
1574507049.14,194,305,None,Move,development
1574507049.1520002,179,304,None,Move,development
1574507049.1620002,171,304,None,Move,development
1574507049.171,163,302,None,Move,development
1574507049.181,151,300,None,Move,development
1574507049.189,148,299,None,Move,development
1574507049.199,143,296,None,Move,development
1574507049.209,138,294,None,Move,development
1574507049.218,135,293,None,Move,development
1574507049.2270002,130,289,None,Move,development
1574507049.236,125,285,None,Move,development
1574507049.245,121,282,None,Move,development
1574507049.252,118,276,None,Move,development
1574507049.262,109,264,None,Move,development
1574507049.27,107,259,None,Move,development
1574507049.281,103,252,None,Move,development
1574507049.292,99,247,None,Move,development
1574507049.302,89,235,None,Move,development
1574507049.311,82,227,None,Move,development
1574507049.322,78,220,None,Move,development
1574507049.334,69,208,None,Move,development
1574507049.343,67,201,None,Move,development
1574507049.3520002,61,192,None,Move,development
1574507049.363,58,185,None,Move,development
1574507049.37,54,178,None,Move,development
1574507049.3820002,51,172,None,Move,development
1574507049.389,47,165,None,Move,development
1574507049.3979998,41,149,None,Move,development
1574507049.405,40,141,None,Move,development
1574507049.413,37,134,None,Move,development
1574507049.423,36,127,None,Move,development
1574507049.4320002,36,117,None,Move,development
1574507049.44,35,113,None,Move,development
1574507049.451,33,106,None,Move,development
1574507049.462,33,97,None,Move,development
1574507049.469,33,95,None,Move,development
1574507049.48,33,93,None,Move,development
1574507049.4889998,33,90,None,Move,development
1574507049.4989998,33,87,None,Move,development
1574507049.5089998,34,82,None,Move,development
1574507049.518,34,79,None,Move,development
1574507049.528,34,76,None,Move,development
1574507049.536,34,76,None,Move,development
1574507049.546,34,74,None,Move,development
1574507049.5570002,34,73,None,Move,development
1574507049.685,37,76,None,Move,development
1574507049.694,38,81,None,Move,development
1574507049.702,40,86,None,Move,development
1574507049.711,43,94,None,Move,development
1574507049.719,46,101,None,Move,development
1574507049.728,48,106,None,Move,development
1574507049.736,51,111,None,Move,development
1574507049.745,53,113,None,Move,development
1574507049.754,54,115,None,Move,development
1574507049.7629998,54,116,None,Move,development
1574507049.7729998,54,117,None,Move,development
1574507050.0670002,54,117,Left,Pressed,development
1574507050.125,54,117,Left,Released,development
1574507051.1179998,56,129,None,Move,development
1574507051.127,56,139,None,Move,development
1574507051.135,58,148,None,Move,development
1574507051.143,58,154,None,Move,development
1574507051.1520002,58,158,None,Move,development
1574507051.161,58,162,None,Move,development
1574507051.17,60,166,None,Move,development
1574507051.178,60,170,None,Move,development
1574507051.188,61,173,None,Move,development
1574507051.197,61,176,None,Move,development
1574507051.205,61,177,None,Move,development
1574507051.414,61,177,Left,Pressed,development
1574507051.486,61,177,Left,Released,development
1574507052.99,65,179,None,Move,development
1574507053.0,74,179,None,Move,development
1574507053.0129998,108,180,None,Move,development
1574507053.022,127,180,None,Move,development
1574507053.03,145,182,None,Move,development
1574507053.038,163,184,None,Move,development
1574507053.048,184,187,None,Move,development
1574507053.061,198,189,None,Move,development
1574507053.071,212,190,None,Move,development
1574507053.082,234,193,None,Move,development
1574507053.09,243,193,None,Move,development
1574507053.1,245,193,None,Move,development
1574507053.11,247,193,None,Move,development
1574507053.1179998,248,193,None,Move,development
1574507053.1339998,249,193,None,Move,development
1574507053.157,250,193,None,Move,development
1574507053.197,251,193,None,Move,development
1574507053.205,252,194,None,Move,development
1574507053.216,255,197,None,Move,development
1574507053.226,259,202,None,Move,development
1574507053.234,265,211,None,Move,development
1574507053.245,270,219,None,Move,development
1574507053.254,277,231,None,Move,development
1574507053.264,291,257,None,Move,development
1574507053.272,297,270,None,Move,development
1574507053.282,302,280,None,Move,development
1574507053.292,303,287,None,Move,development
1574507053.303,306,302,None,Move,development
1574507053.314,306,306,None,Move,development
1574507053.3279998,306,310,None,Move,development
1574507053.6620002,306,303,None,Move,development
1574507053.675,305,300,None,Move,development
1574507053.6829998,305,298,None,Move,development
1574507053.6920002,305,295,None,Move,development
1574507053.7,305,293,None,Move,development
1574507053.709,305,292,None,Move,development
1574507053.718,305,291,None,Move,development
1574507053.726,305,290,None,Move,development
1574507053.735,305,289,None,Move,development
1574507053.7429998,305,288,None,Move,development
1574507053.7510002,305,287,None,Move,development
1574507053.7610002,305,286,None,Move,development
1574507053.768,305,284,None,Move,development
1574507053.778,305,284,None,Move,development
1574507053.7870002,306,281,None,Move,development
1574507053.795,306,279,None,Move,development
1574507053.803,306,277,None,Move,development
1574507053.812,307,275,None,Move,development
1574507053.82,307,273,None,Move,development
1574507053.827,307,272,None,Move,development
1574507053.836,307,271,None,Move,development
1574507053.845,308,270,None,Move,development
1574507053.972,308,270,Left,Pressed,development
1574507054.039,308,270,Left,Released,development
1574507054.846,310,270,None,Move,development
1574507054.8579998,316,270,None,Move,development
1574507054.871,336,279,None,Move,development
1574507054.881,355,290,None,Move,development
1574507054.893,397,307,None,Move,development
1574507054.9020002,439,322,None,Move,development
1574507054.9120002,538,359,None,Move,development
1574507054.9220002,604,381,None,Move,development
1574507054.934,674,408,None,Move,development
1574507054.9420002,838,465,None,Move,development
1574507054.952,932,497,None,Move,development
1574507054.962,996,513,None,Move,development
1574507054.971,1061,530,None,Move,development
1574507054.982,1125,544,None,Move,development
1574507054.992,1231,560,None,Move,development
1574507055.002,1266,564,None,Move,development
1574507055.016,1325,566,None,Move,development
1574507055.0270002,1346,565,None,Move,development
1574507055.035,1366,565,None,Move,development
1574507055.043,1381,562,None,Move,development
1574507055.053,1399,559,None,Move,development
1574507055.062,1419,556,None,Move,development
1574507055.553,1417,560,None,Move,development
1574507055.564,1416,564,None,Move,development
1574507055.572,1413,568,None,Move,development
1574507055.58,1412,571,None,Move,development
1574507055.591,1410,573,None,Move,development
1574507055.601,1410,574,None,Move,development
1574507055.6120002,1410,575,None,Move,development
1574507055.627,1410,576,None,Move,development
1574507055.644,1410,577,None,Move,development
1574507055.689,1409,577,None,Move,development
1574507055.74,1408,577,None,Move,development
1574507055.756,1407,577,None,Move,development
1574507055.772,1406,578,None,Move,development
1574507055.785,1404,579,None,Move,development
1574507056.0979998,1404,578,None,Move,development
1574507056.121,1404,576,None,Move,development
1574507056.133,1404,572,None,Move,development
1574507056.147,1404,572,None,Move,development
1574507056.292,1404,571,None,Move,development
1574507056.301,1404,570,None,Move,development
1574507056.31,1404,569,None,Move,development
1574507056.319,1405,567,None,Move,development
1574507056.327,1407,565,None,Move,development
1574507056.334,1408,563,None,Move,development
1574507056.342,1409,561,None,Move,development
1574507056.35,1410,560,None,Move,development
1574507056.3579998,1410,558,None,Move,development
1574507058.3879998,1411,557,None,Move,development
1574507058.708,1411,557,None,Move,development
1574507058.731,1409,557,None,Move,development
1574507058.7410002,1408,557,None,Move,development
1574507058.9729998,1406,557,None,Move,development
1574507058.985,1404,557,None,Move,development
1574507058.994,1403,557,None,Move,development
1574507059.0029998,1402,557,None,Move,development
1574507059.0110002,1401,557,None,Move,development
1574507059.02,1401,557,None,Move,development
1574507059.028,1400,556,None,Move,development
1574507059.036,1400,555,None,Move,development
1574507059.044,1399,553,None,Move,development
1574507059.051,1398,550,None,Move,development
1574507059.059,1397,548,None,Move,development
1574507059.0670002,1397,546,None,Move,development
1574507059.074,1396,544,None,Move,development
1574507059.083,1396,542,None,Move,development
1574507059.09,1395,541,None,Move,development
1574507059.0979998,1395,540,None,Move,development
1574507059.252,1395,539,None,Move,development
1574507059.2729998,1393,536,None,Move,development
1574507059.284,1391,534,None,Move,development
1574507059.294,1388,531,None,Move,development
1574507059.302,1387,530,None,Move,development
1574507059.311,1385,529,None,Move,development
1574507059.3179998,1384,529,None,Move,development
1574507059.326,1382,528,None,Move,development
1574507059.333,1379,525,None,Move,development
1574507059.343,1377,524,None,Move,development
1574507059.35,1374,523,None,Move,development
1574507059.3579998,1372,522,None,Move,development
1574507059.3660002,1370,522,None,Move,development
1574507059.3739998,1369,521,None,Move,development
1574507059.381,1368,521,None,Move,development
1574507059.389,1367,521,None,Move,development
1574507059.404,1366,521,None,Move,development
1574507059.42,1365,521,None,Move,development
1574507059.445,1365,521,None,Move,development
1574507059.476,1364,521,None,Move,development
1574507059.4929998,1363,520,None,Move,development
1574507059.5010002,1361,518,None,Move,development
1574507059.51,1360,517,None,Move,development
1574507059.518,1359,515,None,Move,development
1574507059.5270002,1357,513,None,Move,development
1574507059.534,1356,511,None,Move,development
1574507059.549,1355,510,None,Move,development
1574507063.793,1355,510,None,Move,development
1574507064.133,1356,510,None,Move,development
1574507064.224,1357,510,None,Move,development
1574507064.957,1357,509,None,Move,development
1574507065.155,1358,507,None,Move,development
1574507065.171,1359,506,None,Move,development
1574507066.701,1359,506,None,Move,development
1574507066.712,1359,496,None,Move,development
1574507066.717,1361,490,None,Move,development
1574507066.725,1361,480,None,Move,development
1574507066.7329998,1361,475,None,Move,development
1574507066.7410002,1362,469,None,Move,development
1574507066.748,1365,460,None,Move,development
1574507066.756,1366,456,None,Move,development
1574507066.764,1369,447,None,Move,development
1574507066.7729998,1373,440,None,Move,development
1574507066.781,1377,433,None,Move,development
1574507066.788,1383,424,None,Move,development
1574507066.796,1391,415,None,Move,development
1574507066.806,1399,404,None,Move,development
1574507066.813,1406,394,None,Move,development
1574507066.821,1412,387,None,Move,development
1574507066.83,1416,382,None,Move,development
1574507066.837,1420,377,None,Move,development
1574507066.845,1424,372,None,Move,development
1574507066.853,1428,366,None,Move,development
1574507066.8620002,1432,361,None,Move,development
1574507066.869,1433,359,None,Move,development
1574507066.877,1434,357,None,Move,development
1574507066.885,1434,355,None,Move,development
1574507066.893,1435,354,None,Move,development
1574507066.901,1435,353,None,Move,development
1574507066.909,1435,353,None,Move,development
1574507066.918,1435,352,None,Move,development
1574507066.925,1435,351,None,Move,development
1574507066.9329998,1435,350,None,Move,development
1574507066.95,1435,349,None,Move,development
1574507066.957,1435,348,None,Move,development
1574507070.5670002,1435,348,None,Move,development
1574507070.583,1434,348,None,Move,development
1574507070.605,1432,352,None,Move,development
1574507070.6139998,1430,356,None,Move,development
1574507070.6220002,1427,360,None,Move,development
1574507070.63,1426,362,None,Move,development
1574507070.6379998,1424,364,None,Move,development
1574507070.645,1423,369,None,Move,development
1574507070.6520002,1421,372,None,Move,development
1574507070.661,1419,376,None,Move,development
1574507070.67,1419,378,None,Move,development
1574507070.678,1418,382,None,Move,development
1574507070.686,1417,386,None,Move,development
1574507070.694,1416,390,None,Move,development
1574507070.702,1416,392,None,Move,development
1574507070.709,1416,394,None,Move,development
1574507070.717,1416,395,None,Move,development
1574507070.726,1415,397,None,Move,development
1574507070.765,1415,398,None,Move,development
1574507070.916,1414,398,None,Move,development
1574507070.95,1413,399,None,Move,development
1574507070.957,1413,400,None,Move,development
1574507070.965,1412,401,None,Move,development
1574507070.974,1411,402,None,Move,development
1574507070.982,1410,403,None,Move,development
1574507070.9970002,1409,404,None,Move,development
1574507071.006,1408,404,None,Move,development
1574507071.022,1407,404,None,Move,development
1574507071.038,1407,404,None,Move,development
1574507071.053,1406,405,None,Move,development
1574507071.062,1404,406,None,Move,development
1574507071.07,1403,407,None,Move,development
1574507071.0779998,1401,408,None,Move,development
1574507071.086,1400,409,None,Move,development
1574507071.094,1398,410,None,Move,development
1574507071.1020002,1398,411,None,Move,development
1574507071.109,1396,412,None,Move,development
1574507071.1160002,1395,412,None,Move,development
1574507071.1260002,1393,413,None,Move,development
1574507071.1420002,1392,414,None,Move,development
1574507071.15,1391,415,None,Move,development
1574507071.158,1390,416,None,Move,development
1574507071.174,1390,417,None,Move,development
1574507071.1820002,1390,418,None,Move,development
1574507071.19,1389,418,None,Move,development
1574507071.197,1388,418,None,Move,development
1574507071.221,1387,419,None,Move,development
1574507071.228,1386,419,None,Move,development
1574507071.2470002,1385,419,None,Move,development
1574507071.254,1384,419,None,Move,development
1574507071.27,1384,420,None,Move,development
1574507071.2770002,1382,421,None,Move,development
1574507071.285,1381,422,None,Move,development
1574507071.294,1379,423,None,Move,development
1574507071.302,1376,426,None,Move,development
1574507071.309,1373,427,None,Move,development
1574507071.3170002,1371,428,None,Move,development
1574507071.327,1369,431,None,Move,development
1574507071.335,1367,433,None,Move,development
1574507071.342,1364,436,None,Move,development
1574507071.35,1360,438,None,Move,development
1574507071.3579998,1357,441,None,Move,development
1574507071.365,1354,443,None,Move,development
1574507071.373,1352,444,None,Move,development
1574507071.381,1347,446,None,Move,development
1574507071.39,1342,449,None,Move,development
1574507071.397,1337,451,None,Move,development
1574507071.406,1330,454,None,Move,development
1574507071.414,1323,457,None,Move,development
1574507071.4220002,1317,458,None,Move,development
1574507071.43,1306,461,None,Move,development
1574507071.437,1298,462,None,Move,development
1574507071.445,1284,466,None,Move,development
1574507071.452,1269,470,None,Move,development
1574507071.462,1249,472,None,Move,development
1574507071.47,1224,476,None,Move,development
1574507071.478,1189,480,None,Move,development
1574507071.486,1156,480,None,Move,development
1574507071.494,1123,480,None,Move,development
1574507071.502,1091,480,None,Move,development
1574507071.508,1058,480,None,Move,development
1574507071.5170002,1025,480,None,Move,development
1574507071.526,1000,480,None,Move,development
1574507071.534,967,480,None,Move,development
1574507071.542,947,480,None,Move,development
1574507071.55,928,480,None,Move,development
1574507071.5579998,912,480,None,Move,development
1574507071.565,900,480,None,Move,development
1574507071.575,884,480,None,Move,development
1574507071.582,871,482,None,Move,development
1574507071.59,863,483,None,Move,development
1574507071.597,857,484,None,Move,development
1574507071.606,850,486,None,Move,development
1574507071.6139998,845,487,None,Move,development
1574507071.621,842,488,None,Move,development
1574507071.6279998,839,489,None,Move,development
1574507071.637,836,490,None,Move,development
1574507071.646,834,490,None,Move,development
1574507071.654,832,491,None,Move,development
1574507071.661,831,491,None,Move,development
1574507071.669,830,492,None,Move,development
1574507071.678,829,492,None,Move,development
1574507071.685,828,492,None,Move,development
1574507071.694,827,492,None,Move,development
1574507071.702,826,492,None,Move,development
1574507071.718,825,492,None,Move,development
1574507071.726,824,492,None,Move,development
1574507071.734,823,492,None,Move,development
1574507071.742,821,493,None,Move,development
1574507071.75,819,494,None,Move,development
1574507071.758,817,495,None,Move,development
1574507071.766,814,497,None,Move,development
1574507071.774,810,501,None,Move,development
1574507071.782,807,504,None,Move,development
1574507071.79,801,509,None,Move,development
1574507071.7970002,798,513,None,Move,development
1574507071.82,790,520,None,Move,development
1574507071.826,776,535,None,Move,development
1574507071.832,768,541,None,Move,development
1574507071.839,763,546,None,Move,development
1574507071.846,758,550,None,Move,development
1574507071.853,751,556,None,Move,development
1574507071.8720002,746,558,None,Move,development
1574507071.8779998,745,558,None,Move,development
1574507072.11,745,556,None,Move,development
1574507072.119,746,551,None,Move,development
1574507072.127,746,549,None,Move,development
1574507072.1339998,747,547,None,Move,development
1574507072.1420002,748,545,None,Move,development
1574507072.15,748,543,None,Move,development
1574507072.158,748,542,None,Move,development
1574507072.165,748,541,None,Move,development
1574507072.174,749,541,None,Move,development
1574507072.1820002,749,540,None,Move,development
1574507072.486,749,540,Left,Pressed,development
1574507072.606,751,539,None,Drag,development
1574507072.6139998,753,539,None,Drag,development
1574507072.6220002,755,538,None,Drag,development
1574507072.63,758,537,None,Drag,development
1574507072.6379998,762,537,None,Drag,development
1574507072.646,767,537,None,Drag,development
1574507072.654,776,537,None,Drag,development
1574507072.6620002,790,537,None,Drag,development
1574507072.669,806,537,None,Drag,development
1574507072.678,826,541,None,Drag,development
1574507072.685,845,544,None,Drag,development
1574507072.694,871,549,None,Drag,development
1574507072.701,895,555,None,Drag,development
1574507072.71,911,560,None,Drag,development
1574507072.732,955,569,None,Drag,development
1574507072.7389998,975,574,None,Drag,development
1574507072.746,992,577,None,Drag,development
1574507072.752,1010,580,None,Drag,development
1574507072.7589998,1018,580,None,Drag,development
1574507072.766,1030,582,None,Drag,development
1574507072.774,1035,582,None,Drag,development
1574507072.782,1038,582,None,Drag,development
1574507072.79,1040,582,None,Drag,development
1574507072.798,1041,582,None,Drag,development
1574507073.238,1041,582,Left,Released,development
1574507073.3979998,1041,582,None,Move,development
1574507073.4220002,1043,582,None,Move,development
1574507073.43,1045,583,None,Move,development
1574507073.438,1050,583,None,Move,development
1574507073.446,1055,585,None,Move,development
1574507073.454,1061,587,None,Move,development
1574507073.462,1071,588,None,Move,development
1574507073.47,1082,590,None,Move,development
1574507073.479,1096,593,None,Move,development
1574507073.495,1125,599,None,Move,development
1574507073.504,1139,602,None,Move,development
1574507073.512,1150,605,None,Move,development
1574507073.518,1162,608,None,Move,development
1574507073.526,1175,613,None,Move,development
1574507073.534,1183,616,None,Move,development
1574507073.542,1194,621,None,Move,development
1574507073.55,1203,625,None,Move,development
1574507073.5579998,1208,628,None,Move,development
1574507073.573,1212,629,None,Move,development
1574507073.582,1215,630,None,Move,development
1574507073.5879998,1217,631,None,Move,development
1574507073.594,1217,632,None,Move,development
1574507073.653,1217,632,Left,Pressed,development
1574507073.752,1217,632,Left,Released,development
1574507073.8070002,1217,632,None,Move,development
1574507073.893,1217,633,None,Move,development
1574507073.907,1217,633,None,Move,development
1574507073.923,1215,634,None,Move,development
1574507073.934,1214,634,None,Move,development
1574507073.9420002,1213,635,None,Move,development
1574507073.95,1211,635,None,Move,development
1574507073.958,1209,637,None,Move,development
1574507073.966,1207,638,None,Move,development
1574507073.974,1205,640,None,Move,development
1574507073.982,1203,641,None,Move,development
1574507073.99,1201,644,None,Move,development
1574507073.998,1199,645,None,Move,development
1574507074.006,1197,647,None,Move,development
1574507074.014,1197,649,None,Move,development
1574507074.022,1194,651,None,Move,development
1574507074.03,1194,652,None,Move,development
1574507074.186,1194,652,Left,Pressed,development
1574507074.353,1194,651,None,Drag,development
1574507074.3679998,1194,649,None,Drag,development
1574507074.383,1195,644,None,Drag,development
1574507074.39,1196,641,None,Drag,development
1574507074.3979998,1196,638,None,Drag,development
1574507074.405,1197,632,None,Drag,development
1574507074.414,1197,625,None,Drag,development
1574507074.4220002,1197,619,None,Drag,development
1574507074.43,1197,611,None,Drag,development
1574507074.438,1197,603,None,Drag,development
1574507074.445,1197,595,None,Drag,development
1574507074.4529998,1195,582,None,Drag,development
1574507074.462,1194,570,None,Drag,development
1574507074.47,1194,560,None,Drag,development
1574507074.478,1191,551,None,Drag,development
1574507074.486,1191,541,None,Drag,development
1574507074.494,1189,531,None,Drag,development
1574507074.502,1189,523,None,Drag,development
1574507074.51,1188,512,None,Drag,development
1574507074.518,1188,504,None,Drag,development
1574507074.526,1188,496,None,Drag,development
1574507074.534,1188,492,None,Drag,development
1574507074.542,1188,487,None,Drag,development
1574507074.55,1188,483,None,Drag,development
1574507074.5579998,1188,479,None,Drag,development
1574507074.566,1188,476,None,Drag,development
1574507074.575,1188,473,None,Drag,development
1574507074.582,1188,470,None,Drag,development
1574507074.59,1188,468,None,Drag,development
1574507074.5979998,1188,466,None,Drag,development
1574507074.606,1188,465,None,Drag,development
1574507074.6139998,1188,463,None,Drag,development
1574507074.6220002,1188,463,None,Drag,development
1574507074.631,1188,461,None,Drag,development
1574507074.647,1188,460,None,Drag,development
1574507074.653,1188,459,None,Drag,development
1574507074.966,1188,459,Left,Released,development
1574507075.2970002,1191,458,None,Move,development
1574507075.3179998,1199,458,None,Move,development
1574507075.326,1210,461,None,Move,development
1574507075.334,1216,463,None,Move,development
1574507075.343,1229,467,None,Move,development
1574507075.351,1239,472,None,Move,development
1574507075.359,1248,476,None,Move,development
1574507075.3660002,1257,481,None,Move,development
1574507075.3739998,1264,485,None,Move,development
1574507075.3820002,1271,489,None,Move,development
1574507075.39,1275,492,None,Move,development
1574507075.3979998,1279,494,None,Move,development
1574507075.406,1281,496,None,Move,development
1574507075.415,1284,498,None,Move,development
1574507075.4220002,1284,499,None,Move,development
1574507075.43,1285,500,None,Move,development
1574507075.7129998,1285,500,Left,Pressed,development
1574507075.813,1285,500,Left,Released,development
1574507080.2870002,1285,501,None,Move,development
1574507080.302,1285,503,None,Move,development
1574507080.311,1285,505,None,Move,development
1574507080.319,1285,506,None,Move,development
1574507080.327,1285,507,None,Move,development
1574507080.335,1285,509,None,Move,development
1574507080.351,1285,510,None,Move,development
1574507080.359,1285,511,None,Move,development
1574507080.446,1284,511,None,Move,development
1574507080.4629998,1283,511,None,Move,development
1574507080.471,1281,512,None,Move,development
1574507080.479,1278,513,None,Move,development
1574507080.4870002,1273,514,None,Move,development
1574507080.495,1260,520,None,Move,development
1574507080.5029998,1249,526,None,Move,development
1574507080.5110002,1235,533,None,Move,development
1574507080.519,1222,539,None,Move,development
1574507080.5270002,1209,544,None,Move,development
1574507080.535,1199,549,None,Move,development
1574507080.543,1192,553,None,Move,development
1574507080.552,1185,556,None,Move,development
1574507080.559,1182,557,None,Move,development
1574507080.5670002,1178,558,None,Move,development
1574507080.575,1177,558,None,Move,development
1574507080.583,1177,558,None,Move,development
1574507080.591,1175,559,None,Move,development
1574507080.607,1174,559,None,Move,development
1574507080.623,1173,559,None,Move,development
1574507080.686,1172,559,None,Move,development
1574507080.701,1171,559,None,Move,development
1574507080.7270002,1170,559,None,Move,development
1574507080.7429998,1170,559,None,Move,development
1574507080.7510002,1169,559,None,Move,development
1574507080.7589998,1168,560,None,Move,development
1574507080.7670002,1167,560,None,Move,development
1574507080.783,1166,561,None,Move,development
1574507080.791,1165,561,None,Move,development
1574507080.799,1164,562,None,Move,development
1574507080.8070002,1164,563,None,Move,development
1574507080.815,1162,565,None,Move,development
1574507080.823,1157,569,None,Move,development
1574507080.831,1152,571,None,Move,development
1574507080.839,1139,577,None,Move,development
1574507080.847,1130,580,None,Move,development
1574507080.855,1114,587,None,Move,development
1574507080.863,1095,594,None,Move,development
1574507080.871,1077,599,None,Move,development
1574507080.879,1063,603,None,Move,development
1574507080.887,1046,610,None,Move,development
1574507080.895,1038,612,None,Move,development
1574507080.903,1031,613,None,Move,development
1574507080.911,1029,614,None,Move,development
1574507080.919,1028,614,None,Move,development
1574507080.9989998,1027,615,None,Move,development
1574507082.202,1026,617,None,Move,development
1574507082.217,1021,628,None,Move,development
1574507082.242,1014,644,None,Move,development
1574507082.2529998,1008,655,None,Move,development
1574507082.262,1002,664,None,Move,development
1574507082.269,996,675,None,Move,development
1574507082.275,988,686,None,Move,development
1574507082.282,978,702,None,Move,development
1574507082.288,970,713,None,Move,development
1574507082.295,960,725,None,Move,development
1574507082.303,955,732,None,Move,development
1574507082.311,945,741,None,Move,development
1574507082.319,940,747,None,Move,development
1574507082.327,936,750,None,Move,development
1574507082.335,934,752,None,Move,development
1574507082.343,932,754,None,Move,development
1574507082.351,931,755,None,Move,development
1574507082.36,930,756,None,Move,development
1574507082.367,930,757,None,Move,development
1574507082.375,929,758,None,Move,development
1574507082.4,928,759,None,Move,development
1574507082.407,927,759,None,Move,development
1574507082.424,926,760,None,Move,development
1574507082.44,925,761,None,Move,development
1574507082.651,925,760,None,Move,development
1574507082.664,925,757,None,Move,development
1574507082.7,925,746,None,Move,development
1574507082.711,925,743,None,Move,development
1574507082.719,925,738,None,Move,development
1574507082.7270002,925,734,None,Move,development
1574507082.735,926,728,None,Move,development
1574507082.7429998,927,723,None,Move,development
1574507082.7510002,928,721,None,Move,development
1574507082.7589998,929,716,None,Move,development
1574507082.7670002,929,715,None,Move,development
1574507082.774,929,711,None,Move,development
1574507082.784,930,707,None,Move,development
1574507082.791,931,705,None,Move,development
1574507082.799,932,703,None,Move,development
1574507082.8070002,932,701,None,Move,development
1574507082.815,933,700,None,Move,development
1574507082.823,934,699,None,Move,development
1574507082.831,934,698,None,Move,development
1574507082.839,934,697,None,Move,development
1574507082.847,935,696,None,Move,development
1574507082.863,935,696,None,Move,development
1574507083.746,936,694,None,Move,development
1574507083.7610002,936,692,None,Move,development
1574507083.77,938,688,None,Move,development
1574507083.7770002,938,686,None,Move,development
1574507083.783,939,683,None,Move,development
1574507083.791,940,682,None,Move,development
1574507083.81,942,677,None,Move,development
1574507083.819,943,674,None,Move,development
1574507083.8379998,948,667,None,Move,development
1574507083.844,949,664,None,Move,development
1574507083.851,950,662,None,Move,development
1574507083.857,951,659,None,Move,development
1574507083.8639998,952,656,None,Move,development
1574507083.8720002,954,653,None,Move,development
1574507083.879,954,652,None,Move,development
1574507083.887,956,650,None,Move,development
1574507083.896,957,648,None,Move,development
1574507083.911,958,646,None,Move,development
1574507084.0470002,958,646,Left,Pressed,development
1574507084.144,958,646,Left,Released,development
1574507084.3860002,963,644,None,Move,development
1574507084.401,968,641,None,Move,development
1574507084.41,979,635,None,Move,development
1574507084.416,995,627,None,Move,development
1574507084.424,1012,616,None,Move,development
1574507084.431,1034,604,None,Move,development
1574507084.438,1066,585,None,Move,development
1574507084.446,1091,569,None,Move,development
1574507084.455,1131,547,None,Move,development
1574507084.4629998,1174,524,None,Move,development
1574507084.472,1213,507,None,Move,development
1574507084.48,1250,495,None,Move,development
1574507084.4870002,1294,485,None,Move,development
1574507084.495,1322,479,None,Move,development
1574507084.502,1343,478,None,Move,development
1574507084.512,1363,476,None,Move,development
1574507084.52,1383,476,None,Move,development
1574507084.5270002,1397,476,None,Move,development
1574507084.535,1403,476,None,Move,development
1574507084.543,1408,476,None,Move,development
1574507084.551,1409,476,None,Move,development
1574507085.093,1409,476,Left,Pressed,development
1574507085.1920002,1409,476,Left,Released,development
1574507086.7329998,1409,475,None,Move,development
1574507086.76,1409,475,None,Move,development
1574507086.776,1409,474,None,Move,development
1574507086.783,1409,473,None,Move,development
1574507086.803,1408,472,None,Move,development
1574507086.833,1407,472,None,Move,development
1574507086.869,1406,472,None,Move,development
1574507086.885,1406,471,None,Move,development
1574507086.904,1403,471,None,Move,development
1574507086.9120002,1401,471,None,Move,development
1574507086.92,1399,471,None,Move,development
1574507086.927,1397,471,None,Move,development
1574507086.936,1395,471,None,Move,development
1574507086.944,1393,471,None,Move,development
1574507086.952,1392,471,None,Move,development
1574507086.96,1390,471,None,Move,development
1574507086.968,1388,471,None,Move,development
1574507086.976,1386,472,None,Move,development
1574507086.9829998,1383,473,None,Move,development
1574507086.9910002,1380,474,None,Move,development
1574507087.0,1376,475,None,Move,development
1574507087.008,1369,478,None,Move,development
1574507087.016,1364,481,None,Move,development
1574507087.024,1359,483,None,Move,development
1574507087.032,1356,483,None,Move,development
1574507087.038,1351,485,None,Move,development
1574507087.0470002,1344,488,None,Move,development
1574507087.056,1341,489,None,Move,development
1574507087.065,1335,491,None,Move,development
1574507087.081,1320,495,None,Move,development
1574507087.0979998,1307,497,None,Move,development
1574507087.107,1303,498,None,Move,development
1574507087.115,1298,498,None,Move,development
1574507087.121,1295,498,None,Move,development
1574507087.1279998,1291,498,None,Move,development
1574507087.1360002,1289,498,None,Move,development
1574507087.144,1287,498,None,Move,development
1574507087.1520002,1285,498,None,Move,development
1574507087.159,1282,498,None,Move,development
1574507087.168,1278,496,None,Move,development
1574507087.175,1275,496,None,Move,development
1574507087.1829998,1270,494,None,Move,development
1574507087.1920002,1267,492,None,Move,development
1574507087.199,1264,490,None,Move,development
1574507087.207,1259,487,None,Move,development
1574507087.215,1254,483,None,Move,development
1574507087.2229998,1249,481,None,Move,development
1574507087.232,1243,477,None,Move,development
1574507087.2389998,1238,473,None,Move,development
1574507087.2470002,1235,471,None,Move,development
1574507087.256,1227,465,None,Move,development
1574507087.264,1222,463,None,Move,development
1574507087.271,1215,459,None,Move,development
1574507087.28,1206,453,None,Move,development
1574507087.288,1197,450,None,Move,development
1574507087.296,1192,446,None,Move,development
1574507087.304,1183,443,None,Move,development
1574507087.312,1174,439,None,Move,development
1574507087.32,1166,437,None,Move,development
1574507087.327,1157,434,None,Move,development
1574507087.336,1149,431,None,Move,development
1574507087.344,1138,427,None,Move,development
1574507087.3520002,1131,425,None,Move,development
1574507087.36,1126,423,None,Move,development
1574507087.3679998,1122,421,None,Move,development
1574507087.385,1113,417,None,Move,development
1574507087.3920002,1110,416,None,Move,development
1574507087.4,1108,415,None,Move,development
1574507087.408,1106,414,None,Move,development
1574507087.416,1104,412,None,Move,development
1574507087.424,1103,412,None,Move,development
1574507087.4320002,1102,411,None,Move,development
1574507087.44,1100,410,None,Move,development
1574507087.447,1099,408,None,Move,development
1574507087.456,1098,406,None,Move,development
1574507087.464,1096,404,None,Move,development
1574507087.472,1095,404,None,Move,development
1574507087.479,1095,402,None,Move,development
1574507087.4970002,1094,402,None,Move,development
1574507087.6220002,1094,402,None,Move,development
1574507087.653,1093,404,None,Move,development
1574507087.664,1092,407,None,Move,development
1574507087.67,1092,409,None,Move,development
1574507087.676,1092,409,Left,Pressed,development
1574507087.681,1090,411,None,Drag,development
1574507087.688,1090,416,None,Drag,development
1574507087.695,1089,420,None,Drag,development
1574507087.7029998,1089,425,None,Drag,development
1574507087.712,1088,428,None,Drag,development
1574507087.72,1088,432,None,Drag,development
1574507087.7270002,1087,440,None,Drag,development
1574507087.736,1087,445,None,Drag,development
1574507087.744,1086,452,None,Drag,development
1574507087.752,1086,463,None,Drag,development
1574507087.769,1086,485,None,Drag,development
1574507087.776,1086,501,None,Drag,development
1574507087.784,1086,515,None,Drag,development
1574507087.792,1086,532,None,Drag,development
1574507087.8,1086,557,None,Drag,development
1574507087.8079998,1086,573,None,Drag,development
1574507087.816,1086,591,None,Drag,development
1574507087.824,1086,610,None,Drag,development
1574507087.832,1086,626,None,Drag,development
1574507087.84,1086,640,None,Drag,development
1574507087.8479998,1086,652,None,Drag,development
1574507087.856,1086,664,None,Drag,development
1574507087.8639998,1086,673,None,Drag,development
1574507087.8720002,1086,683,None,Drag,development
1574507087.88,1086,689,None,Drag,development
1574507087.8879998,1086,693,None,Drag,development
1574507087.896,1086,698,None,Drag,development
1574507087.903,1086,702,None,Drag,development
1574507087.9120002,1086,707,None,Drag,development
1574507087.92,1086,711,None,Drag,development
1574507087.928,1086,716,None,Drag,development
1574507087.936,1086,720,None,Drag,development
1574507087.944,1086,724,None,Drag,development
1574507087.952,1086,727,None,Drag,development
1574507087.961,1086,730,None,Drag,development
1574507087.968,1086,733,None,Drag,development
1574507087.976,1086,736,None,Drag,development
1574507087.984,1086,738,None,Drag,development
1574507087.992,1086,741,None,Drag,development
1574507088.0,1086,743,None,Drag,development
1574507088.008,1086,745,None,Drag,development
1574507088.015,1086,747,None,Drag,development
1574507088.024,1086,749,None,Drag,development
1574507088.032,1086,752,None,Drag,development
1574507088.04,1086,756,None,Drag,development
1574507088.048,1086,757,None,Drag,development
1574507088.056,1086,759,None,Drag,development
1574507088.064,1086,763,None,Drag,development
1574507088.071,1086,766,None,Drag,development
1574507088.08,1086,769,None,Drag,development
1574507088.0879998,1086,773,None,Drag,development
1574507088.096,1087,776,None,Drag,development
1574507088.104,1087,781,None,Drag,development
1574507088.1120002,1088,785,None,Drag,development
1574507088.12,1089,789,None,Drag,development
1574507088.127,1089,793,None,Drag,development
1574507088.1360002,1090,796,None,Drag,development
1574507088.144,1090,798,None,Drag,development
1574507088.151,1090,801,None,Drag,development
1574507088.16,1092,803,None,Drag,development
1574507088.168,1092,806,None,Drag,development
1574507088.176,1092,810,None,Drag,development
1574507088.1829998,1093,810,None,Drag,development
1574507088.191,1093,812,None,Drag,development
1574507088.2,1094,816,None,Drag,development
1574507088.208,1094,816,None,Drag,development
1574507088.217,1095,818,None,Drag,development
1574507088.224,1096,820,None,Drag,development
1574507088.232,1096,821,None,Drag,development
1574507088.24,1096,822,None,Drag,development
1574507088.248,1097,823,None,Drag,development
1574507088.256,1097,824,None,Drag,development
1574507088.272,1098,825,None,Drag,development
1574507088.28,1098,825,None,Drag,development
1574507088.295,1098,826,None,Drag,development
1574507088.304,1099,828,None,Drag,development
1574507088.312,1099,829,None,Drag,development
1574507088.32,1100,830,None,Drag,development
1574507088.337,1100,831,None,Drag,development
1574507088.344,1101,831,None,Drag,development
1574507088.4729998,1101,831,Left,Released,development
1574507088.5979998,1101,831,Left,Pressed,development
1574507088.704,1101,831,Left,Released,development
1574507088.814,1101,831,Left,Pressed,development
1574507088.87,1101,831,None,Drag,development
1574507088.885,1106,825,None,Drag,development
1574507088.896,1108,817,None,Drag,development
1574507088.903,1111,806,None,Drag,development
1574507088.911,1116,796,None,Drag,development
1574507088.92,1121,779,None,Drag,development
1574507088.928,1128,761,None,Drag,development
1574507088.936,1134,744,None,Drag,development
1574507088.944,1142,718,None,Drag,development
1574507088.952,1147,698,None,Drag,development
1574507088.96,1152,677,None,Drag,development
1574507088.968,1157,654,None,Drag,development
1574507088.976,1161,627,None,Drag,development
1574507088.984,1165,604,None,Drag,development
1574507088.992,1169,574,None,Drag,development
1574507089.0,1173,535,None,Drag,development
1574507089.008,1175,509,None,Drag,development
1574507089.016,1177,487,None,Drag,development
1574507089.024,1178,467,None,Drag,development
1574507089.032,1178,453,None,Drag,development
1574507089.04,1178,441,None,Drag,development
1574507089.048,1178,431,None,Drag,development
1574507089.056,1178,423,None,Drag,development
1574507089.064,1180,415,None,Drag,development
1574507089.087,1180,410,None,Drag,development
1574507089.094,1180,408,None,Drag,development
1574507089.101,1180,404,None,Drag,development
1574507089.1079998,1180,403,None,Drag,development
1574507089.1139998,1180,399,None,Drag,development
1574507089.121,1180,397,None,Drag,development
1574507089.129,1180,396,None,Drag,development
1574507089.135,1180,394,None,Drag,development
1574507089.144,1180,392,None,Drag,development
1574507089.1520002,1180,390,None,Drag,development
1574507089.16,1180,388,None,Drag,development
1574507089.168,1180,386,None,Drag,development
1574507089.176,1180,384,None,Drag,development
1574507089.184,1180,382,None,Drag,development
1574507089.1920002,1180,380,None,Drag,development
1574507089.2,1180,378,None,Drag,development
1574507089.208,1180,376,None,Drag,development
1574507089.215,1180,375,None,Drag,development
1574507089.224,1180,375,None,Drag,development
1574507089.24,1180,374,None,Drag,development
1574507089.256,1180,373,None,Drag,development
1574507089.264,1180,372,None,Drag,development
1574507089.28,1181,371,None,Drag,development
1574507089.288,1181,370,None,Drag,development
1574507089.296,1181,369,None,Drag,development
1574507089.304,1181,369,None,Drag,development
1574507089.312,1181,368,None,Drag,development
1574507089.319,1181,366,None,Drag,development
1574507089.3279998,1181,365,None,Drag,development
1574507089.335,1182,363,None,Drag,development
1574507089.344,1182,362,None,Drag,development
1574507089.3520002,1183,360,None,Drag,development
1574507089.36,1183,360,None,Drag,development
1574507089.3679998,1184,358,None,Drag,development
1574507089.3760002,1184,357,None,Drag,development
1574507089.3839998,1185,355,None,Drag,development
1574507089.3920002,1186,353,None,Drag,development
1574507089.4,1187,350,None,Drag,development
1574507089.409,1188,346,None,Drag,development
1574507089.416,1190,343,None,Drag,development
1574507089.423,1192,338,None,Drag,development
1574507089.4320002,1193,334,None,Drag,development
1574507089.44,1195,325,None,Drag,development
1574507089.448,1199,318,None,Drag,development
1574507089.456,1200,312,None,Drag,development
1574507089.464,1202,307,None,Drag,development
1574507089.472,1204,304,None,Drag,development
1574507089.48,1206,299,None,Drag,development
1574507089.488,1206,297,None,Drag,development
1574507089.496,1207,295,None,Drag,development
1574507089.504,1207,294,None,Drag,development
1574507089.5110002,1208,293,None,Drag,development
1574507089.519,1208,292,None,Drag,development
1574507089.535,1208,291,None,Drag,development
1574507089.569,1209,290,None,Drag,development
1574507089.6479998,1209,290,Left,Released,development
1574507089.8579998,1209,290,Left,Pressed,development
1574507089.92,1209,290,Left,Released,development
1574507093.081,1207,290,None,Move,development
1574507093.097,1201,292,None,Move,development
1574507093.1220002,1186,296,None,Move,development
1574507093.129,1176,297,None,Move,development
1574507093.137,1156,301,None,Move,development
1574507093.143,1131,304,None,Move,development
1574507093.1520002,1075,312,None,Move,development
1574507093.16,993,321,None,Move,development
1574507093.168,893,333,None,Move,development
1574507093.177,779,343,None,Move,development
1574507093.185,640,353,None,Move,development
1574507093.1929998,538,359,None,Move,development
1574507093.2,432,362,None,Move,development
1574507093.208,335,362,None,Move,development
1574507093.216,254,362,None,Move,development
1574507093.224,184,360,None,Move,development
1574507093.2329998,113,352,None,Move,development
1574507093.2410002,78,347,None,Move,development
1574507093.2489998,56,346,None,Move,development
1574507093.2570002,39,346,None,Move,development
1574507093.264,27,346,None,Move,development
1574507093.272,22,346,None,Move,development
1574507093.28,19,346,None,Move,development
1574507093.291,17,346,None,Move,development
1574507093.298,16,346,None,Move,development
1574507093.3070002,15,347,None,Move,development
1574507093.313,15,347,None,Move,development
1574507093.3279998,15,348,None,Move,development
1574507093.3839998,15,348,None,Move,development
1574507093.399,16,348,None,Move,development
1574507093.4120002,20,348,None,Move,development
1574507093.421,21,348,None,Move,development
1574507093.428,23,347,None,Move,development
1574507093.435,26,345,None,Move,development
1574507093.441,28,344,None,Move,development
1574507093.448,31,342,None,Move,development
1574507093.457,34,340,None,Move,development
1574507093.465,38,337,None,Move,development
1574507093.4729998,42,336,None,Move,development
1574507093.48,49,334,None,Move,development
1574507093.488,56,332,None,Move,development
1574507093.496,68,331,None,Move,development
1574507093.504,80,329,None,Move,development
1574507093.5129998,96,329,None,Move,development
1574507093.521,112,329,None,Move,development
1574507093.529,136,329,None,Move,development
1574507093.5370002,169,329,None,Move,development
1574507093.545,202,329,None,Move,development
1574507093.552,240,330,None,Move,development
1574507093.56,269,332,None,Move,development
1574507093.5679998,291,334,None,Move,development
1574507093.577,314,338,None,Move,development
1574507093.585,340,339,None,Move,development
1574507093.593,356,341,None,Move,development
1574507093.601,364,342,None,Move,development
1574507093.6079998,367,342,None,Move,development
1574507093.6160002,368,342,None,Move,development
1574507093.936,366,342,None,Move,development
1574507093.956,359,344,None,Move,development
1574507093.966,355,344,None,Move,development
1574507093.975,351,344,None,Move,development
1574507093.981,346,344,None,Move,development
1574507093.9870002,342,344,None,Move,development
1574507093.994,337,344,None,Move,development
1574507094.0010002,334,344,None,Move,development
1574507094.01,332,344,None,Move,development
1574507094.0170002,330,344,None,Move,development
1574507094.024,330,344,None,Move,development
1574507094.032,329,344,None,Move,development
1574507094.2270002,329,344,Left,Pressed,development
1574507094.305,329,344,Left,Released,development
1574507095.481,336,342,None,Move,development
1574507095.49,350,339,None,Move,development
1574507095.4970002,366,337,None,Move,development
1574507095.506,379,334,None,Move,development
1574507095.5129998,395,333,None,Move,development
1574507095.521,415,331,None,Move,development
1574507095.529,435,331,None,Move,development
1574507095.5370002,457,331,None,Move,development
1574507095.545,481,331,None,Move,development
1574507095.552,499,332,None,Move,development
1574507095.561,521,335,None,Move,development
1574507095.569,548,339,None,Move,development
1574507095.577,572,344,None,Move,development
1574507095.585,600,350,None,Move,development
1574507095.594,627,354,None,Move,development
1574507095.6020002,648,361,None,Move,development
1574507095.609,675,365,None,Move,development
1574507095.617,699,371,None,Move,development
1574507095.625,726,375,None,Move,development
1574507095.633,746,380,None,Move,development
1574507095.6420002,766,383,None,Move,development
1574507095.649,778,383,None,Move,development
1574507095.657,792,383,None,Move,development
1574507095.665,800,383,None,Move,development
1574507095.673,807,383,None,Move,development
1574507095.681,814,380,None,Move,development
1574507095.689,816,379,None,Move,development
1574507095.696,817,378,None,Move,development
1574507095.705,817,377,None,Move,development
1574507095.721,817,376,None,Move,development
1574507095.729,817,376,None,Move,development
1574507095.7370002,818,375,None,Move,development
1574507095.7529998,818,374,None,Move,development
1574507096.529,822,373,None,Move,development
1574507096.549,830,372,None,Move,development
1574507096.561,835,372,None,Move,development
1574507096.57,845,372,None,Move,development
1574507096.577,851,373,None,Move,development
1574507096.585,862,378,None,Move,development
1574507096.592,879,386,None,Move,development
1574507096.6,897,393,None,Move,development
1574507096.61,927,405,None,Move,development
1574507096.617,973,423,None,Move,development
1574507096.625,1028,447,None,Move,development
1574507096.633,1107,481,None,Move,development
1574507096.6520002,1249,546,None,Move,development
1574507096.66,1316,581,None,Move,development
1574507096.666,1380,616,None,Move,development
1574507096.674,1436,646,None,Move,development
1574507096.681,1488,680,None,Move,development
1574507096.689,1537,712,None,Move,development
1574507096.697,1565,729,None,Move,development
1574507096.705,1598,750,None,Move,development
1574507096.7129998,1621,762,None,Move,development
1574507096.721,1637,770,None,Move,development
1574507096.73,1648,775,None,Move,development
1574507096.738,1658,776,None,Move,development
1574507096.745,1663,776,None,Move,development
1574507096.7529998,1666,776,None,Move,development
1574507096.7610002,1670,775,None,Move,development
1574507096.769,1671,773,None,Move,development
1574507096.7770002,1672,770,None,Move,development
1574507096.785,1672,768,None,Move,development
1574507096.794,1672,764,None,Move,development
1574507096.801,1669,761,None,Move,development
1574507096.809,1664,756,None,Move,development
1574507096.8170002,1664,752,None,Move,development
1574507096.826,1664,750,None,Move,development
1574507097.0570002,1662,750,None,Move,development
1574507097.064,1661,750,None,Move,development
1574507097.073,1660,751,None,Move,development
1574507097.081,1660,752,None,Move,development
1574507097.0879998,1658,753,None,Move,development
1574507097.096,1656,753,None,Move,development
1574507097.105,1651,754,None,Move,development
1574507097.113,1645,754,None,Move,development
1574507097.121,1637,754,None,Move,development
1574507097.129,1627,754,None,Move,development
1574507097.137,1615,754,None,Move,development
1574507097.145,1600,752,None,Move,development
1574507097.153,1584,752,None,Move,development
1574507097.161,1568,752,None,Move,development
1574507097.169,1554,754,None,Move,development
1574507097.187,1523,763,None,Move,development
1574507097.194,1509,764,None,Move,development
1574507097.202,1491,766,None,Move,development
1574507097.21,1479,769,None,Move,development
1574507097.217,1465,770,None,Move,development
1574507097.225,1450,772,None,Move,development
1574507097.2329998,1436,774,None,Move,development
1574507097.2410002,1422,774,None,Move,development
1574507097.2489998,1408,775,None,Move,development
1574507097.2570002,1396,775,None,Move,development
1574507097.265,1389,776,None,Move,development
1574507097.272,1379,776,None,Move,development
1574507097.28,1376,776,None,Move,development
1574507097.289,1373,776,None,Move,development
1574507097.2970002,1371,776,None,Move,development
1574507097.305,1370,776,None,Move,development
1574507097.393,1369,776,None,Move,development
1574507097.404,1368,776,None,Move,development
1574507097.414,1366,777,None,Move,development
1574507097.4220002,1364,777,None,Move,development
1574507097.428,1360,777,None,Move,development
1574507097.435,1357,780,None,Move,development
1574507097.4420002,1354,780,None,Move,development
1574507097.449,1352,781,None,Move,development
1574507097.457,1349,782,None,Move,development
1574507097.465,1345,783,None,Move,development
1574507097.4729998,1342,784,None,Move,development
1574507097.481,1337,785,None,Move,development
1574507097.49,1333,786,None,Move,development
1574507097.4970002,1328,787,None,Move,development
1574507097.5070002,1326,788,None,Move,development
1574507097.5129998,1323,790,None,Move,development
1574507097.521,1321,791,None,Move,development
1574507097.529,1319,792,None,Move,development
1574507097.5370002,1317,792,None,Move,development
1574507097.545,1316,792,None,Move,development
1574507097.553,1315,792,None,Move,development
1574507097.969,1315,792,None,Move,development
1574507097.986,1315,789,None,Move,development
1574507097.996,1315,788,None,Move,development
1574507098.01,1315,787,None,Move,development
1574507098.17,1314,785,None,Move,development
1574507098.1920002,1314,783,None,Move,development
1574507098.202,1314,780,None,Move,development
1574507098.217,1314,779,None,Move,development
1574507101.13,1314,775,None,Move,development
1574507101.137,1314,773,None,Move,development
1574507101.3379998,1314,771,None,Move,development
1574507101.351,1314,770,None,Move,development
1574507101.357,1314,769,None,Move,development
1574507102.026,1314,768,None,Move,development
1574507102.034,1314,762,None,Move,development
1574507102.041,1314,760,None,Move,development
1574507102.049,1314,759,None,Move,development
1574507102.0570002,1314,758,None,Move,development
1574507102.066,1314,756,None,Move,development
1574507102.074,1314,754,None,Move,development
1574507102.082,1314,753,None,Move,development
1574507102.09,1314,753,None,Move,development
1574507102.097,1314,751,None,Move,development
1574507102.113,1314,749,None,Move,development
1574507102.1220002,1314,748,None,Move,development
1574507102.13,1314,746,None,Move,development
1574507102.1379998,1314,745,None,Move,development
1574507102.146,1315,744,None,Move,development
1574507102.1520002,1315,743,None,Move,development
1574507102.161,1316,741,None,Move,development
1574507102.168,1316,739,None,Move,development
1574507102.178,1316,737,None,Move,development
1574507102.186,1318,733,None,Move,development
1574507102.194,1318,733,None,Move,development
1574507102.202,1319,731,None,Move,development
1574507102.211,1320,729,None,Move,development
1574507102.234,1321,728,None,Move,development
1574507102.298,1321,731,None,Move,development
1574507102.306,1322,734,None,Move,development
1574507102.314,1323,739,None,Move,development
1574507102.322,1324,743,None,Move,development
1574507102.329,1324,746,None,Move,development
1574507102.337,1326,751,None,Move,development
1574507102.346,1327,756,None,Move,development
1574507102.354,1328,762,None,Move,development
1574507102.3620002,1329,767,None,Move,development
1574507102.369,1329,771,None,Move,development
1574507102.377,1330,776,None,Move,development
1574507102.385,1331,778,None,Move,development
1574507102.393,1332,781,None,Move,development
1574507102.4020002,1332,783,None,Move,development
1574507102.41,1333,785,None,Move,development
1574507102.418,1334,787,None,Move,development
1574507102.434,1336,789,None,Move,development
1574507102.449,1336,790,None,Move,development
1574507102.474,1337,790,None,Move,development
1574507102.49,1339,790,None,Move,development
1574507102.4970002,1340,789,None,Move,development
1574507102.505,1341,789,None,Move,development
1574507102.514,1343,787,None,Move,development
1574507102.522,1345,784,None,Move,development
1574507102.53,1346,782,None,Move,development
1574507102.538,1348,779,None,Move,development
1574507102.546,1350,776,None,Move,development
1574507102.554,1351,772,None,Move,development
1574507102.561,1353,769,None,Move,development
1574507102.5679998,1354,767,None,Move,development
1574507102.5779998,1356,764,None,Move,development
1574507102.586,1357,760,None,Move,development
1574507102.594,1358,758,None,Move,development
1574507102.6020002,1359,756,None,Move,development
1574507102.61,1360,754,None,Move,development
1574507102.617,1360,753,None,Move,development
1574507102.625,1362,751,None,Move,development
1574507102.6339998,1362,750,None,Move,development
1574507102.6420002,1363,747,None,Move,development
1574507102.65,1364,747,None,Move,development
1574507102.657,1365,746,None,Move,development
1574507102.666,1365,745,None,Move,development
1574507102.6720002,1366,744,None,Move,development
1574507102.681,1366,743,None,Move,development
1574507102.69,1367,741,None,Move,development
1574507102.706,1368,739,None,Move,development
1574507102.7129998,1369,738,None,Move,development
1574507102.722,1370,738,None,Move,development
1574507102.729,1372,735,None,Move,development
1574507102.7370002,1374,732,None,Move,development
1574507102.746,1376,729,None,Move,development
1574507102.76,1378,726,None,Move,development
1574507102.769,1380,721,None,Move,development
1574507102.775,1383,714,None,Move,development
1574507102.781,1384,704,None,Move,development
1574507102.788,1386,692,None,Move,development
1574507102.794,1387,683,None,Move,development
1574507102.802,1390,669,None,Move,development
1574507102.81,1390,659,None,Move,development
1574507102.8179998,1393,648,None,Move,development
1574507102.826,1395,636,None,Move,development
1574507102.833,1396,628,None,Move,development
1574507102.841,1398,619,None,Move,development
1574507102.849,1398,613,None,Move,development
1574507102.8579998,1399,610,None,Move,development
1574507102.8660002,1399,605,None,Move,development
1574507102.8739998,1400,603,None,Move,development
1574507102.8820002,1400,601,None,Move,development
1574507102.89,1400,599,None,Move,development
1574507102.8979998,1401,599,None,Move,development
1574507102.905,1401,598,None,Move,development
1574507102.914,1401,597,None,Move,development
1574507102.9220002,1401,596,None,Move,development
1574507102.93,1401,595,None,Move,development
1574507102.938,1401,594,None,Move,development
1574507102.946,1402,593,None,Move,development
1574507102.962,1402,593,None,Move,development
1574507102.978,1402,592,None,Move,development
1574507102.986,1403,591,None,Move,development
1574507102.994,1403,590,None,Move,development
1574507103.002,1404,589,None,Move,development
1574507103.01,1404,587,None,Move,development
1574507103.016,1405,586,None,Move,development
1574507103.026,1406,585,None,Move,development
1574507103.033,1406,583,None,Move,development
1574507103.05,1407,581,None,Move,development
1574507104.185,1409,580,None,Move,development
1574507104.202,1410,578,None,Move,development
1574507104.21,1412,575,None,Move,development
1574507104.218,1414,573,None,Move,development
1574507104.226,1416,572,None,Move,development
1574507104.234,1416,571,None,Move,development
1574507104.242,1418,570,None,Move,development
1574507104.2489998,1418,570,None,Move,development
1574507104.266,1420,569,None,Move,development
1574507105.075,1420,567,None,Move,development
1574507105.0979998,1420,566,None,Move,development
1574507105.106,1421,565,None,Move,development
1574507105.353,1421,562,None,Move,development
1574507105.3779998,1421,560,None,Move,development
1574507105.3860002,1421,559,None,Move,development
1574507105.394,1421,559,None,Move,development
1574507105.419,1421,558,None,Move,development
1574507105.4420002,1420,557,None,Move,development
1574507105.458,1420,556,None,Move,development
1574507105.5,1420,555,None,Move,development
1574507105.625,1420,554,None,Move,development
1574507105.641,1420,553,None,Move,development
1574507105.666,1420,553,None,Move,development
1574507105.6829998,1420,552,None,Move,development
1574507105.722,1420,551,None,Move,development
1574507105.7329998,1420,550,None,Move,development
1574507105.755,1420,549,None,Move,development
1574507105.771,1420,548,None,Move,development
1574507105.778,1420,547,None,Move,development
1574507105.803,1421,547,None,Move,development
1574507105.81,1421,546,None,Move,development
1574507105.8170002,1422,545,None,Move,development
1574507105.842,1422,544,None,Move,development
1574507105.875,1423,542,None,Move,development
1574507105.891,1424,542,None,Move,development
1574507105.93,1425,542,None,Move,development
1574507112.4989998,1425,541,None,Move,development
1574507112.5089998,1421,540,None,Move,development
1574507112.515,1411,539,None,Move,development
1574507112.5229998,1393,534,None,Move,development
1574507112.531,1351,521,None,Move,development
1574507112.538,1290,504,None,Move,development
1574507112.5470002,1173,468,None,Move,development
1574507112.555,1055,436,None,Move,development
1574507112.563,926,399,None,Move,development
1574507112.571,800,359,None,Move,development
1574507112.579,650,315,None,Move,development
1574507112.587,545,286,None,Move,development
1574507112.595,424,257,None,Move,development
1574507112.603,303,221,None,Move,development
1574507112.611,210,193,None,Move,development
1574507112.619,125,172,None,Move,development
1574507112.6260002,64,155,None,Move,development
1574507112.6339998,28,146,None,Move,development
1574507112.6420002,-8,139,None,Move,development
1574507112.651,-20,138,None,Move,development
1574507112.659,-31,137,None,Move,development
1574507112.667,-35,137,None,Move,development
1574507112.675,-38,137,None,Move,development
1574507112.6829998,-39,138,None,Move,development
1574507112.699,-39,138,None,Move,development
1574507112.707,-39,137,None,Move,development
1574507112.715,-39,135,None,Move,development
1574507112.724,-38,132,None,Move,development
1574507112.731,-38,130,None,Move,development
1574507112.7389998,-37,128,None,Move,development
1574507112.7470002,-36,126,None,Move,development
1574507112.755,-35,123,None,Move,development
1574507112.947,-34,123,None,Move,development
1574507112.956,-30,126,None,Move,development
1574507112.9629998,-28,130,None,Move,development
1574507112.971,-25,133,None,Move,development
1574507112.979,-22,138,None,Move,development
1574507112.9870002,-18,143,None,Move,development
1574507112.995,-18,143,None,Move,development
1574507113.0029998,-15,145,None,Move,development
1574507113.0110002,-10,146,None,Move,development
1574507113.019,-3,153,None,Move,development
1574507113.0270002,10,162,None,Move,development
1574507113.035,43,186,None,Move,development
1574507113.043,77,212,None,Move,development
1574507113.051,119,244,None,Move,development
1574507113.059,161,278,None,Move,development
1574507113.0670002,203,312,None,Move,development
1574507113.075,241,348,None,Move,development
1574507113.083,283,382,None,Move,development
1574507113.091,322,415,None,Move,development
1574507113.099,346,442,None,Move,development
1574507113.107,359,453,None,Move,development
1574507113.115,371,468,None,Move,development
1574507113.123,376,474,None,Move,development
1574507113.131,377,477,None,Move,development
1574507113.139,378,479,None,Move,development
1574507113.179,378,480,None,Move,development
1574507113.2589998,378,480,None,Move,development
1574507113.2670002,377,480,None,Move,development
1574507113.275,376,480,None,Move,development
1574507113.283,375,480,None,Move,development
1574507113.299,374,480,None,Move,development
1574507113.314,373,480,None,Move,development
1574507113.327,372,480,None,Move,development
1574507113.336,370,480,None,Move,development
1574507113.343,369,480,None,Move,development
1574507113.35,366,480,None,Move,development
1574507113.357,363,481,None,Move,development
1574507113.363,362,482,None,Move,development
1574507113.371,361,482,None,Move,development
1574507113.379,359,484,None,Move,development
1574507113.3860002,358,486,None,Move,development
1574507113.394,356,491,None,Move,development
1574507113.4020002,355,497,None,Move,development
1574507113.411,352,506,None,Move,development
1574507113.419,347,513,None,Move,development
1574507113.428,345,522,None,Move,development
1574507113.435,343,526,None,Move,development
1574507113.4429998,339,535,None,Move,development
1574507113.451,335,540,None,Move,development
1574507113.459,331,547,None,Move,development
1574507113.467,327,551,None,Move,development
1574507113.475,325,553,None,Move,development
1574507113.4829998,323,556,None,Move,development
1574507113.4910002,320,559,None,Move,development
1574507113.498,319,559,None,Move,development
1574507113.5070002,317,561,None,Move,development
1574507113.515,315,563,None,Move,development
1574507113.522,314,563,None,Move,development
1574507113.531,312,565,None,Move,development
1574507113.538,311,566,None,Move,development
1574507113.5470002,309,568,None,Move,development
1574507113.555,308,570,None,Move,development
1574507113.563,307,571,None,Move,development
1574507113.571,306,573,None,Move,development
1574507113.579,306,573,None,Move,development
1574507113.7,306,573,Left,Pressed,development
1574507113.779,306,573,Left,Released,development
1574507115.827,306,571,None,Move,development
1574507115.839,306,569,None,Move,development
1574507115.851,306,568,None,Move,development
1574507115.86,307,562,None,Move,development
1574507115.867,307,556,None,Move,development
1574507115.8760002,308,549,None,Move,development
1574507115.8839998,308,537,None,Move,development
1574507115.8920002,308,529,None,Move,development
1574507115.899,308,519,None,Move,development
1574507115.907,304,504,None,Move,development
1574507115.915,301,490,None,Move,development
1574507115.923,294,469,None,Move,development
1574507115.93,288,451,None,Move,development
1574507115.939,281,434,None,Move,development
1574507115.948,274,418,None,Move,development
1574507115.956,268,407,None,Move,development
1574507115.9629998,267,400,None,Move,development
1574507115.971,264,392,None,Move,development
1574507115.979,263,390,None,Move,development
1574507115.9870002,262,386,None,Move,development
1574507115.996,262,384,None,Move,development
1574507116.004,262,382,None,Move,development
1574507116.012,262,382,None,Move,development
1574507116.019,262,380,None,Move,development
1574507116.0270002,262,379,None,Move,development
1574507116.035,262,377,None,Move,development
1574507116.043,262,375,None,Move,development
1574507116.052,262,373,None,Move,development
1574507116.06,262,371,None,Move,development
1574507116.0679998,262,370,None,Move,development
1574507116.075,262,370,None,Move,development
1574507116.083,262,367,None,Move,development
1574507116.091,262,366,None,Move,development
1574507116.099,262,364,None,Move,development
1574507116.1079998,263,361,None,Move,development
1574507116.1160002,263,359,None,Move,development
1574507116.1239998,263,356,None,Move,development
1574507116.13,263,352,None,Move,development
1574507116.1379998,263,349,None,Move,development
1574507116.147,264,345,None,Move,development
1574507116.154,264,336,None,Move,development
1574507116.164,264,328,None,Move,development
1574507116.171,264,320,None,Move,development
1574507116.179,264,314,None,Move,development
1574507116.187,264,308,None,Move,development
1574507116.195,264,302,None,Move,development
1574507116.2029998,264,300,None,Move,development
1574507116.211,264,298,None,Move,development
1574507116.228,264,297,None,Move,development
1574507116.316,264,297,Left,Pressed,development
1574507116.379,264,297,Left,Released,development
1574507117.3639998,266,297,None,Move,development
1574507117.371,267,297,None,Move,development
1574507117.379,269,297,None,Move,development
1574507117.3879998,270,297,None,Move,development
1574507117.396,272,298,None,Move,development
1574507117.404,273,299,None,Move,development
1574507117.4120002,275,300,None,Move,development
1574507117.42,276,300,None,Move,development
1574507117.427,277,301,None,Move,development
1574507117.435,278,301,None,Move,development
1574507117.444,279,302,None,Move,development
1574507117.451,279,303,None,Move,development
1574507117.468,280,304,None,Move,development
1574507117.475,281,305,None,Move,development
1574507117.482,283,306,None,Move,development
1574507117.4910002,284,307,None,Move,development
1574507117.5,285,307,None,Move,development
1574507117.508,287,308,None,Move,development
1574507117.516,289,309,None,Move,development
1574507117.524,290,309,None,Move,development
1574507117.532,290,310,None,Move,development
1574507117.539,291,311,None,Move,development
1574507117.611,292,312,None,Move,development
1574507117.684,292,313,None,Move,development
1574507117.715,292,314,None,Move,development
1574507117.732,293,314,None,Move,development
1574507117.74,293,315,None,Move,development
1574507117.7570002,294,316,None,Move,development
1574507117.764,296,317,None,Move,development
1574507117.771,297,318,None,Move,development
1574507117.779,298,318,None,Move,development
1574507117.7870002,302,319,None,Move,development
1574507117.796,311,320,None,Move,development
1574507117.804,324,325,None,Move,development
1574507117.812,336,328,None,Move,development
1574507117.82,352,333,None,Move,development
1574507117.827,381,339,None,Move,development
1574507117.835,421,348,None,Move,development
1574507117.844,470,361,None,Move,development
1574507117.8520002,535,378,None,Move,development
1574507117.859,603,395,None,Move,development
1574507117.867,668,412,None,Move,development
1574507117.875,754,443,None,Move,development
1574507117.8820002,855,471,None,Move,development
1574507117.89,985,508,None,Move,development
1574507117.899,1098,540,None,Move,development
1574507117.908,1220,580,None,Move,development
1574507117.915,1301,601,None,Move,development
1574507117.925,1386,625,None,Move,development
1574507117.9329998,1459,645,None,Move,development
1574507117.939,1519,662,None,Move,development
1574507117.947,1568,675,None,Move,development
1574507117.956,1604,684,None,Move,development
1574507117.964,1624,687,None,Move,development
1574507117.972,1637,690,None,Move,development
1574507117.98,1644,693,None,Move,development
1574507117.988,1648,693,None,Move,development
1574507117.995,1649,693,None,Move,development
1574507118.0029998,1650,693,None,Move,development
1574507119.101,1649,693,None,Move,development
1574507119.111,1639,687,None,Move,development
1574507119.117,1634,685,None,Move,development
1574507119.1239998,1622,679,None,Move,development
1574507119.1320002,1609,671,None,Move,development
1574507119.14,1594,664,None,Move,development
1574507119.1479998,1583,659,None,Move,development
1574507119.155,1567,651,None,Move,development
1574507119.164,1548,643,None,Move,development
1574507119.17,1530,636,None,Move,development
1574507119.18,1517,630,None,Move,development
1574507119.198,1491,617,None,Move,development
1574507119.208,1483,612,None,Move,development
1574507119.214,1474,606,None,Move,development
1574507119.221,1467,604,None,Move,development
1574507119.228,1465,603,None,Move,development
1574507119.236,1463,602,None,Move,development
1574507119.244,1461,600,None,Move,development
1574507119.26,1460,600,None,Move,development
1574507119.282,1459,599,None,Move,development
1574507119.3079998,1458,598,None,Move,development
1574507119.324,1457,598,None,Move,development
1574507119.3479998,1456,597,None,Move,development
1574507119.356,1455,597,None,Move,development
1574507119.3639998,1455,596,None,Move,development
1574507119.3720002,1454,596,None,Move,development
1574507119.38,1452,594,None,Move,development
1574507119.387,1451,594,None,Move,development
1574507119.395,1448,592,None,Move,development
1574507119.403,1447,592,None,Move,development
1574507119.4120002,1444,590,None,Move,development
1574507119.42,1442,589,None,Move,development
1574507119.428,1439,588,None,Move,development
1574507119.436,1434,586,None,Move,development
1574507119.444,1429,583,None,Move,development
1574507119.452,1424,581,None,Move,development
1574507119.46,1418,580,None,Move,development
1574507119.468,1413,577,None,Move,development
1574507119.476,1408,576,None,Move,development
1574507119.484,1405,575,None,Move,development
1574507119.492,1403,575,None,Move,development
1574507119.4989998,1400,574,None,Move,development
1574507119.508,1398,574,None,Move,development
1574507119.515,1397,574,None,Move,development
1574507119.524,1396,573,None,Move,development
1574507119.54,1395,573,None,Move,development
1574507119.589,1394,573,None,Move,development
1574507120.332,1392,569,None,Move,development
1574507120.34,1389,562,None,Move,development
1574507120.3479998,1389,560,None,Move,development
1574507120.356,1387,555,None,Move,development
1574507120.3639998,1386,549,None,Move,development
1574507120.3720002,1385,544,None,Move,development
1574507120.38,1383,538,None,Move,development
1574507120.3879998,1382,531,None,Move,development
1574507120.396,1381,523,None,Move,development
1574507120.404,1378,512,None,Move,development
1574507120.4120002,1376,506,None,Move,development
1574507120.42,1375,495,None,Move,development
1574507120.435,1373,489,None,Move,development
1574507120.444,1372,482,None,Move,development
1574507120.451,1371,478,None,Move,development
1574507120.458,1370,476,None,Move,development
1574507120.621,1370,475,None,Move,development
1574507120.643,1369,471,None,Move,development
1574507120.656,1368,467,None,Move,development
1574507120.665,1367,466,None,Move,development
1574507120.673,1367,464,None,Move,development
1574507120.7,1367,463,None,Move,development
1574507120.764,1367,465,None,Move,development
1574507120.772,1367,473,None,Move,development
1574507120.78,1369,483,None,Move,development
1574507120.788,1370,488,None,Move,development
1574507120.796,1372,496,None,Move,development
1574507120.804,1373,501,None,Move,development
1574507120.812,1375,504,None,Move,development
1574507120.8279998,1375,505,None,Move,development
1574507120.8760002,1377,504,None,Move,development
1574507120.883,1377,502,None,Move,development
1574507120.891,1378,500,None,Move,development
1574507120.909,1378,499,None,Move,development
1574507120.996,1378,500,None,Move,development
1574507121.006,1378,501,None,Move,development
1574507121.012,1379,502,None,Move,development
1574507174.572,1367,468,None,Move,development
1574507174.594,1384,353,None,Move,development
1574507174.603,1386,353,None,Move,development
1574507174.646,1386,353,None,Move,development
1574507174.654,1387,353,None,Move,development
1574507174.742,1387,352,None,Move,development
1574507174.75,1383,351,None,Move,development
1574507174.758,1380,349,None,Move,development
1574507174.766,1375,347,None,Move,development
1574507174.7729998,1370,345,None,Move,development
1574507174.781,1370,344,None,Move,development
1574507174.79,1368,342,None,Move,development
1574507174.7970002,1364,342,None,Move,development
1574507174.805,1361,341,None,Move,development
1574507174.813,1357,341,None,Move,development
1574507174.821,1351,341,None,Move,development
1574507174.829,1343,341,None,Move,development
1574507174.837,1336,341,None,Move,development
1574507174.845,1326,341,None,Move,development
1574507174.855,1314,339,None,Move,development
1574507174.8620002,1302,336,None,Move,development
1574507174.87,1285,331,None,Move,development
1574507174.877,1280,329,None,Move,development
1574507174.8839998,1275,324,None,Move,development
1574507174.894,1274,319,None,Move,development
1574507174.901,1272,312,None,Move,development
1574507174.909,1269,296,None,Move,development
1574507174.917,1267,278,None,Move,development
1574507174.925,1262,246,None,Move,development
1574507174.9329998,1251,191,None,Move,development
1574507174.9420002,1240,135,None,Move,development
1574507174.95,1228,86,None,Move,development
1574507174.957,1211,22,None,Move,development
1574507174.966,1194,-39,None,Move,development
1574507174.972,1183,-60,None,Move,development
1574507174.982,1173,-48,None,Move,development
1574507174.9889998,1164,-40,None,Move,development
1574507174.9970002,1156,-43,None,Move,development
1574507175.005,1152,-31,None,Move,development
1574507175.0129998,1149,-27,None,Move,development
1574507175.021,1145,-23,None,Move,development
1574507175.029,1145,-25,None,Move,development
1574507175.039,1143,-18,None,Move,development
1574507175.045,1143,-19,None,Move,development
1574507175.053,1143,-20,None,Move,development
1574507175.062,1143,-14,None,Move,development
1574507175.07,1142,-16,None,Move,development
1574507175.077,1140,-13,None,Move,development
1574507175.086,1137,-12,None,Move,development
1574507175.095,1133,-11,None,Move,development
1574507175.1020002,1128,-12,None,Move,development
1574507175.109,1120,-8,None,Move,development
1574507175.117,1116,-7,None,Move,development
1574507175.125,1109,-7,None,Move,development
1574507175.133,1105,-4,None,Move,development
1574507175.141,1100,-5,None,Move,development
1574507175.15,1095,-5,None,Move,development
1574507175.158,1089,-6,None,Move,development
1574507175.165,1087,-3,None,Move,development
1574507175.173,1082,-7,None,Move,development
1574507175.1820002,1078,-3,None,Move,development
1574507175.19,1072,-7,None,Move,development
1574507175.199,1065,-10,None,Move,development
1574507175.214,1049,-20,None,Move,development
1574507175.2229998,1038,-9,None,Move,development
1574507175.23,1029,-8,None,Move,development
1574507175.2370002,1016,-10,None,Move,development
1574507175.245,1005,-8,None,Move,development
1574507175.255,992,-9,None,Move,development
1574507175.2629998,979,-10,None,Move,development
1574507175.27,968,-8,None,Move,development
1574507175.2770002,960,-7,None,Move,development
1574507175.286,953,-6,None,Move,development
1574507175.293,948,-6,None,Move,development
1574507175.302,944,-5,None,Move,development
1574507175.31,939,-7,None,Move,development
1574507175.3179998,935,-9,None,Move,development
1574507175.327,930,-10,None,Move,development
1574507175.333,926,-9,None,Move,development
1574507175.342,920,-13,None,Move,development
1574507175.349,913,-13,None,Move,development
1574507175.357,909,-10,None,Move,development
1574507175.365,906,-11,None,Move,development
1574507175.373,901,-13,None,Move,development
1574507175.3820002,900,-8,None,Move,development
1574507175.389,898,-10,None,Move,development
1574507175.397,898,-5,None,Move,development
1574507175.406,898,-3,None,Move,development
1574507175.415,898,-2,None,Move,development
1574507175.423,898,-1,None,Move,development
1574507175.7029998,897,1,None,Move,development
1574507175.724,881,19,None,Move,development
1574507175.736,836,41,None,Move,development
1574507175.745,794,55,None,Move,development
1574507175.752,733,75,None,Move,development
1574507175.758,656,95,None,Move,development
1574507175.765,570,126,None,Move,development
1574507175.7729998,491,159,None,Move,development
1574507175.792,328,246,None,Move,development
1574507175.799,248,289,None,Move,development
1574507175.8070002,173,325,None,Move,development
1574507175.814,110,353,None,Move,development
1574507175.821,52,379,None,Move,development
1574507175.829,6,394,None,Move,development
1574507175.8379998,-23,404,None,Move,development
1574507175.847,-41,407,None,Move,development
1574507175.855,-58,407,None,Move,development
1574507175.8620002,-68,407,None,Move,development
1574507175.87,-79,406,None,Move,development
1574507175.8779998,-90,403,None,Move,development
1574507175.885,-98,401,None,Move,development
1574507175.895,-107,398,None,Move,development
1574507175.9020002,-113,395,None,Move,development
1574507175.91,-116,394,None,Move,development
1574507175.918,-118,393,None,Move,development
1574507175.926,-119,392,None,Move,development
1574507175.934,-119,389,None,Move,development
1574507175.9420002,-122,385,None,Move,development
1574507175.951,-123,384,None,Move,development
1574507176.1820002,-120,384,None,Move,development
1574507176.197,-110,384,None,Move,development
1574507176.21,-98,384,None,Move,development
1574507176.221,-93,384,None,Move,development
1574507176.229,-90,384,None,Move,development
1574507176.235,-85,382,None,Move,development
1574507176.2410002,-82,381,None,Move,development
1574507176.248,-78,379,None,Move,development
1574507176.254,-76,377,None,Move,development
1574507176.2610002,-75,375,None,Move,development
1574507176.27,-72,373,None,Move,development
1574507176.279,-70,371,None,Move,development
1574507176.2870002,-69,367,None,Move,development
1574507176.294,-69,364,None,Move,development
1574507176.303,-67,361,None,Move,development
1574507176.311,-65,357,None,Move,development
1574507176.3179998,-61,349,None,Move,development
1574507176.326,-57,343,None,Move,development
1574507176.334,-52,337,None,Move,development
1574507176.342,-48,330,None,Move,development
1574507176.35,-42,324,None,Move,development
1574507176.3579998,-34,314,None,Move,development
1574507176.3660002,-27,304,None,Move,development
1574507176.373,-18,292,None,Move,development
1574507176.3820002,-10,281,None,Move,development
1574507176.39,-1,266,None,Move,development
1574507176.397,5,255,None,Move,development
1574507176.406,14,234,None,Move,development
1574507176.415,27,207,None,Move,development
1574507176.4220002,36,181,None,Move,development
1574507176.43,42,157,None,Move,development
1574507176.438,49,136,None,Move,development
1574507176.446,52,118,None,Move,development
1574507176.452,56,102,None,Move,development
1574507176.462,59,87,None,Move,development
1574507176.47,62,71,None,Move,development
1574507176.478,64,59,None,Move,development
1574507176.486,64,55,None,Move,development
1574507176.494,64,55,None,Move,development
1574507193.571,62,52,None,Move,development
1574507193.592,-188,2,None,Move,development
1574507193.696,1,-3,None,Move,development
1574507193.719,13,-64,None,Move,development
1574507193.732,45,-149,None,Move,development
1574507193.742,59,-60,None,Move,development
1574507193.7510002,74,-49,None,Move,development
1574507193.758,92,-42,None,Move,development
1574507193.764,99,-19,None,Move,development
1574507193.769,105,-13,None,Move,development
1574507193.7770002,111,-12,None,Move,development
1574507193.785,118,-11,None,Move,development
1574507193.792,124,-13,None,Move,development
1574507193.8,129,-11,None,Move,development
1574507193.809,133,-16,None,Move,development
1574507193.816,135,-9,None,Move,development
1574507193.824,136,-8,None,Move,development
1574507193.832,136,-6,None,Move,development
1574507193.841,136,-8,None,Move,development
1574507193.8479998,136,-7,None,Move,development
1574507193.857,135,-6,None,Move,development
1574507193.865,130,-7,None,Move,development
1574507193.873,129,-2,None,Move,development
1574507193.88,129,-2,None,Move,development
1574507193.889,129,-5,None,Move,development
1574507193.897,129,-4,None,Move,development
1574507193.903,128,-8,None,Move,development
1574507193.9120002,125,-9,None,Move,development
1574507193.92,122,-16,None,Move,development
1574507193.928,115,-18,None,Move,development
1574507193.937,110,-21,None,Move,development
1574507193.945,103,-26,None,Move,development
1574507193.9529998,94,-33,None,Move,development
1574507193.959,88,-27,None,Move,development
1574507193.968,84,-23,None,Move,development
1574507193.9770002,83,-22,None,Move,development
1574507193.984,81,-20,None,Move,development
1574507193.992,85,-17,None,Move,development
1574507194.0010002,90,-12,None,Move,development
1574507194.0089998,98,-15,None,Move,development
1574507194.016,104,-9,None,Move,development
1574507194.024,114,-15,None,Move,development
1574507194.032,126,-19,None,Move,development
1574507194.04,138,-17,None,Move,development
1574507194.049,148,-17,None,Move,development
1574507194.0570002,166,-23,None,Move,development
1574507194.064,180,-18,None,Move,development
1574507194.071,200,-22,None,Move,development
1574507194.081,226,-30,None,Move,development
1574507194.0879998,260,-30,None,Move,development
1574507194.096,291,-28,None,Move,development
1574507194.104,325,-30,None,Move,development
1574507194.113,352,-24,None,Move,development
1574507194.12,386,-29,None,Move,development
1574507194.127,425,-37,None,Move,development
1574507194.135,459,-32,None,Move,development
1574507194.144,491,-31,None,Move,development
1574507194.1520002,522,-31,None,Move,development
1574507194.16,537,-14,None,Move,development
1574507194.168,558,-19,None,Move,development
1574507194.176,569,-11,None,Move,development
1574507194.184,580,-10,None,Move,development
1574507194.191,588,-9,None,Move,development
1574507194.2,592,-7,None,Move,development
1574507194.208,594,-2,None,Move,development
1574507194.216,598,-5,None,Move,development
1574507194.225,600,-3,None,Move,development
1574507194.2329998,601,-4,None,Move,development
1574507194.2410002,604,-3,None,Move,development
1574507194.2470002,604,-2,None,Move,development
1574507194.256,604,-2,None,Move,development
1574507194.265,605,-2,None,Move,development
1574507194.272,605,-1,None,Move,development
1574507194.295,605,-1,None,Move,development
1574507194.3079998,603,-4,None,Move,development
1574507194.3170002,603,-2,None,Move,development
1574507194.323,602,-4,None,Move,development
1574507194.329,599,-3,None,Move,development
1574507194.336,595,-3,None,Move,development
1574507194.344,590,-6,None,Move,development
1574507194.3520002,581,-4,None,Move,development
1574507194.359,571,-3,None,Move,development
1574507194.369,558,-3,None,Move,development
1574507194.377,531,0,None,Move,development
1574507194.3839998,504,2,None,Move,development
1574507194.3920002,481,6,None,Move,development
1574507194.4,440,18,None,Move,development
1574507194.408,398,35,None,Move,development
1574507194.416,353,51,None,Move,development
1574507194.424,309,74,None,Move,development
1574507194.4320002,262,97,None,Move,development
1574507194.441,234,114,None,Move,development
1574507194.448,213,127,None,Move,development
1574507194.456,197,137,None,Move,development
1574507194.464,191,143,None,Move,development
1574507194.472,189,146,None,Move,development
1574507194.48,188,147,None,Move,development
1574507194.7610002,186,151,None,Move,development
1574507194.781,173,168,None,Move,development
1574507194.791,167,177,None,Move,development
1574507194.798,158,184,None,Move,development
1574507194.805,150,190,None,Move,development
1574507194.812,141,196,None,Move,development
1574507194.819,129,203,None,Move,development
1574507194.826,114,207,None,Move,development
1574507194.833,98,212,None,Move,development
1574507194.841,77,219,None,Move,development
1574507194.849,48,227,None,Move,development
1574507194.857,24,233,None,Move,development
1574507194.865,4,238,None,Move,development
1574507194.873,-17,247,None,Move,development
1574507194.881,-32,253,None,Move,development
1574507194.889,-46,262,None,Move,development
1574507194.897,-59,270,None,Move,development
1574507194.905,-73,281,None,Move,development
1574507194.913,-83,289,None,Move,development
1574507194.921,-95,300,None,Move,development
1574507194.928,-109,315,None,Move,development
1574507194.936,-122,328,None,Move,development
1574507194.944,-136,345,None,Move,development
1574507194.952,-153,365,None,Move,development
1574507194.96,-171,388,None,Move,development
1574507194.968,-189,413,None,Move,development
1574507194.9770002,-211,438,None,Move,development
1574507194.985,-239,472,None,Move,development
1574507194.994,-264,500,None,Move,development
1574507195.002,-287,528,None,Move,development
1574507195.01,-305,548,None,Move,development
1574507195.0170002,-327,572,None,Move,development
1574507195.025,-347,589,None,Move,development
1574507195.032,-362,602,None,Move,development
1574507195.041,-374,612,None,Move,development
1574507195.049,-384,620,None,Move,development
1574507195.056,-391,624,None,Move,development
1574507195.064,-397,628,None,Move,development
1574507195.072,-403,632,None,Move,development
1574507195.08,-410,635,None,Move,development
1574507195.0879998,-417,638,None,Move,development
1574507195.097,-426,640,None,Move,development
1574507195.104,-434,642,None,Move,development
1574507195.1120002,-444,644,None,Move,development
1574507195.119,-454,646,None,Move,development
1574507195.1279998,-465,646,None,Move,development
1574507195.137,-476,647,None,Move,development
1574507195.145,-486,647,None,Move,development
1574507195.1520002,-495,647,None,Move,development
1574507195.16,-502,645,None,Move,development
1574507195.169,-507,644,None,Move,development
1574507195.175,-516,641,None,Move,development
1574507195.185,-519,639,None,Move,development
1574507195.1920002,-524,636,None,Move,development
1574507195.201,-525,633,None,Move,development
1574507195.208,-527,626,None,Move,development
1574507195.217,-528,619,None,Move,development
1574507195.225,-528,608,None,Move,development
1574507195.231,-528,595,None,Move,development
1574507195.24,-528,582,None,Move,development
1574507195.2489998,-530,557,None,Move,development
1574507195.2570002,-531,529,None,Move,development
1574507195.264,-534,504,None,Move,development
1574507195.272,-539,472,None,Move,development
1574507195.28,-547,450,None,Move,development
1574507195.288,-553,440,None,Move,development
1574507195.296,-559,435,None,Move,development
1574507195.304,-569,434,None,Move,development
1574507195.312,-577,434,None,Move,development
1574507195.32,-590,441,None,Move,development
1574507195.3279998,-606,450,None,Move,development
1574507195.336,-622,461,None,Move,development
1574507195.345,-647,477,None,Move,development
1574507195.353,-671,494,None,Move,development
1574507195.36,-701,513,None,Move,development
1574507195.369,-726,531,None,Move,development
1574507195.3760002,-744,541,None,Move,development
1574507195.385,-756,547,None,Move,development
1574507195.393,-771,554,None,Move,development
1574507195.4,-779,556,None,Move,development
1574507195.408,-787,559,None,Move,development
1574507195.417,-792,560,None,Move,development
1574507195.424,-794,561,None,Move,development
1574507195.4329998,-795,561,None,Move,development
1574507196.673,-804,581,None,Move,development
1574507196.68,-820,620,None,Move,development
1574507196.688,-841,672,None,Move,development
1574507196.696,-861,727,None,Move,development
1574507196.704,-881,784,None,Move,development
1574507196.712,-901,837,None,Move,development
1574507196.72,-917,883,None,Move,development
1574507196.728,-929,919,None,Move,development
1574507196.7370002,-941,949,None,Move,development
1574507196.744,-947,962,None,Move,development
1574507196.752,-949,968,None,Move,development
1574507196.7610002,-949,970,None,Move,development
1574507196.769,-950,970,None,Move,development
1574507196.785,-950,970,None,Move,development
1574507196.793,-950,969,None,Move,development
1574507196.801,-948,966,None,Move,development
1574507196.809,-946,963,None,Move,development
1574507196.816,-943,959,None,Move,development
1574507196.824,-938,953,None,Move,development
1574507196.833,-930,946,None,Move,development
1574507196.84,-924,940,None,Move,development
1574507196.85,-918,934,None,Move,development
1574507196.857,-917,932,None,Move,development
1574507197.194,-917,932,None,Move,development
1574507197.214,-917,936,None,Move,development
1574507197.224,-917,938,None,Move,development
1574507197.2329998,-917,939,None,Move,development
1574507197.256,-918,939,None,Move,development
1574507197.264,-918,940,None,Move,development
1574507197.272,-918,940,None,Move,development
1574507197.281,-918,941,None,Move,development
1574507197.289,-918,942,None,Move,development
1574507197.296,-918,943,None,Move,development
1574507197.304,-918,945,None,Move,development
1574507197.313,-918,946,None,Move,development
1574507197.32,-917,949,None,Move,development
1574507197.3279998,-913,957,None,Move,development
1574507197.337,-904,970,None,Move,development
1574507197.344,-892,987,None,Move,development
1574507197.353,-874,1011,None,Move,development
1574507197.361,-849,1040,None,Move,development
1574507197.369,-819,1071,None,Move,development
1574507197.3760002,-782,1111,None,Move,development
1574507197.3839998,-740,1119,None,Move,development
1574507197.393,-690,1124,None,Move,development
1574507197.401,-635,1128,None,Move,development
1574507197.408,-575,1124,None,Move,development
1574507197.417,-523,1119,None,Move,development
1574507197.426,-452,1132,None,Move,development
1574507197.4329998,-393,1119,None,Move,development
1574507197.44,-336,1112,None,Move,development
1574507197.449,-285,1112,None,Move,development
1574507197.456,-234,1110,None,Move,development
1574507197.465,-200,1097,None,Move,development
1574507197.4729998,-165,1099,None,Move,development
1574507197.481,-134,1096,None,Move,development
1574507197.4889998,-115,1089,None,Move,development
1574507197.4970002,-105,1086,None,Move,development
1574507197.504,-96,1084,None,Move,development
1574507197.5129998,-90,1082,None,Move,development
1574507197.521,-85,1081,None,Move,development
1574507197.528,-84,1080,None,Move,development
1574507197.5370002,-83,1079,None,Move,development
1574507197.544,-83,1079,None,Move,development
1574507197.585,-83,1079,None,Move,development
1574507197.593,-83,1079,None,Move,development
1574507197.601,-83,1078,None,Move,development
1574507197.6079998,-85,1077,None,Move,development
1574507197.6160002,-85,1075,None,Move,development
1574507197.6239998,-86,1072,None,Move,development
1574507197.633,-86,1070,None,Move,development
1574507197.64,-86,1067,None,Move,development
1574507197.649,-86,1062,None,Move,development
1574507197.657,-86,1059,None,Move,development
1574507197.665,-87,1053,None,Move,development
1574507197.673,-88,1047,None,Move,development
1574507197.681,-88,1040,None,Move,development
1574507197.689,-90,1033,None,Move,development
1574507197.697,-91,1028,None,Move,development
1574507197.705,-92,1022,None,Move,development
1574507197.7129998,-94,1018,None,Move,development
1574507197.72,-95,1013,None,Move,development
1574507197.728,-98,1007,None,Move,development
1574507197.7370002,-103,1000,None,Move,development
1574507197.745,-107,995,None,Move,development
1574507197.754,-114,986,None,Move,development
1574507197.762,-123,978,None,Move,development
1574507197.769,-130,970,None,Move,development
1574507197.7770002,-133,965,None,Move,development
1574507197.785,-135,963,None,Move,development
1574507197.792,-136,961,None,Move,development
1574507197.801,-136,960,None,Move,development
1574507197.8179998,-136,960,None,Move,development
1574507197.832,-136,959,None,Move,development
1574507197.985,-137,959,None,Move,development
1574507197.9929998,-139,966,None,Move,development
1574507198.0,-144,980,None,Move,development
1574507198.008,-151,997,None,Move,development
1574507198.016,-160,1025,None,Move,development
1574507198.024,-170,1052,None,Move,development
1574507198.032,-179,1075,None,Move,development
1574507198.041,-195,1107,None,Move,development
1574507198.049,-213,1115,None,Move,development
1574507198.0570002,-231,1109,None,Move,development
1574507198.064,-245,1103,None,Move,development
1574507198.072,-256,1095,None,Move,development
1574507198.08,-274,1102,None,Move,development
1574507198.0879998,-289,1098,None,Move,development
1574507198.097,-299,1093,None,Move,development
1574507198.105,-309,1093,None,Move,development
1574507198.1120002,-317,1086,None,Move,development
1574507198.12,-322,1085,None,Move,development
1574507198.1279998,-325,1083,None,Move,development
1574507198.1420002,-329,1082,None,Move,development
1574507198.151,-330,1080,None,Move,development
1574507198.158,-333,1081,None,Move,development
1574507198.164,-335,1081,None,Move,development
1574507198.169,-335,1079,None,Move,development
1574507198.177,-336,1081,None,Move,development
1574507198.184,-336,1081,None,Move,development
1574507198.1920002,-337,1082,None,Move,development
1574507198.201,-337,1082,None,Move,development
1574507198.21,-338,1083,None,Move,development
1574507198.2229998,-339,1082,None,Move,development
1574507198.232,-340,1083,None,Move,development
1574507198.238,-342,1086,None,Move,development
1574507198.246,-344,1083,None,Move,development
1574507198.252,-346,1084,None,Move,development
1574507198.258,-348,1084,None,Move,development
1574507198.265,-349,1082,None,Move,development
1574507198.272,-351,1084,None,Move,development
1574507198.282,-353,1082,None,Move,development
1574507198.289,-353,1082,None,Move,development
1574507198.2970002,-353,1080,None,Move,development
1574507198.312,-353,1079,None,Move,development
1574507198.322,-351,1077,None,Move,development
1574507198.329,-350,1073,None,Move,development
1574507198.337,-348,1066,None,Move,development
1574507198.345,-345,1058,None,Move,development
1574507198.353,-342,1050,None,Move,development
1574507198.361,-342,1048,None,Move,development
1574507198.554,-342,1048,None,Move,development
1574507198.576,-336,1061,None,Move,development
1574507198.586,-325,1065,None,Move,development
1574507198.595,-320,1065,None,Move,development
1574507198.6020002,-312,1068,None,Move,development
1574507198.609,-301,1070,None,Move,development
1574507198.617,-280,1074,None,Move,development
1574507198.625,-257,1077,None,Move,development
1574507198.6320002,-226,1078,None,Move,development
1574507198.641,-198,1080,None,Move,development
1574507198.649,-160,1080,None,Move,development
1574507198.656,-116,1079,None,Move,development
1574507198.665,-68,1079,None,Move,development
1574507198.673,-5,1076,None,Move,development
1574507198.681,53,1072,None,Move,development
1574507198.689,147,1063,None,Move,development
1574507198.697,258,1054,None,Move,development
1574507198.706,360,1048,None,Move,development
1574507198.7129998,474,1044,None,Move,development
1574507198.721,588,1041,None,Move,development
1574507198.729,714,1038,None,Move,development
1574507198.7370002,823,1038,None,Move,development
1574507198.745,945,1035,None,Move,development
1574507198.752,1067,1032,None,Move,development
1574507198.76,1184,1032,None,Move,development
1574507198.769,1286,1029,None,Move,development
1574507198.7770002,1384,1026,None,Move,development
1574507198.786,1470,1023,None,Move,development
1574507198.794,1540,1017,None,Move,development
1574507198.801,1598,1014,None,Move,development
1574507198.8079998,1648,1012,None,Move,development
1574507198.816,1687,1005,None,Move,development
1574507198.824,1707,1003,None,Move,development
1574507198.832,1727,1003,None,Move,development
1574507198.841,1743,1002,None,Move,development
1574507198.849,1755,1002,None,Move,development
1574507198.857,1761,1000,None,Move,development
1574507198.865,1765,1000,None,Move,development
1574507198.8720002,1767,1000,None,Move,development
1574507199.0089998,1767,997,None,Move,development
1574507199.03,1763,984,None,Move,development
1574507199.041,1757,959,None,Move,development
1574507199.049,1748,935,None,Move,development
1574507199.0570002,1736,908,None,Move,development
1574507199.065,1723,882,None,Move,development
1574507199.073,1697,834,None,Move,development
1574507199.081,1670,786,None,Move,development
1574507199.0879998,1644,742,None,Move,development
1574507199.096,1619,702,None,Move,development
1574507199.105,1598,669,None,Move,development
1574507199.113,1588,654,None,Move,development
1574507199.121,1577,639,None,Move,development
1574507199.129,1565,628,None,Move,development
1574507199.137,1560,623,None,Move,development
1574507199.145,1555,617,None,Move,development
1574507199.153,1549,613,None,Move,development
1574507199.16,1547,612,None,Move,development
1574507199.169,1542,609,None,Move,development
1574507199.176,1541,609,None,Move,development
1574507199.186,1538,608,None,Move,development
1574507199.1929998,1536,607,None,Move,development
1574507199.208,1535,607,None,Move,development
1574507199.8879998,1530,604,None,Move,development
1574507199.896,1519,598,None,Move,development
1574507199.904,1504,593,None,Move,development
1574507199.9120002,1488,586,None,Move,development
1574507199.921,1470,581,None,Move,development
1574507199.929,1446,574,None,Move,development
1574507199.937,1426,571,None,Move,development
1574507199.945,1407,566,None,Move,development
1574507199.952,1387,561,None,Move,development
1574507199.96,1364,555,None,Move,development
1574507199.968,1346,549,None,Move,development
1574507199.9770002,1327,540,None,Move,development
1574507199.985,1306,531,None,Move,development
1574507199.9929998,1291,522,None,Move,development
1574507200.0010002,1274,510,None,Move,development
1574507200.008,1257,498,None,Move,development
1574507200.0170002,1242,488,None,Move,development
1574507200.025,1229,477,None,Move,development
1574507200.033,1216,463,None,Move,development
1574507200.041,1211,458,None,Move,development
1574507200.2570002,1211,463,None,Move,development
1574507200.275,1215,484,None,Move,development
1574507200.284,1218,493,None,Move,development
1574507200.291,1220,499,None,Move,development
1574507200.2970002,1221,504,None,Move,development
1574507200.304,1222,506,None,Move,development
1574507200.313,1222,507,None,Move,development
1574507200.347,1222,508,None,Move,development
1574507200.361,1222,511,None,Move,development
1574507200.3679998,1221,513,None,Move,development
1574507200.377,1220,513,None,Move,development
1574507200.385,1219,514,None,Move,development
1574507200.393,1218,515,None,Move,development
1574507200.41,1216,516,None,Move,development
1574507200.425,1216,517,None,Move,development
1574507200.434,1215,518,None,Move,development
1574507200.4420002,1214,518,None,Move,development
1574507200.449,1213,518,None,Move,development
1574507201.242,1211,520,None,Move,development
1574507201.256,1210,521,None,Move,development
1574507201.2670002,1210,521,None,Move,development
1574507201.2729998,1210,522,None,Move,development
1574507201.281,1209,523,None,Move,development
1574507201.7870002,1208,524,None,Move,development
1574507206.505,1208,524,None,Move,development
1574507206.5129998,1209,524,None,Move,development
1574507206.522,1210,524,None,Move,development
1574507206.5370002,1211,524,None,Move,development
1574507206.545,1213,524,None,Move,development
1574507206.994,1215,524,None,Move,development
1574507207.059,1215,524,None,Move,development
1574507207.089,1216,524,None,Move,development
1574507208.282,1216,525,None,Move,development
1574507208.29,1216,526,None,Move,development
1574507208.298,1215,528,None,Move,development
1574507208.306,1215,530,None,Move,development
1574507208.314,1215,531,None,Move,development
1574507208.329,1215,532,None,Move,development
1574507208.337,1215,533,None,Move,development
1574507208.347,1215,535,None,Move,development
1574507208.354,1215,536,None,Move,development
1574507208.3620002,1215,537,None,Move,development
1574507208.37,1215,539,None,Move,development
1574507208.3860002,1214,541,None,Move,development
1574507209.827,1199,540,None,Move,development
1574507209.8479998,1119,521,None,Move,development
1574507209.86,982,490,None,Move,development
1574507209.867,902,469,None,Move,development
1574507209.8739998,830,455,None,Move,development
1574507209.881,742,440,None,Move,development
1574507209.89,650,421,None,Move,development
1574507209.8979998,550,402,None,Move,development
1574507209.907,467,391,None,Move,development
1574507209.914,395,376,None,Move,development
1574507209.9220002,340,371,None,Move,development
1574507209.929,286,366,None,Move,development
1574507209.937,240,363,None,Move,development
1574507209.946,202,359,None,Move,development
1574507209.954,160,357,None,Move,development
1574507209.962,135,357,None,Move,development
1574507209.97,115,355,None,Move,development
1574507209.978,97,355,None,Move,development
1574507209.986,79,353,None,Move,development
1574507209.994,65,352,None,Move,development
1574507210.002,51,352,None,Move,development
1574507210.01,39,352,None,Move,development
1574507210.018,33,352,None,Move,development
1574507210.026,23,352,None,Move,development
1574507210.034,15,352,None,Move,development
1574507210.042,8,352,None,Move,development
1574507210.049,2,352,None,Move,development
1574507210.0579998,-2,352,None,Move,development
1574507210.066,-7,352,None,Move,development
1574507210.074,-10,352,None,Move,development
1574507210.082,-13,352,None,Move,development
1574507210.09,-15,352,None,Move,development
1574507210.0979998,-16,352,None,Move,development
1574507210.106,-17,352,None,Move,development
1574507210.202,-16,352,None,Move,development
1574507210.211,-14,352,None,Move,development
1574507210.218,-12,352,None,Move,development
1574507210.2270002,-8,350,None,Move,development
1574507210.235,-4,350,None,Move,development
1574507210.2429998,1,350,None,Move,development
1574507210.25,7,350,None,Move,development
1574507210.258,19,348,None,Move,development
1574507210.266,27,348,None,Move,development
1574507210.274,41,348,None,Move,development
1574507210.281,57,349,None,Move,development
1574507210.29,73,350,None,Move,development
1574507210.299,92,355,None,Move,development
1574507210.3070002,108,358,None,Move,development
1574507210.315,128,364,None,Move,development
1574507210.322,151,367,None,Move,development
1574507210.33,175,373,None,Move,development
1574507210.3379998,216,385,None,Move,development
1574507210.346,248,393,None,Move,development
1574507210.354,277,401,None,Move,development
1574507210.3620002,298,408,None,Move,development
1574507210.371,317,415,None,Move,development
1574507210.379,329,422,None,Move,development
1574507210.387,338,428,None,Move,development
1574507210.395,341,431,None,Move,development
1574507210.403,343,434,None,Move,development
1574507210.411,344,438,None,Move,development
1574507210.426,345,444,None,Move,development
1574507210.434,345,448,None,Move,development
1574507210.4420002,345,450,None,Move,development
1574507210.449,345,455,None,Move,development
1574507210.458,345,459,None,Move,development
1574507210.466,345,465,None,Move,development
1574507210.475,345,470,None,Move,development
1574507210.482,343,472,None,Move,development
1574507210.4910002,343,474,None,Move,development
1574507210.498,341,476,None,Move,development
1574507210.505,339,478,None,Move,development
1574507210.522,337,479,None,Move,development
1574507210.53,336,479,None,Move,development
1574507210.539,336,480,None,Move,development
1574507210.594,335,480,None,Move,development
1574507210.6020002,333,477,None,Move,development
1574507210.61,333,475,None,Move,development
1574507210.617,332,472,None,Move,development
1574507210.627,331,467,None,Move,development
1574507210.635,328,458,None,Move,development
1574507210.643,326,448,None,Move,development
1574507210.65,323,437,None,Move,development
1574507210.659,320,425,None,Move,development
1574507210.666,318,413,None,Move,development
1574507210.674,315,400,None,Move,development
1574507210.6820002,314,392,None,Move,development
1574507210.6920002,311,380,None,Move,development
1574507210.699,309,371,None,Move,development
1574507210.708,307,366,None,Move,development
1574507210.716,306,362,None,Move,development
1574507210.724,305,361,None,Move,development
1574507210.7389998,304,360,None,Move,development
1574507210.867,303,360,None,Move,development
1574507210.875,303,362,None,Move,development
1574507210.8820002,303,366,None,Move,development
1574507210.89,302,375,None,Move,development
1574507210.8979998,300,390,None,Move,development
1574507210.914,300,402,None,Move,development
1574507210.924,300,444,None,Move,development
1574507210.9320002,300,465,None,Move,development
1574507210.94,300,487,None,Move,development
1574507210.947,300,503,None,Move,development
1574507210.955,300,517,None,Move,development
1574507210.9629998,300,525,None,Move,development
1574507210.971,300,532,None,Move,development
1574507210.978,300,536,None,Move,development
1574507210.986,300,538,None,Move,development
1574507210.994,300,540,None,Move,development
1574507211.002,300,541,None,Move,development
1574507211.035,299,542,None,Move,development
1574507211.051,298,542,None,Move,development
1574507211.075,297,542,None,Move,development
1574507211.204,297,542,Left,Pressed,development
1574507211.283,297,542,Left,Released,development
1574507211.394,296,542,None,Move,development
1574507213.044,302,542,None,Move,development
1574507213.065,310,542,None,Move,development
1574507213.075,312,542,None,Move,development
1574507213.083,313,542,None,Move,development
1574507213.1,313,542,None,Move,development
1574507213.1139998,314,542,None,Move,development
1574507213.1220002,315,542,None,Move,development
1574507213.13,316,542,None,Move,development
1574507213.147,317,542,None,Move,development
1574507213.163,318,542,None,Move,development
1574507213.179,319,542,None,Move,development
1574507213.195,319,542,None,Move,development
1574507213.2270002,320,541,None,Move,development
1574507213.234,321,541,None,Move,development
1574507213.2429998,322,541,None,Move,development
1574507213.2589998,323,541,None,Move,development
1574507213.276,324,541,None,Move,development
1574507213.3070002,325,541,None,Move,development
1574507213.322,325,540,None,Move,development
1574507213.3379998,326,540,None,Move,development
1574507213.474,327,540,None,Move,development
1574507213.482,327,541,None,Move,development
1574507213.5,327,542,None,Move,development
1574507213.519,327,542,None,Move,development
1574507213.529,327,543,None,Move,development
1574507213.5370002,327,544,None,Move,development
1574507213.543,327,545,None,Move,development
1574507213.55,327,546,None,Move,development
1574507213.556,327,548,None,Move,development
1574507213.563,327,550,None,Move,development
1574507213.57,327,553,None,Move,development
1574507213.5779998,327,555,None,Move,development
1574507213.586,327,559,None,Move,development
1574507213.594,326,567,None,Move,development
1574507213.6020002,326,572,None,Move,development
1574507213.61,323,578,None,Move,development
1574507213.619,322,588,None,Move,development
1574507213.627,321,593,None,Move,development
1574507213.6339998,319,597,None,Move,development
1574507213.643,318,602,None,Move,development
1574507213.65,317,607,None,Move,development
1574507213.658,317,610,None,Move,development
1574507213.667,316,615,None,Move,development
1574507213.675,316,618,None,Move,development
1574507213.6820002,316,620,None,Move,development
1574507213.69,316,622,None,Move,development
1574507214.299,316,619,None,Move,development
1574507214.321,317,618,None,Move,development
1574507214.333,318,616,None,Move,development
1574507214.347,318,615,None,Move,development
1574507214.355,319,614,None,Move,development
1574507214.3639998,320,613,None,Move,development
1574507214.3720002,320,612,None,Move,development
1574507214.387,320,612,None,Move,development
1574507214.395,320,611,None,Move,development
1574507214.4020002,320,610,None,Move,development
1574507214.411,321,609,None,Move,development
1574507214.419,322,607,None,Move,development
1574507214.436,322,605,None,Move,development
1574507214.452,323,604,None,Move,development
1574507214.46,323,604,None,Move,development
1574507214.467,323,602,None,Move,development
1574507214.475,324,600,None,Move,development
1574507214.482,325,598,None,Move,development
1574507214.49,325,596,None,Move,development
1574507214.5,327,591,None,Move,development
1574507214.5070002,327,586,None,Move,development
1574507214.515,329,583,None,Move,development
1574507214.522,330,575,None,Move,development
1574507214.53,331,573,None,Move,development
1574507214.538,331,569,None,Move,development
1574507214.5470002,333,565,None,Move,development
1574507214.555,333,565,None,Move,development
1574507214.564,334,564,None,Move,development
1574507214.572,334,563,None,Move,development
1574507214.7870002,335,562,None,Move,development
1574507214.802,336,561,None,Move,development
1574507214.81,337,560,None,Move,development
1574507214.826,338,558,None,Move,development
1574507214.835,339,558,None,Move,development
1574507214.851,340,557,None,Move,development
1574507214.859,341,557,None,Move,development
1574507214.89,342,556,None,Move,development
1574507215.2429998,343,555,None,Move,development
1574507215.2610002,343,554,None,Move,development
1574507215.269,345,551,None,Move,development
1574507215.278,345,550,None,Move,development
1574507215.286,346,549,None,Move,development
1574507215.294,346,549,None,Move,development
1574507215.309,346,548,None,Move,development
1574507215.325,346,547,None,Move,development
1574507216.357,348,565,None,Move,development
1574507216.365,352,603,None,Move,development
1574507216.373,361,666,None,Move,development
1574507216.38,365,709,None,Move,development
1574507216.3879998,365,750,None,Move,development
1574507216.396,365,772,None,Move,development
1574507216.405,363,788,None,Move,development
1574507216.413,360,800,None,Move,development
1574507216.4220002,358,811,None,Move,development
1574507216.429,356,817,None,Move,development
1574507216.437,355,822,None,Move,development
1574507216.444,353,827,None,Move,development
1574507216.452,351,828,None,Move,development
1574507216.461,350,830,None,Move,development
1574507216.469,349,832,None,Move,development
1574507216.4770002,347,834,None,Move,development
1574507216.485,345,836,None,Move,development
1574507216.4929998,343,837,None,Move,development
1574507216.5,340,839,None,Move,development
1574507216.508,337,841,None,Move,development
1574507216.518,334,844,None,Move,development
1574507216.526,331,845,None,Move,development
1574507216.534,329,847,None,Move,development
1574507216.542,327,849,None,Move,development
1574507216.549,326,849,None,Move,development
1574507216.5570002,324,851,None,Move,development
1574507216.564,323,852,None,Move,development
1574507216.574,322,853,None,Move,development
1574507216.581,321,855,None,Move,development
1574507216.589,321,855,None,Move,development
1574507216.5979998,320,856,None,Move,development
1574507216.8379998,320,856,Left,Pressed,development
1574507216.957,320,856,Left,Released,development
1574507217.293,320,856,None,Move,development
1574507217.3079998,321,855,None,Move,development
1574507217.3170002,321,855,None,Move,development
1574507217.333,322,854,None,Move,development
1574507217.349,322,853,None,Move,development
1574507217.356,323,853,None,Move,development
1574507217.389,323,852,None,Move,development
1574507217.405,324,851,None,Move,development
1574507217.437,325,850,None,Move,development
1574507217.582,325,850,None,Move,development
1574507217.596,325,849,None,Move,development
1574507217.6079998,325,846,None,Move,development
1574507217.617,325,845,None,Move,development
1574507217.623,325,843,None,Move,development
1574507217.629,325,841,None,Move,development
1574507217.637,325,838,None,Move,development
1574507217.644,325,835,None,Move,development
1574507217.6520002,325,832,None,Move,development
1574507217.6620002,325,829,None,Move,development
1574507217.67,325,821,None,Move,development
1574507217.678,325,818,None,Move,development
1574507217.686,325,809,None,Move,development
1574507217.694,325,802,None,Move,development
1574507217.7,325,794,None,Move,development
1574507217.708,325,784,None,Move,development
1574507217.717,325,774,None,Move,development
1574507217.725,325,758,None,Move,development
1574507217.734,322,738,None,Move,development
1574507217.742,321,718,None,Move,development
1574507217.75,321,696,None,Move,development
1574507217.7570002,319,674,None,Move,development
1574507217.765,319,655,None,Move,development
1574507217.7729998,319,641,None,Move,development
1574507217.781,319,627,None,Move,development
1574507217.789,319,616,None,Move,development
1574507217.7970002,319,610,None,Move,development
1574507217.805,319,607,None,Move,development
1574507217.813,319,606,None,Move,development
1574507218.158,319,617,None,Move,development
1574507218.166,319,651,None,Move,development
1574507218.1720002,320,708,None,Move,development
1574507218.1820002,323,774,None,Move,development
1574507218.19,323,867,None,Move,development
1574507218.197,323,912,None,Move,development
1574507218.205,323,957,None,Move,development
1574507218.214,323,979,None,Move,development
1574507218.222,323,995,None,Move,development
1574507218.228,321,1003,None,Move,development
1574507218.2370002,321,1010,None,Move,development
1574507218.245,321,1012,None,Move,development
1574507218.2529998,321,1013,None,Move,development
1574507218.396,321,1013,None,Move,development
1574507218.405,321,1013,None,Move,development
1574507218.421,321,1011,None,Move,development
1574507218.437,321,1009,None,Move,development
1574507218.445,321,1008,None,Move,development
1574507218.454,321,1007,None,Move,development
1574507218.461,321,1005,None,Move,development
1574507218.469,321,1002,None,Move,development
1574507218.4770002,321,1000,None,Move,development
1574507218.485,322,997,None,Move,development
1574507218.4929998,322,994,None,Move,development
1574507218.502,322,989,None,Move,development
1574507218.508,322,985,None,Move,development
1574507218.518,322,980,None,Move,development
1574507218.526,323,974,None,Move,development
1574507218.533,323,968,None,Move,development
1574507218.541,322,955,None,Move,development
1574507218.549,320,947,None,Move,development
1574507218.5570002,319,937,None,Move,development
1574507218.565,317,928,None,Move,development
1574507218.573,316,924,None,Move,development
1574507218.581,316,918,None,Move,development
1574507218.59,315,913,None,Move,development
1574507218.597,315,911,None,Move,development
1574507218.605,315,909,None,Move,development
1574507218.6139998,315,908,None,Move,development
1574507218.621,315,907,None,Move,development
1574507226.399,315,906,None,Move,development
1574507226.414,315,903,None,Move,development
1574507226.431,316,903,None,Move,development
1574507226.744,319,901,None,Move,development
1574507226.76,327,897,None,Move,development
1574507226.775,334,894,None,Move,development
1574507226.782,346,889,None,Move,development
1574507226.79,355,885,None,Move,development
1574507226.798,373,878,None,Move,development
1574507226.806,394,871,None,Move,development
1574507226.814,425,858,None,Move,development
1574507226.822,462,847,None,Move,development
1574507226.83,500,830,None,Move,development
1574507226.839,538,816,None,Move,development
1574507226.847,588,794,None,Move,development
1574507226.879,780,711,None,Move,development
1574507226.885,835,690,None,Move,development
1574507226.8920002,897,661,None,Move,development
1574507226.897,963,638,None,Move,development
1574507226.904,1017,619,None,Move,development
1574507226.9120002,1079,597,None,Move,development
1574507226.921,1129,576,None,Move,development
1574507226.928,1155,566,None,Move,development
1574507226.935,1181,556,None,Move,development
1574507226.9420002,1202,549,None,Move,development
1574507226.951,1218,544,None,Move,development
1574507226.97,1237,538,None,Move,development
1574507226.9770002,1241,537,None,Move,development
1574507226.9829998,1243,536,None,Move,development
1574507226.9989998,1244,536,None,Move,development
1574507228.095,1243,535,None,Move,development
1574507228.103,1241,535,None,Move,development
1574507228.111,1239,534,None,Move,development
1574507228.119,1237,533,None,Move,development
1574507228.127,1235,532,None,Move,development
1574507228.135,1233,531,None,Move,development
1574507228.143,1232,531,None,Move,development
1574507228.151,1231,530,None,Move,development
1574507228.214,1230,529,None,Move,development
1574507228.235,1228,526,None,Move,development
1574507228.246,1227,525,None,Move,development
1574507228.254,1227,525,None,Move,development
1574507228.262,1226,524,None,Move,development
1574507228.27,1225,523,None,Move,development
1574507228.286,1224,522,None,Move,development
1574507228.303,1224,521,None,Move,development
1574507228.311,1223,520,None,Move,development
1574507228.319,1223,519,None,Move,development
1574507228.326,1222,519,None,Move,development
1574507228.334,1222,518,None,Move,development
1574507228.342,1221,517,None,Move,development
1574507228.351,1221,516,None,Move,development
1574507228.375,1221,515,None,Move,development
1574507228.383,1221,514,None,Move,development
1574507228.39,1221,513,None,Move,development
1574507228.399,1221,512,None,Move,development
1574507228.407,1221,508,None,Move,development
1574507228.415,1221,504,None,Move,development
1574507228.4220002,1220,501,None,Move,development
1574507228.431,1216,494,None,Move,development
1574507228.439,1210,487,None,Move,development
1574507228.446,1203,479,None,Move,development
1574507228.454,1188,468,None,Move,development
1574507228.462,1177,460,None,Move,development
1574507228.47,1171,453,None,Move,development
1574507228.478,1164,447,None,Move,development
1574507228.854,1164,447,None,Move,development
1574507228.869,1164,451,None,Move,development
1574507228.887,1164,455,None,Move,development
1574507228.904,1164,456,None,Move,development
1574507228.927,1164,456,None,Move,development
1574507228.934,1164,457,None,Move,development
1574507228.951,1165,458,None,Move,development
1574507228.958,1166,459,None,Move,development
1574507228.968,1168,461,None,Move,development
1574507228.974,1169,462,None,Move,development
1574507244.6139998,1166,462,None,Move,development
1574507244.6220002,1161,462,None,Move,development
1574507244.629,1155,462,None,Move,development
1574507244.6379998,1145,462,None,Move,development
1574507244.646,1133,463,None,Move,development
1574507244.654,1117,463,None,Move,development
1574507244.661,1099,465,None,Move,development
1574507244.669,1081,465,None,Move,development
1574507244.678,1051,465,None,Move,development
1574507244.686,1026,465,None,Move,development
1574507244.6929998,993,465,None,Move,development
1574507244.702,964,465,None,Move,development
1574507244.71,920,465,None,Move,development
1574507244.718,887,465,None,Move,development
1574507244.726,836,461,None,Move,development
1574507244.734,774,456,None,Move,development
1574507244.742,719,448,None,Move,development
1574507244.75,655,437,None,Move,development
1574507244.7570002,598,420,None,Move,development
1574507244.765,550,410,None,Move,development
1574507244.774,498,397,None,Move,development
1574507244.782,449,384,None,Move,development
1574507244.79,408,372,None,Move,development
1574507244.798,368,363,None,Move,development
1574507244.806,343,355,None,Move,development
1574507244.814,331,352,None,Move,development
1574507244.822,319,349,None,Move,development
1574507244.83,310,346,None,Move,development
1574507244.8379998,307,346,None,Move,development
1574507244.846,305,345,None,Move,development
1574507244.854,303,345,None,Move,development
1574507244.909,303,344,None,Move,development
1574507244.92,303,343,None,Move,development
1574507244.9329998,302,341,None,Move,development
1574507244.941,302,340,None,Move,development
1574507244.949,301,340,None,Move,development
1574507244.958,300,339,None,Move,development
1574507244.965,298,338,None,Move,development
1574507244.9729998,296,338,None,Move,development
1574507244.982,295,337,None,Move,development
1574507244.99,295,337,None,Move,development
1574507244.998,294,336,None,Move,development
1574507245.207,294,334,None,Move,development
1574507245.215,294,333,None,Move,development
1574507245.28,294,333,None,Move,development
1574507245.288,294,335,None,Move,development
1574507245.296,294,338,None,Move,development
1574507245.532,294,338,None,Move,development
1574507245.565,294,338,None,Move,development
1574507245.599,295,338,None,Move,development
1574507245.856,297,341,None,Move,development
1574507245.869,300,348,None,Move,development
1574507245.875,306,355,None,Move,development
1574507245.881,314,368,None,Move,development
1574507245.889,322,384,None,Move,development
1574507245.896,330,401,None,Move,development
1574507245.905,333,415,None,Move,development
1574507245.911,335,422,None,Move,development
1574507245.919,335,428,None,Move,development
1574507245.928,335,431,None,Move,development
1574507245.935,335,432,None,Move,development
1574507245.961,335,430,None,Move,development
1574507245.968,336,428,None,Move,development
1574507245.976,337,422,None,Move,development
1574507245.984,340,417,None,Move,development
1574507245.9910002,341,415,None,Move,development
1574507246.2429998,341,414,None,Move,development
1574507246.258,342,414,None,Move,development
1574507246.268,344,415,None,Move,development
1574507246.274,345,420,None,Move,development
1574507246.28,348,425,None,Move,development
1574507246.2970002,349,427,None,Move,development
1574507246.305,349,428,None,Move,development
1574507246.311,350,435,None,Move,development
1574507246.319,350,443,None,Move,development
1574507246.327,352,451,None,Move,development
1574507246.335,353,467,None,Move,development
1574507246.343,357,490,None,Move,development
1574507246.3520002,360,517,None,Move,development
1574507246.361,368,564,None,Move,development
1574507246.367,373,606,None,Move,development
1574507246.3760002,380,646,None,Move,development
1574507246.383,385,696,None,Move,development
1574507246.3920002,387,742,None,Move,development
1574507246.4,389,784,None,Move,development
1574507246.409,389,821,None,Move,development
1574507246.417,389,853,None,Move,development
1574507246.424,389,870,None,Move,development
1574507246.4320002,389,883,None,Move,development
1574507246.44,386,894,None,Move,development
1574507246.448,385,899,None,Move,development
1574507246.456,383,903,None,Move,development
1574507246.465,381,908,None,Move,development
1574507246.472,380,910,None,Move,development
1574507246.479,380,912,None,Move,development
1574507246.4870002,378,914,None,Move,development
1574507246.532,378,916,None,Move,development
1574507246.551,378,919,None,Move,development
1574507246.56,378,921,None,Move,development
1574507246.5670002,377,923,None,Move,development
1574507246.576,377,925,None,Move,development
1574507246.593,377,926,None,Move,development
1574507246.6479998,376,928,None,Move,development
1574507246.664,374,930,None,Move,development
1574507246.675,371,933,None,Move,development
1574507246.684,370,936,None,Move,development
1574507246.69,368,941,None,Move,development
1574507246.697,364,946,None,Move,development
1574507246.704,362,948,None,Move,development
1574507246.711,360,951,None,Move,development
1574507246.719,358,953,None,Move,development
1574507246.728,356,954,None,Move,development
1574507246.736,354,955,None,Move,development
1574507246.744,351,956,None,Move,development
1574507246.7510002,349,957,None,Move,development
1574507246.76,349,958,None,Move,development
1574507246.7670002,347,960,None,Move,development
1574507246.776,343,961,None,Move,development
1574507246.784,342,962,None,Move,development
1574507246.792,340,963,None,Move,development
1574507246.8,338,964,None,Move,development
1574507246.8079998,336,964,None,Move,development
1574507246.816,331,966,None,Move,development
1574507246.823,329,966,None,Move,development
1574507246.831,328,966,None,Move,development
1574507246.839,327,967,None,Move,development
1574507246.856,326,967,None,Move,development
1574507246.88,325,967,None,Move,development
1574507246.931,325,967,Left,Pressed,development
1574507247.0070002,325,967,Left,Released,development
1574507247.371,321,966,None,Move,development
1574507247.3779998,319,962,None,Move,development
1574507247.3860002,317,960,None,Move,development
1574507247.394,316,958,None,Move,development
1574507247.4020002,312,953,None,Move,development
1574507247.41,310,951,None,Move,development
1574507247.418,308,948,None,Move,development
1574507247.426,306,944,None,Move,development
1574507247.4329998,304,941,None,Move,development
1574507247.4420002,303,939,None,Move,development
1574507247.45,302,936,None,Move,development
1574507247.458,302,934,None,Move,development
1574507247.466,302,932,None,Move,development
1574507247.474,302,929,None,Move,development
1574507247.482,302,925,None,Move,development
1574507247.4889998,302,924,None,Move,development
1574507247.4970002,302,920,None,Move,development
1574507247.505,302,918,None,Move,development
1574507247.5129998,302,915,None,Move,development
1574507247.522,304,912,None,Move,development
1574507247.53,305,910,None,Move,development
1574507247.539,305,908,None,Move,development
1574507247.546,305,907,None,Move,development
1574507247.554,305,906,None,Move,development
1574507247.562,305,905,None,Move,development
1574507247.5779998,305,904,None,Move,development
1574507247.586,305,904,None,Move,development
1574507248.266,307,906,None,Move,development
1574507248.283,308,906,None,Move,development
1574507248.29,309,907,None,Move,development
1574507248.298,309,908,None,Move,development
1574507248.314,309,909,None,Move,development
1574507249.218,309,909,Left,Pressed,development
1574507249.265,309,909,Left,Released,development
1574507249.498,309,903,None,Move,development
1574507249.506,305,883,None,Move,development
1574507249.515,297,854,None,Move,development
1574507249.522,285,809,None,Move,development
1574507249.529,266,755,None,Move,development
1574507249.538,240,685,None,Move,development
1574507249.546,218,627,None,Move,development
1574507249.554,193,573,None,Move,development
1574507249.562,171,518,None,Move,development
1574507249.57,150,468,None,Move,development
1574507249.579,132,418,None,Move,development
1574507249.587,114,376,None,Move,development
1574507249.594,103,343,None,Move,development
1574507249.6020002,88,297,None,Move,development
1574507249.61,79,265,None,Move,development
1574507249.6179998,72,240,None,Move,development
1574507249.6260002,67,220,None,Move,development
1574507249.6339998,62,201,None,Move,development
1574507249.641,60,193,None,Move,development
1574507249.65,59,186,None,Move,development
1574507249.658,58,182,None,Move,development
1574507249.666,58,181,None,Move,development
1574507250.0270002,58,182,None,Move,development
1574507250.049,56,207,None,Move,development
1574507250.062,52,233,None,Move,development
1574507250.0670002,49,242,None,Move,development
1574507250.074,46,252,None,Move,development
1574507250.082,44,261,None,Move,development
1574507250.089,42,269,None,Move,development
1574507250.097,39,273,None,Move,development
1574507250.107,39,276,None,Move,development
1574507250.1139998,38,278,None,Move,development
1574507250.2270002,38,278,Left,Pressed,development
1574507250.291,38,278,Left,Released,development
1574507254.2410002,42,280,None,Move,development
1574507254.2510002,45,280,None,Move,development
1574507254.258,50,282,None,Move,development
1574507254.266,57,284,None,Move,development
1574507254.276,63,286,None,Move,development
1574507254.295,88,293,None,Move,development
1574507254.304,105,298,None,Move,development
1574507254.312,129,308,None,Move,development
1574507254.32,158,318,None,Move,development
1574507254.337,180,325,None,Move,development
1574507254.345,334,380,None,Move,development
1574507254.353,367,391,None,Move,development
1574507254.36,405,405,None,Move,development
1574507254.369,431,415,None,Move,development
1574507254.377,465,429,None,Move,development
1574507254.385,496,445,None,Move,development
1574507254.394,538,462,None,Move,development
1574507254.401,560,471,None,Move,development
1574507254.408,577,479,None,Move,development
1574507254.416,596,486,None,Move,development
1574507254.424,612,495,None,Move,development
1574507254.4320002,629,501,None,Move,development
1574507254.4420002,645,508,None,Move,development
1574507254.456,664,516,None,Move,development
1574507254.465,689,529,None,Move,development
1574507254.4729998,702,534,None,Move,development
1574507254.48,715,538,None,Move,development
1574507254.4889998,727,545,None,Move,development
1574507254.4970002,740,549,None,Move,development
1574507254.506,749,552,None,Move,development
1574507254.512,753,555,None,Move,development
1574507254.52,764,558,None,Move,development
1574507254.529,769,560,None,Move,development
1574507254.5370002,774,561,None,Move,development
1574507254.551,778,563,None,Move,development
1574507254.559,783,565,None,Move,development
1574507254.566,788,568,None,Move,development
1574507254.572,793,569,None,Move,development
1574507254.577,795,570,None,Move,development
1574507254.585,799,571,None,Move,development
1574507254.593,803,572,None,Move,development
1574507254.601,806,573,None,Move,development
1574507254.6160002,808,574,None,Move,development
1574507254.6239998,813,577,None,Move,development
1574507254.631,817,578,None,Move,development
1574507254.637,821,579,None,Move,development
1574507254.6420002,826,581,None,Move,development
1574507254.649,829,582,None,Move,development
1574507254.657,831,583,None,Move,development
1574507254.671,835,584,None,Move,development
1574507254.679,838,585,None,Move,development
1574507254.686,839,585,None,Move,development
1574507254.691,840,586,None,Move,development
1574507254.697,841,586,None,Move,development
1574507254.7770002,842,587,None,Move,development
1574507255.094,843,587,None,Move,development
1574507255.109,844,587,None,Move,development
1574507255.119,844,587,Left,Pressed,development
1574507255.1239998,845,587,None,Drag,development
1574507255.17,846,587,None,Drag,development
1574507255.185,847,587,None,Drag,development
1574507255.209,848,587,None,Drag,development
1574507255.217,849,587,None,Drag,development
1574507255.226,850,587,None,Drag,development
1574507255.2329998,852,587,None,Drag,development
1574507255.24,852,587,None,Drag,development
1574507255.248,853,587,None,Drag,development
1574507255.265,857,587,None,Drag,development
1574507255.2729998,859,586,None,Drag,development
1574507255.281,860,586,None,Drag,development
1574507255.29,862,586,None,Drag,development
1574507255.298,863,585,None,Drag,development
1574507255.305,863,585,None,Drag,development
1574507255.313,864,585,None,Drag,development
1574507255.32,865,585,None,Drag,development
1574507255.3379998,866,585,None,Drag,development
1574507255.346,867,585,None,Drag,development
1574507255.354,868,585,None,Drag,development
1574507255.36,869,585,None,Drag,development
1574507255.377,869,585,None,Drag,development
1574507255.3920002,870,584,None,Drag,development
1574507255.4020002,872,584,None,Drag,development
1574507255.41,873,584,None,Drag,development
1574507255.417,874,584,None,Drag,development
1574507255.4329998,875,584,None,Drag,development
1574507255.441,875,584,None,Drag,development
1574507255.458,876,584,None,Drag,development
1574507255.465,877,584,None,Drag,development
1574507255.481,878,584,None,Drag,development
1574507255.4970002,879,584,None,Drag,development
1574507255.506,880,584,None,Drag,development
1574507255.521,881,584,None,Drag,development
1574507255.528,881,584,None,Drag,development
1574507255.561,882,584,None,Drag,development
1574507255.5779998,883,584,None,Drag,development
1574507255.592,884,584,None,Drag,development
1574507255.6079998,886,584,None,Drag,development
1574507255.617,887,584,None,Drag,development
1574507255.625,888,584,None,Drag,development
1574507255.633,890,584,None,Drag,development
1574507255.641,892,584,None,Drag,development
1574507255.649,894,584,None,Drag,development
1574507255.6620002,897,584,None,Drag,development
1574507255.67,902,584,None,Drag,development
1574507255.677,904,584,None,Drag,development
1574507255.685,908,584,None,Drag,development
1574507255.6920002,916,584,None,Drag,development
1574507255.697,922,584,None,Drag,development
1574507255.704,928,584,None,Drag,development
1574507255.712,940,584,None,Drag,development
1574507255.72,948,584,None,Drag,development
1574507255.728,959,584,None,Drag,development
1574507255.7370002,969,584,None,Drag,development
1574507255.745,981,587,None,Drag,development
1574507255.754,993,588,None,Drag,development
1574507255.76,1008,590,None,Drag,development
1574507255.768,1018,590,None,Drag,development
1574507255.776,1030,591,None,Drag,development
1574507255.784,1046,593,None,Drag,development
1574507255.794,1064,594,None,Drag,development
1574507255.802,1084,596,None,Drag,development
1574507255.809,1098,596,None,Drag,development
1574507255.816,1112,598,None,Drag,development
1574507255.825,1121,599,None,Drag,development
1574507255.832,1131,601,None,Drag,development
1574507255.84,1136,602,None,Drag,development
1574507255.85,1140,602,None,Drag,development
1574507255.8579998,1143,602,None,Drag,development
1574507255.8660002,1145,603,None,Drag,development
1574507255.873,1146,603,None,Drag,development
1574507256.2729998,1146,603,Left,Released,development
1574507256.3860002,1147,603,None,Move,development
1574507256.393,1149,603,None,Move,development
1574507256.401,1150,603,None,Move,development
1574507256.409,1153,603,None,Move,development
1574507256.418,1159,602,None,Move,development
1574507256.425,1163,602,None,Move,development
1574507256.4329998,1172,602,None,Move,development
1574507256.441,1186,602,None,Move,development
1574507256.449,1204,602,None,Move,development
1574507256.457,1224,602,None,Move,development
1574507256.465,1249,602,None,Move,development
1574507256.474,1269,602,None,Move,development
1574507256.481,1302,602,None,Move,development
1574507256.49,1335,602,None,Move,development
1574507256.4970002,1368,602,None,Move,development
1574507256.505,1409,602,None,Move,development
1574507256.5129998,1449,602,None,Move,development
1574507256.52,1483,601,None,Move,development
1574507256.529,1528,601,None,Move,development
1574507256.5370002,1569,601,None,Move,development
1574507256.546,1598,601,None,Move,development
1574507256.554,1620,601,None,Move,development
1574507256.56,1638,600,None,Move,development
1574507256.5679998,1650,598,None,Move,development
1574507256.576,1660,598,None,Move,development
1574507256.584,1668,597,None,Move,development
1574507256.593,1675,594,None,Move,development
1574507256.6020002,1680,593,None,Move,development
1574507256.61,1682,592,None,Move,development
1574507256.6179998,1684,592,None,Move,development
1574507256.625,1685,591,None,Move,development
1574507256.641,1685,590,None,Move,development
1574507256.658,1686,590,None,Move,development
1574507256.665,1687,589,None,Move,development
1574507256.674,1688,588,None,Move,development
1574507256.681,1688,588,None,Move,development
1574507256.689,1690,587,None,Move,development
1574507256.697,1690,586,None,Move,development
1574507256.705,1692,584,None,Move,development
1574507256.722,1693,582,None,Move,development
1574507256.729,1694,580,None,Move,development
1574507256.736,1695,578,None,Move,development
1574507256.744,1695,576,None,Move,development
1574507256.752,1695,575,None,Move,development
1574507256.762,1695,571,None,Move,development
1574507256.769,1695,568,None,Move,development
1574507256.7770002,1695,563,None,Move,development
1574507256.786,1695,559,None,Move,development
1574507256.792,1692,554,None,Move,development
1574507256.801,1688,545,None,Move,development
1574507256.809,1684,540,None,Move,development
1574507256.8179998,1678,533,None,Move,development
1574507256.826,1676,529,None,Move,development
1574507256.833,1672,526,None,Move,development
1574507256.841,1670,522,None,Move,development
1574507256.8479998,1669,520,None,Move,development
1574507256.857,1668,518,None,Move,development
1574507256.8639998,1667,515,None,Move,development
1574507256.873,1667,514,None,Move,development
1574507256.881,1667,511,None,Move,development
1574507256.889,1667,509,None,Move,development
1574507256.905,1667,507,None,Move,development
1574507256.9120002,1667,507,None,Move,development
1574507256.92,1667,506,None,Move,development
1574507256.938,1668,504,None,Move,development
1574507256.984,1668,503,None,Move,development
1574507257.0,1669,503,None,Move,development
1574507257.0170002,1671,503,None,Move,development
1574507257.024,1673,502,None,Move,development
1574507257.042,1675,502,None,Move,development
1574507257.049,1676,501,None,Move,development
1574507257.0579998,1678,501,None,Move,development
1574507257.065,1680,500,None,Move,development
1574507257.074,1681,500,None,Move,development
1574507257.091,1684,499,None,Move,development
1574507257.106,1684,499,None,Move,development
1574507257.217,1684,499,Left,Pressed,development
1574507257.3,1684,499,Left,Released,development
1574507257.657,1681,499,None,Move,development
1574507257.674,1672,504,None,Move,development
1574507257.681,1667,508,None,Move,development
1574507257.689,1659,514,None,Move,development
1574507257.696,1646,523,None,Move,development
1574507257.704,1632,532,None,Move,development
1574507257.7129998,1610,542,None,Move,development
1574507257.721,1578,561,None,Move,development
1574507257.729,1546,579,None,Move,development
1574507257.7370002,1518,596,None,Move,development
1574507257.745,1483,615,None,Move,development
1574507257.754,1458,631,None,Move,development
1574507257.7610002,1426,650,None,Move,development
1574507257.77,1398,667,None,Move,development
1574507257.7770002,1359,686,None,Move,development
1574507257.786,1331,701,None,Move,development
1574507257.793,1309,711,None,Move,development
1574507257.801,1282,725,None,Move,development
1574507257.81,1256,735,None,Move,development
1574507257.8170002,1234,744,None,Move,development
1574507257.825,1211,756,None,Move,development
1574507257.834,1192,764,None,Move,development
1574507257.842,1178,771,None,Move,development
1574507257.85,1167,777,None,Move,development
1574507257.857,1158,782,None,Move,development
1574507257.8660002,1149,788,None,Move,development
1574507257.8720002,1144,790,None,Move,development
1574507257.881,1139,794,None,Move,development
1574507257.889,1132,798,None,Move,development
1574507257.897,1130,800,None,Move,development
1574507257.914,1125,805,None,Move,development
1574507257.921,1124,807,None,Move,development
1574507257.928,1122,808,None,Move,development
1574507257.936,1122,808,None,Move,development
1574507257.946,1120,808,None,Move,development
1574507257.9529998,1118,808,None,Move,development
1574507257.97,1115,810,None,Move,development
1574507257.978,1110,808,None,Move,development
1574507257.985,1105,804,None,Move,development
1574507257.9929998,1103,803,None,Move,development
1574507258.0010002,1101,801,None,Move,development
1574507258.0089998,1100,800,None,Move,development
1574507258.258,1099,802,None,Move,development
1574507258.266,1097,807,None,Move,development
1574507258.2729998,1096,808,None,Move,development
1574507258.282,1094,810,None,Move,development
1574507258.29,1092,811,None,Move,development
1574507258.298,1090,812,None,Move,development
1574507258.305,1089,812,None,Move,development
1574507258.314,1087,813,None,Move,development
1574507258.329,1086,813,None,Move,development
1574507258.345,1086,812,None,Move,development
1574507258.354,1086,809,None,Move,development
1574507258.3620002,1089,804,None,Move,development
1574507258.37,1091,802,None,Move,development
1574507258.387,1098,795,None,Move,development
1574507258.394,1101,793,None,Move,development
1574507258.4020002,1105,789,None,Move,development
1574507258.41,1107,787,None,Move,development
1574507258.418,1109,785,None,Move,development
1574507258.425,1111,783,None,Move,development
1574507258.4329998,1111,782,None,Move,development
1574507258.441,1112,781,None,Move,development
1574507258.448,1113,779,None,Move,development
1574507258.466,1113,778,None,Move,development
1574507258.474,1113,777,None,Move,development
1574507258.482,1114,777,None,Move,development
1574507258.49,1114,776,None,Move,development
1574507258.4970002,1116,776,None,Move,development
1574507258.504,1119,773,None,Move,development
1574507258.5129998,1121,772,None,Move,development
1574507258.522,1126,770,None,Move,development
1574507258.53,1129,768,None,Move,development
1574507258.5470002,1136,766,None,Move,development
1574507258.5570002,1138,763,None,Move,development
1574507258.564,1140,762,None,Move,development
1574507258.5779998,1141,761,None,Move,development
1574507258.745,1141,761,Left,Pressed,development
1574507258.778,1142,761,None,Drag,development
1574507258.794,1142,761,None,Drag,development
1574507258.813,1143,761,None,Drag,development
1574507258.834,1144,761,None,Drag,development
1574507258.841,1145,761,None,Drag,development
1574507258.849,1147,761,None,Drag,development
1574507258.8579998,1150,761,None,Drag,development
1574507258.865,1153,760,None,Drag,development
1574507258.873,1158,760,None,Drag,development
1574507258.881,1162,760,None,Drag,development
1574507258.89,1170,759,None,Drag,development
1574507258.897,1180,759,None,Drag,development
1574507258.905,1192,758,None,Drag,development
1574507258.914,1204,758,None,Drag,development
1574507258.921,1216,758,None,Drag,development
1574507258.929,1232,758,None,Drag,development
1574507258.938,1248,758,None,Drag,development
1574507258.946,1266,756,None,Drag,development
1574507258.954,1286,756,None,Drag,development
1574507258.961,1306,756,None,Drag,development
1574507258.97,1324,756,None,Drag,development
1574507258.9770002,1351,756,None,Drag,development
1574507258.985,1376,756,None,Drag,development
1574507258.9929998,1413,756,None,Drag,development
1574507259.0010002,1450,757,None,Drag,development
1574507259.01,1483,757,None,Drag,development
1574507259.0170002,1508,757,None,Drag,development
1574507259.026,1534,759,None,Drag,development
1574507259.033,1564,761,None,Drag,development
1574507259.042,1578,761,None,Drag,development
1574507259.05,1594,761,None,Drag,development
1574507259.0579998,1608,763,None,Drag,development
1574507259.065,1614,764,None,Drag,development
1574507259.073,1623,765,None,Drag,development
1574507259.096,1629,767,None,Drag,development
1574507259.1020002,1636,768,None,Drag,development
1574507259.1079998,1639,770,None,Drag,development
1574507259.1139998,1640,770,None,Drag,development
1574507259.1220002,1641,771,None,Drag,development
1574507259.1379998,1643,771,None,Drag,development
1574507259.242,1643,772,None,Drag,development
1574507259.264,1648,775,None,Drag,development
1574507259.276,1653,780,None,Drag,development
1574507259.2970002,1657,785,None,Drag,development
1574507259.304,1659,787,None,Drag,development
1574507259.31,1662,789,None,Drag,development
1574507259.3170002,1662,790,None,Drag,development
1574507259.323,1663,791,None,Drag,development
1574507259.329,1664,791,None,Drag,development
1574507259.346,1665,792,None,Drag,development
1574507260.956,1665,792,Left,Released,development
1574507261.146,1666,793,None,Move,development
1574507261.157,1668,794,None,Move,development
1574507261.164,1671,794,None,Move,development
1574507261.17,1677,797,None,Move,development
1574507261.177,1682,799,None,Move,development
1574507261.185,1693,802,None,Move,development
1574507261.194,1705,805,None,Move,development
1574507261.201,1717,807,None,Move,development
1574507261.21,1732,810,None,Move,development
1574507261.218,1748,813,None,Move,development
1574507261.226,1764,815,None,Move,development
1574507261.234,1780,815,None,Move,development
1574507261.242,1796,815,None,Move,development
1574507261.25,1810,813,None,Move,development
1574507261.258,1829,808,None,Move,development
1574507261.265,1845,799,None,Move,development
1574507261.274,1856,791,None,Move,development
1574507261.282,1872,776,None,Move,development
1574507261.29,1885,763,None,Move,development
1574507261.298,1895,748,None,Move,development
1574507261.306,1907,729,None,Move,development
1574507261.313,1916,710,None,Move,development
1574507261.321,1922,692,None,Move,development
1574507261.329,1924,675,None,Move,development
1574507261.337,1926,654,None,Move,development
1574507261.345,1922,638,None,Move,development
1574507261.353,1921,620,None,Move,development
1574507261.361,1921,600,None,Move,development
1574507261.369,1919,582,None,Move,development
1574507261.3779998,1919,562,None,Move,development
1574507261.3860002,1918,542,None,Move,development
1574507261.393,1915,528,None,Move,development
1574507261.401,1912,510,None,Move,development
1574507261.409,1907,497,None,Move,development
1574507261.418,1904,489,None,Move,development
1574507261.426,1901,480,None,Move,development
1574507261.434,1897,471,None,Move,development
1574507261.4420002,1894,466,None,Move,development
1574507261.45,1892,461,None,Move,development
1574507261.457,1889,456,None,Move,development
1574507261.465,1888,452,None,Move,development
1574507261.4729998,1887,450,None,Move,development
1574507261.4829998,1885,446,None,Move,development
1574507261.4889998,1882,443,None,Move,development
1574507261.4970002,1881,441,None,Move,development
1574507261.505,1881,439,None,Move,development
1574507261.514,1881,438,None,Move,development
1574507261.521,1880,436,None,Move,development
1574507261.529,1880,435,None,Move,development
1574507261.539,1879,434,None,Move,development
1574507261.546,1879,434,None,Move,development
1574507261.554,1878,433,None,Move,development
1574507261.57,1878,432,None,Move,development
1574507261.5779998,1877,431,None,Move,development
1574507261.68,1876,430,None,Move,development
1574507261.695,1875,429,None,Move,development
1574507261.711,1873,428,None,Move,development
1574507261.721,1872,428,None,Move,development
1574507261.738,1871,428,None,Move,development
1574507261.754,1870,427,None,Move,development
1574507261.7610002,1869,427,None,Move,development
1574507261.77,1869,426,None,Move,development
1574507261.7770002,1868,425,None,Move,development
1574507261.786,1866,424,None,Move,development
1574507261.793,1865,424,None,Move,development
1574507261.801,1864,423,None,Move,development
1574507261.81,1862,422,None,Move,development
1574507261.8179998,1861,422,None,Move,development
1574507261.827,1861,421,None,Move,development
1574507261.834,1860,421,None,Move,development
1574507261.842,1859,421,None,Move,development
1574507262.28,1859,421,Left,Pressed,development
1574507262.3620002,1859,421,Left,Released,development
1574507263.3660002,1857,423,None,Move,development
1574507263.381,1854,429,None,Move,development
1574507263.389,1853,434,None,Move,development
1574507263.395,1851,437,None,Move,development
1574507263.4020002,1849,442,None,Move,development
1574507263.41,1846,447,None,Move,development
1574507263.418,1845,450,None,Move,development
1574507263.426,1843,455,None,Move,development
1574507263.435,1840,460,None,Move,development
1574507263.4429998,1838,465,None,Move,development
1574507263.451,1835,470,None,Move,development
1574507263.457,1834,472,None,Move,development
1574507263.466,1832,475,None,Move,development
1574507263.4729998,1830,478,None,Move,development
1574507263.482,1829,480,None,Move,development
1574507263.4910002,1828,482,None,Move,development
1574507263.4989998,1828,483,None,Move,development
1574507263.515,1827,484,None,Move,development
1574507263.522,1827,485,None,Move,development
1574507263.529,1827,486,None,Move,development
1574507263.554,1826,487,None,Move,development
1574507266.139,1823,487,None,Move,development
1574507266.155,1802,487,None,Move,development
1574507266.1620002,1760,485,None,Move,development
1574507266.17,1691,485,None,Move,development
1574507266.178,1601,482,None,Move,development
1574507266.187,1478,466,None,Move,development
1574507266.1929998,1334,446,None,Move,development
1574507266.201,1183,426,None,Move,development
1574507266.211,1023,409,None,Move,development
1574507266.218,835,385,None,Move,development
1574507266.2270002,664,367,None,Move,development
1574507266.234,506,361,None,Move,development
1574507266.2429998,348,361,None,Move,development
1574507266.25,214,361,None,Move,development
1574507266.2570002,112,366,None,Move,development
1574507266.266,7,366,None,Move,development
1574507266.275,-95,364,None,Move,development
1574507266.283,-135,353,None,Move,development
1574507266.291,-163,343,None,Move,development
1574507266.299,-203,336,None,Move,development
1574507266.306,-251,328,None,Move,development
1574507266.525,-251,329,None,Move,development
1574507266.556,-252,333,None,Move,development
1574507266.572,-252,334,None,Move,development
1574507266.587,-252,328,None,Move,development
1574507266.603,-250,322,None,Move,development
1574507266.6179998,-244,309,None,Move,development
1574507266.625,-241,303,None,Move,development
1574507266.641,-230,291,None,Move,development
1574507266.65,-223,284,None,Move,development
1574507266.657,-215,279,None,Move,development
1574507266.666,-208,274,None,Move,development
1574507266.674,-201,270,None,Move,development
1574507266.68,-194,266,None,Move,development
1574507266.695,-185,261,None,Move,development
1574507266.711,-183,259,None,Move,development
1574507266.725,-183,258,None,Move,development
1574507266.7410002,-183,258,None,Move,development
1574507266.756,-183,257,None,Move,development
1574507266.774,-182,256,None,Move,development
1574507266.79,-181,255,None,Move,development
1574507266.827,-181,254,None,Move,development
1574507266.843,-179,253,None,Move,development
1574507266.8579998,-176,249,None,Move,development
1574507266.873,-166,241,None,Move,development
1574507266.89,-154,233,None,Move,development
1574507266.905,-142,224,None,Move,development
1574507266.921,-134,217,None,Move,development
1574507266.926,-133,215,None,Move,development
1574507266.945,-130,208,None,Move,development
1574507266.961,-125,200,None,Move,development
1574507266.9770002,-120,192,None,Move,development
1574507266.9929998,-111,184,None,Move,development
1574507267.008,-102,177,None,Move,development
1574507267.0270002,-94,174,None,Move,development
1574507267.074,-93,174,None,Move,development
1574507267.089,-90,184,None,Move,development
1574507267.105,-79,213,None,Move,development
1574507267.12,-50,290,None,Move,development
1574507267.127,-35,332,None,Move,development
1574507267.144,-3,415,None,Move,development
1574507267.16,45,522,None,Move,development
1574507267.17,73,577,None,Move,development
1574507267.178,99,625,None,Move,development
1574507267.187,139,668,None,Move,development
1574507267.195,159,687,None,Move,development
1574507267.202,188,710,None,Move,development
1574507267.211,224,731,None,Move,development
1574507267.219,255,747,None,Move,development
1574507267.226,289,758,None,Move,development
1574507267.2610002,401,787,None,Move,development
1574507267.27,421,787,None,Move,development
1574507267.2770002,437,787,None,Move,development
1574507267.286,453,785,None,Move,development
1574507267.294,466,782,None,Move,development
1574507267.302,481,773,None,Move,development
1574507267.309,494,765,None,Move,development
1574507267.3170002,507,756,None,Move,development
1574507267.324,518,743,None,Move,development
1574507267.337,535,722,None,Move,development
1574507267.346,549,704,None,Move,development
1574507267.353,563,681,None,Move,development
1574507267.359,584,648,None,Move,development
1574507267.3660002,597,618,None,Move,development
1574507267.373,602,594,None,Move,development
1574507267.379,604,576,None,Move,development
1574507267.387,604,562,None,Move,development
1574507267.395,600,543,None,Move,development
1574507267.403,589,522,None,Move,development
1574507267.41,576,501,None,Move,development
1574507267.419,549,474,None,Move,development
1574507267.427,526,451,None,Move,development
1574507267.435,484,417,None,Move,development
1574507267.4429998,433,375,None,Move,development
1574507267.451,380,336,None,Move,development
1574507267.459,323,299,None,Move,development
1574507267.467,251,257,None,Move,development
1574507267.475,211,231,None,Move,development
1574507267.482,159,204,None,Move,development
1574507267.4910002,116,184,None,Move,development
1574507267.4989998,90,172,None,Move,development
1574507267.506,71,163,None,Move,development
1574507267.514,56,155,None,Move,development
1574507267.522,44,149,None,Move,development
1574507267.531,35,143,None,Move,development
1574507267.538,26,138,None,Move,development
1574507267.546,19,134,None,Move,development
1574507267.554,14,132,None,Move,development
1574507267.562,9,131,None,Move,development
1574507267.57,7,131,None,Move,development
1574507267.5779998,5,131,None,Move,development
1574507267.586,3,130,None,Move,development
1574507267.594,2,130,None,Move,development
1574507267.603,2,130,None,Move,development
1574507267.611,1,130,None,Move,development
1574507267.619,0,130,None,Move,development
1574507267.627,-1,130,None,Move,development
1574507267.635,-2,130,None,Move,development
1574507267.695,-2,132,None,Move,development
1574507267.711,-1,138,None,Move,development
1574507267.728,8,155,None,Move,development
1574507267.7389998,14,164,None,Move,development
1574507267.746,19,171,None,Move,development
1574507267.754,26,178,None,Move,development
1574507267.762,28,182,None,Move,development
1574507267.771,32,185,None,Move,development
1574507267.779,34,189,None,Move,development
1574507267.7870002,35,189,None,Move,development
1574507267.795,37,190,None,Move,development
1574507267.924,37,190,Left,Pressed,development
1574507267.986,37,190,Left,Released,development
1574507270.895,41,192,None,Move,development
1574507270.911,53,192,None,Move,development
1574507270.9220002,59,192,None,Move,development
1574507270.93,68,194,None,Move,development
1574507270.938,80,198,None,Move,development
1574507270.948,87,199,None,Move,development
1574507270.956,101,204,None,Move,development
1574507270.9629998,110,207,None,Move,development
1574507270.971,121,211,None,Move,development
1574507270.979,131,214,None,Move,development
1574507270.9870002,140,216,None,Move,development
1574507270.994,146,217,None,Move,development
1574507271.0029998,154,217,None,Move,development
1574507271.0110002,157,216,None,Move,development
1574507271.02,159,211,None,Move,development
1574507271.0270002,161,208,None,Move,development
1574507271.034,166,205,None,Move,development
1574507271.042,168,204,None,Move,development
1574507271.2589998,169,206,None,Move,development
1574507271.281,175,232,None,Move,development
1574507271.291,179,240,None,Move,development
1574507271.299,181,247,None,Move,development
1574507271.306,183,252,None,Move,development
1574507271.313,183,253,None,Move,development
1574507271.323,183,252,None,Move,development
1574507271.331,183,251,None,Move,development
1574507271.339,183,250,None,Move,development
1574507271.347,183,249,None,Move,development
1574507271.355,183,248,None,Move,development
1574507271.363,183,247,None,Move,development
1574507271.371,183,246,None,Move,development
1574507271.3779998,183,244,None,Move,development
1574507271.3860002,183,241,None,Move,development
1574507271.394,183,239,None,Move,development
1574507271.404,184,234,None,Move,development
1574507271.4120002,186,229,None,Move,development
1574507271.42,187,226,None,Move,development
1574507271.427,188,223,None,Move,development
1574507271.435,188,218,None,Move,development
1574507271.4429998,189,216,None,Move,development
1574507271.451,191,213,None,Move,development
1574507271.46,191,211,None,Move,development
1574507271.467,192,206,None,Move,development
1574507271.475,193,203,None,Move,development
1574507271.4829998,194,200,None,Move,development
1574507271.4910002,195,198,None,Move,development
1574507271.498,197,196,None,Move,development
1574507271.5070002,197,193,None,Move,development
1574507271.515,197,192,None,Move,development
1574507271.5229998,197,191,None,Move,development
1574507271.531,197,190,None,Move,development
1574507271.571,197,189,None,Move,development
1574507271.579,197,188,None,Move,development
1574507271.587,197,186,None,Move,development
1574507271.596,197,186,None,Move,development
1574507271.603,196,182,None,Move,development
1574507271.611,194,178,None,Move,development
1574507271.619,193,172,None,Move,development
1574507271.627,192,167,None,Move,development
1574507271.635,190,155,None,Move,development
1574507271.643,189,135,None,Move,development
1574507271.651,189,117,None,Move,development
1574507271.658,192,83,None,Move,development
1574507271.666,199,32,None,Move,development
1574507271.674,211,-36,None,Move,development
1574507271.6820002,229,-84,None,Move,development
1574507271.691,250,-88,None,Move,development
1574507271.699,272,-93,None,Move,development
1574507271.708,296,-81,None,Move,development
1574507271.714,319,-78,None,Move,development
1574507271.722,340,-69,None,Move,development
1574507271.73,356,-60,None,Move,development
1574507271.7389998,372,-53,None,Move,development
1574507271.748,383,-30,None,Move,development
1574507271.755,391,-29,None,Move,development
1574507271.7629998,397,-16,None,Move,development
1574507271.771,400,-9,None,Move,development
1574507271.778,405,-7,None,Move,development
1574507271.7870002,406,-2,None,Move,development
1574507271.843,406,-1,None,Move,development
1574507271.851,406,-2,None,Move,development
1574507271.86,405,-3,None,Move,development
1574507271.867,402,-8,None,Move,development
1574507271.875,399,-12,None,Move,development
1574507271.883,397,-11,None,Move,development
1574507271.8920002,397,-3,None,Move,development
1574507272.1160002,394,13,None,Move,development
1574507272.123,393,26,None,Move,development
1574507272.131,390,38,None,Move,development
1574507272.1379998,388,47,None,Move,development
1574507272.145,386,53,None,Move,development
1574507272.158,384,58,None,Move,development
1574507272.173,384,59,None,Move,development
1574507272.189,384,61,None,Move,development
1574507272.205,384,59,None,Move,development
1574507272.22,385,48,None,Move,development
1574507272.236,388,37,None,Move,development
1574507272.2510002,399,8,None,Move,development
1574507272.258,404,-6,None,Move,development
1574507272.2729998,423,-30,None,Move,development
1574507272.289,451,-45,None,Move,development
1574507272.305,482,-68,None,Move,development
1574507272.321,508,-87,None,Move,development
1574507272.336,540,-69,None,Move,development
1574507272.3520002,577,-46,None,Move,development
1574507272.3579998,592,-28,None,Move,development
1574507272.3739998,621,-28,None,Move,development
1574507272.396,636,-15,None,Move,development
1574507272.403,641,-13,None,Move,development
1574507272.405,646,-12,None,Move,development
1574507272.421,655,-9,None,Move,development
1574507272.436,658,-10,None,Move,development
1574507272.452,663,-12,None,Move,development
1574507272.458,665,-5,None,Move,development
1574507272.474,667,-2,None,Move,development
1574507272.4910002,668,-1,None,Move,development
1574507272.5070002,668,-1,None,Move,development
1574507272.516,670,-2,None,Move,development
1574507272.5229998,674,-2,None,Move,development
1574507272.524,679,-4,None,Move,development
1574507272.54,697,-5,None,Move,development
1574507272.5579998,711,-4,None,Move,development
1574507272.574,741,0,None,Move,development
1574507272.589,783,32,None,Move,development
1574507272.597,807,65,None,Move,development
1574507272.603,846,115,None,Move,development
1574507272.621,934,301,None,Move,development
1574507272.6279998,976,408,None,Move,development
1574507272.635,1012,518,None,Move,development
1574507272.6420002,1043,615,None,Move,development
1574507272.65,1065,720,None,Move,development
1574507272.67,1120,933,None,Move,development
1574507272.677,1137,1014,None,Move,development
1574507272.685,1146,1077,None,Move,development
1574507272.6920002,1148,1118,None,Move,development
1574507272.698,1148,1128,None,Move,development
1574507272.706,1137,1120,None,Move,development
1574507272.715,1113,1112,None,Move,development
1574507272.724,1083,1117,None,Move,development
1574507272.731,1046,1107,None,Move,development
1574507272.7389998,1010,1100,None,Move,development
1574507272.748,955,1104,None,Move,development
1574507272.755,899,1092,None,Move,development
1574507272.7629998,831,1090,None,Move,development
1574507272.772,753,1082,None,Move,development
1574507272.78,676,1079,None,Move,development
1574507272.7870002,603,1079,None,Move,development
1574507272.795,521,1077,None,Move,development
1574507272.804,435,1068,None,Move,development
1574507272.81,344,1059,None,Move,development
1574507272.8179998,245,1050,None,Move,development
1574507272.827,158,1041,None,Move,development
1574507272.835,28,1031,None,Move,development
1574507272.843,-91,1025,None,Move,development
1574507272.8520002,-174,1023,None,Move,development
1574507272.859,-264,1021,None,Move,development
1574507272.8660002,-353,1021,None,Move,development
1574507272.8739998,-431,1021,None,Move,development
1574507272.8820002,-520,1022,None,Move,development
1574507272.8920002,-615,1026,None,Move,development
1574507272.9,-713,1028,None,Move,development
1574507272.908,-791,1031,None,Move,development
1574507272.916,-862,1027,None,Move,development
1574507272.924,-920,1021,None,Move,development
1574507272.93,-987,1009,None,Move,development
1574507272.938,-1049,992,None,Move,development
1574507272.945,-1111,974,None,Move,development
1574507272.96,-1231,928,None,Move,development
1574507272.976,-1318,883,None,Move,development
1574507273.292,-1342,872,None,Move,development
1574507273.3079998,-1343,870,None,Move,development
1574507273.323,-1346,859,None,Move,development
1574507273.34,-1348,851,None,Move,development
1574507273.356,-1358,819,None,Move,development
1574507273.361,-1365,799,None,Move,development
1574507273.379,-1370,760,None,Move,development
1574507273.387,-1370,739,None,Move,development
1574507273.395,-1370,724,None,Move,development
1574507273.404,-1365,704,None,Move,development
1574507273.406,-1353,676,None,Move,development
1574507273.4220002,-1323,630,None,Move,development
1574507273.437,-1287,585,None,Move,development
1574507273.4529998,-1240,538,None,Move,development
1574507273.461,-1207,508,None,Move,development
1574507273.484,-1142,467,None,Move,development
1574507273.492,-1113,452,None,Move,development
1574507273.4989998,-1079,435,None,Move,development
1574507273.5070002,-1045,421,None,Move,development
1574507273.516,-1015,409,None,Move,development
1574507273.524,-979,395,None,Move,development
1574507273.531,-961,387,None,Move,development
1574507273.536,-940,376,None,Move,development
1574507273.552,-919,366,None,Move,development
1574507273.561,-913,363,None,Move,development
1574507273.577,-910,361,None,Move,development
1574507273.655,-909,360,Left,Pressed,development
1574507273.721,-909,360,Left,Released,office
1574507287.393,-907,360,None,Move,office
1574507287.409,-853,368,None,Move,office
1574507287.582,-852,368,None,Move,office
1574507287.597,-850,368,None,Move,office
1574507287.613,-849,368,None,Move,office
1574507287.666,-850,368,None,Move,office
1574507287.6820002,-856,369,None,Move,office
1574507287.697,-863,371,None,Move,office
1574507287.7129998,-872,375,None,Move,office
1574507287.729,-879,379,None,Move,office
1574507287.748,-884,382,None,Move,office
1574507287.7610002,-888,384,None,Move,office
1574507287.7670002,-891,385,None,Move,office
1574507287.782,-894,388,None,Move,office
1574507287.798,-896,389,None,Move,office
1574507288.516,-894,387,None,Move,office
1574507288.531,-890,383,None,Move,office
1574507288.5470002,-887,380,None,Move,office
1574507288.562,-881,377,None,Move,office
1574507288.569,-880,376,None,Move,office
1574507288.585,-879,376,None,Move,office
1574507290.7729998,-875,372,None,Move,office
1574507290.779,-874,372,None,Move,office
1574507290.795,-872,371,None,Move,office
1574507290.811,-871,371,None,Move,office
1574507290.827,-871,371,None,Move,office
1574507290.924,-870,370,None,Move,office
1574507291.081,-869,370,None,Move,office
1574507291.103,-868,369,None,Move,office
1574507291.1179998,-865,368,None,Move,office
1574507291.135,-862,366,None,Move,office
1574507291.151,-861,366,None,Move,office
1574507291.167,-860,365,None,Move,office
1574507291.1829998,-859,365,None,Move,office
1574507291.206,-858,365,None,Move,office
1574507291.224,-858,365,None,Move,office
1574507291.78,-857,365,None,Move,office
1574507291.795,-857,361,None,Move,office
1574507291.811,-856,358,None,Move,office
1574507291.8170002,-856,356,None,Move,office
1574507291.833,-855,354,None,Move,office
1574507291.8479998,-855,353,None,Move,office
1574507295.381,-854,351,None,Move,office
1574507295.396,-853,351,None,Move,office
1574507295.4120002,-851,348,None,Move,office
1574507295.427,-848,345,None,Move,office
1574507295.4429998,-846,342,None,Move,office
1574507295.459,-845,341,None,Move,office
1574507295.465,-844,339,None,Move,office
1574507295.481,-840,332,None,Move,office
1574507295.496,-839,330,None,Move,office
1574507295.512,-837,328,None,Move,office
1574507295.565,-837,329,None,Move,office
1574507295.581,-839,337,None,Move,office
1574507295.596,-843,348,None,Move,office
1574507295.617,-849,358,None,Move,office
1574507295.633,-863,373,None,Move,office
1574507295.6479998,-874,384,None,Move,office
1574507295.665,-890,395,None,Move,office
1574507295.681,-899,400,None,Move,office
1574507295.697,-913,405,None,Move,office
1574507295.712,-940,413,None,Move,office
1574507295.728,-948,413,None,Move,office
1574507295.7429998,-955,414,None,Move,office
1574507295.7589998,-957,414,None,Move,office
1574507295.766,-958,414,None,Move,office
1574507295.813,-958,413,None,Move,office
1574507295.829,-958,410,None,Move,office
1574507295.844,-958,404,None,Move,office
1574507295.86,-958,398,None,Move,office
1574507295.865,-958,395,None,Move,office
1574507295.881,-958,391,None,Move,office
1574507295.913,-958,389,None,Move,office
1574507297.677,-957,389,None,Move,office
1574507297.6920002,-954,389,None,Move,office
1574507297.708,-950,389,None,Move,office
1574507297.724,-946,389,None,Move,office
1574507297.7389998,-941,389,None,Move,office
1574507297.755,-941,391,None,Move,office
1574507297.771,-940,392,None,Move,office
1574507297.7770002,-938,393,None,Move,office
1574507297.792,-936,394,None,Move,office
1574507297.8079998,-935,395,None,Move,office
1574507297.824,-934,396,None,Move,office
1574507297.839,-933,396,None,Move,office
1574507297.893,-933,397,None,Move,office
1574507297.9420002,-932,397,None,Move,office
1574507297.9970002,-932,398,None,Move,office
1574507298.029,-932,398,None,Move,office
1574507302.883,-932,399,None,Move,office
1574507302.899,-929,401,None,Move,office
1574507302.914,-923,407,None,Move,office
1574507302.93,-921,409,None,Move,office
1574507302.945,-917,412,None,Move,office
1574507302.961,-912,417,None,Move,office
1574507302.968,-910,418,None,Move,office
1574507302.9829998,-908,420,None,Move,office
1574507302.9989998,-905,422,None,Move,office
1574507303.015,-903,424,None,Move,office
1574507303.03,-902,424,None,Move,office
1574507303.046,-901,425,None,Move,office
1574507303.0670002,-901,426,None,Move,office
1574507368.5670002,-906,439,None,Move,office
1574507368.569,-1028,754,None,Move,office
1574507368.585,-1077,1145,None,Move,office
1574507368.6,-1097,1145,None,Move,office
1574507368.6160002,-1120,1159,None,Move,office
1574507368.6320002,-1141,1148,None,Move,office
1574507368.647,-1153,1137,None,Move,office
1574507368.663,-1175,1130,None,Move,office
1574507368.67,-1189,1130,None,Move,office
1574507368.685,-1217,1107,None,Move,office
1574507368.701,-1249,1113,None,Move,office
1574507368.732,-1284,1111,None,Move,office
1574507368.748,-1302,1101,None,Move,office
1574507368.7629998,-1319,1086,None,Move,office
1574507368.77,-1327,1089,None,Move,office
1574507368.786,-1342,1089,None,Move,office
1574507368.801,-1354,1087,None,Move,office
1574507368.8170002,-1364,1086,None,Move,office
1574507368.832,-1370,1086,None,Move,office
1574507368.8479998,-1375,1087,None,Move,office
1574507368.8639998,-1377,1088,None,Move,office
1574507368.87,-1378,1088,None,Move,office
1574507368.8860002,-1379,1089,None,Move,office
1574507368.9020002,-1383,1089,None,Move,office
1574507368.917,-1387,1089,None,Move,office
1574507368.9329998,-1392,1090,None,Move,office
1574507368.948,-1401,1091,None,Move,office
1574507368.971,-1413,1087,None,Move,office
1574507368.986,-1427,1088,None,Move,office
1574507369.002,-1453,1089,None,Move,office
1574507369.0170002,-1480,1086,None,Move,office
1574507369.033,-1518,1086,None,Move,office
1574507369.049,-1542,1080,None,Move,office
1574507369.064,-1560,1079,None,Move,office
1574507369.071,-1565,1077,None,Move,office
1574507369.086,-1572,1062,None,Move,office
1574507369.1020002,-1579,1052,None,Move,office
1574507369.385,-1580,1051,None,Move,office
1574507369.401,-1586,1049,None,Move,office
1574507369.417,-1602,1037,None,Move,office
1574507369.4320002,-1622,1022,None,Move,office
1574507369.448,-1637,1007,None,Move,office
1574507369.464,-1648,989,None,Move,office
1574507369.479,-1649,970,None,Move,office
1574507369.486,-1644,960,None,Move,office
1574507369.5010002,-1622,936,None,Move,office
1574507369.5170002,-1567,899,None,Move,office
1574507369.533,-1476,845,None,Move,office
1574507369.548,-1344,783,None,Move,office
1574507369.564,-1186,722,None,Move,office
1574507369.586,-995,677,None,Move,office
1574507369.6020002,-782,645,None,Move,office
1574507369.617,-545,625,None,Move,office
1574507369.633,-320,611,None,Move,office
1574507369.649,-74,597,None,Move,office
1574507369.664,170,587,None,Move,office
1574507369.674,280,578,None,Move,office
1574507369.6829998,403,568,None,Move,office
1574507369.691,514,559,None,Move,office
1574507369.699,620,549,None,Move,office
1574507369.708,706,546,None,Move,office
1574507369.715,783,546,None,Move,office
1574507369.724,840,546,None,Move,office
1574507369.73,915,551,None,Move,office
1574507369.7389998,982,559,None,Move,office
1574507369.7470002,1046,573,None,Move,office
1574507369.755,1122,588,None,Move,office
1574507369.7629998,1181,599,None,Move,office
1574507369.771,1228,606,None,Move,office
1574507369.7770002,1289,620,None,Move,office
1574507369.786,1337,630,None,Move,office
1574507369.795,1379,647,None,Move,office
1574507369.803,1414,664,None,Move,office
1574507369.811,1447,690,None,Move,office
1574507369.819,1463,711,None,Move,office
1574507369.827,1470,736,None,Move,office
1574507369.833,1477,768,None,Move,office
1574507369.842,1477,805,None,Move,office
1574507369.851,1475,858,None,Move,office
1574507369.859,1468,902,None,Move,office
1574507369.867,1459,976,None,Move,office
1574507369.875,1454,1039,None,Move,office
1574507369.8979998,1443,1091,None,Move,office
1574507369.905,1423,1174,None,Move,office
1574507369.911,1414,1102,None,Move,office
1574507369.917,1395,1104,None,Move,office
1574507369.924,1372,1099,None,Move,office
1574507369.931,1327,1111,None,Move,office
1574507369.94,1280,1106,None,Move,office
1574507369.946,1215,1117,None,Move,office
1574507369.955,1160,1106,None,Move,office
1574507369.962,1089,1115,None,Move,office
1574507369.971,1014,1112,None,Move,office
1574507369.979,948,1105,None,Move,office
1574507369.986,870,1103,None,Move,office
1574507369.995,811,1090,None,Move,office
1574507370.0029998,765,1081,None,Move,office
1574507370.0110002,712,1079,None,Move,office
1574507370.018,655,1079,None,Move,office
1574507370.0270002,609,1078,None,Move,office
1574507370.035,562,1070,None,Move,office
1574507370.043,519,1063,None,Move,office
1574507370.051,499,1058,None,Move,office
1574507370.059,482,1055,None,Move,office
1574507370.066,472,1048,None,Move,office
1574507370.074,465,1046,None,Move,office
1574507370.083,461,1042,None,Move,office
1574507370.091,457,1037,None,Move,office
1574507370.106,455,1034,None,Move,office
1574507370.115,454,1027,None,Move,office
1574507370.117,452,1024,None,Move,office
1574507370.164,448,1007,None,Move,office
1574507370.175,449,1005,None,Move,office
1574507370.1829998,453,1001,None,Move,office
1574507370.189,460,996,None,Move,office
1574507370.196,469,988,None,Move,office
1574507370.2029998,478,980,None,Move,office
1574507370.211,491,969,None,Move,office
1574507370.219,499,958,None,Move,office
1574507370.2270002,507,945,None,Move,office
1574507370.234,509,935,None,Move,office
1574507370.242,509,919,None,Move,office
1574507370.2510002,507,900,None,Move,office
1574507370.2589998,498,884,None,Move,office
1574507370.2670002,485,859,None,Move,office
1574507370.2770002,472,838,None,Move,office
1574507370.286,455,814,None,Move,office
1574507370.294,436,789,None,Move,office
1574507370.301,419,760,None,Move,office
1574507370.3079998,396,727,None,Move,office
1574507370.315,376,688,None,Move,office
1574507370.323,352,641,None,Move,office
1574507370.331,328,590,None,Move,office
1574507370.339,304,535,None,Move,office
1574507370.347,278,473,None,Move,office
1574507370.354,246,406,None,Move,office
1574507370.363,211,338,None,Move,office
1574507370.371,168,262,None,Move,office
1574507370.379,130,194,None,Move,office
1574507370.387,88,122,None,Move,office
1574507370.395,45,50,None,Move,office
1574507370.4020002,4,-19,None,Move,office
1574507370.41,-42,-72,None,Move,office
1574507370.418,-44,-69,None,Move,office
1574507370.427,-44,-58,None,Move,office
1574507370.435,-56,-59,None,Move,office
1574507370.4429998,-77,-56,None,Move,office
1574507370.451,-79,-36,None,Move,office
1574507370.459,-86,-28,None,Move,office
1574507370.466,-95,-15,None,Move,office
1574507370.474,-79,-6,None,Move,office
1574507370.4829998,-93,0,None,Move,office
1574507370.4910002,-98,2,None,Move,office
1574507370.4989998,-88,21,None,Move,office
1574507370.5070002,-128,30,None,Move,office
1574507370.516,-159,43,None,Move,office
1574507370.5229998,-180,56,None,Move,office
1574507370.533,-197,67,None,Move,office
1574507370.541,-209,76,None,Move,office
1574507370.548,-217,85,None,Move,office
1574507370.556,-225,92,None,Move,office
1574507370.563,-232,100,None,Move,office
1574507370.57,-239,105,None,Move,office
1574507370.577,-245,111,None,Move,office
1574507370.585,-250,116,None,Move,office
1574507370.595,-255,120,None,Move,office
1574507370.603,-258,125,None,Move,office
1574507370.611,-261,128,None,Move,office
1574507370.619,-263,130,None,Move,office
1574507370.627,-264,132,None,Move,office
1574507370.635,-265,133,None,Move,office
1574507370.643,-266,134,None,Move,office
1574507370.651,-267,134,None,Move,office
1574507370.659,-268,135,None,Move,office
1574507370.667,-270,136,None,Move,office
1574507370.675,-272,137,None,Move,office
1574507370.6829998,-274,138,None,Move,office
1574507370.691,-276,140,None,Move,office
1574507370.698,-276,140,None,Move,office
1574507370.707,-278,140,None,Move,office
1574507370.724,-278,140,None,Move,office
1574507370.732,-279,140,None,Move,office
1574507370.7389998,-280,140,None,Move,office
1574507370.748,-282,140,None,Move,office
1574507370.754,-286,140,None,Move,office
1574507370.7629998,-292,140,None,Move,office
1574507370.765,-300,140,None,Move,office
1574507370.781,-328,145,None,Move,office
1574507370.791,-350,151,None,Move,office
1574507370.806,-395,167,None,Move,office
1574507370.822,-450,187,None,Move,office
1574507370.837,-478,197,None,Move,office
1574507370.853,-537,214,None,Move,office
1574507370.869,-604,227,None,Move,office
1574507370.891,-748,256,None,Move,office
1574507370.907,-841,289,None,Move,office
1574507370.9220002,-931,334,None,Move,office
1574507370.938,-1000,376,None,Move,office
1574507370.954,-1052,413,None,Move,office
1574507370.969,-1113,458,None,Move,office
1574507370.985,-1185,515,None,Move,office
1574507370.9910002,-1226,548,None,Move,office
1574507371.0070002,-1322,626,None,Move,office
1574507371.0229998,-1400,694,None,Move,office
1574507371.038,-1462,747,None,Move,office
1574507371.054,-1514,795,None,Move,office
1574507371.07,-1563,839,None,Move,office
1574507371.085,-1604,879,None,Move,office
1574507371.092,-1630,903,None,Move,office
1574507371.107,-1656,929,None,Move,office
1574507371.123,-1709,982,None,Move,office
1574507371.139,-1732,1013,None,Move,office
1574507371.14,-1742,1031,None,Move,office
1574507371.156,-1754,1057,None,Move,office
1574507371.171,-1764,1077,None,Move,office
1574507371.187,-1769,1084,None,Move,office
1574507371.1920002,-1776,1088,None,Move,office
1574507371.207,-1786,1083,None,Move,office
1574507371.2229998,-1795,1079,None,Move,office
1574507371.238,-1800,1071,None,Move,office
1574507371.254,-1796,1051,None,Move,office
1574507371.27,-1772,1015,None,Move,office
1574507371.439,-1762,1005,None,Move,office
1574507371.455,-1747,1005,None,Move,office
1574507371.47,-1688,1000,None,Move,office
1574507371.486,-1660,987,None,Move,office
1574507371.4929998,-1649,983,None,Move,office
1574507371.508,-1631,976,None,Move,office
1574507371.524,-1613,971,None,Move,office
1574507371.54,-1599,966,None,Move,office
1574507371.555,-1588,964,None,Move,office
1574507371.571,-1582,963,None,Move,office
1574507371.587,-1574,962,None,Move,office
1574507371.593,-1571,962,None,Move,office
1574507371.6079998,-1570,962,None,Move,office
1574507371.6239998,-1568,962,None,Move,office
1574507371.64,-1568,962,None,Move,office
1574507371.656,-1567,962,None,Move,office
1574507371.671,-1566,962,None,Move,office
1574507371.688,-1565,964,None,Move,office
1574507371.6929998,-1564,965,None,Move,office
1574507371.708,-1563,970,None,Move,office
1574507371.724,-1562,976,None,Move,office
1574507371.74,-1562,981,None,Move,office
1574507371.755,-1562,985,None,Move,office
1574507371.771,-1563,991,None,Move,office
1574507371.7870002,-1563,994,None,Move,office
1574507371.793,-1563,995,None,Move,office
1574507371.809,-1564,996,None,Move,office
1574507371.841,-1564,997,None,Move,office
1574507371.94,-1564,997,None,Move,office
1574507371.956,-1564,996,None,Move,office
1574507371.971,-1565,996,None,Move,office
1574507371.9929998,-1566,995,None,Move,office
1574507372.0089998,-1568,993,None,Move,office
1574507372.025,-1573,990,None,Move,office
1574507372.041,-1580,990,None,Move,office
1574507372.0570002,-1586,989,None,Move,office
1574507372.072,-1589,989,None,Move,office
1574507372.0879998,-1594,990,None,Move,office
1574507372.093,-1595,991,None,Move,office
1574507372.109,-1603,993,None,Move,office
1574507372.125,-1610,997,None,Move,office
1574507372.14,-1621,1001,None,Move,office
1574507372.156,-1628,1006,None,Move,office
1574507372.1720002,-1632,1009,None,Move,office
1574507372.194,-1638,1013,None,Move,office
1574507372.21,-1643,1017,None,Move,office
1574507372.225,-1651,1022,None,Move,office
1574507372.2410002,-1661,1026,None,Move,office
1574507372.2570002,-1673,1031,None,Move,office
1574507372.2729998,-1682,1036,None,Move,office
1574507372.292,-1694,1040,None,Move,office
1574507372.294,-1698,1042,None,Move,office
1574507372.31,-1708,1044,None,Move,office
1574507372.332,-1715,1048,None,Move,office
1574507372.3379998,-1717,1048,None,Move,office
1574507372.353,-1722,1051,None,Move,office
1574507372.369,-1725,1054,None,Move,office
1574507372.385,-1728,1057,None,Move,office
1574507372.394,-1730,1058,None,Move,office
1574507372.41,-1731,1060,None,Move,office
1574507372.425,-1733,1062,None,Move,office
1574507372.441,-1736,1064,None,Move,office
1574507372.457,-1737,1066,None,Move,office
1574507372.472,-1738,1067,None,Move,office
1574507372.488,-1740,1069,None,Move,office
1574507372.495,-1741,1069,None,Move,office
1574507372.51,-1743,1069,None,Move,office
1574507372.526,-1745,1069,None,Move,office
1574507372.583,-1746,1069,None,Move,office
1574507372.6260002,-1746,1069,None,Move,office
1574507372.6420002,-1746,1068,None,Move,office
1574507372.657,-1746,1068,None,Move,office
1574507372.677,-1746,1067,None,Move,office
1574507372.691,-1746,1067,None,Move,office
1574507372.695,-1746,1066,None,Move,office
1574507372.711,-1746,1066,None,Move,office
1574507372.7270002,-1746,1063,None,Move,office
1574507372.827,-1746,1063,Left,Pressed,office
1574507372.8920002,-1746,1063,Left,Released,office
1574507372.99,-1746,1063,None,Move,file system
1574507372.996,-1746,1063,None,Move,file system
1574507373.012,-1740,1060,None,Move,file system
1574507373.0270002,-1732,1053,None,Move,file system
1574507373.043,-1723,1047,None,Move,file system
1574507373.059,-1691,1023,None,Move,file system
1574507373.074,-1626,967,None,Move,file system
1574507373.09,-1534,881,None,Move,file system
1574507373.096,-1476,832,None,Move,file system
1574507373.1120002,-1370,728,None,Move,file system
1574507373.1279998,-1282,619,None,Move,file system
1574507373.145,-1221,544,None,Move,file system
1574507373.16,-1202,521,None,Move,file system
1574507373.176,-1197,517,None,Move,file system
1574507374.691,-1204,521,None,Move,browsing
1574507374.699,-1209,526,None,Move,browsing
1574507374.707,-1211,529,None,Move,browsing
1574507374.715,-1211,532,None,Move,browsing
1574507374.7229998,-1211,533,None,Move,browsing
1574507374.893,-1209,533,None,Move,browsing
1574507374.9120002,-1191,533,None,Move,browsing
1574507374.925,-1173,533,None,Move,browsing
1574507374.9320002,-1113,542,None,Move,browsing
1574507374.94,-1072,555,None,Move,browsing
1574507374.947,-1012,575,None,Move,browsing
1574507374.955,-955,594,None,Move,browsing
1574507374.9629998,-890,617,None,Move,browsing
1574507374.972,-824,642,None,Move,browsing
1574507374.98,-724,683,None,Move,browsing
1574507374.9870002,-631,724,None,Move,browsing
1574507374.995,-527,773,None,Move,browsing
1574507375.0029998,-420,824,None,Move,browsing
1574507375.0110002,-311,884,None,Move,browsing
1574507375.019,-222,937,None,Move,browsing
1574507375.028,-131,994,None,Move,browsing
1574507375.036,-45,1050,None,Move,browsing
1574507375.044,21,1098,None,Move,browsing
1574507375.051,51,1123,None,Move,browsing
1574507375.059,38,1114,None,Move,browsing
1574507375.076,17,1100,None,Move,browsing
1574507375.085,10,1095,None,Move,browsing
1574507375.09,6,1092,None,Move,browsing
1574507375.101,-1,1084,None,Move,browsing
1574507375.123,-1,1084,None,Move,browsing
1574507375.13,-3,1083,None,Move,browsing
1574507375.14,-5,1081,None,Move,browsing
1574507375.1479998,-7,1080,None,Move,browsing
1574507375.1520002,-10,1079,None,Move,browsing
1574507375.17,-22,1072,None,Move,browsing
1574507375.179,-32,1063,None,Move,browsing
1574507375.187,-47,1050,None,Move,browsing
1574507375.196,-68,1031,None,Move,browsing
1574507375.204,-98,1008,None,Move,browsing
1574507375.212,-120,992,None,Move,browsing
1574507375.219,-150,971,None,Move,browsing
1574507375.2270002,-180,952,None,Move,browsing
1574507375.234,-210,932,None,Move,browsing
1574507375.2429998,-235,914,None,Move,browsing
1574507375.252,-262,893,None,Move,browsing
1574507375.26,-266,892,None,Move,browsing
1574507375.268,-291,886,None,Move,browsing
1574507375.275,-311,885,None,Move,browsing
1574507375.284,-331,883,None,Move,browsing
1574507375.291,-348,884,None,Move,browsing
1574507375.299,-360,887,None,Move,browsing
1574507375.3070002,-371,888,None,Move,browsing
1574507375.316,-379,886,None,Move,browsing
1574507375.324,-388,882,None,Move,browsing
1574507375.332,-397,878,None,Move,browsing
1574507375.339,-409,877,None,Move,browsing
1574507375.3479998,-422,875,None,Move,browsing
1574507375.356,-446,875,None,Move,browsing
1574507375.3639998,-474,876,None,Move,browsing
1574507375.3720002,-508,883,None,Move,browsing
1574507375.387,-611,912,None,Move,browsing
1574507375.395,-650,931,None,Move,browsing
1574507375.403,-695,952,None,Move,browsing
1574507375.411,-737,978,None,Move,browsing
1574507375.419,-778,1005,None,Move,browsing
1574507375.428,-816,1029,None,Move,browsing
1574507375.436,-851,1053,None,Move,browsing
1574507375.444,-877,1067,None,Move,browsing
1574507375.452,-907,1084,None,Move,browsing
1574507375.459,-934,1098,None,Move,browsing
1574507375.467,-954,1094,None,Move,browsing
1574507375.475,-968,1091,None,Move,browsing
1574507375.484,-976,1087,None,Move,browsing
1574507375.492,-980,1085,None,Move,browsing
1574507375.5,-982,1085,None,Move,browsing
1574507375.5070002,-982,1082,None,Move,browsing
1574507375.515,-982,1080,None,Move,browsing
1574507375.5229998,-982,1080,None,Move,browsing
1574507375.531,-981,1080,None,Move,browsing
1574507375.54,-981,1080,None,Move,browsing
1574507375.548,-980,1080,None,Move,browsing
1574507375.556,-980,1080,None,Move,browsing
1574507375.563,-979,1079,None,Move,browsing
1574507375.571,-979,1080,None,Move,browsing
1574507375.5779998,-978,1079,None,Move,browsing
1574507375.596,-977,1079,None,Move,browsing
1574507375.611,-976,1080,None,Move,browsing
1574507375.6179998,-973,1079,None,Move,browsing
1574507375.6260002,-969,1079,None,Move,browsing
1574507375.6339998,-962,1077,None,Move,browsing
1574507375.6420002,-950,1073,None,Move,browsing
1574507375.65,-934,1068,None,Move,browsing
1574507375.659,-910,1062,None,Move,browsing
1574507375.667,-878,1055,None,Move,browsing
1574507375.675,-848,1049,None,Move,browsing
1574507375.6820002,-814,1040,None,Move,browsing
1574507375.698,-725,1021,None,Move,browsing
1574507375.702,-674,1009,None,Move,browsing
1574507375.716,-619,1001,None,Move,browsing
1574507375.731,-553,993,None,Move,browsing
1574507375.7389998,-401,981,None,Move,browsing
1574507375.7470002,-339,979,None,Move,browsing
1574507375.755,-277,979,None,Move,browsing
1574507375.7629998,-211,977,None,Move,browsing
1574507375.772,-165,975,None,Move,browsing
1574507375.78,-105,973,None,Move,browsing
1574507375.788,-65,964,None,Move,browsing
1574507375.795,-34,952,None,Move,browsing
1574507375.803,-17,938,None,Move,browsing
1574507375.811,-5,917,None,Move,browsing
1574507375.819,0,900,None,Move,browsing
1574507375.8279998,0,859,None,Move,browsing
1574507375.836,13,814,None,Move,browsing
1574507375.844,27,777,None,Move,browsing
1574507375.851,28,775,None,Move,browsing
1574507376.018,33,780,None,Move,browsing
1574507376.049,65,797,None,Move,browsing
1574507376.074,129,796,None,Move,browsing
1574507376.095,266,791,None,Move,browsing
1574507376.103,303,791,None,Move,browsing
1574507376.12,397,789,None,Move,browsing
1574507376.1260002,444,784,None,Move,browsing
1574507376.1320002,479,779,None,Move,browsing
1574507376.139,503,772,None,Move,browsing
1574507376.147,520,763,None,Move,browsing
1574507376.155,533,755,None,Move,browsing
1574507376.163,544,744,None,Move,browsing
1574507376.1720002,552,729,None,Move,browsing
1574507376.179,559,713,None,Move,browsing
1574507376.188,564,693,None,Move,browsing
1574507376.195,567,674,None,Move,browsing
1574507376.215,571,634,None,Move,browsing
1574507376.221,571,617,None,Move,browsing
1574507376.228,571,597,None,Move,browsing
1574507376.236,571,579,None,Move,browsing
1574507376.244,568,561,None,Move,browsing
1574507376.2510002,565,541,None,Move,browsing
1574507376.2589998,558,520,None,Move,browsing
1574507376.2670002,551,499,None,Move,browsing
1574507376.275,544,477,None,Move,browsing
1574507376.284,537,459,None,Move,browsing
1574507376.292,531,444,None,Move,browsing
1574507376.3,528,430,None,Move,browsing
1574507376.3079998,526,418,None,Move,browsing
1574507376.316,526,410,None,Move,browsing
1574507376.323,527,397,None,Move,browsing
1574507376.331,531,388,None,Move,browsing
1574507376.34,536,378,None,Move,browsing
1574507376.3479998,544,363,None,Move,browsing
1574507376.356,550,350,None,Move,browsing
1574507376.363,555,338,None,Move,browsing
1574507376.371,561,325,None,Move,browsing
1574507376.379,565,311,None,Move,browsing
1574507376.387,567,302,None,Move,browsing
1574507376.396,571,289,None,Move,browsing
1574507376.404,574,277,None,Move,browsing
1574507376.4120002,575,271,None,Move,browsing
1574507376.419,576,262,None,Move,browsing
1574507376.427,579,253,None,Move,browsing
1574507376.435,584,243,None,Move,browsing
1574507376.4429998,589,230,None,Move,browsing
1574507376.452,595,216,None,Move,browsing
1574507376.46,603,197,None,Move,browsing
1574507376.468,612,178,None,Move,browsing
1574507376.476,619,160,None,Move,browsing
1574507376.484,626,139,None,Move,browsing
1574507376.492,633,114,None,Move,browsing
1574507376.5,640,96,None,Move,browsing
1574507376.508,648,79,None,Move,browsing
1574507376.531,657,63,None,Move,browsing
1574507376.538,668,39,None,Move,browsing
1574507376.544,674,28,None,Move,browsing
1574507376.551,678,17,None,Move,browsing
1574507376.5570002,685,7,None,Move,browsing
1574507376.564,687,2,None,Move,browsing
1574507376.572,690,-3,None,Move,browsing
1574507376.579,691,-2,None,Move,browsing
1574507376.5879998,692,-2,None,Move,browsing
1574507376.595,692,-1,None,Move,browsing
1574507376.74,692,1,None,Move,browsing
1574507376.748,692,5,None,Move,browsing
1574507376.756,692,11,None,Move,browsing
1574507376.764,692,17,None,Move,browsing
1574507376.799,691,30,None,Move,browsing
1574507376.8070002,686,55,None,Move,browsing
1574507376.813,686,57,None,Move,browsing
1574507376.9529998,686,57,Left,Pressed,browsing
1574507376.984,685,58,None,Drag,browsing
1574507377.0070002,683,58,None,Drag,browsing
1574507377.028,670,57,None,Drag,browsing
1574507377.036,654,54,None,Drag,browsing
1574507377.044,634,49,None,Drag,browsing
1574507377.06,486,1,None,Drag,browsing
1574507377.076,405,-23,None,Drag,browsing
1574507377.091,240,-14,None,Drag,browsing
1574507377.107,160,-18,None,Drag,browsing
1574507377.1220002,-68,-11,None,Drag,browsing
1574507377.139,-68,-12,None,Drag,browsing
1574507377.155,-59,-8,None,Drag,browsing
1574507377.171,-55,-5,None,Drag,browsing
1574507377.181,-41,-2,None,Drag,browsing
1574507377.2,-48,-7,None,Drag,browsing
1574507377.208,-46,-5,None,Drag,browsing
1574507377.216,-39,-5,None,Drag,browsing
1574507377.2229998,-38,-2,None,Drag,browsing
1574507377.225,-24,-6,None,Drag,browsing
1574507377.24,-36,-9,None,Drag,browsing
1574507377.256,-52,-11,None,Drag,browsing
1574507377.27,-43,-8,None,Drag,browsing
1574507377.286,-46,-5,None,Drag,browsing
1574507377.301,-27,-6,None,Drag,browsing
1574507377.3070002,-72,-14,None,Drag,browsing
1574507377.323,-77,-18,None,Drag,browsing
1574507377.339,-31,-6,None,Drag,browsing
1574507377.3520002,-36,-7,None,Drag,browsing
1574507377.36,-40,-9,None,Drag,browsing
1574507377.3679998,-31,-4,None,Drag,browsing
1574507377.3760002,-59,-8,None,Drag,browsing
1574507377.381,-38,-3,None,Drag,browsing
1574507377.397,-29,0,None,Drag,browsing
1574507377.408,-31,-4,None,Drag,browsing
1574507377.424,-106,-6,None,Drag,browsing
1574507377.439,-33,0,None,Drag,browsing
1574507377.455,-37,0,None,Drag,browsing
1574507377.471,-34,3,None,Drag,browsing
1574507377.484,-35,8,None,Drag,browsing
1574507377.492,-48,9,None,Drag,browsing
1574507377.4989998,-59,9,None,Drag,browsing
1574507377.508,-67,9,None,Drag,browsing
1574507377.515,-75,10,None,Drag,browsing
1574507377.5229998,-84,10,None,Drag,browsing
1574507377.533,-95,11,None,Drag,browsing
1574507377.54,-112,13,None,Drag,browsing
1574507377.548,-125,17,None,Drag,browsing
1574507377.5570002,-137,19,None,Drag,browsing
1574507377.564,-150,24,None,Drag,browsing
1574507377.574,-161,30,None,Drag,browsing
1574507377.587,-169,33,None,Drag,browsing
1574507377.603,-184,44,None,Drag,browsing
1574507377.6120002,-190,47,None,Drag,browsing
1574507377.6220002,-199,54,None,Drag,browsing
1574507377.629,-206,59,None,Drag,browsing
1574507377.645,-221,74,None,Drag,browsing
1574507377.657,-229,81,None,Drag,browsing
1574507377.664,-239,90,None,Drag,browsing
1574507377.673,-247,97,None,Drag,browsing
1574507377.68,-253,104,None,Drag,browsing
1574507377.681,-259,108,None,Drag,browsing
1574507377.697,-263,111,None,Drag,browsing
1574507377.708,-267,113,None,Drag,browsing
1574507377.724,-272,115,None,Drag,browsing
1574507377.74,-285,115,None,Drag,browsing
1574507377.755,-310,115,None,Drag,browsing
1574507377.779,-368,114,None,Drag,browsing
1574507377.7870002,-404,113,None,Drag,browsing
1574507377.794,-437,111,None,Drag,browsing
1574507377.802,-459,110,None,Drag,browsing
1574507377.8070002,-482,108,None,Drag,browsing
1574507377.813,-502,106,None,Drag,browsing
1574507377.82,-519,100,None,Drag,browsing
1574507377.8279998,-539,93,None,Drag,browsing
1574507377.836,-561,86,None,Drag,browsing
1574507377.844,-581,77,None,Drag,browsing
1574507377.851,-611,67,None,Drag,browsing
1574507377.859,-643,53,None,Drag,browsing
1574507377.867,-675,43,None,Drag,browsing
1574507377.8760002,-706,31,None,Drag,browsing
1574507377.8839998,-733,23,None,Drag,browsing
1574507377.8920002,-755,16,None,Drag,browsing
1574507377.9,-775,9,None,Drag,browsing
1574507377.909,-790,3,None,Drag,browsing
1574507377.915,-801,-4,None,Drag,browsing
1574507377.923,-810,-7,None,Drag,browsing
1574507377.9320002,-816,-7,None,Drag,browsing
1574507377.94,-825,-10,None,Drag,browsing
1574507377.948,-833,-11,None,Drag,browsing
1574507377.956,-839,-12,None,Drag,browsing
1574507377.964,-844,-12,None,Drag,browsing
1574507377.98,-855,-11,None,Drag,browsing
1574507377.996,-856,-8,None,Drag,browsing
1574507378.004,-857,-10,None,Drag,browsing
1574507378.012,-857,-5,None,Drag,browsing
1574507378.018,-857,0,Left,Released,browsing
1574507378.0229998,-857,-6,None,Move,browsing
1574507378.029,-857,-3,None,Move,browsing
1574507378.039,-857,-3,None,Move,browsing
1574507378.0470002,-856,-2,None,Move,browsing
1574507378.055,-855,-1,None,Move,browsing
1574507378.062,-855,-1,None,Move,browsing
1574507378.082,-855,-1,None,Move,browsing
1574507378.1160002,-855,0,None,Move,browsing
1574507378.131,-855,0,None,Move,browsing
1574507378.228,-856,0,None,Move,browsing
1574507378.238,-856,3,None,Move,browsing
1574507378.254,-855,22,None,Move,browsing
1574507378.27,-855,32,None,Move,browsing
1574507378.285,-856,35,None,Move,browsing
1574507378.31,-860,43,None,Move,browsing
1574507378.3279998,-865,45,None,Move,browsing
1574507378.334,-866,45,None,Move,browsing
1574507378.336,-867,45,None,Move,browsing
1574507378.3520002,-869,45,None,Move,browsing
1574507378.441,-870,46,None,Move,browsing
1574507378.603,-872,49,None,Move,browsing
1574507378.611,-875,55,None,Move,browsing
1574507378.615,-879,62,None,Move,browsing
1574507378.646,-892,74,None,Move,browsing
1574507378.6620002,-907,86,None,Move,browsing
1574507378.774,-913,87,None,Move,browsing
1574507378.789,-916,81,None,Move,browsing
1574507378.811,-921,68,None,Move,browsing
1574507378.827,-925,57,None,Move,browsing
1574507378.844,-927,48,None,Move,browsing
1574507378.845,-927,47,None,Move,browsing
1574507379.09,-927,57,None,Move,browsing
1574507379.106,-926,114,None,Move,browsing
1574507379.1260002,-933,195,None,Move,browsing
1574507379.1320002,-944,240,None,Move,browsing
1574507379.14,-956,289,None,Move,browsing
1574507379.147,-969,332,None,Move,browsing
1574507379.157,-984,376,None,Move,browsing
1574507379.176,-1013,448,None,Move,browsing
1574507379.1829998,-1025,476,None,Move,browsing
1574507379.19,-1031,493,None,Move,browsing
1574507379.196,-1035,504,None,Move,browsing
1574507379.2029998,-1035,511,None,Move,browsing
1574507379.212,-1036,516,None,Move,browsing
1574507379.22,-1036,518,None,Move,browsing
1574507379.228,-1036,520,None,Move,browsing
1574507379.231,-1036,520,None,Move,browsing
1574507379.252,-1036,522,None,Move,browsing
1574507379.26,-1036,523,None,Move,browsing
1574507379.268,-1036,525,None,Move,browsing
1574507379.2770002,-1036,527,None,Move,browsing
1574507379.284,-1036,530,None,Move,browsing
1574507379.292,-1036,532,None,Move,browsing
1574507379.3,-1036,535,None,Move,browsing
1574507379.3079998,-1036,537,None,Move,browsing
1574507379.316,-1036,538,None,Move,browsing
1574507379.324,-1036,539,None,Move,browsing
1574507379.332,-1036,540,None,Move,browsing
1574507379.339,-1036,541,None,Move,browsing
1574507379.3479998,-1036,542,None,Move,browsing
1574507379.356,-1036,543,None,Move,browsing
1574507379.3639998,-1036,543,None,Move,browsing
1574507379.3720002,-1036,545,None,Move,browsing
1574507379.379,-1036,546,None,Move,browsing
1574507379.3879998,-1036,546,None,Move,browsing
1574507379.396,-1036,547,None,Move,browsing
1574507379.448,-1036,546,None,Move,browsing
1574507379.464,-1036,540,None,Move,browsing
1574507379.484,-1036,536,None,Move,browsing
1574507379.494,-1036,525,None,Move,browsing
1574507379.5029998,-1036,520,None,Move,browsing
1574507379.508,-1036,509,None,Move,browsing
1574507379.5170002,-1036,500,None,Move,browsing
1574507379.524,-1036,491,None,Move,browsing
1574507379.532,-1036,486,None,Move,browsing
1574507379.54,-1036,482,None,Move,browsing
1574507379.548,-1036,479,None,Move,browsing
1574507379.5570002,-1035,477,None,Move,browsing
1574507379.564,-1035,474,None,Move,browsing
1574507379.572,-1034,473,None,Move,browsing
1574507379.589,-1033,472,None,Move,browsing
1574507379.732,-1033,471,None,Move,browsing
1574507379.7470002,-1033,470,None,Move,browsing
1574507379.771,-1032,468,None,Move,browsing
1574507379.78,-1031,466,None,Move,browsing
1574507379.788,-1031,466,None,Move,browsing
1574507379.8279998,-1031,466,Left,Pressed,browsing
1574507379.909,-1031,466,Left,Released,browsing
1574507384.02,-1030,466,None,Move,browsing
1574507384.028,-1026,464,None,Move,browsing
1574507384.04,-1021,462,None,Move,browsing
1574507384.048,-1009,456,None,Move,browsing
1574507384.059,-985,441,None,Move,browsing
1574507384.0679998,-955,422,None,Move,browsing
1574507384.077,-935,407,None,Move,browsing
1574507384.087,-911,371,None,Move,browsing
1574507384.0979998,-903,344,None,Move,browsing
1574507384.109,-902,299,None,Move,browsing
1574507384.117,-897,263,None,Move,browsing
1574507384.1239998,-890,231,None,Move,browsing
1574507384.131,-883,196,None,Move,browsing
1574507384.139,-879,175,None,Move,browsing
1574507384.54,-878,175,None,Move,browsing
1574507384.548,-878,176,None,Move,browsing
1574507384.5570002,-877,177,None,Move,browsing
1574507384.573,-877,179,None,Move,browsing
1574507384.581,-876,185,None,Move,browsing
1574507384.59,-875,187,None,Move,browsing
1574507384.596,-874,189,None,Move,browsing
1574507384.604,-874,190,None,Move,browsing
1574507384.621,-874,191,None,Move,browsing
1574507384.629,-874,191,None,Move,browsing
1574507384.645,-874,192,None,Move,browsing
1574507384.6520002,-874,193,None,Move,browsing
1574507384.66,-874,194,None,Move,browsing
1574507384.668,-874,194,None,Move,browsing
1574507384.677,-874,195,None,Move,browsing
1574507384.685,-874,195,None,Move,browsing
1574507385.337,-873,194,None,Move,browsing
1574507385.3579998,-871,192,None,Move,browsing
1574507385.365,-870,191,None,Move,browsing
1574507385.3720002,-869,191,None,Move,browsing
1574507385.38,-869,190,None,Move,browsing
1574507385.3879998,-868,189,None,Move,browsing
1574507385.397,-867,189,None,Move,browsing
1574507385.405,-865,188,None,Move,browsing
1574507385.413,-864,187,None,Move,browsing
1574507385.421,-863,186,None,Move,browsing
1574507385.428,-861,185,None,Move,browsing
1574507385.436,-859,183,None,Move,browsing
1574507385.444,-858,183,None,Move,browsing
1574507385.4529998,-855,181,None,Move,browsing
1574507385.461,-850,178,None,Move,browsing
1574507385.469,-847,177,None,Move,browsing
1574507385.4770002,-840,175,None,Move,browsing
1574507385.484,-835,175,None,Move,browsing
1574507385.492,-827,172,None,Move,browsing
1574507385.5,-815,171,None,Move,browsing
1574507385.5089998,-803,171,None,Move,browsing
1574507385.5170002,-787,171,None,Move,browsing
1574507385.525,-764,173,None,Move,browsing
1574507385.533,-733,177,None,Move,browsing
1574507385.541,-703,185,None,Move,browsing
1574507385.548,-669,192,None,Move,browsing
1574507385.5570002,-634,199,None,Move,browsing
1574507385.566,-610,205,None,Move,browsing
1574507385.573,-577,215,None,Move,browsing
1574507385.581,-555,221,None,Move,browsing
1574507385.59,-542,224,None,Move,browsing
1574507385.597,-535,227,None,Move,browsing
1574507385.605,-530,229,None,Move,browsing
1574507385.6120002,-530,229,None,Move,browsing
1574507385.621,-529,230,None,Move,browsing
1574507385.664,-529,230,None,Move,browsing
1574507385.679,-529,231,None,Move,browsing
1574507385.695,-529,235,None,Move,browsing
1574507385.717,-531,241,None,Move,browsing
1574507385.724,-535,246,None,Move,browsing
1574507385.732,-537,251,None,Move,browsing
1574507385.7410002,-540,254,None,Move,browsing
1574507385.7489998,-545,259,None,Move,browsing
1574507385.7570002,-552,265,None,Move,browsing
1574507385.765,-558,272,None,Move,browsing
1574507385.772,-564,278,None,Move,browsing
1574507385.779,-571,284,None,Move,browsing
1574507385.7870002,-578,290,None,Move,browsing
1574507385.7970002,-582,294,None,Move,browsing
1574507385.805,-590,299,None,Move,browsing
1574507385.813,-595,306,None,Move,browsing
1574507385.821,-601,308,None,Move,browsing
1574507385.8279998,-605,311,None,Move,browsing
1574507385.836,-610,314,None,Move,browsing
1574507385.844,-612,316,None,Move,browsing
1574507385.853,-615,318,None,Move,browsing
1574507385.861,-617,319,None,Move,browsing
1574507385.869,-618,321,None,Move,browsing
1574507385.877,-620,322,None,Move,browsing
1574507385.885,-620,322,None,Move,browsing
1574507385.936,-621,323,None,Move,browsing
1574507385.957,-621,323,None,Move,browsing
1574507385.965,-622,324,None,Move,browsing
1574507385.9729998,-623,324,None,Move,browsing
1574507385.982,-623,325,None,Move,browsing
1574507385.99,-624,325,None,Move,browsing
1574507385.998,-624,326,None,Move,browsing
1574507386.005,-625,326,None,Move,browsing
1574507386.021,-625,327,None,Move,browsing
1574507386.029,-627,329,None,Move,browsing
1574507386.0370002,-627,329,None,Move,browsing
1574507386.045,-629,329,None,Move,browsing
1574507386.053,-630,330,None,Move,browsing
1574507386.069,-631,331,None,Move,browsing
1574507386.077,-635,333,None,Move,browsing
1574507386.085,-635,334,None,Move,browsing
1574507386.093,-637,334,None,Move,browsing
1574507386.101,-639,336,None,Move,browsing
1574507386.109,-640,336,None,Move,browsing
1574507386.117,-642,337,None,Move,browsing
1574507386.1239998,-643,338,None,Move,browsing
1574507386.133,-645,339,None,Move,browsing
1574507386.141,-648,340,None,Move,browsing
1574507386.149,-650,341,None,Move,browsing
1574507386.156,-652,341,None,Move,browsing
1574507386.164,-655,343,None,Move,browsing
1574507386.1720002,-657,343,None,Move,browsing
1574507386.18,-660,345,None,Move,browsing
1574507386.188,-661,345,None,Move,browsing
1574507386.197,-662,345,None,Move,browsing
1574507386.205,-665,346,None,Move,browsing
1574507386.212,-666,346,None,Move,browsing
1574507386.221,-666,347,None,Move,browsing
1574507386.229,-667,347,None,Move,browsing
1574507386.236,-668,347,None,Move,browsing
1574507386.244,-669,348,None,Move,browsing
1574507386.2529998,-669,348,None,Move,browsing
1574507386.262,-671,348,None,Move,browsing
1574507386.2770002,-671,349,None,Move,browsing
1574507387.946,-674,350,None,Move,browsing
1574507387.957,-679,350,None,Move,browsing
1574507387.965,-686,350,None,Move,browsing
1574507387.9729998,-695,350,None,Move,browsing
1574507387.98,-711,347,None,Move,browsing
1574507387.9889998,-736,344,None,Move,browsing
1574507387.9970002,-776,337,None,Move,browsing
1574507388.005,-818,331,None,Move,browsing
1574507388.0129998,-869,322,None,Move,browsing
1574507388.021,-911,314,None,Move,browsing
1574507388.029,-964,304,None,Move,browsing
1574507388.044,-1018,294,None,Move,browsing
1574507388.055,-1135,270,None,Move,browsing
1574507388.062,-1189,258,None,Move,browsing
1574507388.069,-1229,249,None,Move,browsing
1574507388.077,-1277,236,None,Move,browsing
1574507388.085,-1320,226,None,Move,browsing
1574507388.093,-1360,219,None,Move,browsing
1574507388.101,-1389,212,None,Move,browsing
1574507388.109,-1416,208,None,Move,browsing
1574507388.117,-1429,204,None,Move,browsing
1574507388.125,-1437,203,None,Move,browsing
1574507388.133,-1444,201,None,Move,browsing
1574507388.141,-1449,200,None,Move,browsing
1574507388.149,-1451,200,None,Move,browsing
1574507388.157,-1453,198,None,Move,browsing
1574507388.165,-1455,197,None,Move,browsing
1574507388.173,-1456,197,None,Move,browsing
1574507388.181,-1457,196,None,Move,browsing
1574507388.189,-1459,195,None,Move,browsing
1574507388.198,-1463,194,None,Move,browsing
1574507388.205,-1466,192,None,Move,browsing
1574507388.2129998,-1470,191,None,Move,browsing
1574507388.221,-1476,189,None,Move,browsing
1574507388.228,-1482,187,None,Move,browsing
1574507388.236,-1489,185,None,Move,browsing
1574507388.246,-1495,183,None,Move,browsing
1574507388.2529998,-1502,180,None,Move,browsing
1574507388.2610002,-1507,178,None,Move,browsing
1574507388.269,-1513,177,None,Move,browsing
1574507388.2770002,-1519,175,None,Move,browsing
1574507388.285,-1524,173,None,Move,browsing
1574507388.293,-1527,171,None,Move,browsing
1574507388.301,-1528,170,None,Move,browsing
1574507388.309,-1529,170,None,Move,browsing
1574507388.3170002,-1529,169,None,Move,browsing
1574507388.363,-1530,169,None,Move,browsing
1574507388.39,-1531,168,None,Move,browsing
1574507388.397,-1531,168,None,Move,browsing
1574507388.404,-1532,167,None,Move,browsing
1574507388.413,-1533,167,None,Move,browsing
1574507388.429,-1534,166,None,Move,browsing
1574507388.454,-1535,166,None,Move,browsing
1574507389.1120002,-1535,171,None,Move,browsing
1574507389.133,-1535,192,None,Move,browsing
1574507389.141,-1535,205,None,Move,browsing
1574507389.149,-1534,224,None,Move,browsing
1574507389.157,-1534,241,None,Move,browsing
1574507389.165,-1532,260,None,Move,browsing
1574507389.173,-1531,288,None,Move,browsing
1574507389.181,-1529,305,None,Move,browsing
1574507389.189,-1527,329,None,Move,browsing
1574507389.197,-1524,349,None,Move,browsing
1574507389.205,-1519,381,None,Move,browsing
1574507389.2129998,-1517,403,None,Move,browsing
1574507389.221,-1516,420,None,Move,browsing
1574507389.229,-1515,443,None,Move,browsing
1574507389.2370002,-1513,463,None,Move,browsing
1574507389.245,-1513,482,None,Move,browsing
1574507389.2529998,-1514,502,None,Move,browsing
1574507389.2610002,-1515,524,None,Move,browsing
1574507389.269,-1516,536,None,Move,browsing
1574507389.2770002,-1517,551,None,Move,browsing
1574507389.286,-1520,563,None,Move,browsing
1574507389.293,-1521,575,None,Move,browsing
1574507389.301,-1523,587,None,Move,browsing
1574507389.309,-1524,598,None,Move,browsing
1574507389.3170002,-1525,609,None,Move,browsing
1574507389.325,-1526,617,None,Move,browsing
1574507389.333,-1526,624,None,Move,browsing
1574507389.341,-1526,632,None,Move,browsing
1574507389.349,-1526,636,None,Move,browsing
1574507389.357,-1526,644,None,Move,browsing
1574507389.365,-1526,646,None,Move,browsing
1574507389.373,-1525,651,None,Move,browsing
1574507389.3820002,-1525,655,None,Move,browsing
1574507389.39,-1525,658,None,Move,browsing
1574507389.3979998,-1524,661,None,Move,browsing
1574507389.407,-1524,663,None,Move,browsing
1574507389.414,-1524,664,None,Move,browsing
1574507389.4220002,-1524,665,None,Move,browsing
1574507389.43,-1523,666,None,Move,browsing
1574507389.565,-1523,666,None,Move,browsing
1574507390.2410002,-1523,666,None,Move,browsing
1574507390.256,-1523,668,None,Move,browsing
1574507390.285,-1523,668,None,Move,browsing
1574507390.294,-1523,668,None,Move,browsing
1574507390.296,-1524,665,None,Move,browsing
1574507390.3170002,-1528,656,None,Move,browsing
1574507390.325,-1528,653,None,Move,browsing
1574507390.346,-1528,651,None,Move,browsing
1574507390.5679998,-1528,651,None,Move,browsing
1574507390.584,-1528,652,None,Move,browsing
1574507390.606,-1528,659,None,Move,browsing
1574507390.613,-1528,663,None,Move,browsing
1574507390.63,-1528,666,None,Move,browsing
1574507390.6379998,-1529,671,None,Move,browsing
1574507390.645,-1529,673,None,Move,browsing
1574507390.6520002,-1530,677,None,Move,browsing
1574507390.661,-1532,681,None,Move,browsing
1574507390.669,-1533,683,None,Move,browsing
1574507390.677,-1536,686,None,Move,browsing
1574507390.696,-1541,690,None,Move,browsing
1574507390.7029998,-1543,692,None,Move,browsing
1574507390.71,-1546,693,None,Move,browsing
1574507390.717,-1547,693,None,Move,browsing
1574507390.725,-1549,694,None,Move,browsing
1574507390.7329998,-1551,695,None,Move,browsing
1574507390.742,-1553,695,None,Move,browsing
1574507390.75,-1556,695,None,Move,browsing
1574507390.7570002,-1557,696,None,Move,browsing
1574507390.765,-1558,697,None,Move,browsing
1574507390.7729998,-1560,698,None,Move,browsing
1574507390.781,-1560,699,None,Move,browsing
1574507390.789,-1562,701,None,Move,browsing
1574507390.798,-1563,702,None,Move,browsing
1574507390.806,-1565,705,None,Move,browsing
1574507390.813,-1567,707,None,Move,browsing
1574507390.821,-1568,709,None,Move,browsing
1574507390.829,-1572,712,None,Move,browsing
1574507390.8379998,-1573,715,None,Move,browsing
1574507390.846,-1575,716,None,Move,browsing
1574507390.853,-1576,718,None,Move,browsing
1574507390.869,-1578,720,None,Move,browsing
1574507390.8760002,-1582,722,None,Move,browsing
1574507390.8839998,-1583,723,None,Move,browsing
1574507390.893,-1584,724,None,Move,browsing
1574507390.901,-1585,724,None,Move,browsing
1574507390.909,-1586,725,None,Move,browsing
1574507390.917,-1587,725,None,Move,browsing
1574507390.926,-1588,726,None,Move,browsing
1574507390.9329998,-1590,726,None,Move,browsing
1574507390.941,-1592,726,None,Move,browsing
1574507390.949,-1593,727,None,Move,browsing
1574507390.957,-1594,727,None,Move,browsing
1574507390.965,-1596,728,None,Move,browsing
1574507390.9729998,-1597,728,None,Move,browsing
1574507390.982,-1599,729,None,Move,browsing
1574507390.99,-1601,730,None,Move,browsing
1574507390.9970002,-1601,730,None,Move,browsing
1574507391.006,-1603,730,None,Move,browsing
1574507391.012,-1603,730,None,Move,browsing
1574507391.022,-1604,731,None,Move,browsing
1574507391.028,-1605,732,None,Move,browsing
1574507391.038,-1605,732,None,Move,browsing
1574507391.045,-1607,733,None,Move,browsing
1574507391.053,-1607,733,None,Move,browsing
1574507391.061,-1609,733,None,Move,browsing
1574507391.077,-1610,734,None,Move,browsing
1574507391.246,-1610,734,Right,Pressed,browsing
1574507391.326,-1610,734,Right,Released,browsing
1574507391.459,-1610,735,None,Move,browsing
1574507391.472,-1610,735,None,Move,browsing
1574507391.4929998,-1607,737,None,Move,browsing
1574507391.4989998,-1607,738,None,Move,browsing
1574507391.5089998,-1606,738,None,Move,browsing
1574507391.5170002,-1605,739,None,Move,browsing
1574507391.525,-1604,739,None,Move,browsing
1574507391.533,-1604,739,None,Move,browsing
1574507391.542,-1603,740,None,Move,browsing
1574507391.5470002,-1602,740,None,Move,browsing
1574507391.563,-1602,740,None,Move,browsing
1574507391.572,-1601,741,None,Move,browsing
1574507391.587,-1600,741,None,Move,browsing
1574507391.603,-1600,741,None,Move,browsing
1574507391.6179998,-1599,741,None,Move,browsing
1574507391.704,-1599,741,Left,Pressed,browsing
1574507391.772,-1599,741,Left,Released,browsing
1574507391.909,-1599,741,None,Move,browsing
1574507391.917,-1598,741,None,Move,browsing
1574507391.925,-1598,741,None,Move,browsing
1574507391.9329998,-1597,741,None,Move,browsing
1574507391.9420002,-1595,740,None,Move,browsing
1574507391.95,-1591,739,None,Move,browsing
1574507391.958,-1584,736,None,Move,browsing
1574507391.965,-1573,735,None,Move,browsing
1574507391.9729998,-1558,731,None,Move,browsing
1574507391.981,-1529,727,None,Move,browsing
1574507391.9889998,-1502,722,None,Move,browsing
1574507391.998,-1465,715,None,Move,browsing
1574507392.006,-1410,707,None,Move,browsing
1574507392.014,-1359,695,None,Move,browsing
1574507392.022,-1305,683,None,Move,browsing
1574507392.029,-1247,671,None,Move,browsing
1574507392.038,-1196,659,None,Move,browsing
1574507392.045,-1139,643,None,Move,browsing
1574507392.054,-1080,627,None,Move,browsing
1574507392.063,-1020,608,None,Move,browsing
1574507392.071,-972,597,None,Move,browsing
1574507392.077,-928,585,None,Move,browsing
1574507392.085,-894,579,None,Move,browsing
1574507392.093,-855,573,None,Move,browsing
1574507392.1,-821,570,None,Move,browsing
1574507392.109,-790,568,None,Move,browsing
1574507392.117,-763,568,None,Move,browsing
1574507392.1260002,-738,567,None,Move,browsing
1574507392.133,-729,567,None,Move,browsing
1574507392.14,-721,566,None,Move,browsing
1574507392.149,-716,566,None,Move,browsing
1574507392.157,-716,566,None,Move,browsing
1574507392.534,-709,564,None,Move,browsing
1574507392.554,-670,551,None,Move,browsing
1574507392.565,-659,544,None,Move,browsing
1574507392.573,-650,534,None,Move,browsing
1574507392.58,-640,523,None,Move,browsing
1574507392.586,-629,505,None,Move,browsing
1574507392.592,-617,483,None,Move,browsing
1574507392.5979998,-600,457,None,Move,browsing
1574507392.606,-579,424,None,Move,browsing
1574507392.6139998,-565,402,None,Move,browsing
1574507392.6220002,-543,377,None,Move,browsing
1574507392.63,-520,355,None,Move,browsing
1574507392.637,-499,336,None,Move,browsing
1574507392.645,-482,322,None,Move,browsing
1574507392.654,-469,311,None,Move,browsing
1574507392.6620002,-460,301,None,Move,browsing
1574507392.67,-455,291,None,Move,browsing
1574507392.678,-453,280,None,Move,browsing
1574507392.6929998,-453,257,None,Move,browsing
1574507392.7029998,-453,247,None,Move,browsing
1574507392.71,-453,240,None,Move,browsing
1574507392.966,-454,241,None,Move,browsing
1574507392.9729998,-455,241,None,Move,browsing
1574507392.981,-456,242,None,Move,browsing
1574507392.9889998,-458,243,None,Move,browsing
1574507392.998,-459,244,None,Move,browsing
1574507393.006,-462,245,None,Move,browsing
1574507393.015,-464,247,None,Move,browsing
1574507393.0229998,-466,248,None,Move,browsing
1574507393.032,-469,250,None,Move,browsing
1574507393.038,-473,251,None,Move,browsing
1574507393.046,-477,252,None,Move,browsing
1574507393.054,-482,253,None,Move,browsing
1574507393.062,-487,255,None,Move,browsing
1574507393.07,-494,256,None,Move,browsing
1574507393.0779998,-498,257,None,Move,browsing
1574507393.086,-501,258,None,Move,browsing
1574507393.094,-505,258,None,Move,browsing
1574507393.1020002,-511,258,None,Move,browsing
1574507393.109,-515,258,None,Move,browsing
1574507393.117,-521,257,None,Move,browsing
1574507393.125,-530,257,None,Move,browsing
1574507393.1339998,-538,256,None,Move,browsing
1574507393.141,-553,256,None,Move,browsing
1574507393.151,-571,255,None,Move,browsing
1574507393.185,-744,243,None,Move,browsing
1574507393.194,-912,231,None,Move,browsing
1574507393.201,-986,220,None,Move,browsing
1574507393.209,-1066,212,None,Move,browsing
1574507393.218,-1164,196,None,Move,browsing
1574507393.234,-1343,169,None,Move,browsing
1574507393.242,-1426,152,None,Move,browsing
1574507393.2510002,-1520,134,None,Move,browsing
1574507393.2589998,-1597,119,None,Move,browsing
1574507393.274,-1664,106,None,Move,browsing
1574507393.283,-1790,78,None,Move,browsing
1574507393.291,-1838,71,None,Move,browsing
1574507393.311,-1902,57,None,Move,browsing
1574507393.322,-1923,52,None,Move,browsing
1574507393.329,-1930,48,None,Move,browsing
1574507393.341,-1934,42,None,Move,browsing
1574507393.354,-1929,38,None,Move,browsing
1574507393.3620002,-1920,38,None,Move,browsing
1574507393.37,-1920,37,None,Move,browsing
1574507393.394,-1920,36,None,Move,browsing
1574507393.4020002,-1920,34,None,Move,browsing
1574507393.411,-1920,33,None,Move,browsing
1574507393.42,-1919,32,None,Move,browsing
1574507393.426,-1919,31,None,Move,browsing
1574507393.434,-1919,30,None,Move,browsing
1574507393.4420002,-1919,29,None,Move,browsing
1574507393.45,-1919,27,None,Move,browsing
1574507393.458,-1918,25,None,Move,browsing
1574507393.467,-1918,25,None,Move,browsing
1574507393.481,-1916,21,None,Move,browsing
1574507393.488,-1909,10,None,Move,browsing
1574507393.4970002,-1905,3,None,Move,browsing
1574507393.506,-1903,-2,None,Move,browsing
1574507393.514,-1899,-10,None,Move,browsing
1574507393.522,-1897,-8,None,Move,browsing
1574507393.53,-1895,-7,None,Move,browsing
1574507393.5370002,-1891,-11,None,Move,browsing
1574507393.545,-1888,-7,None,Move,browsing
1574507393.553,-1885,-5,None,Move,browsing
1574507393.561,-1881,-6,None,Move,browsing
1574507393.571,-1877,-3,None,Move,browsing
1574507393.5779998,-1871,-4,None,Move,browsing
1574507393.586,-1866,-3,None,Move,browsing
1574507393.603,-1845,-7,None,Move,browsing
1574507393.6239998,-1828,-3,None,Move,browsing
1574507393.639,-1811,-1,None,Move,browsing
1574507393.65,-1801,0,None,Move,browsing
1574507393.658,-1795,0,None,Move,browsing
1574507393.666,-1784,0,None,Move,browsing
1574507393.673,-1777,2,None,Move,browsing
1574507393.684,-1765,3,None,Move,browsing
1574507393.6920002,-1761,4,None,Move,browsing
1574507393.7,-1757,5,None,Move,browsing
1574507393.708,-1755,5,None,Move,browsing
1574507393.715,-1753,5,None,Move,browsing
1574507393.7229998,-1751,5,None,Move,browsing
1574507393.732,-1750,6,None,Move,browsing
1574507393.74,-1749,6,None,Move,browsing
1574507393.748,-1749,6,None,Move,browsing
1574507393.756,-1748,6,None,Move,browsing
1574507393.764,-1747,6,None,Move,browsing
1574507393.772,-1746,6,None,Move,browsing
1574507393.788,-1745,6,None,Move,browsing
1574507393.796,-1740,5,None,Move,browsing
1574507393.804,-1735,4,None,Move,browsing
1574507393.812,-1730,4,None,Move,browsing
1574507393.82,-1722,3,None,Move,browsing
1574507393.827,-1714,2,None,Move,browsing
1574507393.835,-1706,1,None,Move,browsing
1574507393.843,-1696,-1,None,Move,browsing
1574507393.8520002,-1686,-2,None,Move,browsing
1574507393.86,-1676,-1,None,Move,browsing
1574507393.869,-1665,-1,None,Move,browsing
1574507393.8879998,-1653,-1,None,Move,browsing
1574507393.895,-1617,-2,None,Move,browsing
1574507393.904,-1607,0,None,Move,browsing
1574507393.9120002,-1598,-1,None,Move,browsing
1574507393.92,-1592,0,None,Move,browsing
1574507393.928,-1590,0,None,Move,browsing
1574507393.936,-1590,0,None,Move,browsing
1574507393.9429998,-1589,-1,None,Move,browsing
1574507394.153,-1589,0,Left,Pressed,browsing
1574507394.211,-1589,0,Left,Released,browsing
1574507394.674,-1589,2,None,Move,browsing
1574507394.687,-1588,8,None,Move,browsing
1574507394.695,-1588,16,None,Move,browsing
1574507394.704,-1588,30,None,Move,browsing
1574507394.711,-1590,47,None,Move,browsing
1574507394.718,-1596,76,None,Move,browsing
1574507394.7429998,-1606,126,None,Move,browsing
1574507394.7510002,-1647,296,None,Move,browsing
1574507394.7589998,-1666,353,None,Move,browsing
1574507394.7670002,-1679,396,None,Move,browsing
1574507394.774,-1695,445,None,Move,browsing
1574507394.781,-1710,492,None,Move,browsing
1574507394.7870002,-1721,527,None,Move,browsing
1574507394.795,-1731,557,None,Move,browsing
1574507394.803,-1736,577,None,Move,browsing
1574507394.81,-1738,587,None,Move,browsing
1574507394.8170002,-1740,596,None,Move,browsing
1574507394.826,-1744,603,None,Move,browsing
1574507394.834,-1746,606,None,Move,browsing
1574507394.842,-1749,610,None,Move,browsing
1574507394.851,-1750,611,None,Move,browsing
1574507394.8579998,-1751,613,None,Move,browsing
1574507394.873,-1751,613,None,Move,browsing
1574507394.881,-1752,614,None,Move,browsing
1574507394.8979998,-1752,614,None,Move,browsing
1574507395.029,-1752,614,None,Move,browsing
1574507395.06,-1747,614,None,Move,browsing
1574507395.083,-1717,604,None,Move,browsing
1574507395.09,-1699,600,None,Move,browsing
1574507395.0979998,-1680,595,None,Move,browsing
1574507395.105,-1648,588,None,Move,browsing
1574507395.1139998,-1606,582,None,Move,browsing
1574507395.13,-1544,570,None,Move,browsing
1574507395.1379998,-1409,556,None,Move,browsing
1574507395.146,-1332,552,None,Move,browsing
1574507395.153,-1256,548,None,Move,browsing
1574507395.16,-1172,545,None,Move,browsing
1574507395.169,-1088,543,None,Move,browsing
1574507395.177,-994,543,None,Move,browsing
1574507395.186,-929,541,None,Move,browsing
1574507395.194,-861,539,None,Move,browsing
1574507395.202,-798,535,None,Move,browsing
1574507395.21,-730,531,None,Move,browsing
1574507395.217,-680,525,None,Move,browsing
1574507395.2270002,-634,514,None,Move,browsing
1574507395.242,-589,504,None,Move,browsing
1574507395.25,-511,489,None,Move,browsing
1574507395.258,-485,485,None,Move,browsing
1574507395.266,-465,482,None,Move,browsing
1574507395.274,-447,479,None,Move,browsing
1574507395.281,-437,478,None,Move,browsing
1574507395.29,-429,476,None,Move,browsing
1574507395.298,-425,475,None,Move,browsing
1574507395.306,-422,474,None,Move,browsing
1574507395.314,-422,473,None,Move,browsing
1574507395.322,-421,473,None,Move,browsing
1574507395.33,-421,472,None,Move,browsing
1574507395.3379998,-421,471,None,Move,browsing
1574507395.346,-421,470,None,Move,browsing
1574507395.354,-421,468,None,Move,browsing
1574507395.3620002,-421,466,None,Move,browsing
1574507395.37,-421,464,None,Move,browsing
1574507395.3779998,-421,461,None,Move,browsing
1574507395.385,-421,458,None,Move,browsing
1574507395.395,-421,454,None,Move,browsing
1574507395.4020002,-421,446,None,Move,browsing
1574507395.41,-421,442,None,Move,browsing
1574507395.418,-421,435,None,Move,browsing
1574507395.426,-421,430,None,Move,browsing
1574507395.434,-421,424,None,Move,browsing
1574507395.4420002,-423,417,None,Move,browsing
1574507395.45,-426,410,None,Move,browsing
1574507395.458,-429,404,None,Move,browsing
1574507395.466,-433,398,None,Move,browsing
1574507395.474,-437,392,None,Move,browsing
1574507395.482,-442,387,None,Move,browsing
1574507395.49,-448,381,None,Move,browsing
1574507395.498,-452,378,None,Move,browsing
1574507395.505,-455,375,None,Move,browsing
1574507395.515,-458,373,None,Move,browsing
1574507395.522,-461,370,None,Move,browsing
1574507395.531,-465,366,None,Move,browsing
1574507395.539,-467,365,None,Move,browsing
1574507395.546,-469,362,None,Move,browsing
1574507395.554,-472,360,None,Move,browsing
1574507395.562,-473,359,None,Move,browsing
1574507395.57,-475,358,None,Move,browsing
1574507395.577,-477,357,None,Move,browsing
1574507395.593,-478,357,None,Move,browsing
1574507395.6020002,-478,357,None,Move,browsing
1574507396.179,-478,357,Left,Pressed,browsing
1574507396.2589998,-478,357,Left,Released,browsing
1574507397.092,-473,357,None,Move,browsing
1574507397.0979998,-462,359,None,Move,browsing
1574507397.113,-449,361,None,Move,browsing
1574507397.119,-438,364,None,Move,browsing
1574507397.1260002,-420,369,None,Move,browsing
1574507397.133,-399,375,None,Move,browsing
1574507397.1420002,-367,382,None,Move,browsing
1574507397.15,-344,389,None,Move,browsing
1574507397.159,-325,395,None,Move,browsing
1574507397.167,-312,398,None,Move,browsing
1574507397.175,-294,403,None,Move,browsing
1574507397.1829998,-282,408,None,Move,browsing
1574507397.191,-271,411,None,Move,browsing
1574507397.198,-259,414,None,Move,browsing
1574507397.206,-250,417,None,Move,browsing
1574507397.214,-242,419,None,Move,browsing
1574507397.2370002,-232,423,None,Move,browsing
1574507397.245,-209,430,None,Move,browsing
1574507397.252,-203,430,None,Move,browsing
1574507397.26,-200,431,None,Move,browsing
1574507397.268,-198,431,None,Move,browsing
1574507397.276,-195,431,None,Move,browsing
1574507397.284,-194,431,None,Move,browsing
1574507397.292,-191,432,None,Move,browsing
1574507397.301,-190,432,None,Move,browsing
1574507397.3079998,-189,432,None,Move,browsing
1574507397.316,-187,432,None,Move,browsing
1574507397.324,-187,432,None,Move,browsing
1574507397.332,-186,432,None,Move,browsing
1574507397.34,-186,432,None,Move,browsing
1574507397.3479998,-185,432,None,Move,browsing
1574507397.355,-184,432,None,Move,browsing
1574507397.3639998,-183,432,None,Move,browsing
1574507397.3720002,-181,432,None,Move,browsing
1574507397.38,-179,432,None,Move,browsing
1574507397.3879998,-178,432,None,Move,browsing
1574507397.396,-177,432,None,Move,browsing
1574507397.404,-176,432,None,Move,browsing
1574507397.4120002,-176,432,None,Move,browsing
1574507397.421,-175,432,None,Move,browsing
1574507397.428,-174,432,None,Move,browsing
1574507397.436,-173,432,None,Move,browsing
1574507397.444,-172,432,None,Move,browsing
1574507397.452,-171,432,None,Move,browsing
1574507397.468,-168,432,None,Move,browsing
1574507397.476,-167,432,None,Move,browsing
1574507397.484,-165,432,None,Move,browsing
1574507397.492,-164,432,None,Move,browsing
1574507397.5,-162,432,None,Move,browsing
1574507397.508,-159,432,None,Move,browsing
1574507397.516,-153,433,None,Move,browsing
1574507397.524,-150,434,None,Move,browsing
1574507397.532,-146,436,None,Move,browsing
1574507397.54,-144,436,None,Move,browsing
1574507397.548,-141,436,None,Move,browsing
1574507397.556,-141,436,None,Move,browsing
1574507397.564,-140,435,None,Move,browsing
1574507397.572,-139,432,None,Move,browsing
1574507397.59,-138,430,None,Move,browsing
1574507397.5979998,-137,430,None,Move,browsing
1574507397.8,-137,430,None,Move,browsing
1574507397.816,-144,433,None,Move,browsing
1574507397.8379998,-154,442,None,Move,browsing
1574507397.846,-159,446,None,Move,browsing
1574507397.854,-162,448,None,Move,browsing
1574507397.8620002,-165,452,None,Move,browsing
1574507397.87,-167,454,None,Move,browsing
1574507397.8779998,-172,455,None,Move,browsing
1574507397.8860002,-179,455,None,Move,browsing
1574507397.894,-184,454,None,Move,browsing
1574507397.9020002,-188,454,None,Move,browsing
1574507397.91,-194,453,None,Move,browsing
1574507397.918,-197,453,None,Move,browsing
1574507397.926,-201,453,None,Move,browsing
1574507397.935,-202,453,None,Move,browsing
1574507397.948,-204,453,None,Move,browsing
1574507397.958,-204,453,None,Move,browsing
1574507397.974,-205,453,None,Move,browsing
1574507397.992,-206,454,None,Move,browsing
1574507398.0010002,-207,454,None,Move,browsing
1574507398.014,-207,454,None,Move,browsing
1574507398.03,-208,454,None,Move,browsing
1574507398.038,-208,455,None,Move,browsing
1574507418.31,-208,455,None,Move,browsing
1574507418.329,-206,453,None,Move,browsing
1574507418.337,-205,453,None,Move,browsing
1574507418.345,-204,452,None,Move,browsing
1574507418.359,-204,452,None,Move,browsing
1574507418.37,-203,451,None,Move,browsing
1574507418.377,-202,451,None,Move,browsing
1574507418.573,-200,451,None,Move,browsing
1574507418.625,-197,453,None,Move,browsing
1574507418.6920002,-196,454,None,Move,browsing
1574507418.707,-196,455,None,Move,browsing
1574507418.729,-196,455,None,Move,browsing
1574507418.7370002,-196,456,None,Move,browsing
1574507418.745,-195,457,None,Move,browsing
1574507418.752,-194,458,None,Move,browsing
1574507418.7610002,-194,459,None,Move,browsing
1574507418.769,-193,460,None,Move,browsing
1574507418.776,-192,462,None,Move,browsing
1574507418.785,-191,463,None,Move,browsing
1574507418.793,-190,464,None,Move,browsing
1574507418.8,-190,465,None,Move,browsing
1574507418.809,-190,466,None,Move,browsing
1574507418.8170002,-189,467,None,Move,browsing
1574507418.826,-188,467,None,Move,browsing
1574507418.974,-188,467,None,Move,browsing
1574507418.9929998,-188,462,None,Move,browsing
1574507419.0010002,-188,460,None,Move,browsing
1574507419.0089998,-189,457,None,Move,browsing
1574507419.0170002,-190,455,None,Move,browsing
1574508705.869,-196,454,None,Move,browsing
1574508705.891,-266,429,None,Move,browsing
1574508705.899,-324,409,None,Move,browsing
1574508705.906,-398,378,None,Move,browsing
1574508705.914,-490,340,None,Move,browsing
1574508705.923,-575,300,None,Move,browsing
1574508705.934,-704,233,None,Move,browsing
1574508705.9429998,-835,166,None,Move,browsing
1574508705.955,-955,105,None,Move,browsing
1574508705.964,-1192,-15,None,Move,browsing
1574508705.974,-1286,-48,None,Move,browsing
1574508705.9889998,-1496,-99,None,Move,browsing
1574508705.9970002,-1586,-41,None,Move,browsing
1574508706.0089998,-1665,-33,None,Move,browsing
1574508706.0170002,-1739,-28,None,Move,browsing
1574508706.0229998,-1796,-20,None,Move,browsing
1574508706.03,-1851,-18,None,Move,browsing
1574508706.04,-1916,-19,None,Move,browsing
1574508706.048,-1984,-24,None,Move,browsing
1574508706.0570002,-1966,-13,None,Move,browsing
1574508706.065,-1971,-14,None,Move,browsing
1574508706.074,-1947,-6,None,Move,browsing
1574508706.082,-1949,-7,None,Move,browsing
1574508706.091,-1941,-2,None,Move,browsing
1574508706.0979998,-1933,-2,None,Move,browsing
1574508706.104,-1936,-1,None,Move,browsing
1574508706.11,-1929,0,None,Move,browsing
1574508706.1220002,-1929,1,None,Move,browsing
1574508706.13,-1942,11,None,Move,browsing
1574508706.1379998,-1929,15,None,Move,browsing
1574508706.147,-1928,20,None,Move,browsing
1574508706.155,-1929,25,None,Move,browsing
1574508706.163,-1925,30,None,Move,browsing
1574508706.171,-1923,34,None,Move,browsing
1574508706.179,-1923,38,None,Move,browsing
1574508706.187,-1921,41,None,Move,browsing
1574508706.194,-1920,47,None,Move,browsing
1574508706.2029998,-1920,50,None,Move,browsing
1574508706.211,-1917,56,None,Move,browsing
1574508706.22,-1914,62,None,Move,browsing
1574508706.228,-1909,71,None,Move,browsing
1574508706.236,-1906,80,None,Move,browsing
1574508706.2510002,-1903,88,None,Move,browsing
1574508706.26,-1900,109,None,Move,browsing
1574508706.269,-1899,117,None,Move,browsing
1574508706.276,-1899,124,None,Move,browsing
1574508706.283,-1899,133,None,Move,browsing
1574508706.291,-1899,140,None,Move,browsing
1574508706.301,-1899,147,None,Move,browsing
1574508706.31,-1899,152,None,Move,browsing
1574508706.3179998,-1899,155,None,Move,browsing
1574508706.324,-1898,158,None,Move,browsing
1574508706.331,-1897,160,None,Move,browsing
1574508706.341,-1897,163,None,Move,browsing
1574508706.347,-1896,166,None,Move,browsing
1574508706.355,-1895,168,None,Move,browsing
1574508706.363,-1894,171,None,Move,browsing
1574508706.371,-1893,174,None,Move,browsing
1574508706.379,-1890,180,None,Move,browsing
1574508706.3879998,-1887,185,None,Move,browsing
1574508706.395,-1884,189,None,Move,browsing
1574508706.404,-1880,195,None,Move,browsing
1574508706.411,-1876,200,None,Move,browsing
1574508706.418,-1875,204,None,Move,browsing
1574508706.426,-1872,206,None,Move,browsing
1574508706.435,-1871,208,None,Move,browsing
1574508706.4429998,-1869,210,None,Move,browsing
1574508706.451,-1868,212,None,Move,browsing
1574508706.459,-1867,214,None,Move,browsing
1574508706.467,-1867,215,None,Move,browsing
1574508706.474,-1865,218,None,Move,browsing
1574508706.482,-1864,219,None,Move,browsing
1574508706.4910002,-1864,220,None,Move,browsing
1574508706.4989998,-1861,224,None,Move,browsing
1574508706.5070002,-1860,225,None,Move,browsing
1574508706.515,-1858,226,None,Move,browsing
1574508706.5229998,-1857,227,None,Move,browsing
1574508706.53,-1856,228,None,Move,browsing
1574508706.538,-1854,228,None,Move,browsing
1574508706.5470002,-1851,229,None,Move,browsing
1574508706.555,-1849,230,None,Move,browsing
1574508706.564,-1846,231,None,Move,browsing
1574508706.575,-1839,232,None,Move,browsing
1574508706.583,-1834,233,None,Move,browsing
1574508706.59,-1827,234,None,Move,browsing
1574508706.5979998,-1817,236,None,Move,browsing
1574508706.604,-1805,237,None,Move,browsing
1574508706.6120002,-1788,241,None,Move,browsing
1574508706.619,-1772,243,None,Move,browsing
1574508706.627,-1759,245,None,Move,browsing
1574508706.635,-1746,248,None,Move,browsing
1574508706.643,-1732,250,None,Move,browsing
1574508706.65,-1720,252,None,Move,browsing
1574508706.658,-1712,254,None,Move,browsing
1574508706.667,-1702,257,None,Move,browsing
1574508706.675,-1696,260,None,Move,browsing
1574508706.6829998,-1692,263,None,Move,browsing
1574508706.691,-1688,266,None,Move,browsing
1574508706.699,-1686,267,None,Move,browsing
1574508706.707,-1684,269,None,Move,browsing
1574508706.7229998,-1679,272,None,Move,browsing
1574508706.732,-1677,274,None,Move,browsing
1574508706.74,-1675,276,None,Move,browsing
1574508706.7489998,-1672,277,None,Move,browsing
1574508706.756,-1669,280,None,Move,browsing
1574508706.771,-1668,281,None,Move,browsing
1574508706.779,-1665,283,None,Move,browsing
1574508706.788,-1663,284,None,Move,browsing
1574508706.795,-1662,286,None,Move,browsing
1574508706.805,-1661,286,None,Move,browsing
1574508706.811,-1661,286,None,Move,browsing
1574508706.8179998,-1660,287,None,Move,browsing
1574508706.826,-1659,287,None,Move,browsing
1574508706.843,-1659,288,None,Move,browsing
1574508706.938,-1658,288,None,Move,browsing
1574508706.947,-1658,288,None,Move,browsing
1574508706.9629998,-1657,289,None,Move,browsing
1574508706.986,-1656,289,None,Move,browsing
1574508706.9929998,-1655,289,None,Move,browsing
1574508707.0110002,-1655,289,None,Move,browsing
1574508707.077,-1654,289,None,Move,browsing
1574508707.099,-1654,289,None,Move,browsing
1574508707.157,-1653,289,None,Move,browsing
1574508707.469,-1653,289,None,Move,browsing
1574508707.4770002,-1651,288,None,Move,browsing
1574508707.486,-1651,288,None,Move,browsing
1574508707.4929998,-1649,286,None,Move,browsing
1574508707.5010002,-1649,285,None,Move,browsing
1574508707.508,-1648,283,None,Move,browsing
1574508707.5170002,-1646,282,None,Move,browsing
1574508707.525,-1644,280,None,Move,browsing
1574508707.533,-1641,277,None,Move,browsing
1574508707.541,-1640,276,None,Move,browsing
1574508707.5579998,-1638,274,None,Move,browsing
1574508707.5670002,-1633,272,None,Move,browsing
1574508707.575,-1632,270,None,Move,browsing
1574508707.583,-1631,270,None,Move,browsing
1574508707.591,-1630,269,None,Move,browsing
1574508707.599,-1630,269,None,Move,browsing
1574508707.606,-1629,268,None,Move,browsing
1574508707.615,-1628,268,None,Move,browsing
1574508707.623,-1628,268,None,Move,browsing
1574508707.639,-1627,267,None,Move,browsing
1574508707.735,-1627,267,None,Move,browsing
1574508707.744,-1630,267,None,Move,browsing
1574508707.7610002,-1634,271,None,Move,browsing
1574508707.776,-1637,275,None,Move,browsing
1574508707.789,-1638,276,None,Move,browsing
1574508707.799,-1638,276,None,Move,browsing
1574508707.879,-1638,277,None,Move,browsing
1574508707.887,-1638,277,None,Move,browsing
1574508707.895,-1638,277,None,Move,browsing
1574508707.903,-1636,277,None,Move,browsing
1574508707.91,-1634,276,None,Move,browsing
1574508707.919,-1632,275,None,Move,browsing
1574508707.927,-1629,273,None,Move,browsing
1574508707.935,-1626,271,None,Move,browsing
1574508707.9429998,-1625,270,None,Move,browsing
1574508707.951,-1624,268,None,Move,browsing
1574508707.959,-1622,268,None,Move,browsing
1574508707.968,-1622,267,None,Move,browsing
1574508707.975,-1621,266,None,Move,browsing
1574508707.9910002,-1621,265,None,Move,browsing
1574508708.0470002,-1620,265,None,Move,browsing
1574508708.062,-1620,263,None,Move,browsing
1574508708.071,-1620,262,None,Move,browsing
1574508746.437,-1619,261,None,Move,browsing
1574508746.6520002,-1583,254,None,Move,browsing
1574508746.668,-1578,250,None,Move,browsing
1574508746.681,-1575,246,None,Move,browsing
1574508746.688,-1572,243,None,Move,browsing
1574508746.697,-1570,238,None,Move,browsing
1574508746.706,-1569,235,None,Move,browsing
1574508746.7129998,-1569,233,None,Move,browsing
1574508746.721,-1569,229,None,Move,browsing
1574508746.73,-1571,223,None,Move,browsing
1574508746.738,-1576,216,None,Move,browsing
1574508746.745,-1584,205,None,Move,browsing
1574508746.7529998,-1592,195,None,Move,browsing
1574508746.7610002,-1600,185,None,Move,browsing
1574508746.77,-1613,169,None,Move,browsing
1574508746.778,-1624,157,None,Move,browsing
1574508746.786,-1635,144,None,Move,browsing
1574508746.794,-1644,136,None,Move,browsing
1574508746.801,-1655,128,None,Move,browsing
1574508746.8079998,-1663,120,None,Move,browsing
1574508746.8170002,-1671,112,None,Move,browsing
1574508746.825,-1677,106,None,Move,browsing
1574508746.833,-1680,100,None,Move,browsing
1574508746.842,-1680,95,None,Move,browsing
1574508746.85,-1678,90,None,Move,browsing
1574508746.857,-1674,85,None,Move,browsing
1574508746.865,-1665,79,None,Move,browsing
1574508746.873,-1657,73,None,Move,browsing
1574508746.8820002,-1649,66,None,Move,browsing
1574508746.89,-1642,55,None,Move,browsing
1574508746.897,-1639,45,None,Move,browsing
1574508746.905,-1638,36,None,Move,browsing
1574508746.913,-1638,22,None,Move,browsing
1574508746.921,-1638,9,None,Move,browsing
1574508746.93,-1638,-3,None,Move,browsing
1574508746.938,-1638,-13,None,Move,browsing
1574508747.18,-1636,4,None,Move,browsing
1574508747.187,-1633,12,None,Move,browsing
1574508747.1920002,-1636,12,None,Move,browsing
1574508747.21,-1648,9,None,Move,browsing
1574508747.219,-1657,9,None,Move,browsing
1574508747.228,-1668,9,None,Move,browsing
1574508747.236,-1676,9,None,Move,browsing
1574508747.244,-1684,8,None,Move,browsing
1574508747.2510002,-1688,7,None,Move,browsing
1574508747.2589998,-1689,7,None,Move,browsing
1574508747.266,-1690,7,None,Move,browsing
1574508747.3,-1691,6,None,Move,browsing
1574508747.315,-1692,6,None,Move,browsing
1574508747.323,-1693,6,None,Move,browsing
1574508747.332,-1694,5,None,Move,browsing
1574508747.34,-1694,4,None,Move,browsing
1574508747.347,-1695,4,None,Move,browsing
1574508747.356,-1696,4,None,Move,browsing
1574508747.3720002,-1697,2,None,Move,browsing
1574508747.3779998,-1698,1,None,Move,browsing
1574508747.387,-1698,-1,None,Move,browsing
1574508747.396,-1699,-4,None,Move,browsing
1574508747.404,-1700,-1,None,Move,browsing
1574508747.4120002,-1701,-3,None,Move,browsing
1574508747.42,-1701,-1,None,Move,browsing
1574508747.428,-1702,-1,None,Move,browsing
1574508747.435,-1703,-1,None,Move,browsing
1574508747.4429998,-1704,-2,None,Move,browsing
1574508747.451,-1705,-1,None,Move,browsing
1574508747.459,-1705,-1,None,Move,browsing
1574508747.467,-1706,-1,None,Move,browsing
1574508747.475,-1707,-1,None,Move,browsing
1574508747.4829998,-1708,0,None,Move,browsing
1574508747.4910002,-1709,-2,None,Move,browsing
1574508747.5,-1711,0,None,Move,browsing
1574508747.508,-1713,-2,None,Move,browsing
1574508747.516,-1715,-1,None,Move,browsing
1574508747.5229998,-1716,0,None,Move,browsing
1574508747.531,-1719,-2,None,Move,browsing
1574508747.54,-1720,0,None,Move,browsing
1574508747.546,-1720,-1,None,Move,browsing
1574508747.556,-1721,-1,None,Move,browsing
1574508747.613,-1721,0,Left,Pressed,browsing
1574508747.688,-1721,0,Left,Released,browsing
1574508747.7529998,-1721,0,None,Move,browsing
1574508747.758,-1719,0,None,Move,browsing
1574508747.774,-1710,-1,None,Move,browsing
1574508747.806,-1649,-2,None,Move,browsing
1574508747.814,-1634,0,None,Move,browsing
1574508747.822,-1622,0,None,Move,browsing
1574508747.83,-1609,2,None,Move,browsing
1574508747.837,-1598,5,None,Move,browsing
1574508747.856,-1588,6,None,Move,browsing
1574508747.8639998,-1553,15,None,Move,browsing
1574508747.8720002,-1542,18,None,Move,browsing
1574508747.88,-1532,21,None,Move,browsing
1574508747.9120002,-1494,39,None,Move,browsing
1574508747.919,-1483,47,None,Move,browsing
1574508747.936,-1468,57,None,Move,browsing
1574508747.9429998,-1460,61,None,Move,browsing
1574508747.951,-1457,64,None,Move,browsing
1574508747.959,-1450,67,None,Move,browsing
1574508747.967,-1441,71,None,Move,browsing
1574508747.976,-1436,72,None,Move,browsing
1574508747.984,-1431,73,None,Move,browsing
1574508747.992,-1425,74,None,Move,browsing
1574508748.0,-1422,74,None,Move,browsing
1574508748.008,-1416,74,None,Move,browsing
1574508748.016,-1415,74,None,Move,browsing
1574508748.024,-1414,74,None,Move,browsing
1574508748.031,-1413,73,None,Move,browsing
1574508748.039,-1412,72,None,Move,browsing
1574508748.048,-1411,72,None,Move,browsing
1574508748.056,-1410,70,None,Move,browsing
1574508748.063,-1409,68,None,Move,browsing
1574508748.072,-1407,67,None,Move,browsing
1574508748.079,-1405,63,None,Move,browsing
1574508748.0879998,-1403,63,None,Move,browsing
1574508748.095,-1402,61,None,Move,browsing
1574508748.103,-1401,61,None,Move,browsing
1574508748.1120002,-1401,60,None,Move,browsing
1574508748.119,-1400,60,None,Move,browsing
1574508748.1279998,-1400,59,None,Move,browsing
1574508748.135,-1399,58,None,Move,browsing
1574508748.143,-1399,58,None,Move,browsing
1574508748.1520002,-1399,57,None,Move,browsing
1574508748.159,-1399,56,None,Move,browsing
1574508748.167,-1399,55,None,Move,browsing
1574508748.175,-1399,54,None,Move,browsing
1574508748.184,-1399,53,None,Move,browsing
1574508748.1920002,-1400,51,None,Move,browsing
1574508748.2,-1401,50,None,Move,browsing
1574508748.207,-1401,49,None,Move,browsing
1574508748.216,-1403,48,None,Move,browsing
1574508748.224,-1404,46,None,Move,browsing
1574508748.232,-1405,46,None,Move,browsing
1574508748.24,-1406,45,None,Move,browsing
1574508748.2470002,-1407,44,None,Move,browsing
1574508748.256,-1410,43,None,Move,browsing
1574508748.2629998,-1411,42,None,Move,browsing
1574508748.272,-1412,42,None,Move,browsing
1574508748.275,-1414,41,None,Move,browsing
1574508748.295,-1416,41,None,Move,browsing
1574508748.304,-1417,41,None,Move,browsing
1574508748.322,-1419,40,None,Move,browsing
1574508748.33,-1420,40,None,Move,browsing
1574508748.3379998,-1422,40,None,Move,browsing
1574508748.346,-1424,39,None,Move,browsing
1574508748.354,-1425,39,None,Move,browsing
1574508748.3579998,-1426,39,None,Move,browsing
1574508748.373,-1428,39,None,Move,browsing
1574508748.394,-1429,39,None,Move,browsing
1574508748.418,-1430,39,None,Move,browsing
1574508748.434,-1431,38,None,Move,browsing
1574508748.441,-1432,38,None,Move,browsing
1574508748.449,-1433,38,None,Move,browsing
1574508748.457,-1434,37,None,Move,browsing
1574508748.465,-1436,37,None,Move,browsing
1574508748.474,-1437,37,None,Move,browsing
1574508748.482,-1439,36,None,Move,browsing
1574508748.49,-1440,36,None,Move,browsing
1574508748.498,-1442,35,None,Move,browsing
1574508748.505,-1442,35,None,Move,browsing
1574508748.514,-1443,35,None,Move,browsing
1574508748.521,-1444,34,None,Move,browsing
1574508748.5370002,-1445,33,None,Move,browsing
1574508748.554,-1445,33,None,Move,browsing
1574508748.562,-1446,31,None,Move,browsing
1574508748.569,-1447,31,None,Move,browsing
1574508748.577,-1447,29,None,Move,browsing
1574508748.586,-1448,29,None,Move,browsing
1574508748.6020002,-1448,28,None,Move,browsing
1574508748.61,-1448,28,None,Move,browsing
1574508748.6179998,-1449,27,None,Move,browsing
1574508748.625,-1449,27,None,Move,browsing
1574508748.633,-1449,26,None,Move,browsing
1574508748.65,-1449,25,None,Move,browsing
1574508748.666,-1449,25,None,Move,browsing
1574508748.6820002,-1450,24,None,Move,browsing
1574508748.706,-1450,24,None,Move,browsing
1574508748.714,-1450,23,None,Move,browsing
1574508748.73,-1450,23,None,Move,browsing
1574508748.738,-1450,22,None,Move,browsing
1574508748.746,-1450,21,None,Move,browsing
1574508748.754,-1450,21,None,Move,browsing
1574508748.762,-1450,20,None,Move,browsing
1574508748.769,-1450,20,None,Move,browsing
1574508748.785,-1450,19,None,Move,browsing
1574508748.802,-1450,19,None,Move,browsing
1574508748.859,-1450,19,Left,Pressed,browsing
1574508748.954,-1450,19,Left,Released,browsing
1574508749.041,-1449,18,None,Move,browsing
1574508749.051,-1447,18,None,Move,browsing
1574508749.0579998,-1442,17,None,Move,browsing
1574508749.0670002,-1438,17,None,Move,browsing
1574508749.074,-1431,17,None,Move,browsing
1574508749.083,-1422,18,None,Move,browsing
1574508749.089,-1412,21,None,Move,browsing
1574508749.0979998,-1401,26,None,Move,browsing
1574508749.106,-1388,33,None,Move,browsing
1574508749.115,-1378,38,None,Move,browsing
1574508749.1220002,-1362,47,None,Move,browsing
1574508749.13,-1333,63,None,Move,browsing
1574508749.1379998,-1293,85,None,Move,browsing
1574508749.146,-1250,109,None,Move,browsing
1574508749.154,-1205,136,None,Move,browsing
1574508749.1620002,-1156,164,None,Move,browsing
1574508749.17,-1113,194,None,Move,browsing
1574508749.178,-1072,225,None,Move,browsing
1574508749.186,-1033,261,None,Move,browsing
1574508749.194,-999,293,None,Move,browsing
1574508749.201,-964,327,None,Move,browsing
1574508749.21,-940,353,None,Move,browsing
1574508749.218,-912,386,None,Move,browsing
1574508749.226,-892,412,None,Move,browsing
1574508749.235,-879,431,None,Move,browsing
1574508749.242,-868,447,None,Move,browsing
1574508749.25,-863,456,None,Move,browsing
1574508749.258,-857,466,None,Move,browsing
1574508749.266,-853,474,None,Move,browsing
1574508749.2729998,-851,480,None,Move,browsing
1574508749.281,-849,482,None,Move,browsing
1574508749.29,-849,484,None,Move,browsing
1574508749.298,-849,485,None,Move,browsing
1574508749.306,-849,485,None,Move,browsing
1574508749.314,-848,486,None,Move,browsing
1574508749.3379998,-848,487,None,Move,browsing
1574508749.7389998,-848,486,None,Move,browsing
1574508749.7610002,-848,481,None,Move,browsing
1574508749.769,-849,476,None,Move,browsing
1574508749.7770002,-851,467,None,Move,browsing
1574508749.786,-852,463,None,Move,browsing
1574508749.794,-852,458,None,Move,browsing
1574508749.802,-853,453,None,Move,browsing
1574508749.81,-853,451,None,Move,browsing
1574508749.8179998,-853,448,None,Move,browsing
1574508749.825,-853,446,None,Move,browsing
1574508749.833,-853,445,None,Move,browsing
1574508749.841,-853,442,None,Move,browsing
1574508749.849,-853,441,None,Move,browsing
1574508749.8579998,-853,440,None,Move,browsing
1574508749.8660002,-853,439,None,Move,browsing
1574508749.873,-853,439,None,Move,browsing
1574508749.8820002,-853,438,None,Move,browsing
1574508753.219,-853,440,None,Move,browsing
1574508753.2270002,-849,448,None,Move,browsing
1574508753.234,-845,456,None,Move,browsing
1574508753.242,-842,463,None,Move,browsing
1574508753.25,-840,470,None,Move,browsing
1574508753.258,-837,476,None,Move,browsing
1574508753.266,-834,484,None,Move,browsing
1574508753.275,-831,491,None,Move,browsing
1574508753.283,-828,500,None,Move,browsing
1574508753.291,-824,508,None,Move,browsing
1574508753.299,-821,513,None,Move,browsing
1574508753.306,-818,516,None,Move,browsing
1574508753.313,-816,520,None,Move,browsing
1574508753.321,-815,523,None,Move,browsing
1574508753.329,-813,525,None,Move,browsing
1574508753.339,-813,527,None,Move,browsing
1574508753.346,-810,531,None,Move,browsing
1574508753.355,-810,532,None,Move,browsing
1574508753.363,-809,533,None,Move,browsing
1574508753.37,-807,534,None,Move,browsing
1574508753.3779998,-807,535,None,Move,browsing
1574508753.3860002,-806,536,None,Move,browsing
1574508753.411,-806,536,None,Move,browsing
1574508753.5070002,-805,537,None,Move,browsing
1574508753.522,-805,538,None,Move,browsing
1574508754.461,-804,536,None,Move,browsing
1574508754.4829998,-803,530,None,Move,browsing
1574508754.49,-802,527,None,Move,browsing
1574508754.4989998,-801,523,None,Move,browsing
1574508754.5070002,-800,520,None,Move,browsing
1574508754.514,-800,517,None,Move,browsing
1574508754.521,-798,512,None,Move,browsing
1574508754.531,-796,507,None,Move,browsing
1574508754.538,-796,506,None,Move,browsing
1574508754.7,-794,512,None,Move,browsing
1574508754.715,-793,522,None,Move,browsing
1574508754.722,-792,530,None,Move,browsing
1574508754.73,-792,537,None,Move,browsing
1574508754.7370002,-792,538,None,Move,browsing
1574508754.745,-793,540,None,Move,browsing
1574508754.755,-796,540,None,Move,browsing
1574508754.762,-799,542,None,Move,browsing
1574508754.771,-801,543,None,Move,browsing
1574508754.779,-805,545,None,Move,browsing
1574508754.786,-807,547,None,Move,browsing
1574508754.794,-810,548,None,Move,browsing
1574508754.801,-811,549,None,Move,browsing
1574508754.811,-812,549,None,Move,browsing
1574508754.819,-813,549,None,Move,browsing
1574508754.827,-813,550,None,Move,browsing
1574508754.843,-814,550,None,Move,browsing
1574508754.8660002,-815,551,None,Move,browsing
1574508754.883,-815,552,None,Move,browsing
1574508754.907,-815,552,None,Move,browsing
1574508754.924,-815,553,None,Move,browsing
1574508754.947,-815,554,None,Move,browsing
1574508754.9870002,-815,555,None,Move,browsing
1574508762.923,-814,555,None,Move,browsing
1574508762.931,-808,552,None,Move,browsing
1574508762.939,-801,548,None,Move,browsing
1574508762.947,-798,545,None,Move,browsing
1574508762.955,-795,544,None,Move,browsing
1574508762.9629998,-794,543,None,Move,browsing
1574508762.971,-791,542,None,Move,browsing
1574508762.979,-790,542,None,Move,browsing
1574508762.9870002,-789,541,None,Move,browsing
1574508763.212,-789,541,None,Move,browsing
1574508763.22,-788,532,None,Move,browsing
1574508763.228,-780,508,None,Move,browsing
1574508763.236,-756,463,None,Move,browsing
1574508763.244,-718,401,None,Move,browsing
1574508763.2510002,-673,338,None,Move,browsing
1574508763.26,-617,265,None,Move,browsing
1574508763.268,-550,188,None,Move,browsing
1574508763.276,-481,124,None,Move,browsing
1574508763.283,-431,83,None,Move,browsing
1574508763.292,-395,54,None,Move,browsing
1574508763.3,-367,32,None,Move,browsing
1574508763.3070002,-355,20,None,Move,browsing
1574508763.316,-349,14,None,Move,browsing
1574508763.324,-345,11,None,Move,browsing
1574508763.334,-343,9,None,Move,browsing
1574508763.342,-342,8,None,Move,browsing
1574508763.349,-341,8,None,Move,browsing
1574508763.356,-340,8,None,Move,browsing
1574508763.363,-340,9,None,Move,browsing
1574508763.371,-340,11,None,Move,browsing
1574508763.38,-340,14,None,Move,browsing
1574508763.385,-340,18,None,Move,browsing
1574508763.395,-339,26,None,Move,browsing
1574508763.403,-338,34,None,Move,browsing
1574508763.4120002,-337,44,None,Move,browsing
1574508763.418,-335,54,None,Move,browsing
1574508763.428,-332,69,None,Move,browsing
1574508763.434,-330,85,None,Move,browsing
1574508763.4429998,-329,105,None,Move,browsing
1574508763.451,-327,127,None,Move,browsing
1574508763.46,-327,152,None,Move,browsing
1574508763.468,-327,179,None,Move,browsing
1574508763.475,-327,201,None,Move,browsing
1574508763.484,-327,215,None,Move,browsing
1574508763.492,-323,233,None,Move,browsing
1574508763.4989998,-322,253,None,Move,browsing
1574508763.5070002,-322,274,None,Move,browsing
1574508763.515,-322,277,None,Move,browsing
1574508763.66,-321,277,None,Move,browsing
1574508763.684,-321,279,None,Move,browsing
1574508763.691,-323,284,None,Move,browsing
1574508763.698,-323,284,None,Move,browsing
1574508763.704,-327,286,None,Move,browsing
1574508763.71,-335,291,None,Move,browsing
1574508763.716,-335,291,None,Move,browsing
1574508763.721,-340,295,None,Move,browsing
1574508763.7270002,-351,297,None,Move,browsing
1574508763.734,-362,299,None,Move,browsing
1574508763.74,-373,301,None,Move,browsing
1574508763.748,-388,306,None,Move,browsing
1574508763.755,-410,312,None,Move,browsing
1574508763.7629998,-424,315,None,Move,browsing
1574508763.771,-445,319,None,Move,browsing
1574508763.78,-471,325,None,Move,browsing
1574508763.7870002,-493,330,None,Move,browsing
1574508763.795,-510,332,None,Move,browsing
1574508763.803,-523,334,None,Move,browsing
1574508763.811,-532,335,None,Move,browsing
1574508763.8179998,-543,335,None,Move,browsing
1574508763.827,-551,335,None,Move,browsing
1574508763.835,-557,335,None,Move,browsing
1574508763.843,-566,334,None,Move,browsing
1574508763.851,-571,332,None,Move,browsing
1574508763.859,-576,331,None,Move,browsing
1574508763.8679998,-581,329,None,Move,browsing
1574508763.8760002,-585,325,None,Move,browsing
1574508763.883,-588,324,None,Move,browsing
1574508763.8920002,-590,320,None,Move,browsing
1574508763.899,-591,319,None,Move,browsing
1574508763.907,-591,318,None,Move,browsing
1574508763.917,-591,315,None,Move,browsing
1574508763.924,-590,312,None,Move,browsing
1574508763.9320002,-587,309,None,Move,browsing
1574508763.941,-585,304,None,Move,browsing
1574508763.948,-581,298,None,Move,browsing
1574508763.956,-577,294,None,Move,browsing
1574508763.9629998,-573,288,None,Move,browsing
1574508763.971,-569,282,None,Move,browsing
1574508763.979,-565,277,None,Move,browsing
1574508763.9870002,-563,273,None,Move,browsing
1574508763.996,-560,268,None,Move,browsing
1574508764.004,-558,265,None,Move,browsing
1574508764.012,-555,259,None,Move,browsing
1574508764.02,-552,255,None,Move,browsing
1574508764.0270002,-550,252,None,Move,browsing
1574508764.036,-547,248,None,Move,browsing
1574508764.043,-545,246,None,Move,browsing
1574508764.051,-542,243,None,Move,browsing
1574508764.06,-541,240,None,Move,browsing
1574508764.0679998,-539,238,None,Move,browsing
1574508764.076,-539,238,None,Move,browsing
1574508764.083,-538,237,None,Move,browsing
1574508764.188,-538,237,Left,Pressed,browsing
1574508764.218,-537,237,None,Drag,browsing
1574508764.276,-537,237,Left,Released,browsing
1574508764.796,-538,240,None,Move,browsing
1574508764.802,-539,243,None,Move,browsing
1574508764.811,-542,248,None,Move,browsing
1574508764.82,-546,255,None,Move,browsing
1574508764.8279998,-550,262,None,Move,browsing
1574508764.836,-555,267,None,Move,browsing
1574508764.844,-560,273,None,Move,browsing
1574508764.8520002,-567,282,None,Move,browsing
1574508764.86,-573,288,None,Move,browsing
1574508764.8679998,-576,292,None,Move,browsing
1574508764.8760002,-581,297,None,Move,browsing
1574508764.8839998,-584,300,None,Move,browsing
1574508764.8920002,-587,302,None,Move,browsing
1574508764.9,-588,304,None,Move,browsing
1574508764.908,-588,304,None,Move,browsing
1574508764.916,-589,305,None,Move,browsing
1574508765.076,-589,306,None,Move,browsing
1574508765.092,-590,307,None,Move,browsing
1574508765.1,-591,308,None,Move,browsing
1574508765.1079998,-593,309,None,Move,browsing
1574508765.115,-593,310,None,Move,browsing
1574508765.123,-595,311,None,Move,browsing
1574508765.131,-597,312,None,Move,browsing
1574508765.139,-600,312,None,Move,browsing
1574508765.147,-601,313,None,Move,browsing
1574508765.155,-603,314,None,Move,browsing
1574508765.163,-606,315,None,Move,browsing
1574508765.1720002,-608,316,None,Move,browsing
1574508765.18,-612,318,None,Move,browsing
1574508765.187,-613,319,None,Move,browsing
1574508765.196,-615,321,None,Move,browsing
1574508765.2029998,-616,321,None,Move,browsing
1574508765.211,-616,322,None,Move,browsing
1574508766.844,-616,322,Left,Pressed,browsing
1574508766.904,-616,322,Left,Released,browsing
1574508768.14,-618,322,None,Move,browsing
1574508768.149,-625,324,None,Move,browsing
1574508768.157,-630,325,None,Move,browsing
1574508768.165,-639,327,None,Move,browsing
1574508768.171,-651,329,None,Move,browsing
1574508768.179,-665,334,None,Move,browsing
1574508768.187,-683,338,None,Move,browsing
1574508768.196,-710,344,None,Move,browsing
1574508768.204,-732,352,None,Move,browsing
1574508768.2129998,-762,362,None,Move,browsing
1574508768.221,-803,375,None,Move,browsing
1574508768.228,-836,383,None,Move,browsing
1574508768.236,-871,394,None,Move,browsing
1574508768.244,-903,402,None,Move,browsing
1574508768.252,-928,408,None,Move,browsing
1574508768.26,-949,414,None,Move,browsing
1574508768.269,-968,418,None,Move,browsing
1574508768.2770002,-981,420,None,Move,browsing
1574508768.285,-991,422,None,Move,browsing
1574508768.292,-996,422,None,Move,browsing
1574508768.3,-998,422,None,Move,browsing
1574508768.3070002,-1000,420,None,Move,browsing
1574508768.315,-1001,418,None,Move,browsing
1574508768.324,-1001,417,None,Move,browsing
1574508768.332,-1001,415,None,Move,browsing
1574508768.34,-1001,413,None,Move,browsing
1574508768.707,-1001,413,None,Move,browsing
1574508768.715,-1001,414,None,Move,browsing
1574508768.722,-1001,415,None,Move,browsing
1574508768.7410002,-1002,416,None,Move,browsing
1574508768.756,-1002,417,None,Move,browsing
1574508768.764,-1002,417,None,Move,browsing
1574508768.772,-1003,418,None,Move,browsing
1574508768.78,-1003,418,None,Move,browsing
1574508768.789,-1004,420,None,Move,browsing
1574508768.7970002,-1004,422,None,Move,browsing
1574508768.804,-1005,423,None,Move,browsing
1574508768.812,-1005,425,None,Move,browsing
1574508768.819,-1006,427,None,Move,browsing
1574508768.827,-1007,430,None,Move,browsing
1574508768.836,-1009,433,None,Move,browsing
1574508768.845,-1010,438,None,Move,browsing
1574508768.853,-1013,444,None,Move,browsing
1574508768.861,-1016,451,None,Move,browsing
1574508768.867,-1019,459,None,Move,browsing
1574508768.875,-1023,468,None,Move,browsing
1574508768.883,-1026,476,None,Move,browsing
1574508768.893,-1030,484,None,Move,browsing
1574508768.9,-1034,494,None,Move,browsing
1574508768.909,-1038,503,None,Move,browsing
1574508768.917,-1041,510,None,Move,browsing
1574508768.924,-1045,518,None,Move,browsing
1574508768.9320002,-1048,523,None,Move,browsing
1574508768.94,-1049,527,None,Move,browsing
1574508768.949,-1050,529,None,Move,browsing
1574508768.957,-1051,531,None,Move,browsing
1574508768.965,-1051,531,None,Move,browsing
1574508768.972,-1051,532,None,Move,browsing
1574508768.98,-1052,533,None,Move,browsing
1574508768.988,-1052,533,None,Move,browsing
1574508769.004,-1052,534,None,Move,browsing
1574508769.0779998,-1054,534,None,Move,browsing
1574508769.0979998,-1054,533,None,Move,browsing
1574508769.1079998,-1055,532,None,Move,browsing
1574508769.117,-1055,532,None,Move,browsing
1574508769.125,-1056,530,None,Move,browsing
1574508769.1320002,-1057,529,None,Move,browsing
1574508769.14,-1058,527,None,Move,browsing
1574508769.1479998,-1059,526,None,Move,browsing
1574508769.155,-1059,525,None,Move,browsing
1574508769.164,-1060,523,None,Move,browsing
1574508769.171,-1061,520,None,Move,browsing
1574508769.18,-1062,517,None,Move,browsing
1574508769.188,-1062,516,None,Move,browsing
1574508769.197,-1062,514,None,Move,browsing
1574508769.205,-1062,513,None,Move,browsing
1574508769.212,-1063,510,None,Move,browsing
1574508769.22,-1063,508,None,Move,browsing
1574508769.228,-1063,507,None,Move,browsing
1574508769.2370002,-1063,506,None,Move,browsing
1574508769.245,-1063,504,None,Move,browsing
1574508769.2529998,-1063,503,None,Move,browsing
1574508769.2610002,-1063,503,None,Move,browsing
1574508769.268,-1063,502,None,Move,browsing
1574508769.276,-1063,501,None,Move,browsing
1574508769.354,-1063,501,Left,Pressed,browsing
1574508769.437,-1063,501,Left,Released,browsing
1574508769.916,-1063,501,None,Move,browsing
1574508769.9320002,-1062,500,None,Move,browsing
1574508769.94,-1061,500,None,Move,browsing
1574508769.948,-1059,499,None,Move,browsing
1574508769.957,-1057,498,None,Move,browsing
1574508769.964,-1056,498,None,Move,browsing
1574508769.971,-1053,498,None,Move,browsing
1574508769.98,-1049,497,None,Move,browsing
1574508769.988,-1044,497,None,Move,browsing
1574508769.9970002,-1036,497,None,Move,browsing
1574508770.005,-1024,497,None,Move,browsing
1574508770.012,-1012,499,None,Move,browsing
1574508770.02,-997,500,None,Move,browsing
1574508770.028,-976,502,None,Move,browsing
1574508770.036,-943,504,None,Move,browsing
1574508770.044,-910,506,None,Move,browsing
1574508770.053,-871,509,None,Move,browsing
1574508770.061,-821,513,None,Move,browsing
1574508770.069,-780,517,None,Move,browsing
1574508770.077,-747,518,None,Move,browsing
1574508770.085,-710,522,None,Move,browsing
1574508770.092,-676,527,None,Move,browsing
1574508770.1,-647,533,None,Move,browsing
1574508770.109,-621,538,None,Move,browsing
1574508770.117,-600,542,None,Move,browsing
1574508770.1239998,-586,546,None,Move,browsing
1574508770.1320002,-575,548,None,Move,browsing
1574508770.141,-568,549,None,Move,browsing
1574508770.1479998,-563,550,None,Move,browsing
1574508770.155,-558,551,None,Move,browsing
1574508770.164,-557,552,None,Move,browsing
1574508770.173,-556,552,None,Move,browsing
1574508770.189,-556,552,Left,Pressed,browsing
1574508770.268,-556,552,Left,Released,browsing
1574508770.332,-558,552,None,Move,browsing
1574508770.34,-564,552,None,Move,browsing
1574508770.349,-578,551,None,Move,browsing
1574508770.356,-593,549,None,Move,browsing
1574508770.3639998,-621,545,None,Move,browsing
1574508770.3720002,-657,544,None,Move,browsing
1574508770.38,-704,540,None,Move,browsing
1574508770.3879998,-758,538,None,Move,browsing
1574508770.396,-823,536,None,Move,browsing
1574508770.404,-880,534,None,Move,browsing
1574508770.4120002,-929,534,None,Move,browsing
1574508770.421,-964,534,None,Move,browsing
1574508770.429,-989,534,None,Move,browsing
1574508770.436,-1001,534,None,Move,browsing
1574508770.444,-1009,533,None,Move,browsing
1574508770.4529998,-1013,532,None,Move,browsing
1574508770.461,-1018,530,None,Move,browsing
1574508770.468,-1019,530,None,Move,browsing
1574508770.4770002,-1021,530,None,Move,browsing
1574508770.485,-1021,530,None,Move,browsing
1574508770.556,-1022,529,None,Move,browsing
1574508770.565,-1022,528,None,Move,browsing
1574508770.573,-1022,526,None,Move,browsing
1574508770.581,-1022,524,None,Move,browsing
1574508770.589,-1023,523,None,Move,browsing
1574508770.597,-1024,522,None,Move,browsing
1574508770.604,-1024,520,None,Move,browsing
1574508770.6120002,-1024,519,None,Move,browsing
1574508770.621,-1024,518,None,Move,browsing
1574508770.629,-1024,516,None,Move,browsing
1574508770.6360002,-1024,514,None,Move,browsing
1574508770.644,-1024,513,None,Move,browsing
1574508770.653,-1024,512,None,Move,browsing
1574508770.66,-1024,509,None,Move,browsing
1574508770.668,-1024,508,None,Move,browsing
1574508770.677,-1024,505,None,Move,browsing
1574508770.685,-1024,502,None,Move,browsing
1574508770.6929998,-1024,501,None,Move,browsing
1574508770.7,-1024,500,None,Move,browsing
1574508770.708,-1024,499,None,Move,browsing
1574508770.717,-1024,499,None,Move,browsing
1574508770.771,-1024,499,Left,Pressed,browsing
1574508770.853,-1024,499,Left,Released,browsing
1574508771.119,-1024,499,None,Move,browsing
1574508771.1339998,-1015,499,None,Move,browsing
1574508771.149,-1007,499,None,Move,browsing
1574508771.156,-992,500,None,Move,browsing
1574508771.165,-971,503,None,Move,browsing
1574508771.1720002,-932,508,None,Move,browsing
1574508771.18,-903,511,None,Move,browsing
1574508771.188,-861,517,None,Move,browsing
1574508771.197,-809,522,None,Move,browsing
1574508771.205,-759,530,None,Move,browsing
1574508771.212,-709,534,None,Move,browsing
1574508771.221,-659,540,None,Move,browsing
1574508771.229,-617,545,None,Move,browsing
1574508771.236,-581,550,None,Move,browsing
1574508771.244,-549,555,None,Move,browsing
1574508771.252,-525,560,None,Move,browsing
1574508771.2610002,-507,562,None,Move,browsing
1574508771.268,-495,565,None,Move,browsing
1574508771.276,-486,566,None,Move,browsing
1574508771.284,-478,568,None,Move,browsing
1574508771.292,-472,569,None,Move,browsing
1574508771.3,-469,569,None,Move,browsing
1574508771.3079998,-468,569,None,Move,browsing
1574508771.3170002,-466,569,None,Move,browsing
1574508771.325,-465,569,None,Move,browsing
1574508771.341,-465,569,None,Move,browsing
1574508771.357,-464,569,None,Move,browsing
1574508771.789,-464,569,None,Move,browsing
1574508771.804,-465,569,None,Move,browsing
1574508771.822,-466,569,None,Move,browsing
1574508771.829,-467,569,None,Move,browsing
1574508771.836,-468,569,None,Move,browsing
1574508771.844,-469,569,None,Move,browsing
1574508771.851,-469,569,None,Move,browsing
1574508771.8579998,-470,569,None,Move,browsing
1574508782.0010002,-470,569,None,Move,browsing
1574508782.01,-454,569,None,Move,browsing
1574508782.141,-453,570,None,Move,browsing
1574508782.15,-453,570,None,Move,browsing
1574508782.157,-452,570,None,Move,browsing
1574508782.174,-452,570,None,Move,browsing
1574508782.19,-451,570,None,Move,browsing
1574508782.198,-451,570,None,Move,browsing
1574508782.206,-450,570,None,Move,browsing
1574508782.2129998,-449,570,None,Move,browsing
1574508782.221,-448,570,None,Move,browsing
1574508782.23,-447,570,None,Move,browsing
1574508782.238,-445,570,None,Move,browsing
1574508782.246,-444,570,None,Move,browsing
1574508782.254,-441,569,None,Move,browsing
1574508782.262,-439,569,None,Move,browsing
1574508782.269,-437,569,None,Move,browsing
1574508782.2770002,-434,568,None,Move,browsing
1574508782.286,-431,568,None,Move,browsing
1574508782.294,-426,568,None,Move,browsing
1574508782.309,-419,567,None,Move,browsing
1574508782.3179998,-402,564,None,Move,browsing
1574508782.326,-395,562,None,Move,browsing
1574508782.334,-386,561,None,Move,browsing
1574508782.342,-381,560,None,Move,browsing
1574508782.35,-377,559,None,Move,browsing
1574508782.3579998,-370,558,None,Move,browsing
1574508782.3660002,-365,557,None,Move,browsing
1574508782.3739998,-360,557,None,Move,browsing
1574508782.381,-355,556,None,Move,browsing
1574508782.389,-351,555,None,Move,browsing
1574508782.397,-349,555,None,Move,browsing
1574508782.406,-347,554,None,Move,browsing
1574508782.414,-344,553,None,Move,browsing
1574508782.424,-344,553,None,Move,browsing
1574508782.431,-343,553,None,Move,browsing
1574508782.438,-342,552,None,Move,browsing
1574508782.454,-342,552,None,Move,browsing
1574508782.462,-340,551,None,Move,browsing
1574508782.478,-339,550,None,Move,browsing
1574508782.486,-338,549,None,Move,browsing
1574508782.494,-337,548,None,Move,browsing
1574508782.502,-336,548,None,Move,browsing
1574508782.51,-334,547,None,Move,browsing
1574508782.518,-332,545,None,Move,browsing
1574508782.526,-329,544,None,Move,browsing
1574508782.534,-325,542,None,Move,browsing
1574508782.542,-322,540,None,Move,browsing
1574508782.55,-317,538,None,Move,browsing
1574508782.5570002,-314,535,None,Move,browsing
1574508782.565,-311,534,None,Move,browsing
1574508782.574,-309,533,None,Move,browsing
1574508782.582,-305,531,None,Move,browsing
1574508782.59,-304,531,None,Move,browsing
1574508782.5979998,-303,530,None,Move,browsing
1574508782.606,-300,528,None,Move,browsing
1574508782.613,-300,528,None,Move,browsing
1574508782.621,-299,528,None,Move,browsing
1574508782.63,-299,527,None,Move,browsing
1574508782.6379998,-298,527,None,Move,browsing
1574508782.647,-297,527,None,Move,browsing
1574508782.654,-297,526,None,Move,browsing
1574508782.766,-297,526,None,Move,browsing
1574508782.782,-297,526,None,Move,browsing
1574508782.941,-297,526,None,Move,browsing
1574508782.949,-297,525,None,Move,browsing
1574508782.956,-297,524,None,Move,browsing
1574508782.9729998,-298,522,None,Move,browsing
1574508782.981,-300,521,None,Move,browsing
1574508782.9889998,-303,519,None,Move,browsing
1574508782.9970002,-309,515,None,Move,browsing
1574508783.005,-315,510,None,Move,browsing
1574508783.0129998,-324,504,None,Move,browsing
1574508783.02,-334,497,None,Move,browsing
1574508783.029,-345,488,None,Move,browsing
1574508783.0370002,-365,473,None,Move,browsing
1574508783.048,-380,459,None,Move,browsing
1574508783.056,-397,446,None,Move,browsing
1574508783.063,-417,429,None,Move,browsing
1574508783.07,-437,414,None,Move,browsing
1574508783.079,-462,396,None,Move,browsing
1574508783.085,-479,383,None,Move,browsing
1574508783.094,-495,372,None,Move,browsing
1574508783.101,-502,369,None,Move,browsing
1574508783.109,-507,365,None,Move,browsing
1574508783.117,-509,364,None,Move,browsing
1574508783.1260002,-511,363,None,Move,browsing
1574508783.133,-513,362,None,Move,browsing
1574508783.143,-514,360,None,Move,browsing
1574508783.1520002,-516,360,None,Move,browsing
1574508783.1620002,-518,358,None,Move,browsing
1574508783.17,-520,357,None,Move,browsing
1574508783.181,-522,355,None,Move,browsing
1574508783.186,-523,355,None,Move,browsing
1574508783.196,-523,354,None,Move,browsing
1574508783.202,-524,353,None,Move,browsing
1574508783.214,-525,352,None,Move,browsing
1574508783.222,-525,351,None,Move,browsing
1574508783.23,-525,350,None,Move,browsing
1574508783.238,-525,348,None,Move,browsing
1574508783.2470002,-525,345,None,Move,browsing
1574508783.254,-525,343,None,Move,browsing
1574508783.262,-525,339,None,Move,browsing
1574508783.271,-525,333,None,Move,browsing
1574508783.279,-525,329,None,Move,browsing
1574508783.286,-526,323,None,Move,browsing
1574508783.2970002,-526,318,None,Move,browsing
1574508783.304,-526,314,None,Move,browsing
1574508783.312,-527,307,None,Move,browsing
1574508783.3179998,-527,300,None,Move,browsing
1574508783.332,-528,295,None,Move,browsing
1574508783.342,-532,275,None,Move,browsing
1574508783.349,-535,264,None,Move,browsing
1574508783.3579998,-538,255,None,Move,browsing
1574508783.367,-541,246,None,Move,browsing
1574508783.3760002,-544,239,None,Move,browsing
1574508783.3820002,-546,235,None,Move,browsing
1574508783.39,-547,233,None,Move,browsing
1574508783.3979998,-547,232,None,Move,browsing
1574508783.5170002,-548,232,None,Move,browsing
1574508783.534,-548,232,None,Move,browsing
1574508783.541,-549,232,None,Move,browsing
1574508783.549,-549,232,None,Move,browsing
1574508783.5570002,-551,232,None,Move,browsing
1574508783.565,-551,232,None,Move,browsing
1574508783.582,-552,233,None,Move,browsing
1574508783.653,-552,233,None,Move,browsing
1574508783.661,-552,234,None,Move,browsing
1574508783.685,-552,234,None,Move,browsing
1574508783.6929998,-552,235,None,Move,browsing
1574508784.006,-552,236,None,Move,browsing
1574508784.0129998,-552,237,None,Move,browsing
1574508784.03,-552,237,None,Move,browsing
1574508784.0370002,-552,238,None,Move,browsing
1574508784.045,-550,239,None,Move,browsing
1574508784.062,-550,239,None,Move,browsing
1574508784.069,-549,239,None,Move,browsing
1574508784.0779998,-549,239,None,Move,browsing
1574508784.086,-548,240,None,Move,browsing
1574508784.1020002,-547,240,None,Move,browsing
1574508784.11,-545,240,None,Move,browsing
1574508784.1179998,-542,240,None,Move,browsing
1574508784.1260002,-533,243,None,Move,browsing
1574508784.1339998,-525,245,None,Move,browsing
1574508784.1420002,-512,248,None,Move,browsing
1574508784.15,-486,257,None,Move,browsing
1574508784.157,-447,269,None,Move,browsing
1574508784.165,-404,283,None,Move,browsing
1574508784.174,-355,300,None,Move,browsing
1574508784.1829998,-313,315,None,Move,browsing
1574508784.189,-264,337,None,Move,browsing
1574508784.197,-211,357,None,Move,browsing
1574508784.214,-159,382,None,Move,browsing
1574508784.22,-122,398,None,Move,browsing
1574508784.2270002,-96,413,None,Move,browsing
1574508784.232,-80,422,None,Move,browsing
1574508784.2389998,-69,430,None,Move,browsing
1574508784.246,-60,436,None,Move,browsing
1574508784.252,-57,439,None,Move,browsing
1574508784.262,-57,441,None,Move,browsing
1574508784.27,-56,443,None,Move,browsing
1574508784.278,-56,444,None,Move,browsing
1574508784.367,-56,444,None,Move,browsing
1574508784.3739998,-58,443,None,Move,browsing
1574508784.3820002,-61,441,None,Move,browsing
1574508784.39,-66,438,None,Move,browsing
1574508784.3979998,-73,435,None,Move,browsing
1574508784.406,-79,431,None,Move,browsing
1574508784.414,-86,428,None,Move,browsing
1574508784.4220002,-93,425,None,Move,browsing
1574508784.43,-102,422,None,Move,browsing
1574508784.438,-114,419,None,Move,browsing
1574508784.445,-122,414,None,Move,browsing
1574508784.4529998,-131,412,None,Move,browsing
1574508784.461,-136,410,None,Move,browsing
1574508784.469,-143,407,None,Move,browsing
1574508784.478,-149,405,None,Move,browsing
1574508784.486,-155,403,None,Move,browsing
1574508784.494,-158,402,None,Move,browsing
1574508784.5010002,-161,401,None,Move,browsing
1574508784.5089998,-163,400,None,Move,browsing
1574508784.5170002,-165,400,None,Move,browsing
1574508784.526,-166,399,None,Move,browsing
1574508784.534,-168,398,None,Move,browsing
1574508784.541,-171,397,None,Move,browsing
1574508784.549,-174,397,None,Move,browsing
1574508784.5579998,-175,397,None,Move,browsing
1574508784.566,-177,397,None,Move,browsing
1574508784.574,-179,396,None,Move,browsing
1574508784.582,-181,396,None,Move,browsing
1574508784.59,-182,395,None,Move,browsing
1574508784.5979998,-183,395,None,Move,browsing
1574508784.677,-183,395,None,Move,browsing
1574508784.685,-183,395,None,Move,browsing
1574508784.694,-184,394,None,Move,browsing
1574508784.701,-186,393,None,Move,browsing
1574508784.709,-187,392,None,Move,browsing
1574508784.717,-189,390,None,Move,browsing
1574508784.726,-193,388,None,Move,browsing
1574508784.734,-194,387,None,Move,browsing
1574508784.7410002,-197,385,None,Move,browsing
1574508784.7489998,-199,383,None,Move,browsing
1574508784.758,-201,380,None,Move,browsing
1574508784.766,-203,378,None,Move,browsing
1574508784.7729998,-206,376,None,Move,browsing
1574508784.781,-209,373,None,Move,browsing
1574508784.79,-209,373,None,Move,browsing
1574508784.798,-210,372,None,Move,browsing
1574508784.806,-210,372,None,Move,browsing
1574508784.854,-210,372,Left,Pressed,browsing
1574508784.917,-210,372,Left,Released,browsing
1574508784.982,-213,371,None,Move,browsing
1574508784.99,-216,369,None,Move,browsing
1574508784.9970002,-225,367,None,Move,browsing
1574508785.005,-242,362,None,Move,browsing
1574508785.0129998,-266,356,None,Move,browsing
1574508785.021,-301,349,None,Move,browsing
1574508785.03,-330,343,None,Move,browsing
1574508785.038,-375,335,None,Move,browsing
1574508785.045,-415,328,None,Move,browsing
1574508785.053,-452,321,None,Move,browsing
1574508785.061,-487,314,None,Move,browsing
1574508785.069,-511,308,None,Move,browsing
1574508785.077,-530,302,None,Move,browsing
1574508785.085,-541,299,None,Move,browsing
1574508785.093,-553,295,None,Move,browsing
1574508785.101,-564,291,None,Move,browsing
1574508785.109,-571,288,None,Move,browsing
1574508785.117,-580,286,None,Move,browsing
1574508785.125,-584,284,None,Move,browsing
1574508785.133,-589,283,None,Move,browsing
1574508785.141,-591,283,None,Move,browsing
1574508785.149,-592,282,None,Move,browsing
1574508785.157,-594,281,None,Move,browsing
1574508785.222,-594,281,None,Move,browsing
1574508785.23,-595,281,None,Move,browsing
1574508785.238,-596,280,None,Move,browsing
1574508785.246,-598,279,None,Move,browsing
1574508785.2529998,-600,278,None,Move,browsing
1574508785.2610002,-602,277,None,Move,browsing
1574508785.269,-603,276,None,Move,browsing
1574508785.2770002,-606,275,None,Move,browsing
1574508785.285,-606,274,None,Move,browsing
1574508785.293,-607,272,None,Move,browsing
1574508785.301,-607,271,None,Move,browsing
1574508785.309,-607,270,None,Move,browsing
1574508785.3179998,-607,268,None,Move,browsing
1574508785.326,-607,267,None,Move,browsing
1574508785.334,-607,266,None,Move,browsing
1574508785.342,-606,264,None,Move,browsing
1574508785.349,-604,262,None,Move,browsing
1574508785.357,-602,261,None,Move,browsing
1574508785.3660002,-601,259,None,Move,browsing
1574508785.3860002,-598,258,None,Move,browsing
1574508785.394,-592,255,None,Move,browsing
1574508785.4020002,-591,254,None,Move,browsing
1574508785.41,-589,253,None,Move,browsing
1574508785.418,-588,253,None,Move,browsing
1574508785.427,-587,253,None,Move,browsing
1574508785.434,-587,253,None,Move,browsing
1574508785.4420002,-586,253,None,Move,browsing
1574508785.515,-586,253,Left,Pressed,browsing
1574508785.586,-586,253,Left,Released,browsing
1574508785.946,-586,255,None,Move,browsing
1574508785.954,-586,257,None,Move,browsing
1574508785.962,-587,260,None,Move,browsing
1574508785.97,-588,263,None,Move,browsing
1574508785.978,-588,264,None,Move,browsing
1574508785.986,-589,267,None,Move,browsing
1574508785.994,-591,272,None,Move,browsing
1574508786.002,-593,276,None,Move,browsing
1574508786.01,-594,281,None,Move,browsing
1574508786.018,-594,284,None,Move,browsing
1574508786.026,-596,287,None,Move,browsing
1574508786.034,-597,289,None,Move,browsing
1574508786.041,-598,293,None,Move,browsing
1574508786.049,-600,297,None,Move,browsing
1574508786.0579998,-601,299,None,Move,browsing
1574508786.066,-601,302,None,Move,browsing
1574508786.073,-601,303,None,Move,browsing
1574508786.081,-602,305,None,Move,browsing
1574508786.09,-603,306,None,Move,browsing
1574508786.097,-603,307,None,Move,browsing
1574508786.105,-603,309,None,Move,browsing
1574508786.1139998,-603,310,None,Move,browsing
1574508786.1220002,-604,311,None,Move,browsing
1574508786.13,-604,312,None,Move,browsing
1574508786.137,-605,312,None,Move,browsing
1574508786.145,-605,314,None,Move,browsing
1574508786.204,-605,314,None,Move,browsing
1574508786.22,-606,315,None,Move,browsing
1574508786.25,-607,317,None,Move,browsing
1574508786.266,-607,317,None,Move,browsing
1574508786.298,-608,318,None,Move,browsing
1574508786.401,-608,318,None,Move,browsing
1574508786.434,-608,318,Left,Pressed,browsing
1574508786.471,-608,318,Left,Released,browsing
1574508787.946,-604,321,None,Move,browsing
1574508787.961,-597,323,None,Move,browsing
1574508787.968,-587,327,None,Move,browsing
1574508787.9829998,-543,340,None,Move,browsing
1574508787.9989998,-479,355,None,Move,browsing
1574508788.015,-399,371,None,Move,browsing
1574508788.048,-300,393,None,Move,browsing
1574508788.059,-174,421,None,Move,browsing
1574508788.071,-150,427,None,Move,browsing
1574508788.08,-136,430,None,Move,browsing
1574508788.087,-125,435,None,Move,browsing
1574508788.093,-117,438,None,Move,browsing
1574508788.1,-111,441,None,Move,browsing
1574508788.1079998,-109,441,None,Move,browsing
1574508788.115,-106,443,None,Move,browsing
1574508788.1220002,-106,444,None,Move,browsing
1574508788.127,-105,444,None,Move,browsing
1574508788.1360002,-105,445,None,Move,browsing
1574508788.145,-104,445,None,Move,browsing
1574508788.153,-104,447,None,Move,browsing
1574508788.161,-104,447,None,Move,browsing
1574508788.169,-103,448,None,Move,browsing
1574508788.175,-103,450,None,Move,browsing
1574508788.1829998,-103,451,None,Move,browsing
1574508788.1920002,-102,452,None,Move,browsing
1574508788.199,-101,454,None,Move,browsing
1574508788.209,-101,454,None,Move,browsing
1574508788.217,-101,456,None,Move,browsing
1574508788.224,-101,457,None,Move,browsing
1574508788.232,-100,458,None,Move,browsing
1574508788.24,-100,459,None,Move,browsing
1574508788.248,-100,461,None,Move,browsing
1574508788.256,-100,462,None,Move,browsing
1574508788.276,-100,464,None,Move,browsing
1574508788.282,-99,465,None,Move,browsing
1574508788.288,-99,466,None,Move,browsing
1574508788.296,-98,468,None,Move,browsing
1574508788.304,-98,469,None,Move,browsing
1574508788.312,-98,470,None,Move,browsing
1574508788.321,-98,471,None,Move,browsing
1574508788.329,-98,472,None,Move,browsing
1574508788.336,-98,474,None,Move,browsing
1574508788.343,-98,475,None,Move,browsing
1574508788.3520002,-97,476,None,Move,browsing
1574508788.359,-97,477,None,Move,browsing
1574508788.377,-96,479,None,Move,browsing
1574508788.385,-96,480,None,Move,browsing
1574508788.393,-96,481,None,Move,browsing
1574508788.401,-96,481,None,Move,browsing
1574508788.408,-95,482,None,Move,browsing
1574508788.424,-95,482,None,Move,browsing
1574508788.449,-95,483,None,Move,browsing
1574508791.4020002,-96,484,None,Move,browsing
1574508791.417,-99,484,None,Move,browsing
1574508791.425,-102,484,None,Move,browsing
1574508791.4320002,-107,485,None,Move,browsing
1574508791.44,-117,485,None,Move,browsing
1574508791.449,-131,488,None,Move,browsing
1574508791.456,-152,490,None,Move,browsing
1574508791.464,-183,493,None,Move,browsing
1574508791.472,-219,497,None,Move,browsing
1574508791.48,-257,499,None,Move,browsing
1574508791.488,-299,500,None,Move,browsing
1574508791.495,-345,502,None,Move,browsing
1574508791.504,-383,502,None,Move,browsing
1574508791.512,-443,501,None,Move,browsing
1574508791.52,-492,499,None,Move,browsing
1574508791.528,-544,498,None,Move,browsing
1574508791.536,-601,494,None,Move,browsing
1574508791.544,-648,492,None,Move,browsing
1574508791.552,-678,490,None,Move,browsing
1574508791.56,-714,488,None,Move,browsing
1574508791.5679998,-755,487,None,Move,browsing
1574508791.576,-784,483,None,Move,browsing
1574508791.584,-812,480,None,Move,browsing
1574508791.592,-830,478,None,Move,browsing
1574508791.6,-852,476,None,Move,browsing
1574508791.6079998,-875,473,None,Move,browsing
1574508791.6160002,-895,472,None,Move,browsing
1574508791.6239998,-924,467,None,Move,browsing
1574508791.6320002,-945,463,None,Move,browsing
1574508791.64,-960,462,None,Move,browsing
1574508791.6479998,-976,461,None,Move,browsing
1574508791.656,-992,458,None,Move,browsing
1574508791.664,-1001,456,None,Move,browsing
1574508791.671,-1012,455,None,Move,browsing
1574508791.68,-1022,453,None,Move,browsing
1574508791.688,-1027,451,None,Move,browsing
1574508791.696,-1033,449,None,Move,browsing
1574508791.702,-1040,447,None,Move,browsing
1574508791.712,-1045,445,None,Move,browsing
1574508791.721,-1049,444,None,Move,browsing
1574508791.728,-1055,442,None,Move,browsing
1574508791.736,-1061,441,None,Move,browsing
1574508791.744,-1066,440,None,Move,browsing
1574508791.752,-1071,439,None,Move,browsing
1574508791.7610002,-1074,438,None,Move,browsing
1574508791.769,-1076,438,None,Move,browsing
1574508791.776,-1078,438,None,Move,browsing
1574508791.783,-1078,438,None,Move,browsing
1574508791.793,-1080,438,None,Move,browsing
1574508791.8,-1081,438,None,Move,browsing
1574508791.8079998,-1082,438,None,Move,browsing
1574508791.816,-1083,438,None,Move,browsing
1574508791.824,-1086,438,None,Move,browsing
1574508791.833,-1089,438,None,Move,browsing
1574508791.84,-1092,438,None,Move,browsing
1574508791.849,-1097,439,None,Move,browsing
1574508791.857,-1102,440,None,Move,browsing
1574508791.865,-1107,441,None,Move,browsing
1574508791.8720002,-1114,443,None,Move,browsing
1574508791.88,-1117,443,None,Move,browsing
1574508791.889,-1123,444,None,Move,browsing
1574508791.896,-1128,444,None,Move,browsing
1574508791.905,-1133,444,None,Move,browsing
1574508791.9120002,-1140,445,None,Move,browsing
1574508791.92,-1145,445,None,Move,browsing
1574508791.929,-1148,446,None,Move,browsing
1574508791.937,-1151,446,None,Move,browsing
1574508791.945,-1154,447,None,Move,browsing
1574508791.952,-1157,448,None,Move,browsing
1574508791.96,-1160,448,None,Move,browsing
1574508791.968,-1164,449,None,Move,browsing
1574508791.9770002,-1166,449,None,Move,browsing
1574508791.985,-1170,451,None,Move,browsing
1574508791.992,-1174,452,None,Move,browsing
1574508792.0,-1179,453,None,Move,browsing
1574508792.0089998,-1183,454,None,Move,browsing
1574508792.016,-1189,454,None,Move,browsing
1574508792.025,-1194,456,None,Move,browsing
1574508792.033,-1200,457,None,Move,browsing
1574508792.041,-1207,458,None,Move,browsing
1574508792.048,-1212,459,None,Move,browsing
1574508792.056,-1218,459,None,Move,browsing
1574508792.065,-1222,459,None,Move,browsing
1574508792.073,-1228,460,None,Move,browsing
1574508792.081,-1231,460,None,Move,browsing
1574508792.089,-1234,460,None,Move,browsing
1574508792.097,-1236,460,None,Move,browsing
1574508792.105,-1238,460,None,Move,browsing
1574508792.113,-1240,460,None,Move,browsing
1574508792.121,-1241,460,None,Move,browsing
1574508792.1279998,-1242,460,None,Move,browsing
1574508792.1360002,-1243,460,None,Move,browsing
1574508792.145,-1244,460,None,Move,browsing
1574508792.1520002,-1245,460,None,Move,browsing
1574508792.161,-1246,460,None,Move,browsing
1574508792.168,-1247,460,None,Move,browsing
1574508792.201,-1247,460,None,Move,browsing
1574508792.281,-1247,460,Left,Pressed,browsing
1574508792.335,-1247,460,Left,Released,browsing
1574508794.177,-1247,460,None,Move,browsing
1574508794.185,-1245,459,None,Move,browsing
1574508794.194,-1241,457,None,Move,browsing
1574508794.201,-1232,456,None,Move,browsing
1574508794.209,-1224,455,None,Move,browsing
1574508794.217,-1212,455,None,Move,browsing
1574508794.225,-1198,455,None,Move,browsing
1574508794.2329998,-1177,454,None,Move,browsing
1574508794.2410002,-1153,454,None,Move,browsing
1574508794.248,-1126,454,None,Move,browsing
1574508794.2570002,-1098,455,None,Move,browsing
1574508794.264,-1060,455,None,Move,browsing
1574508794.274,-1016,456,None,Move,browsing
1574508794.281,-977,458,None,Move,browsing
1574508794.29,-934,460,None,Move,browsing
1574508794.2970002,-884,464,None,Move,browsing
1574508794.306,-832,470,None,Move,browsing
1574508794.313,-779,473,None,Move,browsing
1574508794.32,-724,481,None,Move,browsing
1574508794.329,-671,487,None,Move,browsing
1574508794.337,-629,493,None,Move,browsing
1574508794.345,-590,496,None,Move,browsing
1574508794.353,-567,501,None,Move,browsing
1574508794.361,-538,506,None,Move,browsing
1574508794.3679998,-517,508,None,Move,browsing
1574508794.377,-504,511,None,Move,browsing
1574508794.385,-492,513,None,Move,browsing
1574508794.393,-484,514,None,Move,browsing
1574508794.4,-478,515,None,Move,browsing
1574508794.408,-474,516,None,Move,browsing
1574508794.417,-473,516,None,Move,browsing
1574508794.425,-472,516,None,Move,browsing
1574508794.53,-471,516,None,Move,browsing
1574508794.544,-470,516,None,Move,browsing
1574508794.561,-470,516,None,Move,browsing
1574508794.579,-469,516,None,Move,browsing
1574508794.601,-469,516,None,Move,browsing
1574508794.609,-471,515,None,Move,browsing
1574508794.6160002,-473,514,None,Move,browsing
1574508794.6239998,-478,512,None,Move,browsing
1574508794.633,-481,511,None,Move,browsing
1574508794.641,-488,510,None,Move,browsing
1574508794.651,-496,508,None,Move,browsing
1574508794.66,-504,507,None,Move,browsing
1574508794.666,-515,504,None,Move,browsing
1574508794.675,-524,503,None,Move,browsing
1574508794.6820002,-533,501,None,Move,browsing
1574508794.69,-545,499,None,Move,browsing
1574508794.697,-556,498,None,Move,browsing
1574508794.706,-567,495,None,Move,browsing
1574508794.7129998,-579,494,None,Move,browsing
1574508794.721,-588,493,None,Move,browsing
1574508794.729,-595,492,None,Move,browsing
1574508794.7370002,-605,491,None,Move,browsing
1574508794.745,-613,490,None,Move,browsing
1574508794.754,-621,489,None,Move,browsing
1574508794.7610002,-626,489,None,Move,browsing
1574508794.768,-631,488,None,Move,browsing
1574508794.776,-633,488,None,Move,browsing
1574508794.784,-635,488,None,Move,browsing
1574508794.792,-637,488,None,Move,browsing
1574508794.8,-638,488,None,Move,browsing
1574508794.8079998,-639,488,None,Move,browsing
1574508794.8170002,-640,488,None,Move,browsing
1574508794.833,-640,488,None,Move,browsing
1574508794.844,-641,488,None,Move,browsing
1574508794.857,-641,488,None,Move,browsing
1574508794.873,-642,488,None,Move,browsing
1574508794.8820002,-644,488,None,Move,browsing
1574508794.891,-646,488,None,Move,browsing
1574508794.897,-650,489,None,Move,browsing
1574508794.906,-653,489,None,Move,browsing
1574508794.9120002,-655,489,None,Move,browsing
1574508794.9220002,-658,489,None,Move,browsing
1574508794.93,-661,489,None,Move,browsing
1574508794.938,-662,489,None,Move,browsing
1574508794.945,-663,489,None,Move,browsing
1574508794.978,-663,489,None,Move,browsing
1574508795.0010002,-663,490,None,Move,browsing
1574508795.0170002,-664,490,None,Move,browsing
1574508795.034,-664,491,None,Move,browsing
1574508795.05,-665,491,None,Move,browsing
1574508795.065,-666,492,None,Move,browsing
1574508795.074,-667,492,None,Move,browsing
1574508795.081,-668,493,None,Move,browsing
1574508795.09,-669,494,None,Move,browsing
1574508795.097,-671,494,None,Move,browsing
1574508795.106,-671,495,None,Move,browsing
1574508795.113,-672,496,None,Move,browsing
1574508795.12,-672,496,None,Move,browsing
1574508795.24,-672,496,Left,Pressed,browsing
1574508795.345,-672,496,None,Drag,browsing
1574508795.354,-672,497,None,Drag,browsing
1574508795.365,-670,497,None,Drag,browsing
1574508795.375,-667,497,None,Drag,browsing
1574508795.381,-665,497,None,Drag,browsing
1574508795.389,-662,497,None,Drag,browsing
1574508795.396,-657,498,None,Drag,browsing
1574508795.4020002,-651,498,None,Drag,browsing
1574508795.411,-643,499,None,Drag,browsing
1574508795.417,-635,500,None,Drag,browsing
1574508795.425,-625,500,None,Drag,browsing
1574508795.4329998,-616,501,None,Drag,browsing
1574508795.4420002,-606,502,None,Drag,browsing
1574508795.449,-595,504,None,Drag,browsing
1574508795.457,-587,504,None,Drag,browsing
1574508795.465,-575,505,None,Drag,browsing
1574508795.4729998,-565,506,None,Drag,browsing
1574508795.481,-558,507,None,Drag,browsing
1574508795.49,-549,508,None,Drag,browsing
1574508795.4970002,-541,509,None,Drag,browsing
1574508795.505,-530,510,None,Drag,browsing
1574508795.5129998,-525,510,None,Drag,browsing
1574508795.521,-518,511,None,Drag,browsing
1574508795.529,-512,512,None,Drag,browsing
1574508795.536,-508,512,None,Drag,browsing
1574508795.545,-505,512,None,Drag,browsing
1574508795.553,-502,512,None,Drag,browsing
1574508795.562,-500,512,None,Drag,browsing
1574508795.5679998,-499,512,None,Drag,browsing
1574508795.577,-498,512,None,Drag,browsing
1574508795.584,-498,512,None,Drag,browsing
1574508795.6179998,-497,512,None,Drag,browsing
1574508795.639,-496,512,None,Drag,browsing
1574508795.649,-496,512,None,Drag,browsing
1574508795.659,-495,512,None,Drag,browsing
1574508795.674,-495,512,None,Drag,browsing
1574508795.689,-494,512,None,Drag,browsing
1574508795.697,-494,512,None,Drag,browsing
1574508795.722,-493,512,None,Drag,browsing
1574508795.745,-492,512,None,Drag,browsing
1574508795.7529998,-492,512,None,Drag,browsing
1574508795.768,-491,512,None,Drag,browsing
1574508795.794,-490,512,None,Drag,browsing
1574508795.825,-490,512,None,Drag,browsing
1574508795.9929998,-490,512,Left,Released,browsing
1574508796.056,-489,512,None,Move,browsing
1574508796.065,-488,511,None,Move,browsing
1574508796.075,-484,510,None,Move,browsing
1574508796.082,-478,509,None,Move,browsing
1574508796.092,-473,509,None,Move,browsing
1574508796.0979998,-464,508,None,Move,browsing
1574508796.106,-454,507,None,Move,browsing
1574508796.113,-442,507,None,Move,browsing
1574508796.1220002,-430,507,None,Move,browsing
1574508796.13,-412,507,None,Move,browsing
1574508796.1379998,-395,507,None,Move,browsing
1574508796.145,-373,508,None,Move,browsing
1574508796.153,-348,508,None,Move,browsing
1574508796.161,-325,511,None,Move,browsing
1574508796.168,-302,512,None,Move,browsing
1574508796.177,-281,516,None,Move,browsing
1574508796.185,-265,520,None,Move,browsing
1574508796.1929998,-253,522,None,Move,browsing
1574508796.201,-244,523,None,Move,browsing
1574508796.209,-237,525,None,Move,browsing
1574508796.217,-231,526,None,Move,browsing
1574508796.225,-227,527,None,Move,browsing
1574508796.2329998,-225,528,None,Move,browsing
1574508796.2410002,-223,528,None,Move,browsing
1574508796.2489998,-223,528,None,Move,browsing
1574508796.2570002,-222,528,None,Move,browsing
1574508796.291,-222,528,Left,Pressed,browsing
1574508796.37,-222,528,Left,Released,browsing
1574508796.466,-222,528,None,Move,browsing
1574508796.4770002,-224,528,None,Move,browsing
1574508796.4829998,-227,528,None,Move,browsing
1574508796.4910002,-233,528,None,Move,browsing
1574508796.4970002,-244,529,None,Move,browsing
1574508796.504,-257,529,None,Move,browsing
1574508796.5129998,-270,529,None,Move,browsing
1574508796.522,-292,529,None,Move,browsing
1574508796.53,-314,529,None,Move,browsing
1574508796.5370002,-336,529,None,Move,browsing
1574508796.544,-360,529,None,Move,browsing
1574508796.552,-390,529,None,Move,browsing
1574508796.56,-420,529,None,Move,browsing
1574508796.569,-448,529,None,Move,browsing
1574508796.577,-478,529,None,Move,browsing
1574508796.585,-503,529,None,Move,browsing
1574508796.593,-517,528,None,Move,browsing
1574508796.6,-533,528,None,Move,browsing
1574508796.609,-544,528,None,Move,browsing
1574508796.6160002,-553,528,None,Move,browsing
1574508796.6239998,-560,527,None,Move,browsing
1574508796.6339998,-566,527,None,Move,browsing
1574508796.6420002,-571,527,None,Move,browsing
1574508796.658,-578,527,None,Move,browsing
1574508796.665,-582,527,None,Move,browsing
1574508796.6720002,-585,527,None,Move,browsing
1574508796.681,-589,527,None,Move,browsing
1574508796.69,-593,527,None,Move,browsing
1574508796.697,-597,527,None,Move,browsing
1574508796.706,-600,527,None,Move,browsing
1574508796.714,-602,527,None,Move,browsing
1574508796.721,-605,527,None,Move,browsing
1574508796.729,-607,527,None,Move,browsing
1574508796.7370002,-609,527,None,Move,browsing
1574508796.746,-611,526,None,Move,browsing
1574508796.7529998,-614,526,None,Move,browsing
1574508796.7610002,-616,525,None,Move,browsing
1574508796.77,-620,525,None,Move,browsing
1574508796.7770002,-622,524,None,Move,browsing
1574508796.784,-626,524,None,Move,browsing
1574508796.793,-629,524,None,Move,browsing
1574508796.802,-633,523,None,Move,browsing
1574508796.81,-636,522,None,Move,browsing
1574508796.8179998,-638,521,None,Move,browsing
1574508796.835,-639,521,None,Move,browsing
1574508796.8479998,-640,521,None,Move,browsing
1574508796.8739998,-640,520,None,Move,browsing
1574508796.8920002,-641,519,None,Move,browsing
1574508796.899,-641,519,None,Move,browsing
1574508796.905,-642,517,None,Move,browsing
1574508796.914,-643,515,None,Move,browsing
1574508796.9220002,-643,513,None,Move,browsing
1574508796.93,-645,511,None,Move,browsing
1574508796.937,-645,509,None,Move,browsing
1574508796.945,-646,507,None,Move,browsing
1574508796.9529998,-646,506,None,Move,browsing
1574508796.961,-647,503,None,Move,browsing
1574508796.969,-647,502,None,Move,browsing
1574508796.978,-648,499,None,Move,browsing
1574508796.986,-648,498,None,Move,browsing
1574508796.994,-649,497,None,Move,browsing
1574508797.0010002,-649,495,None,Move,browsing
1574508797.0089998,-650,495,None,Move,browsing
1574508797.016,-651,494,None,Move,browsing
1574508797.024,-653,493,None,Move,browsing
1574508797.033,-654,492,None,Move,browsing
1574508797.044,-655,491,None,Move,browsing
1574508797.051,-658,490,None,Move,browsing
1574508797.063,-658,489,None,Move,browsing
1574508797.073,-661,489,None,Move,browsing
1574508797.082,-661,489,None,Move,browsing
1574508797.091,-662,489,None,Move,browsing
1574508797.097,-665,489,None,Move,browsing
1574508797.106,-666,489,None,Move,browsing
1574508797.113,-668,489,None,Move,browsing
1574508797.121,-669,489,None,Move,browsing
1574508797.129,-670,489,None,Move,browsing
1574508797.1360002,-671,489,None,Move,browsing
1574508797.145,-672,489,None,Move,browsing
1574508797.274,-672,489,Left,Pressed,browsing
1574508797.344,-672,489,None,Drag,browsing
1574508797.3520002,-672,489,None,Drag,browsing
1574508797.361,-671,490,None,Drag,browsing
1574508797.369,-669,490,None,Drag,browsing
1574508797.3779998,-668,490,None,Drag,browsing
1574508797.385,-665,490,None,Drag,browsing
1574508797.394,-662,490,None,Drag,browsing
1574508797.401,-658,490,None,Drag,browsing
1574508797.409,-651,490,None,Drag,browsing
1574508797.416,-643,490,None,Drag,browsing
1574508797.425,-633,490,None,Drag,browsing
1574508797.4329998,-622,489,None,Drag,browsing
1574508797.4420002,-610,489,None,Drag,browsing
1574508797.449,-599,489,None,Drag,browsing
1574508797.458,-589,489,None,Drag,browsing
1574508797.465,-577,489,None,Drag,browsing
1574508797.474,-567,489,None,Drag,browsing
1574508797.481,-559,489,None,Drag,browsing
1574508797.4889998,-554,489,None,Drag,browsing
1574508797.498,-551,489,None,Drag,browsing
1574508797.5070002,-549,489,None,Drag,browsing
1574508797.514,-547,489,None,Drag,browsing
1574508797.522,-545,489,None,Drag,browsing
1574508797.529,-545,489,None,Drag,browsing
1574508797.536,-544,489,None,Drag,browsing
1574508797.545,-544,489,None,Drag,browsing
1574508797.562,-543,489,None,Drag,browsing
1574508797.57,-543,489,None,Drag,browsing
1574508797.577,-542,489,None,Drag,browsing
1574508797.585,-541,489,None,Drag,browsing
1574508797.593,-540,489,None,Drag,browsing
1574508797.601,-540,489,None,Drag,browsing
1574508797.61,-538,489,None,Drag,browsing
1574508797.617,-536,489,None,Drag,browsing
1574508797.6260002,-533,489,None,Drag,browsing
1574508797.633,-530,489,None,Drag,browsing
1574508797.6420002,-527,489,None,Drag,browsing
1574508797.649,-522,489,None,Drag,browsing
1574508797.658,-518,489,None,Drag,browsing
1574508797.665,-514,489,None,Drag,browsing
1574508797.674,-510,489,None,Drag,browsing
1574508797.684,-507,489,None,Drag,browsing
1574508797.6920002,-504,488,None,Drag,browsing
1574508797.7,-501,488,None,Drag,browsing
1574508797.708,-498,488,None,Drag,browsing
1574508797.715,-495,488,None,Drag,browsing
1574508797.7229998,-492,488,None,Drag,browsing
1574508797.73,-490,488,None,Drag,browsing
1574508797.738,-488,488,None,Drag,browsing
1574508797.746,-487,487,None,Drag,browsing
1574508797.7529998,-485,487,None,Drag,browsing
1574508797.7610002,-485,487,None,Drag,browsing
1574508797.77,-484,487,None,Drag,browsing
1574508797.778,-483,487,None,Drag,browsing
1574508797.794,-483,487,None,Drag,browsing
1574508797.801,-482,487,None,Drag,browsing
1574508797.81,-481,487,None,Drag,browsing
1574508797.8170002,-480,487,None,Drag,browsing
1574508797.826,-480,487,None,Drag,browsing
1574508797.833,-478,487,None,Drag,browsing
1574508797.842,-476,487,None,Drag,browsing
1574508797.849,-476,487,None,Drag,browsing
1574508797.857,-475,487,None,Drag,browsing
1574508797.8639998,-474,487,None,Drag,browsing
1574508797.873,-474,487,None,Drag,browsing
1574508797.962,-474,487,Left,Released,browsing
1574508798.066,-473,487,None,Move,browsing
1574508798.077,-472,487,None,Move,browsing
1574508798.085,-471,487,None,Move,browsing
1574508798.093,-469,486,None,Move,browsing
1574508798.099,-466,486,None,Move,browsing
1574508798.107,-462,486,None,Move,browsing
1574508798.113,-460,486,None,Move,browsing
1574508798.1220002,-454,486,None,Move,browsing
1574508798.13,-444,486,None,Move,browsing
1574508798.1379998,-436,486,None,Move,browsing
1574508798.146,-427,487,None,Move,browsing
1574508798.154,-419,489,None,Move,browsing
1574508798.1620002,-409,490,None,Move,browsing
1574508798.17,-398,492,None,Move,browsing
1574508798.178,-386,494,None,Move,browsing
1574508798.186,-378,495,None,Move,browsing
1574508798.194,-371,496,None,Move,browsing
1574508798.201,-365,497,None,Move,browsing
1574508798.21,-360,498,None,Move,browsing
1574508798.217,-354,499,None,Move,browsing
1574508798.226,-351,499,None,Move,browsing
1574508798.234,-348,500,None,Move,browsing
1574508798.242,-347,500,None,Move,browsing
1574508798.2489998,-346,500,None,Move,browsing
1574508798.2570002,-346,500,None,Move,browsing
1574508798.985,-346,500,None,Move,browsing
1574508799.04,-346,500,None,Move,browsing
1574508802.65,-347,500,None,Move,browsing
1574508802.66,-350,500,None,Move,browsing
1574508802.667,-353,501,None,Move,browsing
1574508802.674,-359,502,None,Move,browsing
1574508802.6829998,-371,504,None,Move,browsing
1574508802.689,-382,505,None,Move,browsing
1574508802.697,-397,509,None,Move,browsing
1574508802.706,-409,512,None,Move,browsing
1574508802.714,-426,514,None,Move,browsing
1574508802.722,-448,520,None,Move,browsing
1574508802.729,-472,525,None,Move,browsing
1574508802.738,-510,537,None,Move,browsing
1574508802.745,-543,548,None,Move,browsing
1574508802.7510002,-572,554,None,Move,browsing
1574508802.762,-610,567,None,Move,browsing
1574508802.77,-649,580,None,Move,browsing
1574508802.778,-684,590,None,Move,browsing
1574508802.7870002,-719,597,None,Move,browsing
1574508802.795,-753,604,None,Move,browsing
1574508802.803,-768,607,None,Move,browsing
1574508802.809,-782,609,None,Move,browsing
1574508802.8170002,-790,610,None,Move,browsing
1574508802.825,-795,610,None,Move,browsing
1574508802.834,-800,610,None,Move,browsing
1574508802.843,-803,610,None,Move,browsing
1574508802.85,-806,610,None,Move,browsing
1574508802.857,-808,610,None,Move,browsing
1574508802.8660002,-808,610,None,Move,browsing
1574508802.8739998,-809,610,None,Move,browsing
1574508802.907,-809,609,None,Move,browsing
1574508802.9220002,-809,608,None,Move,browsing
1574508802.929,-809,607,None,Move,browsing
1574508802.937,-809,606,None,Move,browsing
1574508802.946,-810,604,None,Move,browsing
1574508802.955,-810,603,None,Move,browsing
1574508802.962,-810,602,None,Move,browsing
1574508802.97,-810,600,None,Move,browsing
1574508802.979,-810,599,None,Move,browsing
1574508802.986,-810,598,None,Move,browsing
1574508802.995,-808,596,None,Move,browsing
1574508803.002,-807,594,None,Move,browsing
1574508803.0110002,-805,591,None,Move,browsing
1574508803.018,-801,587,None,Move,browsing
1574508803.0270002,-795,583,None,Move,browsing
1574508803.034,-791,581,None,Move,browsing
1574508803.043,-785,577,None,Move,browsing
1574508803.05,-782,574,None,Move,browsing
1574508803.0579998,-776,570,None,Move,browsing
1574508803.065,-772,567,None,Move,browsing
1574508803.073,-769,565,None,Move,browsing
1574508803.082,-765,562,None,Move,browsing
1574508803.091,-762,559,None,Move,browsing
1574508803.0979998,-760,556,None,Move,browsing
1574508803.106,-758,555,None,Move,browsing
1574508803.113,-757,553,None,Move,browsing
1574508803.123,-755,551,None,Move,browsing
1574508803.13,-755,551,None,Move,browsing
1574508803.139,-755,550,None,Move,browsing
1574508803.322,-755,550,Left,Pressed,browsing
1574508803.426,-755,550,Left,Released,browsing
1574508803.498,-754,549,None,Move,browsing
1574508803.515,-754,549,None,Move,browsing
1574508803.525,-754,548,None,Move,browsing
1574508803.532,-755,548,None,Move,browsing
1574508803.544,-757,547,None,Move,browsing
1574508803.55,-759,546,None,Move,browsing
1574508803.559,-762,545,None,Move,browsing
1574508803.565,-767,543,None,Move,browsing
1574508803.574,-773,540,None,Move,browsing
1574508803.579,-774,540,None,Move,browsing
1574508803.586,-777,538,None,Move,browsing
1574508803.595,-779,538,None,Move,browsing
1574508803.6020002,-781,537,None,Move,browsing
1574508803.61,-782,536,None,Move,browsing
1574508803.619,-783,536,None,Move,browsing
1574508803.666,-784,535,None,Move,browsing
1574508803.85,-784,535,Left,Pressed,browsing
1574508803.978,-784,535,None,Drag,browsing
1574508803.9910002,-783,535,None,Drag,browsing
1574508804.0,-782,536,None,Drag,browsing
1574508804.0110002,-781,537,None,Drag,browsing
1574508804.0170002,-779,537,None,Drag,browsing
1574508804.026,-775,539,None,Drag,browsing
1574508804.033,-773,541,None,Drag,browsing
1574508804.042,-770,542,None,Drag,browsing
1574508804.05,-767,544,None,Drag,browsing
1574508804.059,-763,546,None,Drag,browsing
1574508804.066,-760,547,None,Drag,browsing
1574508804.074,-755,550,None,Drag,browsing
1574508804.081,-752,552,None,Drag,browsing
1574508804.089,-749,554,None,Drag,browsing
1574508804.097,-746,555,None,Drag,browsing
1574508804.106,-742,557,None,Drag,browsing
1574508804.1139998,-741,558,None,Drag,browsing
1574508804.123,-739,559,None,Drag,browsing
1574508804.13,-737,560,None,Drag,browsing
1574508804.1379998,-736,560,None,Drag,browsing
1574508804.146,-735,561,None,Drag,browsing
1574508804.154,-734,561,None,Drag,browsing
1574508804.1620002,-733,562,None,Drag,browsing
1574508804.17,-732,562,None,Drag,browsing
1574508804.179,-731,563,None,Drag,browsing
1574508804.187,-730,563,None,Drag,browsing
1574508804.195,-729,564,None,Drag,browsing
1574508804.202,-728,564,None,Drag,browsing
1574508804.21,-727,565,None,Drag,browsing
1574508804.219,-727,565,None,Drag,browsing
1574508804.2270002,-726,565,None,Drag,browsing
1574508804.242,-725,565,None,Drag,browsing
1574508804.25,-725,566,None,Drag,browsing
1574508805.41,-725,566,Left,Released,browsing
1574508805.8279998,-725,566,Left,Pressed,browsing
1574508805.915,-725,566,Left,Released,browsing
1574508807.115,-725,565,None,Move,browsing
1574508807.123,-725,564,None,Move,browsing
1574508807.131,-725,562,None,Move,browsing
1574508807.139,-725,561,None,Move,browsing
1574508807.147,-725,560,None,Move,browsing
1574508807.155,-725,560,None,Move,browsing
1574508807.171,-725,559,None,Move,browsing
1574508867.336,-724,559,None,Move,browsing
1574508867.349,-543,557,None,Move,browsing
1574508867.377,-543,558,None,Move,browsing
1574508867.385,-543,561,None,Move,browsing
1574508867.393,-543,566,None,Move,browsing
1574508867.403,-544,571,None,Move,browsing
1574508867.409,-545,573,None,Move,browsing
1574508867.418,-545,575,None,Move,browsing
1574508867.425,-545,575,None,Move,browsing
1574508867.4420002,-545,576,None,Move,browsing
1574508867.45,-545,576,None,Move,browsing
1574508867.457,-543,577,None,Move,browsing
1574508867.465,-540,578,None,Move,browsing
1574508867.472,-534,580,None,Move,browsing
1574508867.481,-527,582,None,Move,browsing
1574508867.4889998,-520,585,None,Move,browsing
1574508867.4970002,-510,588,None,Move,browsing
1574508867.505,-500,592,None,Move,browsing
1574508867.5129998,-492,595,None,Move,browsing
1574508867.521,-481,599,None,Move,browsing
1574508867.53,-472,600,None,Move,browsing
1574508867.538,-462,603,None,Move,browsing
1574508867.545,-452,606,None,Move,browsing
1574508867.553,-443,607,None,Move,browsing
1574508867.561,-435,608,None,Move,browsing
1574508867.569,-428,608,None,Move,browsing
1574508867.576,-417,608,None,Move,browsing
1574508867.585,-410,609,None,Move,browsing
1574508867.593,-401,609,None,Move,browsing
1574508867.6020002,-389,609,None,Move,browsing
1574508867.609,-377,609,None,Move,browsing
1574508867.6179998,-367,609,None,Move,browsing
1574508867.625,-356,611,None,Move,browsing
1574508867.633,-345,612,None,Move,browsing
1574508867.641,-336,614,None,Move,browsing
1574508867.649,-326,615,None,Move,browsing
1574508867.657,-320,616,None,Move,browsing
1574508867.665,-316,617,None,Move,browsing
1574508867.674,-315,618,None,Move,browsing
1574508868.377,-315,618,None,Move,browsing
1574508868.385,-318,618,None,Move,browsing
1574508868.393,-325,618,None,Move,browsing
1574508868.401,-332,618,None,Move,browsing
1574508868.409,-341,618,None,Move,browsing
1574508868.417,-352,620,None,Move,browsing
1574508868.425,-362,622,None,Move,browsing
1574508868.4329998,-374,624,None,Move,browsing
1574508868.441,-385,625,None,Move,browsing
1574508868.449,-394,627,None,Move,browsing
1574508868.457,-404,628,None,Move,browsing
1574508868.465,-412,630,None,Move,browsing
1574508868.4729998,-417,630,None,Move,browsing
1574508868.481,-420,631,None,Move,browsing
1574508868.49,-423,631,None,Move,browsing
1574508868.4970002,-423,631,None,Move,browsing
1574508868.506,-424,631,None,Move,browsing
1574508868.53,-425,631,None,Move,browsing
1574508868.6339998,-424,643,None,Move,browsing
1574508868.656,-424,654,None,Move,browsing
1574508868.746,-424,656,None,Move,browsing
1574508868.7670002,-424,660,None,Move,browsing
1574508868.778,-424,662,None,Move,browsing
1574508868.7870002,-424,663,None,Move,browsing
1574508868.865,-423,663,None,Move,browsing
1574508868.879,-423,663,None,Move,browsing
1574508868.887,-422,663,None,Move,browsing
1574508868.893,-422,663,None,Move,browsing
1574508868.913,-421,663,None,Move,browsing
1574508869.081,-421,663,None,Move,browsing
1574508869.089,-420,663,None,Move,browsing
1574508869.105,-419,663,None,Move,browsing
1574508869.137,-419,663,None,Move,browsing
1574508869.161,-418,663,None,Move,browsing
1574508869.217,-418,663,None,Move,browsing
1574508869.225,-417,663,None,Move,browsing
1574508869.2410002,-417,663,None,Move,browsing
1574508869.2570002,-416,662,None,Move,browsing
1574508869.265,-415,662,None,Move,browsing
1574508869.2729998,-415,662,None,Move,browsing
1574508869.289,-414,661,None,Move,browsing
1574508869.465,-414,660,None,Move,browsing
1574508869.482,-413,660,None,Move,browsing
1574508869.4929998,-412,660,None,Move,browsing
1574508869.5029998,-411,660,None,Move,browsing
1574508869.5089998,-409,660,None,Move,browsing
1574508869.518,-403,660,None,Move,browsing
1574508869.524,-399,660,None,Move,browsing
1574508869.531,-395,660,None,Move,browsing
1574508869.5370002,-392,660,None,Move,browsing
1574508869.546,-387,660,None,Move,browsing
1574508869.553,-382,660,None,Move,browsing
1574508869.561,-376,659,None,Move,browsing
1574508869.569,-369,659,None,Move,browsing
1574508869.577,-361,659,None,Move,browsing
1574508869.586,-352,658,None,Move,browsing
1574508869.593,-339,657,None,Move,browsing
1574508869.601,-325,656,None,Move,browsing
1574508869.6079998,-307,655,None,Move,browsing
1574508869.617,-294,655,None,Move,browsing
1574508869.625,-283,655,None,Move,browsing
1574508869.6339998,-275,655,None,Move,browsing
1574508869.641,-268,655,None,Move,browsing
1574508869.649,-264,655,None,Move,browsing
1574508869.657,-262,655,None,Move,browsing
1574508869.665,-261,655,None,Move,browsing
1574508869.673,-261,655,None,Move,browsing
1574508871.644,-260,655,None,Move,browsing
1574508871.668,-260,656,None,Move,browsing
1574508871.6920002,-260,656,None,Move,browsing
1574508873.42,-260,656,None,Move,browsing
1574508873.427,-262,656,None,Move,browsing
1574508873.435,-266,656,None,Move,browsing
1574508873.4420002,-273,656,None,Move,browsing
1574508873.452,-285,653,None,Move,browsing
1574508873.46,-308,649,None,Move,browsing
1574508873.468,-335,641,None,Move,browsing
1574508873.4870002,-430,612,None,Move,browsing
1574508873.496,-487,594,None,Move,browsing
1574508873.502,-548,569,None,Move,browsing
1574508873.508,-622,536,None,Move,browsing
1574508873.516,-675,509,None,Move,browsing
1574508873.524,-746,477,None,Move,browsing
1574508873.532,-823,437,None,Move,browsing
1574508873.551,-909,388,None,Move,browsing
1574508873.56,-1135,252,None,Move,browsing
1574508873.5679998,-1223,198,None,Move,browsing
1574508873.576,-1290,161,None,Move,browsing
1574508873.584,-1349,128,None,Move,browsing
1574508873.591,-1394,104,None,Move,browsing
1574508873.599,-1423,89,None,Move,browsing
1574508873.607,-1435,83,None,Move,browsing
1574508873.6139998,-1442,80,None,Move,browsing
1574508873.6320002,-1446,79,None,Move,browsing
1574508873.639,-1446,79,None,Move,browsing
1574508873.752,-1447,79,None,Move,browsing
1574508873.774,-1450,79,None,Move,browsing
1574508873.7870002,-1453,79,None,Move,browsing
1574508873.796,-1455,79,None,Move,browsing
1574508873.802,-1457,79,None,Move,browsing
1574508873.8079998,-1459,79,None,Move,browsing
1574508873.816,-1460,82,None,Move,browsing
1574508873.823,-1462,88,None,Move,browsing
1574508873.831,-1463,96,None,Move,browsing
1574508873.839,-1463,104,None,Move,browsing
1574508873.847,-1463,112,None,Move,browsing
1574508873.856,-1463,122,None,Move,browsing
1574508873.8639998,-1463,130,None,Move,browsing
1574508873.8720002,-1462,137,None,Move,browsing
1574508873.879,-1460,142,None,Move,browsing
1574508873.887,-1460,145,None,Move,browsing
1574508873.895,-1458,151,None,Move,browsing
1574508873.904,-1457,154,None,Move,browsing
1574508873.9120002,-1457,155,None,Move,browsing
1574508873.92,-1457,156,None,Move,browsing
1574508873.928,-1457,158,None,Move,browsing
1574508873.9429998,-1457,158,None,Move,browsing
1574508874.049,-1457,158,Left,Pressed,browsing
1574508874.1120002,-1457,158,Left,Released,browsing
1574508874.76,-1452,158,None,Move,browsing
1574508874.769,-1440,158,None,Move,browsing
1574508874.776,-1420,157,None,Move,browsing
1574508874.784,-1389,159,None,Move,browsing
1574508874.792,-1355,162,None,Move,browsing
1574508874.799,-1296,172,None,Move,browsing
1574508874.8070002,-1238,183,None,Move,browsing
1574508874.8170002,-1166,197,None,Move,browsing
1574508874.824,-1102,210,None,Move,browsing
1574508874.833,-1035,224,None,Move,browsing
1574508874.841,-984,236,None,Move,browsing
1574508874.853,-925,253,None,Move,browsing
1574508874.8620002,-870,271,None,Move,browsing
1574508874.869,-820,291,None,Move,browsing
1574508874.875,-768,311,None,Move,browsing
1574508874.883,-718,335,None,Move,browsing
1574508874.889,-685,349,None,Move,browsing
1574508874.8979998,-646,366,None,Move,browsing
1574508874.904,-609,380,None,Move,browsing
1574508874.915,-581,393,None,Move,browsing
1574508874.923,-553,405,None,Move,browsing
1574508874.9329998,-532,414,None,Move,browsing
1574508874.939,-517,421,None,Move,browsing
1574508874.949,-506,426,None,Move,browsing
1574508874.955,-496,431,None,Move,browsing
1574508874.964,-489,434,None,Move,browsing
1574508874.97,-486,437,None,Move,browsing
1574508874.979,-482,439,None,Move,browsing
1574508874.985,-481,440,None,Move,browsing
1574508874.992,-479,442,None,Move,browsing
1574508875.0,-477,444,None,Move,browsing
1574508875.008,-476,445,None,Move,browsing
1574508875.016,-474,447,None,Move,browsing
1574508875.024,-473,449,None,Move,browsing
1574508875.032,-472,449,None,Move,browsing
1574508875.04,-472,450,None,Move,browsing
1574508875.048,-470,451,None,Move,browsing
1574508875.056,-470,452,None,Move,browsing
1574508875.064,-469,453,None,Move,browsing
1574508875.08,-468,454,None,Move,browsing
1574508876.016,-467,454,None,Move,browsing
1574508876.024,-464,454,None,Move,browsing
1574508876.033,-461,454,None,Move,browsing
1574508876.04,-455,454,None,Move,browsing
1574508876.05,-444,454,None,Move,browsing
1574508876.0570002,-435,456,None,Move,browsing
1574508876.066,-421,457,None,Move,browsing
1574508876.073,-408,459,None,Move,browsing
1574508876.081,-389,463,None,Move,browsing
1574508876.089,-366,466,None,Move,browsing
1574508876.096,-342,469,None,Move,browsing
1574508876.104,-327,471,None,Move,browsing
1574508876.1120002,-301,476,None,Move,browsing
1574508876.12,-283,478,None,Move,browsing
1574508876.1279998,-264,482,None,Move,browsing
1574508876.1360002,-251,484,None,Move,browsing
1574508876.144,-239,488,None,Move,browsing
1574508876.1520002,-232,489,None,Move,browsing
1574508876.16,-224,491,None,Move,browsing
1574508876.168,-218,492,None,Move,browsing
1574508876.176,-215,493,None,Move,browsing
1574508876.184,-213,493,None,Move,browsing
1574508876.1920002,-211,494,None,Move,browsing
1574508876.201,-211,494,None,Move,browsing
1574508877.137,-210,494,None,Move,browsing
1574508877.146,-210,495,None,Move,browsing
1574508877.155,-209,495,None,Move,browsing
1574508877.1920002,-208,495,None,Move,browsing
1574508877.57,-209,495,None,Move,browsing
1574508877.585,-212,495,None,Move,browsing
1574508877.6079998,-222,494,None,Move,browsing
1574508877.6160002,-231,494,None,Move,browsing
1574508877.6239998,-239,493,None,Move,browsing
1574508877.6320002,-251,491,None,Move,browsing
1574508877.64,-261,491,None,Move,browsing
1574508877.6479998,-277,490,None,Move,browsing
1574508877.656,-294,489,None,Move,browsing
1574508877.664,-314,488,None,Move,browsing
1574508877.671,-326,486,None,Move,browsing
1574508877.68,-332,486,None,Move,browsing
1574508877.688,-333,486,None,Move,browsing
1574508877.695,-334,486,None,Move,browsing
1574508879.4970002,-332,486,None,Move,browsing
1574508879.504,-331,486,None,Move,browsing
1574508879.5129998,-328,486,None,Move,browsing
1574508879.52,-326,486,None,Move,browsing
1574508879.53,-323,486,None,Move,browsing
1574508879.538,-321,486,None,Move,browsing
1574508879.548,-319,486,None,Move,browsing
1574508879.554,-316,486,None,Move,browsing
1574508879.563,-313,486,None,Move,browsing
1574508879.57,-309,486,None,Move,browsing
1574508879.577,-306,486,None,Move,browsing
1574508879.584,-303,486,None,Move,browsing
1574508879.592,-299,487,None,Move,browsing
1574508879.601,-296,488,None,Move,browsing
1574508879.609,-293,488,None,Move,browsing
1574508879.617,-291,488,None,Move,browsing
1574508879.6239998,-289,488,None,Move,browsing
1574508879.6320002,-286,489,None,Move,browsing
1574508879.64,-286,489,None,Move,browsing
1574508879.6479998,-285,489,None,Move,browsing
1574508879.691,-285,489,None,Move,browsing
1574508896.956,-283,491,None,Move,browsing
1574508896.972,-280,492,None,Move,browsing
1574508896.99,-279,492,None,Move,browsing
1574508899.625,-279,493,None,Move,browsing
1574508899.639,-283,497,None,Move,browsing
1574508899.654,-286,498,None,Move,browsing
1574508899.663,-292,500,None,Move,browsing
1574508899.686,-300,504,None,Move,browsing
1574508899.695,-308,508,None,Move,browsing
1574508899.7029998,-319,512,None,Move,browsing
1574508899.711,-328,516,None,Move,browsing
1574508899.718,-340,519,None,Move,browsing
1574508899.726,-354,524,None,Move,browsing
1574508899.734,-367,527,None,Move,browsing
1574508899.7429998,-381,533,None,Move,browsing
1574508899.7510002,-399,539,None,Move,browsing
1574508899.7589998,-410,545,None,Move,browsing
1574508899.7670002,-421,549,None,Move,browsing
1574508899.774,-431,555,None,Move,browsing
1574508899.782,-442,558,None,Move,browsing
1574508899.79,-450,564,None,Move,browsing
1574508899.798,-460,568,None,Move,browsing
1574508899.806,-468,572,None,Move,browsing
1574508899.815,-477,575,None,Move,browsing
1574508899.823,-487,580,None,Move,browsing
1574508899.83,-495,582,None,Move,browsing
1574508899.8379998,-502,584,None,Move,browsing
1574508899.846,-510,587,None,Move,browsing
1574508899.854,-516,589,None,Move,browsing
1574508899.8620002,-524,592,None,Move,browsing
1574508899.87,-532,595,None,Move,browsing
1574508899.8779998,-537,597,None,Move,browsing
1574508899.885,-543,600,None,Move,browsing
1574508899.893,-550,603,None,Move,browsing
1574508899.901,-556,606,None,Move,browsing
1574508899.909,-562,609,None,Move,browsing
1574508899.919,-571,612,None,Move,browsing
1574508899.929,-579,615,None,Move,browsing
1574508899.936,-587,617,None,Move,browsing
1574508899.944,-594,619,None,Move,browsing
1574508899.95,-603,621,None,Move,browsing
1574508899.957,-608,622,None,Move,browsing
1574508899.965,-615,623,None,Move,browsing
1574508899.974,-621,624,None,Move,browsing
1574508899.9829998,-625,626,None,Move,browsing
1574508899.9910002,-628,626,None,Move,browsing
1574508899.9989998,-631,626,None,Move,browsing
1574508900.006,-634,626,None,Move,browsing
1574508900.014,-637,626,None,Move,browsing
1574508900.022,-640,626,None,Move,browsing
1574508900.03,-643,626,None,Move,browsing
1574508900.039,-645,626,None,Move,browsing
1574508900.0470002,-647,626,None,Move,browsing
1574508900.054,-648,626,None,Move,browsing
1574508900.062,-648,626,None,Move,browsing
1574508900.1179998,-648,626,Left,Pressed,browsing
1574508900.215,-648,626,Left,Released,browsing
1574508900.518,-648,626,None,Move,browsing
1574508900.536,-646,624,None,Move,browsing
1574508900.55,-643,622,None,Move,browsing
1574508900.559,-632,616,None,Move,browsing
1574508900.571,-625,613,None,Move,browsing
1574508900.581,-615,610,None,Move,browsing
1574508900.5879998,-599,604,None,Move,browsing
1574508900.599,-542,585,None,Move,browsing
1574508900.607,-507,575,None,Move,browsing
1574508900.6160002,-477,565,None,Move,browsing
1574508900.6239998,-444,556,None,Move,browsing
1574508900.6320002,-412,546,None,Move,browsing
1574508900.639,-380,539,None,Move,browsing
1574508900.647,-347,529,None,Move,browsing
1574508900.655,-324,520,None,Move,browsing
1574508900.665,-296,510,None,Move,browsing
1574508900.6720002,-261,497,None,Move,browsing
1574508900.681,-240,489,None,Move,browsing
1574508900.688,-228,483,None,Move,browsing
1574508900.695,-217,477,None,Move,browsing
1574508900.7029998,-210,474,None,Move,browsing
1574508900.711,-204,471,None,Move,browsing
1574508900.72,-200,469,None,Move,browsing
1574508900.735,-198,467,None,Move,browsing
1574508902.623,-200,467,None,Move,browsing
1574508902.645,-212,464,None,Move,browsing
1574508902.656,-229,460,None,Move,browsing
1574508902.666,-236,458,None,Move,browsing
1574508902.673,-245,455,None,Move,browsing
1574508902.679,-250,454,None,Move,browsing
1574508902.686,-256,453,None,Move,browsing
1574508902.695,-260,452,None,Move,browsing
1574508902.7029998,-265,451,None,Move,browsing
1574508902.711,-267,451,None,Move,browsing
1574508902.719,-268,450,None,Move,browsing
1574508902.7270002,-269,450,None,Move,browsing
1574508902.742,-269,450,None,Move,browsing
1574508902.783,-270,450,None,Move,browsing
1574508902.799,-270,450,None,Move,browsing
1574508902.871,-270,450,None,Move,browsing
1574508902.887,-271,450,None,Move,browsing
1574508902.904,-271,451,None,Move,browsing
1574508902.919,-272,451,None,Move,browsing
1574508902.927,-272,452,None,Move,browsing
1574508902.951,-272,453,None,Move,browsing
1574508905.164,-274,446,None,Move,browsing
1574508905.179,-276,439,None,Move,browsing
1574508905.199,-278,431,None,Move,browsing
1574508905.205,-279,424,None,Move,browsing
1574508905.211,-280,418,None,Move,browsing
1574508905.217,-281,413,None,Move,browsing
1574508905.2229998,-281,411,None,Move,browsing
1574508905.231,-282,408,None,Move,browsing
1574508905.2389998,-282,408,None,Move,browsing
1574508905.2470002,-282,407,None,Move,browsing
1574508905.3179998,-282,407,None,Move,browsing
1574508905.333,-282,409,None,Move,browsing
1574508905.349,-281,413,None,Move,browsing
1574508905.357,-280,415,None,Move,browsing
1574508905.3620002,-279,417,None,Move,browsing
1574508905.369,-277,418,None,Move,browsing
1574508905.407,-277,418,None,Move,browsing
1574508905.4220002,-276,418,None,Move,browsing
1574508905.444,-275,412,None,Move,browsing
1574508905.45,-275,408,None,Move,browsing
1574508905.455,-274,403,None,Move,browsing
1574508905.4629998,-273,398,None,Move,browsing
1574508905.47,-273,394,None,Move,browsing
1574508905.478,-273,390,None,Move,browsing
1574508905.4870002,-272,384,None,Move,browsing
1574508905.495,-271,380,None,Move,browsing
1574508905.5029998,-271,377,None,Move,browsing
1574508905.5110002,-270,374,None,Move,browsing
1574508905.519,-270,370,None,Move,browsing
1574508905.526,-270,365,None,Move,browsing
1574508905.534,-270,362,None,Move,browsing
1574508905.543,-270,359,None,Move,browsing
1574508905.551,-270,357,None,Move,browsing
1574508905.559,-270,356,None,Move,browsing
1574508905.5670002,-270,356,None,Move,browsing
1574508905.621,-268,358,None,Move,browsing
1574508905.6360002,-266,363,None,Move,browsing
1574508905.647,-264,370,None,Move,browsing
1574508905.656,-261,381,None,Move,browsing
1574508905.663,-258,391,None,Move,browsing
1574508905.671,-253,399,None,Move,browsing
1574508905.678,-250,409,None,Move,browsing
1574508905.687,-248,416,None,Move,browsing
1574508905.695,-247,421,None,Move,browsing
1574508905.704,-247,424,None,Move,browsing
1574508905.712,-246,428,None,Move,browsing
1574508905.755,-246,428,None,Move,browsing
1574508905.77,-246,424,None,Move,browsing
1574508905.79,-251,408,None,Move,browsing
1574508905.799,-255,399,None,Move,browsing
1574508905.8070002,-258,391,None,Move,browsing
1574508905.815,-261,381,None,Move,browsing
1574508905.823,-264,374,None,Move,browsing
1574508905.832,-267,367,None,Move,browsing
1574508905.839,-269,362,None,Move,browsing
1574508905.847,-271,359,None,Move,browsing
1574508905.854,-273,357,None,Move,browsing
1574508905.863,-274,355,None,Move,browsing
1574508905.871,-274,355,None,Move,browsing
1574508905.879,-275,354,None,Move,browsing
1574508905.9220002,-275,354,None,Move,browsing
1574508905.937,-276,357,None,Move,browsing
1574508905.955,-278,366,None,Move,browsing
1574508905.97,-280,375,None,Move,browsing
1574508905.9910002,-281,385,None,Move,browsing
1574508906.0,-282,389,None,Move,browsing
1574508906.0070002,-283,391,None,Move,browsing
1574508906.014,-283,392,None,Move,browsing
1574508906.048,-283,392,None,Move,browsing
1574508906.056,-281,392,None,Move,browsing
1574508906.062,-280,392,None,Move,browsing
1574508913.084,-280,392,None,Move,browsing
1574508915.9929998,-281,392,None,Move,browsing
1574508916.016,-287,393,None,Move,browsing
1574508937.1179998,-273,393,None,Move,browsing
1574508937.181,-269,393,None,Move,browsing
1574508937.184,-265,394,None,Move,browsing
1574508937.205,-261,394,None,Move,browsing
1574508937.285,-262,394,None,Move,browsing
1574508937.3,-269,390,None,Move,browsing
1574508937.315,-281,382,None,Move,browsing
1574508937.323,-309,369,None,Move,browsing
1574508937.33,-348,352,None,Move,browsing
1574508937.337,-391,339,None,Move,browsing
1574508937.343,-437,325,None,Move,browsing
1574508937.349,-486,311,None,Move,browsing
1574508937.356,-524,299,None,Move,browsing
1574508937.365,-566,282,None,Move,browsing
1574508937.373,-612,266,None,Move,browsing
1574508937.381,-649,248,None,Move,browsing
1574508937.389,-688,231,None,Move,browsing
1574508937.397,-722,217,None,Move,browsing
1574508937.405,-753,203,None,Move,browsing
1574508937.413,-797,188,None,Move,browsing
1574508937.424,-834,179,None,Move,browsing
1574508937.429,-872,170,None,Move,browsing
1574508937.441,-891,165,None,Move,browsing
1574508937.446,-895,165,None,Move,browsing
1574508937.454,-896,165,None,Move,browsing
1574508937.524,-896,166,None,Move,browsing
1574508937.533,-900,170,None,Move,browsing
1574508937.541,-904,177,None,Move,browsing
1574508937.549,-912,187,None,Move,browsing
1574508937.5570002,-920,197,None,Move,browsing
1574508937.564,-933,215,None,Move,browsing
1574508937.572,-950,235,None,Move,browsing
1574508937.58,-969,255,None,Move,browsing
1574508937.5879998,-987,273,None,Move,browsing
1574508937.596,-1013,296,None,Move,browsing
1574508937.604,-1048,322,None,Move,browsing
1574508937.6120002,-1083,344,None,Move,browsing
1574508937.62,-1120,362,None,Move,browsing
1574508937.6279998,-1164,380,None,Move,browsing
1574508937.6360002,-1208,395,None,Move,browsing
1574508937.644,-1270,409,None,Move,browsing
1574508937.6520002,-1337,424,None,Move,browsing
1574508937.66,-1430,437,None,Move,browsing
1574508937.671,-1517,442,None,Move,browsing
1574508937.678,-1604,448,None,Move,browsing
1574508937.686,-1674,450,None,Move,browsing
1574508937.695,-1739,450,None,Move,browsing
1574508937.701,-1793,450,None,Move,browsing
1574508937.709,-1832,448,None,Move,browsing
1574508937.716,-1851,444,None,Move,browsing
1574508937.724,-1862,439,None,Move,browsing
1574508937.7329998,-1868,436,None,Move,browsing
1574508937.7410002,-1874,431,None,Move,browsing
1574508937.748,-1878,426,None,Move,browsing
1574508937.762,-1881,422,None,Move,browsing
1574508937.771,-1885,415,None,Move,browsing
1574508937.778,-1887,404,None,Move,browsing
1574508937.785,-1889,397,None,Move,browsing
1574508937.791,-1890,385,None,Move,browsing
1574508937.796,-1891,376,None,Move,browsing
1574508937.804,-1891,368,None,Move,browsing
1574508937.813,-1891,362,None,Move,browsing
1574508937.822,-1891,359,None,Move,browsing
1574508937.829,-1891,354,None,Move,browsing
1574508937.836,-1891,351,None,Move,browsing
1574508937.845,-1888,346,None,Move,browsing
1574508937.853,-1887,343,None,Move,browsing
1574508937.861,-1883,339,None,Move,browsing
1574508937.869,-1880,336,None,Move,browsing
1574508937.877,-1874,334,None,Move,browsing
1574508937.8839998,-1865,331,None,Move,browsing
1574508937.893,-1857,328,None,Move,browsing
1574508937.901,-1849,326,None,Move,browsing
1574508937.908,-1840,323,None,Move,browsing
1574508937.916,-1833,320,None,Move,browsing
1574508937.924,-1827,317,None,Move,browsing
1574508937.934,-1823,313,None,Move,browsing
1574508937.941,-1818,309,None,Move,browsing
1574508937.949,-1813,305,None,Move,browsing
1574508937.956,-1805,299,None,Move,browsing
1574508937.965,-1800,296,None,Move,browsing
1574508937.9729998,-1791,290,None,Move,browsing
1574508937.981,-1780,284,None,Move,browsing
1574508937.9889998,-1769,277,None,Move,browsing
1574508937.9970002,-1754,271,None,Move,browsing
1574508938.004,-1737,263,None,Move,browsing
1574508938.0129998,-1726,259,None,Move,browsing
1574508938.021,-1707,251,None,Move,browsing
1574508938.029,-1695,246,None,Move,browsing
1574508938.0370002,-1684,242,None,Move,browsing
1574508938.046,-1674,239,None,Move,browsing
1574508938.053,-1666,236,None,Move,browsing
1574508938.061,-1662,235,None,Move,browsing
1574508938.069,-1659,234,None,Move,browsing
1574508938.076,-1653,233,None,Move,browsing
1574508938.085,-1650,231,None,Move,browsing
1574508938.093,-1645,231,None,Move,browsing
1574508938.101,-1638,229,None,Move,browsing
1574508938.109,-1632,226,None,Move,browsing
1574508938.117,-1625,223,None,Move,browsing
1574508938.125,-1618,218,None,Move,browsing
1574508938.1320002,-1611,214,None,Move,browsing
1574508938.14,-1605,209,None,Move,browsing
1574508938.1479998,-1596,200,None,Move,browsing
1574508938.157,-1588,194,None,Move,browsing
1574508938.165,-1581,186,None,Move,browsing
1574508938.173,-1571,178,None,Move,browsing
1574508938.181,-1561,170,None,Move,browsing
1574508938.189,-1551,164,None,Move,browsing
1574508938.197,-1543,161,None,Move,browsing
1574508938.205,-1535,157,None,Move,browsing
1574508938.2129998,-1527,155,None,Move,browsing
1574508938.222,-1520,152,None,Move,browsing
1574508938.229,-1510,151,None,Move,browsing
1574508938.2370002,-1505,149,None,Move,browsing
1574508938.244,-1498,148,None,Move,browsing
1574508938.252,-1492,147,None,Move,browsing
1574508938.2610002,-1487,146,None,Move,browsing
1574508938.269,-1485,146,None,Move,browsing
1574508938.278,-1483,146,None,Move,browsing
1574508938.285,-1483,146,None,Move,browsing
1574508938.293,-1482,146,None,Move,browsing
1574508938.301,-1481,146,None,Move,browsing
1574508938.309,-1481,146,None,Move,browsing
1574508938.3170002,-1480,146,None,Move,browsing
1574508938.325,-1480,147,None,Move,browsing
1574508938.334,-1479,147,None,Move,browsing
1574508938.34,-1479,148,None,Move,browsing
1574508938.365,-1478,148,None,Move,browsing
1574508938.39,-1478,149,None,Move,browsing
1574508938.396,-1478,152,None,Move,browsing
1574508938.404,-1478,155,None,Move,browsing
1574508938.413,-1480,161,None,Move,browsing
1574508938.421,-1483,169,None,Move,browsing
1574508938.429,-1485,175,None,Move,browsing
1574508938.437,-1488,181,None,Move,browsing
1574508938.446,-1491,184,None,Move,browsing
1574508938.454,-1494,189,None,Move,browsing
1574508938.461,-1495,190,None,Move,browsing
1574508938.468,-1496,191,None,Move,browsing
1574508938.533,-1496,191,Left,Pressed,browsing
1574508938.597,-1496,191,Left,Released,browsing
1574508938.877,-1496,191,None,Move,browsing
1574508938.8839998,-1496,191,None,Move,browsing
1574508938.8920002,-1496,191,None,Move,browsing
1574508938.9,-1495,191,None,Move,browsing
1574508938.917,-1494,191,None,Move,browsing
1574508938.925,-1494,191,None,Move,browsing
1574508938.9320002,-1493,191,None,Move,browsing
1574508938.9420002,-1493,190,None,Move,browsing
1574508938.949,-1491,188,None,Move,browsing
1574508938.957,-1491,186,None,Move,browsing
1574508938.966,-1489,183,None,Move,browsing
1574508938.975,-1487,180,None,Move,browsing
1574508938.981,-1487,179,None,Move,browsing
1574508939.228,-1486,181,None,Move,browsing
1574508939.238,-1485,185,None,Move,browsing
1574508939.246,-1485,188,None,Move,browsing
1574508939.254,-1485,191,None,Move,browsing
1574508939.262,-1485,193,None,Move,browsing
1574508939.27,-1485,195,None,Move,browsing
1574508939.278,-1484,196,None,Move,browsing
1574508939.286,-1484,196,None,Move,browsing
1574508939.295,-1483,198,None,Move,browsing
1574508939.304,-1483,198,None,Move,browsing
1574508939.312,-1483,199,None,Move,browsing
1574508939.319,-1483,199,None,Move,browsing
1574508939.327,-1483,200,None,Move,browsing
1574508939.333,-1483,201,None,Move,browsing
1574508939.342,-1483,202,None,Move,browsing
1574508939.349,-1483,202,None,Move,browsing
1574508939.3820002,-1483,203,None,Move,browsing
1574508939.397,-1483,203,None,Move,browsing
1574508940.9729998,-1483,205,None,Move,browsing
1574508940.994,-1498,230,None,Move,browsing
1574508941.006,-1519,258,None,Move,browsing
1574508941.012,-1548,301,None,Move,browsing
1574508941.018,-1594,366,None,Move,browsing
1574508941.024,-1635,416,None,Move,browsing
1574508941.03,-1680,476,None,Move,browsing
1574508941.0370002,-1720,530,None,Move,browsing
1574508941.045,-1752,579,None,Move,browsing
1574508941.052,-1774,614,None,Move,browsing
1574508941.062,-1791,638,None,Move,browsing
1574508941.077,-1802,654,None,Move,browsing
1574508941.087,-1811,669,None,Move,browsing
1574508941.093,-1813,671,None,Move,browsing
1574508941.1,-1813,673,None,Move,browsing
1574508941.109,-1813,674,None,Move,browsing
1574508941.1179998,-1813,675,None,Move,browsing
1574508941.133,-1813,675,None,Move,browsing
1574508941.1420002,-1813,675,None,Move,browsing
1574508941.1479998,-1813,676,None,Move,browsing
1574508941.156,-1812,676,None,Move,browsing
1574508941.174,-1811,676,None,Move,browsing
1574508941.198,-1811,676,None,Move,browsing
1574508941.2129998,-1810,676,None,Move,browsing
1574508941.238,-1810,676,None,Move,browsing
1574508941.25,-1809,676,None,Move,browsing
1574508941.269,-1809,676,None,Move,browsing
1574508941.301,-1808,676,None,Move,browsing
1574508941.3170002,-1807,675,None,Move,browsing
1574508941.337,-1806,674,None,Move,browsing
1574508941.344,-1806,673,None,Move,browsing
1574508941.35,-1805,673,None,Move,browsing
1574508941.3579998,-1805,672,None,Move,browsing
1574508941.365,-1804,672,None,Move,browsing
1574508941.373,-1803,671,None,Move,browsing
1574508941.38,-1803,670,None,Move,browsing
1574508941.3879998,-1801,669,None,Move,browsing
1574508941.397,-1801,669,None,Move,browsing
1574508941.406,-1800,668,None,Move,browsing
1574508941.414,-1799,668,None,Move,browsing
1574508941.4220002,-1799,667,None,Move,browsing
1574508941.492,-1799,667,None,Move,browsing
1574508941.5,-1798,667,None,Move,browsing
1574508941.5089998,-1798,666,None,Move,browsing
1574508941.525,-1797,666,None,Move,browsing
1574508941.669,-1797,665,None,Move,browsing
1574508941.702,-1796,665,None,Move,browsing
1574508941.711,-1796,664,None,Move,browsing
1574508942.574,-1795,663,None,Move,browsing
1574508942.582,-1794,662,None,Move,browsing
1574508942.59,-1794,662,None,Move,browsing
1574508942.5979998,-1793,660,None,Move,browsing
1574508942.621,-1792,659,None,Move,browsing
1574508942.6379998,-1790,657,None,Move,browsing
1574508942.717,-1789,656,None,Move,browsing
1574508942.732,-1788,655,None,Move,browsing
1574508942.758,-1788,655,None,Move,browsing
1574508942.765,-1787,654,None,Move,browsing
1574508942.8,-1787,654,None,Move,browsing
1574508942.93,-1786,653,None,Move,browsing
1574508943.19,-1786,653,None,Move,browsing
1574508943.206,-1786,652,None,Move,browsing
1574508943.214,-1786,652,None,Move,browsing
1574508943.23,-1787,651,None,Move,browsing
1574508943.2329998,-1787,651,None,Move,browsing
1574508943.2529998,-1789,651,None,Move,browsing
1574508943.521,-1789,651,None,Move,browsing
1574508943.5370002,-1789,650,None,Move,browsing
1574508943.615,-1789,649,None,Move,browsing
1574508943.665,-1789,649,None,Move,browsing
1574508943.681,-1789,648,None,Move,browsing
1574508943.688,-1789,647,None,Move,browsing
1574508943.7,-1789,647,None,Move,browsing
1574508943.835,-1788,646,None,Move,browsing
1574508943.851,-1788,646,None,Move,browsing
1574508943.8779998,-1788,645,None,Move,browsing
1574508943.9320002,-1788,645,None,Move,browsing
1574508943.979,-1788,644,None,Move,browsing
1574508944.289,-1787,643,None,Move,browsing
1574508944.31,-1787,642,None,Move,browsing
1574508944.505,-1787,642,None,Move,browsing
1574508945.062,-1787,640,None,Move,browsing
1574508945.073,-1787,639,None,Move,browsing
1574508945.08,-1788,638,None,Move,browsing
1574508945.086,-1788,635,None,Move,browsing
1574508945.093,-1789,635,None,Move,browsing
1574508945.1020002,-1790,634,None,Move,browsing
1574508945.11,-1790,633,None,Move,browsing
1574508945.1179998,-1792,631,None,Move,browsing
1574508945.1260002,-1792,630,None,Move,browsing
1574508945.1420002,-1793,629,None,Move,browsing
1574508954.1020002,-1796,629,None,Move,browsing
1574508954.111,-1798,629,None,Move,browsing
1574508954.12,-1798,630,None,Move,browsing
1574508954.1260002,-1799,630,None,Move,browsing
1574508954.1820002,-1799,630,None,Move,browsing
1574508954.198,-1800,631,None,Move,browsing
1574508954.214,-1801,631,None,Move,browsing
1574508954.229,-1801,631,None,Move,browsing
1574508954.235,-1802,631,None,Move,browsing
1574508954.2410002,-1802,632,None,Move,browsing
1574508954.246,-1803,632,None,Move,browsing
1574508954.542,-1803,631,None,Move,browsing
1574508954.5579998,-1803,630,None,Move,browsing
1574508954.575,-1802,630,None,Move,browsing
1574508954.623,-1802,629,None,Move,browsing
1574508954.6479998,-1801,629,None,Move,browsing
1574508954.665,-1801,628,None,Move,browsing
1574508954.687,-1800,628,None,Move,browsing
1574508954.719,-1800,628,None,Move,browsing
1574508954.8620002,-1799,627,None,Move,browsing
1574508954.871,-1799,626,None,Move,browsing
1574508955.039,-1799,626,None,Move,browsing
1574508955.056,-1798,625,None,Move,browsing
1574508955.6160002,-1797,625,None,Move,browsing
1574508955.631,-1795,624,None,Move,browsing
1574508955.64,-1792,623,None,Move,browsing
1574508955.6479998,-1790,623,None,Move,browsing
1574508955.655,-1788,622,None,Move,browsing
1574508955.6620002,-1785,622,None,Move,browsing
1574508955.671,-1782,621,None,Move,browsing
1574508955.679,-1775,618,None,Move,browsing
1574508955.688,-1765,615,None,Move,browsing
1574508955.695,-1753,609,None,Move,browsing
1574508955.7029998,-1741,605,None,Move,browsing
1574508955.711,-1731,601,None,Move,browsing
1574508955.719,-1720,597,None,Move,browsing
1574508955.7270002,-1711,594,None,Move,browsing
1574508955.734,-1702,591,None,Move,browsing
1574508955.742,-1695,586,None,Move,browsing
1574508955.7510002,-1689,583,None,Move,browsing
1574508955.76,-1684,581,None,Move,browsing
1574508955.768,-1679,577,None,Move,browsing
1574508955.774,-1676,574,None,Move,browsing
1574508955.782,-1673,573,None,Move,browsing
1574508955.791,-1671,571,None,Move,browsing
1574508955.799,-1671,570,None,Move,browsing
1574508955.8079998,-1668,568,None,Move,browsing
1574508955.816,-1667,567,None,Move,browsing
1574508955.824,-1665,565,None,Move,browsing
1574508955.831,-1665,565,None,Move,browsing
1574508955.839,-1664,564,None,Move,browsing
1574508955.847,-1664,564,None,Move,browsing
1574508955.8639998,-1663,563,None,Move,browsing
1574508956.07,-1663,563,None,Move,browsing
1574508956.0879998,-1661,559,None,Move,browsing
1574508956.096,-1660,558,None,Move,browsing
1574508956.104,-1658,556,None,Move,browsing
1574508956.1139998,-1657,555,None,Move,browsing
1574508956.1220002,-1656,554,None,Move,browsing
1574508956.129,-1655,553,None,Move,browsing
1574508956.137,-1655,553,None,Move,browsing
1574508956.144,-1653,551,None,Move,browsing
1574508956.153,-1651,550,None,Move,browsing
1574508956.17,-1650,549,None,Move,browsing
1574508956.179,-1649,548,None,Move,browsing
1574508956.186,-1647,547,None,Move,browsing
1574508956.194,-1647,546,None,Move,browsing
1574508956.201,-1646,546,None,Move,browsing
1574508956.208,-1646,545,None,Move,browsing
1574508956.216,-1645,545,None,Move,browsing
1574508956.225,-1645,544,None,Move,browsing
1574508956.242,-1644,543,None,Move,browsing
1574508956.2729998,-1643,543,None,Move,browsing
