client_timestamp,x,y,button,state,window
1569711315.46,960,530,None,Move,file system
1569711315.48,966,516,None,Move,file system
1569711315.4970002,987,483,None,Move,file system
1569711315.515,1015,448,None,Move,file system
1569711315.534,1044,421,None,Move,file system
1569711315.553,1078,385,None,Move,file system
1569711315.57,1129,353,None,Move,file system
1569711315.593,1173,323,None,Move,file system
1569711315.613,1200,308,None,Move,file system
1569711315.6360002,1222,298,None,Move,file system
1569711315.666,1237,294,None,Move,file system
1569711315.685,1256,291,None,Move,file system
1569711315.7029998,1273,292,None,Move,file system
1569711315.724,1304,302,None,Move,file system
1569711315.7429998,1325,315,None,Move,file system
1569711315.7629998,1347,330,None,Move,file system
1569711315.784,1365,352,None,Move,file system
1569711315.8079998,1375,366,None,Move,file system
1569711315.826,1383,376,None,Move,file system
1569711315.847,1385,383,None,Move,file system
1569711315.87,1390,391,None,Move,file system
1569711315.89,1394,403,None,Move,file system
1569711315.913,1397,415,None,Move,file system
1569711315.931,1398,425,None,Move,file system
1569711315.95,1396,437,None,Move,file system
1569711315.97,1391,449,None,Move,file system
1569711315.9889998,1381,460,None,Move,file system
1569711316.012,1372,467,None,Move,file system
1569711316.0370002,1365,470,None,Move,file system
1569711316.0570002,1351,473,None,Move,file system
1569711316.077,1340,473,None,Move,file system
1569711316.099,1326,473,None,Move,file system
1569711316.121,1311,473,None,Move,file system
1569711316.146,1305,473,None,Move,file system
1569711316.167,1292,472,None,Move,file system
1569711316.186,1283,469,None,Move,file system
1569711316.202,1270,464,None,Move,file system
1569711316.219,1258,457,None,Move,file system
1569711316.24,1248,452,None,Move,file system
1569711316.2589998,1240,448,None,Move,file system
1569711316.281,1228,444,None,Move,file system
1569711316.301,1218,440,None,Move,file system
1569711316.32,1213,435,None,Move,file system
1569711316.3379998,1207,431,None,Move,file system
1569711316.3579998,1202,429,None,Move,file system
1569711316.3779998,1196,428,None,Move,file system
1569711316.397,1191,428,None,Move,file system
1569711316.415,1186,428,None,Move,file system
1569711316.435,1179,431,None,Move,file system
1569711316.451,1172,435,None,Move,file system
1569711316.468,1165,439,None,Move,file system
1569711316.4829998,1158,444,None,Move,file system
1569711316.5010002,1152,449,None,Move,file system
1569711316.519,1147,452,None,Move,file system
1569711316.5370002,1143,455,None,Move,file system
1569711316.5570002,1140,460,None,Move,file system
1569711316.586,1138,462,None,Move,file system
1569711316.604,1138,463,None,Move,file system
1569711316.635,1138,464,None,Move,file system
1569711316.661,1140,465,None,Move,file system
1569711316.689,1144,463,None,Move,file system
1569711316.72,1157,458,None,Move,file system
1569711316.742,1168,450,None,Move,file system
1569711316.7629998,1192,433,None,Move,file system
1569711316.803,1207,422,None,Move,file system
1569711316.835,1217,413,None,Move,file system
1569711316.86,1229,408,None,Move,file system
1569711316.899,1239,400,None,Move,file system
1569711316.929,1248,398,None,Move,file system
1569711316.952,1252,397,None,Move,file system
1569711316.9770002,1254,396,None,Move,file system
1569711316.998,1254,396,None,Move,file system
1569711317.0270002,1255,395,None,Move,file system
1569711357.343,1235,396,None,Move,file system
1569711357.373,1194,396,None,Move,file system
1569711357.39,1139,391,None,Move,file system
1569711357.403,1093,386,None,Move,file system
1569711357.417,1057,380,None,Move,file system
1569711357.428,1004,371,None,Move,file system
1569711357.437,965,367,None,Move,file system
1569711357.451,931,367,None,Move,file system
1569711357.467,899,369,None,Move,file system
1569711357.484,869,375,None,Move,file system
1569711357.4989998,856,378,None,Move,file system
1569711357.512,844,381,None,Move,file system
1569711357.526,835,382,None,Move,file system
1569711357.54,828,385,None,Move,file system
1569711357.551,824,390,None,Move,file system
1569711357.566,817,397,None,Move,file system
1569711358.064,802,400,None,Move,file system
1569711358.0779998,787,404,None,Move,file system
1569711358.092,763,411,None,Move,file system
1569711358.106,746,415,None,Move,file system
1569711358.12,705,428,None,Move,file system
1569711358.137,670,442,None,Move,file system
1569711358.154,646,456,None,Move,file system
1569711358.173,619,476,None,Move,file system
1569711358.198,606,489,None,Move,file system
1569711358.217,598,499,None,Move,file system
1569711358.2329998,591,511,None,Move,file system
1569711358.248,586,524,None,Move,file system
1569711358.265,582,536,None,Move,file system
1569711358.278,581,547,None,Move,file system
1569711358.29,581,558,None,Move,file system
1569711358.3079998,581,569,None,Move,file system
1569711358.323,581,576,None,Move,file system
1569711358.339,581,579,None,Move,file system
1569711358.357,582,581,None,Move,file system
1569711358.3739998,582,582,None,Move,file system
1569711358.391,584,586,None,Move,file system
1569711358.41,584,587,None,Move,file system
1569711358.428,585,587,None,Move,file system
1569711358.446,588,587,None,Move,file system
1569711358.466,590,584,None,Move,file system
1569711358.481,595,574,None,Move,file system
1569711358.495,603,560,None,Move,file system
1569711358.51,608,547,None,Move,file system
1569711358.521,611,534,None,Move,file system
1569711358.533,615,521,None,Move,file system
1569711358.548,617,515,None,Move,file system
1569711358.564,617,514,None,Move,file system
1569711358.581,618,513,None,Move,file system
1569711358.604,619,513,None,Move,file system
1569711358.6239998,624,528,None,Move,file system
1569711358.641,624,543,None,Move,file system
1569711358.658,620,560,None,Move,file system
1569711358.674,617,574,None,Move,file system
1569711358.688,614,589,None,Move,file system
1569711358.699,612,593,None,Move,file system
1569711358.71,608,602,None,Move,file system
1569711358.724,607,604,None,Move,file system
1569711358.738,606,605,None,Move,file system
1569711358.754,606,606,None,Move,file system
1569711358.7670002,605,606,None,Move,file system
1569711359.2429998,595,613,None,Move,file system
1569711359.2610002,584,624,None,Move,file system
1569711359.275,569,639,None,Move,file system
1569711359.292,554,657,None,Move,file system
1569711359.303,536,679,None,Move,file system
1569711359.316,516,699,None,Move,file system
1569711359.33,495,722,None,Move,file system
1569711359.341,482,738,None,Move,file system
1569711359.355,466,754,None,Move,file system
1569711359.369,452,769,None,Move,file system
1569711359.385,444,783,None,Move,file system
1569711359.401,438,797,None,Move,file system
1569711359.415,432,811,None,Move,file system
1569711359.423,428,822,None,Move,file system
1569711359.43,423,832,None,Move,file system
1569711359.4420002,420,839,None,Move,file system
1569711359.4529998,419,845,None,Move,file system
1569711359.466,417,847,None,Move,file system
1569711359.479,417,849,None,Move,file system
1569711359.495,417,850,None,Move,file system
1569711359.504,416,851,None,Move,file system
1569711359.514,416,852,None,Move,file system
1569711359.524,415,854,None,Move,file system
1569711359.533,415,854,None,Move,file system
1569711359.545,415,855,None,Move,file system
1569711359.554,415,856,None,Move,file system
1569711359.573,415,857,None,Move,file system
1569711359.5879998,415,857,None,Move,file system
1569711359.61,415,858,None,Move,file system
1569711359.625,415,859,None,Move,file system
1569711359.6360002,415,859,None,Move,file system
1569711359.644,415,862,None,Move,file system
1569711359.6520002,415,867,None,Move,file system
1569711359.664,415,873,None,Move,file system
1569711359.677,415,877,None,Move,file system
1569711359.686,414,886,None,Move,file system
1569711360.081,399,893,None,Move,file system
1569711360.089,378,906,None,Move,file system
1569711360.1,365,913,None,Move,file system
1569711360.111,341,930,None,Move,file system
1569711360.12,301,957,None,Move,file system
1569711360.129,266,980,None,Move,file system
1569711360.14,234,1013,None,Move,file system
1569711360.154,193,1040,None,Move,file system
1569711360.165,156,1065,None,Move,file system
1569711360.179,126,1083,None,Move,file system
1569711360.1929998,110,1088,None,Move,file system
1569711360.208,95,1084,None,Move,file system
1569711360.2229998,86,1082,None,Move,file system
1569711360.2370002,82,1080,None,Move,file system
1569711360.2489998,82,1079,None,Move,file system
1569711360.2629998,81,1079,None,Move,file system
1569711360.278,80,1079,None,Move,file system
1569711360.291,79,1079,None,Move,file system
1569711360.313,78,1078,None,Move,file system
1569711360.324,78,1078,None,Move,file system
1569711360.337,78,1077,None,Move,file system
1569711360.349,78,1074,None,Move,file system
1569711360.365,78,1071,None,Move,file system
1569711360.379,80,1066,None,Move,file system
1569711360.393,86,1062,None,Move,file system
1569711360.404,95,1056,None,Move,file system
1569711360.418,104,1052,None,Move,file system
1569711360.428,113,1046,None,Move,file system
1569711360.444,120,1042,None,Move,file system
1569711360.459,131,1038,None,Move,file system
1569711360.474,141,1035,None,Move,file system
1569711360.4889998,148,1034,None,Move,file system
1569711360.5010002,153,1032,None,Move,file system
1569711360.5110002,159,1032,None,Move,file system
1569711360.519,163,1031,None,Move,file system
1569711360.53,167,1031,None,Move,file system
1569711360.544,170,1031,None,Move,file system
1569711360.56,175,1031,None,Move,file system
1569711360.577,177,1031,None,Move,file system
1569711360.591,180,1032,None,Move,file system
1569711360.605,183,1032,None,Move,file system
1569711360.619,185,1032,None,Move,file system
1569711360.63,186,1032,None,Move,file system
1569711360.643,188,1032,None,Move,file system
1569711360.659,191,1033,None,Move,file system
1569711360.6720002,193,1034,None,Move,file system
1569711360.687,195,1035,None,Move,file system
1569711360.702,195,1036,None,Move,file system
1569711360.717,196,1036,None,Move,file system
1569711360.729,198,1038,None,Move,file system
1569711360.7389998,199,1042,None,Move,file system
1569711360.7489998,199,1045,None,Move,file system
1569711360.7610002,200,1048,None,Move,file system
1569711360.771,200,1049,None,Move,file system
1569711360.779,200,1051,None,Move,file system
1569711360.7870002,200,1052,None,Move,file system
1569711360.7970002,200,1053,None,Move,file system
1569711360.806,200,1054,None,Move,file system
1569711360.8170002,200,1055,None,Move,file system
1569711360.8279998,200,1057,None,Move,file system
1569711360.841,200,1058,None,Move,file system
1569711360.85,200,1060,None,Move,file system
1569711360.863,199,1061,None,Move,file system
1569711360.8760002,199,1062,None,Move,file system
1569711360.8860002,198,1063,None,Move,file system
1569711360.8979998,198,1063,None,Move,file system
1569711360.91,198,1064,None,Move,file system
1569711360.9220002,197,1065,None,Move,file system
1569711360.934,197,1066,None,Move,file system
1569711360.948,197,1066,None,Move,file system
1569711360.964,197,1067,None,Move,file system
1569711360.986,197,1068,None,Move,file system
1569711361.0229998,197,1068,None,Move,file system
1569711361.0679998,197,1069,None,Move,file system
1569711361.099,197,1069,None,Move,file system
1569711361.37,197,1069,Left,Pressed,file system
1569711361.583,197,1069,Left,Released,file system
1569711362.6829998,198,1065,None,Move,file system
1569711362.694,203,1060,None,Move,file system
1569711362.706,210,1052,None,Move,file system
1569711362.718,217,1044,None,Move,file system
1569711362.735,225,1038,None,Move,file system
1569711362.75,230,1033,None,Move,file system
1569711362.7629998,237,1027,None,Move,file system
1569711362.7770002,245,1022,None,Move,file system
1569711362.792,256,1019,None,Move,file system
1569711362.806,267,1012,None,Move,file system
1569711362.821,274,1008,None,Move,file system
1569711362.831,281,1006,None,Move,file system
1569711362.846,287,1003,None,Move,file system
1569711362.857,293,1000,None,Move,file system
1569711362.875,300,998,None,Move,file system
1569711362.89,305,996,None,Move,file system
1569711362.905,309,994,None,Move,file system
1569711362.92,313,993,None,Move,file system
1569711362.9329998,319,990,None,Move,file system
1569711362.947,322,989,None,Move,file system
1569711362.96,326,988,None,Move,file system
1569711362.975,328,988,None,Move,file system
1569711362.9889998,332,986,None,Move,file system
1569711362.9989998,335,985,None,Move,file system
1569711363.0110002,338,984,None,Move,file system
1569711363.025,340,983,None,Move,file system
1569711363.0370002,343,983,None,Move,file system
1569711363.0470002,345,982,None,Move,file system
1569711363.061,346,982,None,Move,file system
1569711363.076,349,982,None,Move,file system
1569711363.09,350,981,None,Move,file system
1569711363.104,351,981,None,Move,file system
1569711363.1179998,353,981,None,Move,file system
1569711363.1320002,354,981,None,Move,file system
1569711363.147,355,981,None,Move,file system
1569711363.1620002,357,982,None,Move,file system
1569711363.179,361,982,None,Move,file system
1569711363.195,366,982,None,Move,file system
1569711363.21,373,983,None,Move,file system
1569711363.2270002,376,984,None,Move,file system
1569711363.238,379,985,None,Move,file system
1569711363.248,385,985,None,Move,file system
1569711363.26,389,985,None,Move,file system
1569711363.276,394,985,None,Move,file system
1569711363.29,398,987,None,Move,file system
1569711363.305,402,987,None,Move,file system
1569711363.32,403,987,None,Move,file system
1569711363.331,404,988,None,Move,file system
1569711363.346,405,989,None,Move,file system
1569711364.3170002,409,989,None,Move,file system
1569711364.331,413,989,None,Move,file system
1569711364.345,418,989,None,Move,file system
1569711364.36,421,989,None,Move,file system
1569711364.373,427,988,None,Move,file system
1569711364.3879998,431,987,None,Move,file system
1569711364.397,434,987,None,Move,file system
1569711364.409,438,986,None,Move,file system
1569711364.423,441,986,None,Move,file system
1569711364.434,446,985,None,Move,file system
1569711364.445,452,984,None,Move,file system
1569711364.457,454,983,None,Move,file system
1569711364.475,456,982,None,Move,file system
1569711364.492,460,981,None,Move,file system
1569711364.5110002,464,981,None,Move,file system
1569711364.534,468,980,None,Move,file system
1569711364.559,475,979,None,Move,file system
1569711364.575,480,978,None,Move,file system
1569711364.599,484,977,None,Move,file system
1569711364.62,489,975,None,Move,file system
1569711364.643,496,974,None,Move,file system
1569711364.661,500,973,None,Move,file system
1569711364.676,503,972,None,Move,file system
1569711364.6920002,508,971,None,Move,file system
1569711364.704,511,971,None,Move,file system
1569711364.719,514,970,None,Move,file system
1569711364.732,519,970,None,Move,file system
1569711364.745,523,969,None,Move,file system
1569711364.758,526,968,None,Move,file system
1569711364.769,530,968,None,Move,file system
1569711364.783,533,968,None,Move,file system
1569711364.8,533,968,None,Move,file system
1569711364.8179998,536,968,None,Move,file system
1569711364.839,536,968,None,Move,file system
1569711364.857,537,968,None,Move,file system
1569711364.875,537,968,None,Move,file system
1569711364.893,537,968,None,Move,file system
1569711364.909,537,968,None,Move,file system
1569711364.925,538,968,None,Move,file system
1569711364.9420002,539,968,None,Move,file system
1569711372.606,541,966,None,Move,file system
1569711372.621,543,961,None,Move,file system
1569711372.6339998,549,957,None,Move,file system
1569711372.647,552,951,None,Move,file system
1569711372.66,554,949,None,Move,file system
1569711372.674,558,944,None,Move,file system
1569711372.689,560,941,None,Move,file system
1569711372.705,561,941,None,Move,file system
1569711372.719,563,939,None,Move,file system
1569711372.73,564,938,None,Move,file system
1569711372.74,565,938,None,Move,file system
1569711372.7510002,566,937,None,Move,file system
1569711372.76,568,936,None,Move,file system
1569711372.769,569,936,None,Move,file system
1569711372.78,570,936,None,Move,file system
1569711372.791,570,935,None,Move,file system
1569711372.8079998,571,935,None,Move,file system
1569711372.82,572,935,None,Move,file system
1569711372.832,574,935,None,Move,file system
1569711372.846,575,935,None,Move,file system
1569711372.8579998,577,935,None,Move,file system
1569711372.869,581,934,None,Move,file system
1569711372.883,582,934,None,Move,file system
1569711372.893,583,934,None,Move,file system
1569711372.904,584,934,None,Move,file system
1569711372.915,585,934,None,Move,file system
1569711372.927,587,934,None,Move,file system
1569711372.938,589,934,None,Move,file system
1569711372.949,590,934,None,Move,file system
1569711372.958,590,933,None,Move,file system
1569711372.966,593,933,None,Move,file system
1569711372.978,594,932,None,Move,file system
1569711372.9910002,597,931,None,Move,file system
1569711373.0,598,931,None,Move,file system
1569711373.012,601,930,None,Move,file system
1569711373.024,602,930,None,Move,file system
1569711373.035,604,930,None,Move,file system
1569711373.049,605,928,None,Move,file system
1569711373.062,607,927,None,Move,file system
1569711373.073,609,926,None,Move,file system
1569711373.086,613,925,None,Move,file system
1569711373.096,614,924,None,Move,file system
1569711373.1079998,616,924,None,Move,file system
1569711373.121,618,923,None,Move,file system
1569711373.1320002,619,923,None,Move,file system
1569711373.145,619,922,None,Move,file system
1569711373.157,620,921,None,Move,file system
1569711373.174,620,920,None,Move,file system
1569711373.196,620,919,None,Move,file system
1569711373.211,621,919,None,Move,file system
1569711373.2229998,621,918,None,Move,file system
1569711373.246,623,918,None,Move,file system
1569711373.2610002,623,918,None,Move,file system
1569711373.276,624,918,None,Move,file system
1569711373.292,624,917,None,Move,file system
1569711373.306,624,917,None,Move,file system
1569711373.321,624,916,None,Move,file system
1569711373.337,625,916,None,Move,file system
1569711373.373,626,915,None,Move,file system
1569711373.809,626,915,Left,Pressed,file system
1569711374.024,626,915,Left,Released,file system
1569711376.046,626,915,Left,Pressed,file system
1569711376.262,626,915,Left,Released,file system
1569711377.062,633,913,None,Move,file system
1569711377.0779998,645,911,None,Move,file system
1569711377.099,652,910,None,Move,file system
1569711377.117,661,908,None,Move,file system
1569711377.133,666,907,None,Move,file system
1569711377.1520002,670,907,None,Move,file system
1569711377.1829998,675,907,None,Move,file system
1569711377.201,678,907,None,Move,file system
1569711377.22,679,906,None,Move,file system
1569711377.2370002,681,906,None,Move,file system
1569711377.2529998,683,905,None,Move,file system
1569711377.276,686,904,None,Move,file system
1569711377.3,688,903,None,Move,file system
1569711377.316,688,902,None,Move,file system
1569711377.331,689,902,None,Move,file system
1569711377.345,689,901,None,Move,file system
1569711377.3579998,689,901,None,Move,file system
1569711377.371,690,901,None,Move,file system
1569711377.385,690,901,None,Move,file system
1569711377.404,690,901,None,Move,file system
1569711377.418,685,900,None,Move,file system
1569711377.43,675,899,None,Move,file system
1569711377.444,657,896,None,Move,file system
1569711377.457,638,893,None,Move,file system
1569711377.471,592,889,None,Move,file system
1569711377.486,561,888,None,Move,file system
1569711377.5029998,534,888,None,Move,file system
1569711377.53,512,886,None,Move,file system
1569711377.545,498,890,None,Move,file system
1569711377.5579998,483,892,None,Move,file system
1569711377.573,474,896,None,Move,file system
1569711377.585,469,898,None,Move,file system
1569711377.596,468,899,None,Move,file system
1569711377.613,465,902,None,Move,file system
1569711377.63,464,905,None,Move,file system
1569711377.645,463,909,None,Move,file system
1569711378.155,455,914,None,Move,file system
1569711378.1820002,447,919,None,Move,file system
1569711378.209,441,924,None,Move,file system
1569711378.2470002,433,931,None,Move,file system
1569711378.303,430,933,None,Move,file system
1569711378.324,427,936,None,Move,file system
1569711378.345,426,936,None,Move,file system
1569711378.367,425,936,None,Move,file system
1569711378.39,423,936,None,Move,file system
1569711378.4120002,422,937,None,Move,file system
1569711378.444,421,937,None,Move,file system
1569711378.462,420,937,None,Move,file system
1569711378.475,420,938,None,Move,file system
1569711378.4910002,419,938,None,Move,file system
1569711378.505,419,938,None,Move,file system
1569711380.836,417,934,None,Move,file system
1569711380.8520002,416,933,None,Move,file system
1569711380.86,415,930,None,Move,file system
1569711380.875,414,927,None,Move,file system
1569711380.889,414,925,None,Move,file system
1569711380.905,414,925,None,Move,file system
1569711380.92,414,924,None,Move,file system
1569711380.935,414,924,None,Move,file system
1569711380.945,414,923,None,Move,file system
1569711380.954,413,922,None,Move,file system
1569711380.965,412,921,None,Move,file system
1569711380.9770002,412,920,None,Move,file system
1569711380.988,412,920,None,Move,file system
1569711381.0010002,411,918,None,Move,file system
1569711381.014,411,917,None,Move,file system
1569711381.029,411,917,None,Move,file system
1569711381.042,410,917,None,Move,file system
1569711381.055,410,916,None,Move,file system
1569711381.069,410,915,None,Move,file system
1569711381.083,409,915,None,Move,file system
1569711381.096,409,914,None,Move,file system
1569711381.111,408,914,None,Move,file system
1569711381.1260002,408,913,None,Move,file system
1569711381.14,408,913,None,Move,file system
1569711381.157,408,912,None,Move,file system
1569711381.208,408,911,None,Move,file system
1569711381.621,408,911,Left,Pressed,file system
1569711381.836,408,911,Left,Released,file system
1569711383.224,396,914,None,Move,file system
1569711383.2429998,384,918,None,Move,file system
1569711383.2629998,367,929,None,Move,file system
1569711383.279,355,933,None,Move,file system
1569711383.294,343,938,None,Move,file system
1569711383.311,331,943,None,Move,file system
1569711383.324,322,946,None,Move,file system
1569711383.341,318,947,None,Move,file system
1569711383.353,317,948,None,Move,file system
1569711383.369,316,948,None,Move,file system
1569711383.3820002,314,948,None,Move,file system
1569711383.394,313,948,None,Move,file system
1569711383.405,313,948,None,Move,file system
1569711383.417,312,948,None,Move,file system
1569711383.429,311,948,None,Move,file system
1569711383.441,311,949,None,Move,file system
1569711383.452,310,949,None,Move,file system
1569711383.467,309,949,None,Move,file system
1569711383.481,308,949,None,Move,file system
1569711383.494,307,949,None,Move,file system
1569711383.506,305,949,None,Move,file system
1569711383.52,302,949,None,Move,file system
1569711383.531,300,949,None,Move,file system
1569711383.543,298,949,None,Move,file system
1569711383.555,296,948,None,Move,file system
1569711383.5670002,293,947,None,Move,file system
1569711383.579,291,947,None,Move,file system
1569711383.592,287,946,None,Move,file system
1569711383.604,284,946,None,Move,file system
1569711383.6179998,277,946,None,Move,file system
1569711383.629,270,946,None,Move,file system
1569711383.641,261,947,None,Move,file system
1569711383.655,256,947,None,Move,file system
1569711383.669,252,948,None,Move,file system
1569711383.681,250,948,None,Move,file system
1569711383.6920002,247,948,None,Move,file system
1569711383.702,246,948,None,Move,file system
1569711383.716,245,948,None,Move,file system
1569711383.7270002,243,948,None,Move,file system
1569711383.74,243,948,None,Move,file system
1569711384.096,243,948,Left,Pressed,file system
1569711384.312,243,948,Left,Released,file system
1569711385.285,248,937,None,Move,browsing
1569711385.303,256,923,None,Move,browsing
1569711385.315,264,911,None,Move,browsing
1569711385.326,281,887,None,Move,browsing
1569711385.337,297,866,None,Move,browsing
1569711385.347,322,825,None,Move,browsing
1569711385.359,338,793,None,Move,browsing
1569711385.37,358,770,None,Move,browsing
1569711385.383,394,726,None,Move,browsing
1569711385.397,410,705,None,Move,browsing
1569711385.416,446,669,None,Move,browsing
1569711385.437,478,638,None,Move,browsing
1569711385.4529998,494,622,None,Move,browsing
1569711385.474,514,608,None,Move,browsing
1569711385.496,527,598,None,Move,browsing
1569711385.512,544,589,None,Move,browsing
1569711385.5270002,558,584,None,Move,browsing
1569711385.541,568,578,None,Move,browsing
1569711385.554,577,574,None,Move,browsing
1569711385.5679998,589,571,None,Move,browsing
1569711385.581,598,570,None,Move,browsing
1569711385.591,603,569,None,Move,browsing
1569711385.603,608,569,None,Move,browsing
1569711385.615,613,569,None,Move,browsing
1569711385.625,616,569,None,Move,browsing
1569711385.635,619,569,None,Move,browsing
1569711385.647,619,569,None,Move,browsing
1569711385.657,620,570,None,Move,browsing
1569711386.0979998,632,559,None,Move,browsing
1569711386.11,671,522,None,Move,browsing
1569711386.123,706,494,None,Move,browsing
1569711386.14,748,454,None,Move,browsing
1569711386.159,799,420,None,Move,browsing
1569711386.174,846,392,None,Move,browsing
1569711386.194,873,377,None,Move,browsing
1569711386.214,905,363,None,Move,browsing
1569711386.23,936,353,None,Move,browsing
1569711386.245,957,345,None,Move,browsing
1569711386.685,993,312,None,Move,browsing
1569711386.697,1039,271,None,Move,browsing
1569711386.708,1094,229,None,Move,browsing
1569711386.7229998,1132,203,None,Move,browsing
1569711386.7389998,1192,173,None,Move,browsing
1569711386.752,1248,144,None,Move,browsing
1569711386.7629998,1297,125,None,Move,browsing
1569711386.775,1355,106,None,Move,browsing
1569711386.79,1410,89,None,Move,browsing
1569711386.802,1446,81,None,Move,browsing
1569711387.264,1465,73,None,Move,browsing
1569711387.276,1480,66,None,Move,browsing
1569711387.29,1496,57,None,Move,browsing
1569711387.301,1518,47,None,Move,browsing
1569711387.313,1542,38,None,Move,browsing
1569711387.331,1573,26,None,Move,browsing
1569711387.3479998,1599,13,None,Move,browsing
1569711387.3579998,1624,2,None,Move,browsing
1569711387.3720002,1648,-7,None,Move,browsing
1569711387.3860002,1659,-3,None,Move,browsing
1569711387.397,1672,-4,None,Move,browsing
1569711387.408,1679,-1,None,Move,browsing
1569711387.419,1684,0,None,Move,browsing
1569711387.428,1686,0,None,Move,browsing
1569711387.439,1688,0,None,Move,browsing
1569711387.449,1689,0,None,Move,browsing
1569711387.462,1690,0,None,Move,browsing
1569711387.472,1690,0,None,Move,browsing
1569711387.4829998,1690,3,None,Move,browsing
1569711387.492,1689,6,None,Move,browsing
1569711387.5029998,1686,9,None,Move,browsing
1569711387.515,1680,12,None,Move,browsing
1569711389.064,1681,9,None,Move,browsing
1569711389.075,1685,2,None,Move,browsing
1569711389.087,1690,-5,None,Move,browsing
1569711389.0979998,1693,-6,None,Move,browsing
1569711389.1079998,1699,-9,None,Move,browsing
1569711389.121,1702,-8,None,Move,browsing
1569711389.1339998,1707,-8,None,Move,browsing
1569711389.149,1714,-8,None,Move,browsing
1569711389.168,1720,-6,None,Move,browsing
1569711389.19,1723,-4,None,Move,browsing
1569711389.206,1727,-5,None,Move,browsing
1569711389.217,1732,-3,None,Move,browsing
1569711389.229,1736,-4,None,Move,browsing
1569711389.238,1739,-2,None,Move,browsing
1569711389.25,1743,-2,None,Move,browsing
1569711389.262,1744,-1,None,Move,browsing
1569711389.2729998,1747,-1,None,Move,browsing
1569711389.288,1748,0,None,Move,browsing
1569711389.303,1748,0,None,Move,browsing
1569711389.3170002,1749,0,None,Move,browsing
1569711389.329,1749,0,None,Move,browsing
1569711389.34,1750,0,None,Move,browsing
1569711389.353,1751,0,None,Move,browsing
1569711389.3660002,1752,0,None,Move,browsing
1569711389.379,1752,0,None,Move,browsing
1569711389.39,1752,1,None,Move,browsing
1569711389.4020002,1753,3,None,Move,browsing
1569711389.414,1753,5,None,Move,browsing
1569711389.426,1753,6,None,Move,browsing
1569711389.437,1753,8,None,Move,browsing
1569711389.454,1753,9,None,Move,browsing
1569711389.464,1753,10,None,Move,browsing
1569711389.474,1753,12,None,Move,browsing
1569711389.4870002,1753,13,None,Move,browsing
1569711389.4989998,1751,15,None,Move,browsing
1569711389.5089998,1749,19,None,Move,browsing
1569711389.521,1745,22,None,Move,browsing
1569711389.532,1740,25,None,Move,browsing
1569711389.542,1737,28,None,Move,browsing
1569711389.553,1733,30,None,Move,browsing
1569711389.564,1727,32,None,Move,browsing
1569711389.573,1724,35,None,Move,browsing
1569711389.581,1720,36,None,Move,browsing
1569711389.59,1713,38,None,Move,browsing
1569711389.601,1709,39,None,Move,browsing
1569711389.613,1703,40,None,Move,browsing
1569711389.6239998,1697,40,None,Move,browsing
1569711389.637,1691,40,None,Move,browsing
1569711389.65,1686,40,None,Move,browsing
1569711389.665,1683,40,None,Move,browsing
1569711389.68,1680,40,None,Move,browsing
1569711389.6920002,1677,40,None,Move,browsing
1569711389.705,1674,40,None,Move,browsing
1569711389.721,1673,40,None,Move,browsing
1569711389.736,1672,40,None,Move,browsing
1569711389.752,1671,40,None,Move,browsing
1569711389.766,1671,40,None,Move,browsing
1569711389.782,1670,40,None,Move,browsing
1569711389.794,1669,40,None,Move,browsing
1569711389.805,1669,40,None,Move,browsing
1569711389.815,1668,40,None,Move,browsing
1569711389.827,1667,40,None,Move,browsing
1569711389.865,1666,40,None,Move,browsing
1569711389.901,1665,40,None,Move,browsing
1569711389.984,1665,40,None,Move,browsing
1569711389.9989998,1665,39,None,Move,browsing
1569711390.008,1665,39,None,Move,browsing
1569711390.021,1665,38,None,Move,browsing
1569711390.036,1665,37,None,Move,browsing
1569711390.051,1665,37,None,Move,browsing
1569711390.073,1665,35,None,Move,browsing
1569711390.0879998,1665,34,None,Move,browsing
1569711390.111,1665,34,None,Move,browsing
1569711390.133,1665,33,None,Move,browsing
1569711390.144,1665,32,None,Move,browsing
1569711390.157,1665,32,None,Move,browsing
1569711390.168,1665,31,None,Move,browsing
1569711390.178,1665,30,None,Move,browsing
1569711390.189,1665,29,None,Move,browsing
1569711390.201,1665,28,None,Move,browsing
1569711390.212,1665,27,None,Move,browsing
1569711390.225,1665,27,None,Move,browsing
1569711390.238,1665,26,None,Move,browsing
1569711390.2529998,1665,25,None,Move,browsing
1569711390.2670002,1665,24,None,Move,browsing
1569711390.28,1665,23,None,Move,browsing
1569711390.2970002,1665,23,None,Move,browsing
1569711390.32,1666,22,None,Move,browsing
1569711390.35,1666,21,None,Move,browsing
1569711390.379,1666,21,None,Move,browsing
1569711390.391,1666,20,None,Move,browsing
1569711390.791,1666,20,Left,Pressed,browsing
1569711391.005,1666,20,Left,Released,browsing
1569711397.7129998,1668,20,None,Move,browsing
1569711397.725,1669,20,None,Move,browsing
1569711397.7389998,1670,20,None,Move,browsing
1569711397.7489998,1671,20,None,Move,browsing
1569711397.7610002,1673,21,None,Move,browsing
1569711397.77,1674,21,None,Move,browsing
1569711397.781,1675,21,None,Move,browsing
1569711397.795,1677,21,None,Move,browsing
1569711397.8070002,1678,21,None,Move,browsing
1569711397.821,1679,22,None,Move,browsing
1569711397.833,1680,22,None,Move,browsing
1569711397.846,1681,22,None,Move,browsing
1569711397.86,1682,22,None,Move,browsing
1569711397.8720002,1682,22,None,Move,browsing
1569711397.883,1683,22,None,Move,browsing
1569711397.895,1684,22,None,Move,browsing
1569711397.908,1685,22,None,Move,browsing
1569711397.92,1685,22,None,Move,browsing
1569711397.9320002,1686,22,None,Move,browsing
1569711397.946,1687,22,None,Move,browsing
1569711397.96,1688,22,None,Move,browsing
1569711397.975,1689,22,None,Move,browsing
1569711398.005,1690,22,None,Move,browsing
1569711398.05,1690,22,None,Move,browsing
1569711398.5570002,1690,22,None,Move,browsing
1569711398.57,1690,22,None,Move,browsing
1569711398.582,1689,22,None,Move,browsing
1569711398.594,1689,22,None,Move,browsing
1569711398.607,1688,22,None,Move,browsing
1569711398.6179998,1686,22,None,Move,browsing
1569711398.631,1685,21,None,Move,browsing
1569711398.647,1685,21,None,Move,browsing
1569711398.6620002,1685,21,None,Move,browsing
1569711398.673,1684,21,None,Move,browsing
1569711398.699,1683,21,None,Move,browsing
1569711399.189,1683,21,Left,Pressed,browsing
1569711399.405,1683,21,Left,Released,browsing
1569711403.589,1682,21,None,Move,browsing
1569711403.603,1681,22,None,Move,browsing
1569711403.617,1681,24,None,Move,browsing
1569711403.631,1676,27,None,Move,browsing
1569711403.644,1672,31,None,Move,browsing
1569711403.66,1667,32,None,Move,browsing
1569711403.673,1661,33,None,Move,browsing
1569711403.687,1656,33,None,Move,browsing
1569711403.701,1652,33,None,Move,browsing
1569711403.714,1650,32,None,Move,browsing
1569711403.7270002,1648,31,None,Move,browsing
1569711403.7410002,1646,30,None,Move,browsing
1569711403.754,1644,29,None,Move,browsing
1569711403.7670002,1640,27,None,Move,browsing
1569711403.778,1637,25,None,Move,browsing
1569711403.789,1636,24,None,Move,browsing
1569711403.801,1634,24,None,Move,browsing
1569711403.81,1632,23,None,Move,browsing
1569711403.821,1632,22,None,Move,browsing
1569711403.832,1631,22,None,Move,browsing
1569711403.843,1629,21,None,Move,browsing
1569711403.857,1628,21,None,Move,browsing
1569711403.867,1627,21,None,Move,browsing
1569711403.877,1627,21,None,Move,browsing
1569711403.887,1626,21,None,Move,browsing
1569711403.899,1625,21,None,Move,browsing
1569711403.9120002,1625,20,None,Move,browsing
1569711403.97,1624,20,None,Move,browsing
1569711403.998,1623,20,None,Move,browsing
1569711404.028,1622,20,None,Move,browsing
1569711404.059,1621,20,None,Move,browsing
1569711404.096,1621,20,None,Move,browsing
1569711404.12,1620,19,None,Move,browsing
1569711404.1420002,1619,19,None,Move,browsing
1569711404.177,1618,19,None,Move,browsing
1569711406.127,1618,19,Left,Pressed,browsing
1569711406.343,1618,19,Left,Released,browsing
1569711407.1360002,1619,19,None,Move,browsing
1569711407.201,1619,19,None,Move,browsing
1569711407.246,1620,19,None,Move,browsing
1569711407.336,1620,19,None,Move,browsing
1569711407.4220002,1621,19,None,Move,browsing
1569711407.446,1622,19,None,Move,browsing
1569711407.465,1623,19,None,Move,browsing
1569711407.486,1624,19,None,Move,browsing
1569711407.542,1624,19,None,Move,browsing
1569711407.5779998,1625,19,None,Move,browsing
1569711407.605,1625,18,None,Move,browsing
1569711407.631,1626,18,None,Move,browsing
1569711407.6520002,1627,18,None,Move,browsing
1569711407.6929998,1628,18,None,Move,browsing
1569711407.7229998,1629,18,None,Move,browsing
1569711407.791,1629,18,None,Move,browsing
1569711407.813,1629,18,None,Move,browsing
1569711407.835,1633,14,None,Move,browsing
1569711407.896,1634,14,None,Move,browsing
1569711407.94,1635,14,None,Move,browsing
1569711408.244,1635,14,Left,Pressed,browsing
1569711408.457,1635,14,Left,Released,browsing
1569711409.197,1633,14,None,Move,browsing
1569711409.21,1630,14,None,Move,browsing
1569711409.221,1625,14,None,Move,browsing
1569711409.234,1620,14,None,Move,browsing
1569711409.246,1618,14,None,Move,browsing
1569711409.258,1616,14,None,Move,browsing
1569711409.2729998,1615,13,None,Move,browsing
1569711409.2870002,1615,13,None,Move,browsing
1569711409.305,1615,13,None,Move,browsing
1569711409.321,1614,13,None,Move,browsing
1569711409.335,1612,13,None,Move,browsing
1569711409.346,1610,12,None,Move,browsing
1569711409.357,1609,12,None,Move,browsing
1569711409.37,1608,11,None,Move,browsing
1569711409.3820002,1608,11,None,Move,browsing
1569711409.394,1607,11,None,Move,browsing
1569711409.405,1606,9,None,Move,browsing
1569711409.418,1605,9,None,Move,browsing
1569711409.431,1605,9,None,Move,browsing
1569711409.4429998,1605,8,None,Move,browsing
1569711409.454,1603,8,None,Move,browsing
1569711409.465,1602,8,None,Move,browsing
1569711409.476,1602,8,None,Move,browsing
1569711409.488,1601,8,None,Move,browsing
1569711409.5010002,1601,8,None,Move,browsing
1569711409.5129998,1600,7,None,Move,browsing
1569711409.5229998,1599,7,None,Move,browsing
1569711409.534,1598,7,None,Move,browsing
1569711409.5470002,1597,7,None,Move,browsing
1569711409.5579998,1595,7,None,Move,browsing
1569711409.57,1593,7,None,Move,browsing
1569711409.583,1591,7,None,Move,browsing
1569711409.595,1587,7,None,Move,browsing
1569711409.606,1586,7,None,Move,browsing
1569711409.619,1584,7,None,Move,browsing
1569711409.6279998,1581,8,None,Move,browsing
1569711409.637,1581,8,None,Move,browsing
1569711409.6479998,1580,8,None,Move,browsing
1569711409.659,1580,8,None,Move,browsing
1569711409.67,1578,8,None,Move,browsing
1569711409.681,1577,8,None,Move,browsing
1569711409.691,1576,8,None,Move,browsing
1569711409.701,1576,8,None,Move,browsing
1569711409.711,1575,8,None,Move,browsing
1569711409.721,1573,9,None,Move,browsing
1569711409.7329998,1572,9,None,Move,browsing
1569711409.746,1571,10,None,Move,browsing
1569711409.7570002,1570,10,None,Move,browsing
1569711409.768,1569,10,None,Move,browsing
1569711409.781,1569,11,None,Move,browsing
1569711409.793,1567,11,None,Move,browsing
1569711409.804,1567,11,None,Move,browsing
1569711409.816,1566,11,None,Move,browsing
1569711409.829,1565,11,None,Move,browsing
1569711409.844,1565,12,None,Move,browsing
1569711409.859,1564,12,None,Move,browsing
1569711409.8820002,1564,12,None,Move,browsing
1569711409.8979998,1564,13,None,Move,browsing
1569711409.91,1564,14,None,Move,browsing
1569711409.921,1564,15,None,Move,browsing
1569711409.9329998,1564,16,None,Move,browsing
1569711409.945,1565,16,None,Move,browsing
1569711409.956,1565,17,None,Move,browsing
1569711411.184,1565,17,Left,Pressed,browsing
1569711411.3979998,1565,17,Left,Released,browsing
1569711412.7410002,1567,17,None,Move,browsing
1569711412.752,1569,16,None,Move,browsing
1569711412.766,1572,16,None,Move,browsing
1569711412.779,1574,16,None,Move,browsing
1569711412.792,1575,16,None,Move,browsing
1569711412.803,1578,16,None,Move,browsing
1569711412.815,1579,16,None,Move,browsing
1569711412.827,1580,16,None,Move,browsing
1569711412.8379998,1582,16,None,Move,browsing
1569711412.85,1582,16,None,Move,browsing
1569711412.8620002,1583,16,None,Move,browsing
1569711412.8720002,1584,16,None,Move,browsing
1569711412.8820002,1587,16,None,Move,browsing
1569711412.894,1588,16,None,Move,browsing
1569711412.903,1591,16,None,Move,browsing
1569711412.913,1591,16,None,Move,browsing
1569711412.921,1594,16,None,Move,browsing
1569711412.931,1595,16,None,Move,browsing
1569711412.941,1597,16,None,Move,browsing
1569711412.949,1598,16,None,Move,browsing
1569711412.962,1600,16,None,Move,browsing
1569711412.97,1601,16,None,Move,browsing
1569711412.986,1601,17,None,Move,browsing
1569711412.9970002,1602,17,None,Move,browsing
1569711413.012,1602,17,None,Move,browsing
1569711413.034,1603,17,None,Move,browsing
1569711413.0570002,1604,17,None,Move,browsing
1569711413.087,1605,17,None,Move,browsing
1569711413.1620002,1605,17,None,Move,browsing
1569711413.177,1605,17,None,Move,browsing
1569711413.1929998,1604,17,None,Move,browsing
1569711413.202,1604,17,None,Move,browsing
1569711413.214,1603,17,None,Move,browsing
1569711413.225,1602,17,None,Move,browsing
1569711413.236,1600,16,None,Move,browsing
1569711413.248,1599,16,None,Move,browsing
1569711413.26,1598,15,None,Move,browsing
1569711413.268,1597,15,None,Move,browsing
1569711413.28,1596,15,None,Move,browsing
1569711413.29,1594,15,None,Move,browsing
1569711413.303,1593,15,None,Move,browsing
1569711413.3170002,1593,15,None,Move,browsing
1569711413.33,1592,15,None,Move,browsing
1569711413.34,1590,14,None,Move,browsing
1569711413.3520002,1590,14,None,Move,browsing
1569711413.363,1588,14,None,Move,browsing
1569711413.3739998,1588,14,None,Move,browsing
1569711413.385,1587,14,None,Move,browsing
1569711413.397,1586,14,None,Move,browsing
1569711413.411,1585,14,None,Move,browsing
1569711413.426,1585,14,None,Move,browsing
1569711413.441,1584,14,None,Move,browsing
1569711413.471,1583,14,None,Move,browsing
1569711413.508,1582,14,None,Move,browsing
1569711413.554,1582,14,None,Move,browsing
1569711413.772,1582,15,None,Move,browsing
1569711413.795,1582,15,None,Move,browsing
1569711413.81,1583,15,None,Move,browsing
1569711413.84,1584,15,None,Move,browsing
1569711413.877,1585,15,None,Move,browsing
1569711413.93,1586,16,None,Move,browsing
1569711413.9910002,1586,17,None,Move,browsing
1569711414.26,1586,17,Left,Pressed,browsing
1569711414.476,1586,17,Left,Released,browsing
1569711415.171,1583,17,None,Move,browsing
1569711415.188,1576,17,None,Move,browsing
1569711415.202,1570,17,None,Move,browsing
1569711415.217,1563,17,None,Move,browsing
1569711415.231,1557,17,None,Move,browsing
1569711415.248,1554,17,None,Move,browsing
1569711415.262,1551,17,None,Move,browsing
1569711415.276,1551,17,None,Move,browsing
1569711415.289,1548,17,None,Move,browsing
1569711415.302,1548,17,None,Move,browsing
1569711415.3170002,1547,17,None,Move,browsing
1569711415.33,1547,17,None,Move,browsing
1569711415.351,1546,17,None,Move,browsing
1569711415.367,1545,17,None,Move,browsing
1569711415.3779998,1545,16,None,Move,browsing
1569711415.3879998,1544,16,None,Move,browsing
1569711415.3979998,1543,16,None,Move,browsing
1569711415.408,1542,16,None,Move,browsing
1569711415.419,1542,16,None,Move,browsing
1569711415.43,1541,16,None,Move,browsing
1569711415.441,1540,16,None,Move,browsing
1569711415.451,1540,16,None,Move,browsing
1569711415.461,1539,16,None,Move,browsing
1569711415.47,1537,16,None,Move,browsing
1569711415.479,1537,16,None,Move,browsing
1569711415.492,1536,16,None,Move,browsing
1569711415.5029998,1535,16,None,Move,browsing
1569711415.5170002,1535,16,None,Move,browsing
1569711415.54,1534,16,None,Move,browsing
1569711415.552,1533,16,None,Move,browsing
1569711415.566,1532,16,None,Move,browsing
1569711415.579,1532,16,None,Move,browsing
1569711415.59,1530,16,None,Move,browsing
1569711415.6,1530,15,None,Move,browsing
1569711415.6120002,1528,15,None,Move,browsing
1569711415.6279998,1528,15,None,Move,browsing
1569711415.643,1527,15,None,Move,browsing
1569711415.654,1526,15,None,Move,browsing
1569711415.666,1525,15,None,Move,browsing
1569711415.676,1524,15,None,Move,browsing
1569711415.688,1523,15,None,Move,browsing
1569711415.698,1523,15,None,Move,browsing
1569711415.708,1522,15,None,Move,browsing
1569711415.72,1521,15,None,Move,browsing
1569711415.731,1520,15,None,Move,browsing
1569711415.7429998,1519,15,None,Move,browsing
1569711415.758,1519,15,None,Move,browsing
1569711415.774,1518,15,None,Move,browsing
1569711415.786,1517,15,None,Move,browsing
1569711415.799,1517,14,None,Move,browsing
1569711415.812,1517,14,None,Move,browsing
1569711416.337,1517,14,Left,Pressed,browsing
1569711416.552,1517,14,Left,Released,browsing
1569711417.421,1519,14,None,Move,browsing
1569711417.431,1523,14,None,Move,browsing
1569711417.445,1526,14,None,Move,browsing
1569711417.46,1530,14,None,Move,browsing
1569711417.474,1533,14,None,Move,browsing
1569711417.49,1535,14,None,Move,browsing
1569711417.506,1536,14,None,Move,browsing
1569711417.519,1537,14,None,Move,browsing
1569711417.53,1538,14,None,Move,browsing
1569711417.54,1539,14,None,Move,browsing
1569711417.549,1540,14,None,Move,browsing
1569711417.56,1541,14,None,Move,browsing
1569711417.571,1543,14,None,Move,browsing
1569711417.579,1544,14,None,Move,browsing
1569711417.591,1544,14,None,Move,browsing
1569711417.6,1548,14,None,Move,browsing
1569711417.611,1549,15,None,Move,browsing
1569711417.6220002,1550,15,None,Move,browsing
1569711417.6320002,1551,15,None,Move,browsing
1569711417.643,1553,15,None,Move,browsing
1569711417.654,1553,16,None,Move,browsing
1569711417.663,1554,16,None,Move,browsing
1569711417.674,1555,16,None,Move,browsing
1569711417.685,1556,17,None,Move,browsing
1569711417.697,1556,17,None,Move,browsing
1569711417.708,1557,17,None,Move,browsing
1569711417.7229998,1558,17,None,Move,browsing
1569711417.746,1558,17,None,Move,browsing
1569711417.775,1560,17,None,Move,browsing
1569711417.7970002,1561,17,None,Move,browsing
1569711417.82,1561,17,None,Move,browsing
1569711417.843,1562,17,None,Move,browsing
1569711417.8639998,1563,17,None,Move,browsing
1569711417.881,1564,17,None,Move,browsing
1569711417.895,1565,17,None,Move,browsing
1569711417.91,1566,18,None,Move,browsing
1569711417.9320002,1567,18,None,Move,browsing
1569711417.948,1568,18,None,Move,browsing
1569711417.961,1569,18,None,Move,browsing
1569711417.976,1569,18,None,Move,browsing
1569711417.9889998,1569,20,None,Move,browsing
1569711418.0010002,1570,20,None,Move,browsing
1569711418.0129998,1571,20,None,Move,browsing
1569711418.038,1571,20,None,Move,browsing
1569711418.06,1571,20,None,Move,browsing
1569711418.4220002,1571,20,Left,Pressed,browsing
1569711418.637,1571,20,Left,Released,browsing
1569711420.031,1572,20,None,Move,browsing
1569711420.0470002,1573,20,None,Move,browsing
1569711420.06,1573,20,None,Move,browsing
1569711420.073,1574,19,None,Move,browsing
1569711420.087,1574,19,None,Move,browsing
1569711420.0979998,1575,19,None,Move,browsing
1569711420.1120002,1575,19,None,Move,browsing
1569711420.13,1577,19,None,Move,browsing
1569711420.144,1577,19,None,Move,browsing
1569711420.157,1578,19,None,Move,browsing
1569711420.169,1579,18,None,Move,browsing
1569711420.181,1579,18,None,Move,browsing
1569711420.1920002,1580,18,None,Move,browsing
1569711420.201,1581,18,None,Move,browsing
1569711420.2129998,1582,16,None,Move,browsing
1569711420.224,1582,16,None,Move,browsing
1569711420.235,1584,16,None,Move,browsing
1569711420.245,1585,16,None,Move,browsing
1569711420.26,1585,16,None,Move,browsing
1569711420.272,1586,16,None,Move,browsing
1569711420.284,1587,16,None,Move,browsing
1569711420.296,1587,16,None,Move,browsing
1569711420.31,1588,16,None,Move,browsing
1569711420.326,1588,16,None,Move,browsing
1569711420.337,1589,16,None,Move,browsing
1569711420.349,1590,16,None,Move,browsing
1569711420.3779998,1591,16,None,Move,browsing
1569711420.415,1592,16,None,Move,browsing
1569711420.468,1592,15,None,Move,browsing
1569711420.522,1592,14,None,Move,browsing
1569711420.86,1592,14,Left,Pressed,browsing
1569711421.075,1592,14,Left,Released,browsing
1569711421.897,1591,18,None,Move,browsing
1569711421.909,1590,25,None,Move,browsing
1569711421.921,1586,31,None,Move,browsing
1569711421.9329998,1582,37,None,Move,browsing
1569711421.946,1577,49,None,Move,browsing
1569711421.959,1573,56,None,Move,browsing
1569711421.9729998,1568,70,None,Move,browsing
1569711421.9870002,1566,78,None,Move,browsing
1569711421.9989998,1564,85,None,Move,browsing
1569711422.012,1563,90,None,Move,browsing
1569711422.024,1562,99,None,Move,browsing
1569711422.0370002,1562,105,None,Move,browsing
1569711422.0470002,1561,107,None,Move,browsing
1569711422.056,1561,109,None,Move,browsing
1569711422.071,1561,111,None,Move,browsing
1569711422.081,1561,112,None,Move,browsing
1569711422.094,1561,112,None,Move,browsing
1569711422.107,1561,113,None,Move,browsing
1569711422.117,1561,114,None,Move,browsing
1569711422.1279998,1561,115,None,Move,browsing
1569711422.145,1561,115,None,Move,browsing
1569711422.156,1561,115,None,Move,browsing
1569711422.166,1560,115,None,Move,browsing
1569711422.176,1558,115,None,Move,browsing
1569711422.187,1551,111,None,Move,browsing
1569711422.199,1546,108,None,Move,browsing
1569711422.214,1521,82,None,Move,browsing
1569711422.768,1525,78,None,Move,browsing
1569711422.782,1529,76,None,Move,browsing
1569711422.795,1533,74,None,Move,browsing
1569711422.8079998,1536,73,None,Move,browsing
1569711422.82,1543,69,None,Move,browsing
1569711422.832,1547,67,None,Move,browsing
1569711422.845,1550,66,None,Move,browsing
1569711422.8579998,1555,64,None,Move,browsing
1569711422.87,1556,63,None,Move,browsing
1569711422.8820002,1561,61,None,Move,browsing
1569711422.893,1563,60,None,Move,browsing
1569711422.905,1567,58,None,Move,browsing
1569711422.918,1571,57,None,Move,browsing
1569711422.929,1579,55,None,Move,browsing
1569711422.941,1584,55,None,Move,browsing
1569711422.952,1594,51,None,Move,browsing
1569711422.965,1601,51,None,Move,browsing
1569711422.984,1607,51,None,Move,browsing
1569711422.9989998,1617,52,None,Move,browsing
1569711423.01,1626,56,None,Move,browsing
1569711423.022,1633,61,None,Move,browsing
1569711423.034,1639,64,None,Move,browsing
1569711423.046,1642,65,None,Move,browsing
1569711423.0570002,1646,68,None,Move,browsing
1569711423.069,1646,69,None,Move,browsing
1569711423.081,1648,70,None,Move,browsing
1569711423.091,1648,71,None,Move,browsing
1569711423.1020002,1648,71,None,Move,browsing
1569711423.113,1648,72,None,Move,browsing
1569711423.123,1648,72,None,Move,browsing
1569711423.133,1648,72,None,Move,browsing
1569711423.621,1648,69,None,Move,browsing
1569711423.649,1647,66,None,Move,browsing
1569711423.68,1647,65,None,Move,browsing
1569711423.718,1647,64,None,Move,browsing
1569711423.758,1646,63,None,Move,browsing
1569711423.778,1646,60,None,Move,browsing
1569711423.79,1645,58,None,Move,browsing
1569711423.801,1643,56,None,Move,browsing
1569711423.813,1643,55,None,Move,browsing
1569711423.823,1643,53,None,Move,browsing
1569711423.832,1643,53,None,Move,browsing
1569711423.842,1642,51,None,Move,browsing
1569711423.853,1642,48,None,Move,browsing
1569711423.863,1642,47,None,Move,browsing
1569711423.8760002,1642,47,None,Move,browsing
1569711423.8860002,1642,46,None,Move,browsing
1569711423.896,1642,45,None,Move,browsing
1569711423.906,1642,44,None,Move,browsing
1569711423.916,1642,44,None,Move,browsing
1569711423.927,1641,43,None,Move,browsing
1569711423.94,1641,41,None,Move,browsing
1569711423.956,1641,40,None,Move,browsing
1569711423.967,1640,39,None,Move,browsing
1569711423.981,1640,39,None,Move,browsing
1569711423.9929998,1640,38,None,Move,browsing
1569711424.008,1639,37,None,Move,browsing
1569711424.019,1639,37,None,Move,browsing
1569711424.032,1639,35,None,Move,browsing
1569711424.044,1638,35,None,Move,browsing
1569711424.056,1638,34,None,Move,browsing
1569711424.069,1638,33,None,Move,browsing
1569711424.082,1637,32,None,Move,browsing
1569711424.094,1636,32,None,Move,browsing
1569711424.1079998,1636,31,None,Move,browsing
1569711424.12,1635,31,None,Move,browsing
1569711424.1360002,1634,31,None,Move,browsing
1569711424.149,1633,31,None,Move,browsing
1569711424.163,1631,30,None,Move,browsing
1569711424.174,1628,29,None,Move,browsing
1569711424.186,1628,29,None,Move,browsing
1569711424.201,1627,29,None,Move,browsing
1569711424.214,1627,29,None,Move,browsing
1569711424.226,1626,29,None,Move,browsing
1569711424.238,1625,29,None,Move,browsing
1569711424.252,1624,29,None,Move,browsing
1569711424.264,1623,28,None,Move,browsing
1569711424.276,1621,26,None,Move,browsing
1569711424.967,1621,26,Left,Pressed,browsing
1569711425.1820002,1621,26,Left,Released,browsing
1569711426.7029998,1617,24,None,Move,browsing
1569711426.715,1610,21,None,Move,browsing
1569711426.729,1603,20,None,Move,browsing
1569711426.744,1596,19,None,Move,browsing
1569711426.7610002,1587,19,None,Move,browsing
1569711426.774,1582,19,None,Move,browsing
1569711426.788,1578,19,None,Move,browsing
1569711426.802,1574,19,None,Move,browsing
1569711426.816,1570,19,None,Move,browsing
1569711426.829,1567,19,None,Move,browsing
1569711426.842,1565,19,None,Move,browsing
1569711426.855,1565,19,None,Move,browsing
1569711426.87,1564,19,None,Move,browsing
1569711426.8839998,1563,19,None,Move,browsing
1569711426.896,1562,19,None,Move,browsing
1569711426.91,1561,19,None,Move,browsing
1569711426.92,1560,19,None,Move,browsing
1569711426.934,1559,19,None,Move,browsing
1569711426.945,1558,19,None,Move,browsing
1569711426.957,1558,19,None,Move,browsing
1569711426.969,1557,19,None,Move,browsing
1569711426.979,1556,19,None,Move,browsing
1569711426.99,1555,19,None,Move,browsing
1569711427.012,1555,19,None,Move,browsing
1569711427.026,1554,19,None,Move,browsing
1569711427.049,1553,19,None,Move,browsing
1569711427.087,1553,19,None,Move,browsing
1569711427.1620002,1553,19,None,Move,browsing
1569711427.48,1553,19,Left,Pressed,browsing
1569711427.694,1553,19,Left,Released,browsing
1569711429.177,1554,19,None,Move,browsing
1569711429.189,1556,18,None,Move,browsing
1569711429.202,1558,18,None,Move,browsing
1569711429.216,1559,17,None,Move,browsing
1569711429.228,1560,16,None,Move,browsing
1569711429.245,1561,16,None,Move,browsing
1569711429.26,1561,16,None,Move,browsing
1569711429.271,1562,16,None,Move,browsing
1569711429.286,1563,16,None,Move,browsing
1569711429.298,1564,16,None,Move,browsing
1569711429.321,1565,16,None,Move,browsing
1569711429.334,1566,16,None,Move,browsing
1569711429.346,1566,16,None,Move,browsing
1569711429.3579998,1567,16,None,Move,browsing
1569711429.3739998,1568,16,None,Move,browsing
1569711429.3860002,1568,16,None,Move,browsing
1569711429.399,1570,16,None,Move,browsing
1569711429.411,1570,16,None,Move,browsing
1569711429.425,1571,16,None,Move,browsing
1569711429.437,1572,16,None,Move,browsing
1569711429.45,1572,16,None,Move,browsing
1569711429.4629998,1573,16,None,Move,browsing
1569711429.476,1574,16,None,Move,browsing
1569711429.494,1575,16,None,Move,browsing
1569711429.524,1575,16,None,Move,browsing
1569711429.561,1577,16,None,Move,browsing
1569711429.621,1577,16,None,Move,browsing
1569711430.674,1577,16,Left,Pressed,browsing
1569711430.889,1577,16,Left,Released,browsing
1569711431.6620002,1574,15,None,Move,browsing
1569711431.675,1567,15,None,Move,browsing
1569711431.69,1559,15,None,Move,browsing
1569711431.705,1552,15,None,Move,browsing
1569711431.719,1545,16,None,Move,browsing
1569711431.7329998,1540,17,None,Move,browsing
1569711431.746,1535,18,None,Move,browsing
1569711431.76,1532,18,None,Move,browsing
1569711431.7729998,1529,18,None,Move,browsing
1569711431.786,1527,18,None,Move,browsing
1569711431.8,1526,18,None,Move,browsing
1569711431.813,1525,18,None,Move,browsing
1569711431.826,1524,18,None,Move,browsing
1569711431.837,1524,18,None,Move,browsing
1569711431.849,1523,18,None,Move,browsing
1569711431.861,1523,18,None,Move,browsing
1569711431.873,1522,18,None,Move,browsing
1569711431.885,1520,18,None,Move,browsing
1569711431.897,1518,18,None,Move,browsing
1569711431.91,1517,18,None,Move,browsing
1569711431.9220002,1516,18,None,Move,browsing
1569711431.9329998,1515,18,None,Move,browsing
1569711431.946,1514,18,None,Move,browsing
1569711431.959,1513,18,None,Move,browsing
1569711431.972,1513,18,None,Move,browsing
1569711431.984,1512,18,None,Move,browsing
1569711431.996,1511,18,None,Move,browsing
1569711432.006,1510,18,None,Move,browsing
1569711432.021,1510,18,None,Move,browsing
1569711432.036,1509,18,None,Move,browsing
1569711432.046,1508,18,None,Move,browsing
1569711432.065,1507,18,None,Move,browsing
1569711432.094,1507,18,None,Move,browsing
1569711432.424,1507,18,Left,Pressed,browsing
1569711432.64,1507,18,Left,Released,browsing
1569711436.8920002,1506,19,None,Move,browsing
1569711436.904,1504,19,None,Move,browsing
1569711436.918,1502,20,None,Move,browsing
1569711436.93,1498,22,None,Move,browsing
1569711436.9420002,1491,23,None,Move,browsing
1569711436.954,1482,24,None,Move,browsing
1569711436.965,1470,27,None,Move,browsing
1569711436.9770002,1456,27,None,Move,browsing
1569711436.9889998,1436,28,None,Move,browsing
1569711437.0029998,1421,28,None,Move,browsing
1569711437.0129998,1405,28,None,Move,browsing
1569711437.024,1374,31,None,Move,browsing
1569711437.036,1339,33,None,Move,browsing
1569711437.0470002,1304,37,None,Move,browsing
1569711437.0579998,1264,48,None,Move,browsing
1569711437.07,1217,56,None,Move,browsing
1569711437.081,1163,70,None,Move,browsing
1569711437.093,1125,83,None,Move,browsing
1569711437.125,1088,94,None,Move,browsing
1569711437.139,1071,99,None,Move,browsing
1569711437.155,1062,100,None,Move,browsing
1569711437.165,1057,100,None,Move,browsing
1569711437.177,1054,100,None,Move,browsing
1569711437.659,1003,102,None,Move,browsing
1569711437.67,918,104,None,Move,browsing
1569711437.6820002,834,107,None,Move,browsing
1569711437.694,742,105,None,Move,browsing
1569711437.705,660,100,None,Move,browsing
1569711437.717,585,97,None,Move,browsing
1569711437.728,533,92,None,Move,browsing
1569711437.7429998,496,84,None,Move,browsing
1569711437.7610002,481,80,None,Move,browsing
1569711437.7770002,474,77,None,Move,browsing
1569711437.791,470,75,None,Move,browsing
1569711437.805,467,71,None,Move,browsing
1569711438.224,462,76,None,Move,browsing
1569711438.245,444,85,None,Move,browsing
1569711438.2670002,398,92,None,Move,browsing
1569711438.291,333,88,None,Move,browsing
1569711438.321,286,79,None,Move,browsing
1569711438.357,270,72,None,Move,browsing
1569711438.394,265,68,None,Move,browsing
1569711438.427,262,65,None,Move,browsing
1569711438.4429998,260,62,None,Move,browsing
1569711438.455,258,60,None,Move,browsing
1569711438.467,256,57,None,Move,browsing
1569711438.482,256,56,None,Move,browsing
1569711438.492,256,56,None,Move,browsing
1569711438.5029998,256,55,None,Move,browsing
1569711438.512,256,55,None,Move,browsing
1569711438.522,256,54,None,Move,browsing
1569711438.533,256,52,None,Move,browsing
1569711438.543,255,52,None,Move,browsing
1569711438.556,254,50,None,Move,browsing
1569711438.5670002,254,49,None,Move,browsing
1569711438.576,253,47,None,Move,browsing
1569711438.5879998,252,45,None,Move,browsing
1569711438.6,250,43,None,Move,browsing
1569711438.611,248,40,None,Move,browsing
1569711438.623,246,38,None,Move,browsing
1569711438.633,243,36,None,Move,browsing
1569711438.646,239,34,None,Move,browsing
1569711438.657,234,33,None,Move,browsing
1569711438.668,227,32,None,Move,browsing
1569711438.679,222,31,None,Move,browsing
1569711438.691,215,28,None,Move,browsing
1569711438.702,203,28,None,Move,browsing
1569711438.714,194,28,None,Move,browsing
1569711438.724,183,28,None,Move,browsing
1569711438.736,177,28,None,Move,browsing
1569711438.748,173,28,None,Move,browsing
1569711438.7589998,170,28,None,Move,browsing
1569711438.772,168,28,None,Move,browsing
1569711439.488,164,28,None,Move,browsing
1569711439.512,158,29,None,Move,browsing
1569711439.536,152,31,None,Move,browsing
1569711439.5570002,145,32,None,Move,browsing
1569711439.569,137,34,None,Move,browsing
1569711439.577,131,37,None,Move,browsing
1569711439.589,125,40,None,Move,browsing
1569711439.599,118,41,None,Move,browsing
1569711439.609,112,42,None,Move,browsing
1569711439.6220002,108,44,None,Move,browsing
1569711439.635,104,46,None,Move,browsing
1569711439.651,99,47,None,Move,browsing
1569711439.665,93,48,None,Move,browsing
1569711439.677,87,49,None,Move,browsing
1569711439.6920002,80,50,None,Move,browsing
1569711439.7029998,76,51,None,Move,browsing
1569711439.716,70,52,None,Move,browsing
1569711439.729,67,53,None,Move,browsing
1569711439.742,63,54,None,Move,browsing
1569711439.756,62,55,None,Move,browsing
1569711439.768,59,57,None,Move,browsing
1569711439.778,58,58,None,Move,browsing
1569711439.791,57,59,None,Move,browsing
1569711439.801,56,59,None,Move,browsing
1569711439.813,55,60,None,Move,browsing
1569711439.824,54,60,None,Move,browsing
1569711439.835,53,62,None,Move,browsing
1569711439.846,52,63,None,Move,browsing
1569711439.857,51,64,None,Move,browsing
1569711439.869,50,65,None,Move,browsing
1569711439.879,48,66,None,Move,browsing
1569711439.89,47,67,None,Move,browsing
1569711439.9020002,45,68,None,Move,browsing
1569711439.914,44,69,None,Move,browsing
1569711439.926,43,69,None,Move,browsing
1569711439.937,41,70,None,Move,browsing
1569711439.951,40,70,None,Move,browsing
1569711439.962,40,70,None,Move,browsing
1569711439.974,39,70,None,Move,browsing
1569711439.986,39,70,None,Move,browsing
1569711439.9970002,37,70,None,Move,browsing
1569711440.008,37,70,None,Move,browsing
1569711440.02,36,70,None,Move,browsing
1569711440.031,35,70,None,Move,browsing
1569711440.041,35,70,None,Move,browsing
1569711440.052,34,70,None,Move,browsing
1569711440.062,33,70,None,Move,browsing
1569711440.072,32,70,None,Move,browsing
1569711440.083,32,70,None,Move,browsing
1569711440.095,31,70,None,Move,browsing
1569711440.106,30,68,None,Move,browsing
1569711440.117,29,66,None,Move,browsing
1569711440.1279998,27,64,None,Move,browsing
1569711440.1379998,26,62,None,Move,browsing
1569711440.153,26,60,None,Move,browsing
1569711440.165,26,59,None,Move,browsing
1569711440.175,26,56,None,Move,browsing
1569711440.186,26,55,None,Move,browsing
1569711440.196,26,54,None,Move,browsing
1569711440.206,26,53,None,Move,browsing
1569711440.218,26,53,None,Move,browsing
1569711440.228,26,52,None,Move,browsing
1569711440.2389998,26,51,None,Move,browsing
1569711440.25,27,50,None,Move,browsing
1569711440.26,28,49,None,Move,browsing
1569711440.271,29,49,None,Move,browsing
1569711440.282,30,49,None,Move,browsing
1569711440.291,33,49,None,Move,browsing
1569711440.303,35,49,None,Move,browsing
1569711440.315,36,49,None,Move,browsing
1569711440.326,39,49,None,Move,browsing
1569711440.337,40,50,None,Move,browsing
1569711440.35,42,51,None,Move,browsing
1569711440.359,43,51,None,Move,browsing
1569711440.3720002,44,52,None,Move,browsing
1569711440.3839998,45,52,None,Move,browsing
1569711440.394,47,53,None,Move,browsing
1569711440.405,50,53,None,Move,browsing
1569711440.415,51,53,None,Move,browsing
1569711440.425,51,54,None,Move,browsing
1569711440.435,52,54,None,Move,browsing
1569711440.446,53,54,None,Move,browsing
1569711440.454,55,54,None,Move,browsing
1569711440.464,56,55,None,Move,browsing
1569711440.474,58,55,None,Move,browsing
1569711440.486,59,56,None,Move,browsing
1569711440.4970002,62,56,None,Move,browsing
1569711440.508,63,56,None,Move,browsing
1569711440.518,64,56,None,Move,browsing
1569711440.5270002,66,56,None,Move,browsing
1569711440.539,68,56,None,Move,browsing
1569711440.551,69,56,None,Move,browsing
1569711440.561,70,56,None,Move,browsing
1569711440.571,71,56,None,Move,browsing
1569711440.581,72,56,None,Move,browsing
1569711440.591,72,56,None,Move,browsing
1569711440.6,74,56,None,Move,browsing
1569711440.61,74,56,None,Move,browsing
1569711440.623,75,56,None,Move,browsing
1569711440.637,75,56,None,Move,browsing
1569711440.649,76,56,None,Move,browsing
1569711440.658,77,56,None,Move,browsing
1569711440.67,77,56,None,Move,browsing
1569711440.681,79,56,None,Move,browsing
1569711440.69,80,55,None,Move,browsing
1569711440.702,80,55,None,Move,browsing
1569711440.715,81,55,None,Move,browsing
1569711440.7270002,82,55,None,Move,browsing
1569711440.738,83,55,None,Move,browsing
1569711440.7489998,84,55,None,Move,browsing
1569711440.7610002,85,54,None,Move,browsing
1569711440.772,86,54,None,Move,browsing
1569711441.09,86,54,Left,Pressed,browsing
1569711441.305,86,54,Left,Released,browsing
1569711449.465,88,54,None,Move,browsing
1569711449.4770002,92,54,None,Move,browsing
1569711449.4910002,94,54,None,Move,browsing
1569711449.5010002,98,54,None,Move,browsing
1569711449.5129998,100,54,None,Move,browsing
1569711449.524,103,54,None,Move,browsing
1569711449.533,104,54,None,Move,browsing
1569711449.546,107,54,None,Move,browsing
1569711449.5579998,108,54,None,Move,browsing
1569711449.569,110,54,None,Move,browsing
1569711449.582,112,54,None,Move,browsing
1569711449.597,113,54,None,Move,browsing
1569711449.611,114,54,None,Move,browsing
1569711449.6220002,115,54,None,Move,browsing
1569711449.6339998,116,54,None,Move,browsing
1569711449.647,117,54,None,Move,browsing
1569711449.66,118,54,None,Move,browsing
1569711449.675,119,54,None,Move,browsing
1569711449.69,119,54,None,Move,browsing
1569711449.72,120,54,None,Move,browsing
1569711449.736,120,55,None,Move,browsing
1569711449.7470002,120,56,None,Move,browsing
1569711449.7589998,120,57,None,Move,browsing
1569711449.769,120,59,None,Move,browsing
1569711449.781,120,62,None,Move,browsing
1569711449.793,120,65,None,Move,browsing
1569711449.804,119,67,None,Move,browsing
1569711449.8170002,119,71,None,Move,browsing
1569711449.83,119,77,None,Move,browsing
1569711449.844,119,85,None,Move,browsing
1569711449.857,122,94,None,Move,browsing
1569711449.873,125,102,None,Move,browsing
1569711449.8839998,129,110,None,Move,browsing
1569711449.897,132,116,None,Move,browsing
1569711449.911,133,119,None,Move,browsing
1569711449.924,138,123,None,Move,browsing
1569711449.935,139,126,None,Move,browsing
1569711449.947,143,128,None,Move,browsing
1569711449.958,145,131,None,Move,browsing
1569711449.97,149,133,None,Move,browsing
1569711449.982,153,135,None,Move,browsing
1569711449.994,160,135,None,Move,browsing
1569711450.01,165,135,None,Move,browsing
1569711450.025,173,133,None,Move,browsing
1569711450.039,182,128,None,Move,browsing
1569711450.05,193,123,None,Move,browsing
1569711450.063,204,115,None,Move,browsing
1569711450.079,212,109,None,Move,browsing
1569711450.093,222,102,None,Move,browsing
1569711450.1120002,228,97,None,Move,browsing
1569711450.129,233,94,None,Move,browsing
1569711450.146,236,91,None,Move,browsing
1569711450.1620002,239,89,None,Move,browsing
1569711450.175,240,88,None,Move,browsing
1569711450.653,252,83,None,Move,browsing
1569711450.666,266,76,None,Move,browsing
1569711450.685,279,69,None,Move,browsing
1569711450.701,294,65,None,Move,browsing
1569711450.717,306,62,None,Move,browsing
1569711450.728,318,62,None,Move,browsing
1569711450.74,330,64,None,Move,browsing
1569711450.7489998,340,66,None,Move,browsing
1569711450.7610002,351,70,None,Move,browsing
1569711450.778,361,75,None,Move,browsing
1569711450.792,372,85,None,Move,browsing
1569711450.804,380,94,None,Move,browsing
1569711450.8170002,392,109,None,Move,browsing
1569711450.83,398,122,None,Move,browsing
1569711450.844,403,134,None,Move,browsing
1569711450.856,408,146,None,Move,browsing
1569711450.873,414,160,None,Move,browsing
1569711450.889,419,172,None,Move,browsing
1569711450.906,425,180,None,Move,browsing
1569711450.9220002,429,188,None,Move,browsing
1569711450.9320002,431,194,None,Move,browsing
1569711450.944,433,198,None,Move,browsing
1569711450.961,435,201,None,Move,browsing
1569711450.9770002,437,203,None,Move,browsing
1569711450.994,437,204,None,Move,browsing
1569711451.008,439,205,None,Move,browsing
1569711451.025,441,206,None,Move,browsing
1569711451.041,442,206,None,Move,browsing
1569711451.052,445,201,None,Move,browsing
1569711451.064,449,189,None,Move,browsing
1569711451.0779998,451,175,None,Move,browsing
1569711451.09,451,162,None,Move,browsing
1569711451.099,451,155,None,Move,browsing
1569711451.1160002,451,148,None,Move,browsing
1569711451.1279998,452,145,None,Move,browsing
1569711451.14,453,139,None,Move,browsing
1569711451.159,454,136,None,Move,browsing
1569711451.1720002,455,133,None,Move,browsing
1569711451.184,455,130,None,Move,browsing
1569711451.197,455,129,None,Move,browsing
1569711451.211,455,126,None,Move,browsing
1569711451.224,455,125,None,Move,browsing
1569711451.236,455,121,None,Move,browsing
1569711451.248,454,117,None,Move,browsing
1569711451.26,451,111,None,Move,browsing
1569711451.272,445,103,None,Move,browsing
1569711451.283,440,99,None,Move,browsing
1569711451.299,430,92,None,Move,browsing
1569711451.314,417,85,None,Move,browsing
1569711451.327,405,79,None,Move,browsing
1569711451.34,397,75,None,Move,browsing
1569711451.3520002,388,71,None,Move,browsing
1569711451.3660002,379,68,None,Move,browsing
1569711451.381,371,65,None,Move,browsing
1569711451.397,362,64,None,Move,browsing
1569711451.4120002,353,61,None,Move,browsing
1569711451.424,346,59,None,Move,browsing
1569711451.438,334,58,None,Move,browsing
1569711451.451,327,57,None,Move,browsing
1569711451.4629998,319,57,None,Move,browsing
1569711451.4770002,312,57,None,Move,browsing
1569711451.488,303,58,None,Move,browsing
1569711451.4989998,300,59,None,Move,browsing
1569711451.51,296,61,None,Move,browsing
1569711451.5229998,293,63,None,Move,browsing
1569711451.534,290,64,None,Move,browsing
1569711451.545,288,66,None,Move,browsing
1569711451.5570002,286,70,None,Move,browsing
1569711451.5679998,283,73,None,Move,browsing
1569711451.579,281,76,None,Move,browsing
1569711451.592,281,81,None,Move,browsing
1569711451.609,282,87,None,Move,browsing
1569711451.621,287,96,None,Move,browsing
1569711451.6320002,295,108,None,Move,browsing
1569711451.644,302,118,None,Move,browsing
1569711451.656,316,128,None,Move,browsing
1569711451.665,330,138,None,Move,browsing
1569711451.679,345,145,None,Move,browsing
1569711451.6920002,361,154,None,Move,browsing
1569711451.705,387,165,None,Move,browsing
1569711451.717,409,171,None,Move,browsing
1569711451.732,424,176,None,Move,browsing
1569711451.746,440,181,None,Move,browsing
1569711451.7589998,453,185,None,Move,browsing
1569711451.772,465,191,None,Move,browsing
1569711451.783,479,197,None,Move,browsing
1569711451.795,495,205,None,Move,browsing
1569711451.8079998,511,214,None,Move,browsing
1569711451.821,524,222,None,Move,browsing
1569711451.833,536,232,None,Move,browsing
1569711451.8479998,547,240,None,Move,browsing
1569711451.8620002,555,247,None,Move,browsing
1569711451.8760002,559,250,None,Move,browsing
1569711452.325,581,245,None,Move,browsing
1569711452.337,604,240,None,Move,browsing
1569711452.3479998,634,234,None,Move,browsing
1569711452.36,656,231,None,Move,browsing
1569711452.37,688,227,None,Move,browsing
1569711452.3779998,706,226,None,Move,browsing
1569711452.389,730,224,None,Move,browsing
1569711452.399,750,224,None,Move,browsing
1569711452.411,771,224,None,Move,browsing
1569711452.4220002,789,224,None,Move,browsing
1569711452.4329998,804,225,None,Move,browsing
1569711452.4429998,819,227,None,Move,browsing
1569711452.454,835,231,None,Move,browsing
1569711452.465,851,234,None,Move,browsing
1569711452.4770002,864,237,None,Move,browsing
1569711452.4889998,879,242,None,Move,browsing
1569711452.5010002,894,249,None,Move,browsing
1569711452.512,910,257,None,Move,browsing
1569711452.525,926,266,None,Move,browsing
1569711452.536,940,273,None,Move,browsing
1569711452.545,952,281,None,Move,browsing
1569711452.555,965,288,None,Move,browsing
1569711452.563,974,294,None,Move,browsing
1569711452.573,981,300,None,Move,browsing
1569711452.582,984,303,None,Move,browsing
1569711452.593,986,306,None,Move,browsing
1569711452.604,988,307,None,Move,browsing
1569711454.265,992,306,None,Move,browsing
1569711454.276,999,302,None,Move,browsing
1569711454.286,1003,299,None,Move,browsing
1569711454.3,1011,294,None,Move,browsing
1569711454.31,1017,290,None,Move,browsing
1569711454.323,1026,283,None,Move,browsing
1569711454.335,1034,276,None,Move,browsing
1569711454.344,1043,271,None,Move,browsing
1569711454.355,1052,266,None,Move,browsing
1569711454.3660002,1061,261,None,Move,browsing
1569711454.377,1069,257,None,Move,browsing
1569711454.3879998,1078,253,None,Move,browsing
1569711454.401,1084,250,None,Move,browsing
1569711454.41,1093,246,None,Move,browsing
1569711454.427,1100,244,None,Move,browsing
1569711454.437,1105,243,None,Move,browsing
1569711454.448,1111,242,None,Move,browsing
1569711454.459,1118,241,None,Move,browsing
1569711454.472,1125,241,None,Move,browsing
1569711454.482,1129,241,None,Move,browsing
1569711454.4929998,1133,241,None,Move,browsing
1569711454.506,1135,241,None,Move,browsing
1569711454.518,1138,241,None,Move,browsing
1569711454.529,1140,242,None,Move,browsing
1569711454.542,1142,243,None,Move,browsing
1569711454.554,1145,244,None,Move,browsing
1569711454.5670002,1146,245,None,Move,browsing
1569711454.579,1147,245,None,Move,browsing
1569711454.59,1148,245,None,Move,browsing
1569711454.605,1149,245,None,Move,browsing
1569711454.617,1150,247,None,Move,browsing
1569711454.629,1150,248,None,Move,browsing
1569711455.19,1153,245,None,Move,browsing
1569711455.204,1156,241,None,Move,browsing
1569711455.218,1161,236,None,Move,browsing
1569711455.23,1166,230,None,Move,browsing
1569711455.2429998,1172,224,None,Move,browsing
1569711455.255,1180,216,None,Move,browsing
1569711455.268,1188,210,None,Move,browsing
1569711455.282,1194,205,None,Move,browsing
1569711455.294,1199,200,None,Move,browsing
1569711455.311,1202,195,None,Move,browsing
1569711455.327,1206,191,None,Move,browsing
1569711455.343,1210,189,None,Move,browsing
1569711455.359,1213,186,None,Move,browsing
1569711455.3739998,1216,184,None,Move,browsing
1569711455.3860002,1218,184,None,Move,browsing
1569711455.401,1220,183,None,Move,browsing
1569711455.4120002,1221,181,None,Move,browsing
1569711455.434,1222,181,None,Move,browsing
1569711455.444,1223,181,None,Move,browsing
1569711456.049,1226,179,None,Move,browsing
1569711456.061,1230,177,None,Move,browsing
1569711456.071,1236,175,None,Move,browsing
1569711456.083,1241,172,None,Move,browsing
1569711456.095,1245,170,None,Move,browsing
1569711456.106,1249,168,None,Move,browsing
1569711456.117,1253,165,None,Move,browsing
1569711456.1279998,1256,165,None,Move,browsing
1569711456.14,1260,163,None,Move,browsing
1569711456.154,1261,162,None,Move,browsing
1569711456.165,1263,161,None,Move,browsing
1569711456.175,1266,160,None,Move,browsing
1569711456.186,1266,160,None,Move,browsing
1569711456.196,1267,160,None,Move,browsing
1569711456.206,1268,160,None,Move,browsing
1569711456.216,1269,160,None,Move,browsing
1569711456.225,1270,160,None,Move,browsing
1569711456.236,1271,160,None,Move,browsing
1569711456.25,1272,160,None,Move,browsing
1569711456.266,1273,160,None,Move,browsing
1569711456.281,1273,159,None,Move,browsing
1569711456.296,1273,159,None,Move,browsing
1569711456.326,1274,159,None,Move,browsing
1569711456.3779998,1275,159,None,Move,browsing
1569711456.67,1276,159,None,Move,browsing
1569711456.707,1277,159,None,Move,browsing
1569711456.752,1278,159,None,Move,browsing
1569711456.789,1278,159,None,Move,browsing
1569711456.805,1279,159,None,Move,browsing
1569711456.82,1280,159,None,Move,browsing
1569711456.831,1281,159,None,Move,browsing
1569711456.842,1282,159,None,Move,browsing
1569711456.854,1283,159,None,Move,browsing
1569711456.8660002,1285,158,None,Move,browsing
1569711456.877,1287,157,None,Move,browsing
1569711456.8879998,1288,155,None,Move,browsing
1569711456.9020002,1290,154,None,Move,browsing
1569711456.914,1291,153,None,Move,browsing
1569711456.924,1293,153,None,Move,browsing
1569711456.935,1295,151,None,Move,browsing
1569711456.946,1296,149,None,Move,browsing
1569711456.957,1299,147,None,Move,browsing
1569711456.969,1303,143,None,Move,browsing
1569711456.982,1306,141,None,Move,browsing
1569711456.9929998,1310,137,None,Move,browsing
1569711457.005,1313,133,None,Move,browsing
1569711457.018,1317,130,None,Move,browsing
1569711457.028,1320,127,None,Move,browsing
1569711457.041,1323,124,None,Move,browsing
1569711457.054,1324,122,None,Move,browsing
1569711457.065,1326,119,None,Move,browsing
1569711457.076,1329,117,None,Move,browsing
1569711457.0879998,1331,115,None,Move,browsing
1569711457.1,1332,114,None,Move,browsing
1569711457.111,1335,112,None,Move,browsing
1569711457.1220002,1336,110,None,Move,browsing
1569711457.1320002,1337,109,None,Move,browsing
1569711457.141,1338,106,None,Move,browsing
1569711457.153,1341,104,None,Move,browsing
1569711457.165,1343,102,None,Move,browsing
1569711457.174,1344,101,None,Move,browsing
1569711457.186,1347,99,None,Move,browsing
1569711457.197,1349,97,None,Move,browsing
1569711457.208,1350,97,None,Move,browsing
1569711457.219,1355,93,None,Move,browsing
1569711457.23,1357,91,None,Move,browsing
1569711457.24,1359,90,None,Move,browsing
1569711457.252,1362,89,None,Move,browsing
1569711457.6160002,1371,87,None,Move,browsing
1569711457.6239998,1383,84,None,Move,browsing
1569711457.6339998,1394,82,None,Move,browsing
1569711457.6420002,1406,79,None,Move,browsing
1569711457.653,1416,75,None,Move,browsing
1569711457.6620002,1428,73,None,Move,browsing
1569711457.673,1436,72,None,Move,browsing
1569711457.684,1446,71,None,Move,browsing
1569711457.6929998,1457,69,None,Move,browsing
1569711457.702,1465,68,None,Move,browsing
1569711457.714,1475,68,None,Move,browsing
1569711457.725,1486,66,None,Move,browsing
1569711457.735,1495,66,None,Move,browsing
1569711457.745,1503,66,None,Move,browsing
1569711457.756,1510,66,None,Move,browsing
1569711457.7670002,1519,65,None,Move,browsing
1569711457.779,1527,65,None,Move,browsing
1569711457.79,1535,65,None,Move,browsing
1569711457.802,1544,65,None,Move,browsing
1569711457.8170002,1552,65,None,Move,browsing
1569711457.83,1557,65,None,Move,browsing
1569711457.84,1562,65,None,Move,browsing
1569711457.851,1568,66,None,Move,browsing
1569711457.861,1572,68,None,Move,browsing
1569711457.8720002,1575,68,None,Move,browsing
1569711457.883,1578,69,None,Move,browsing
1569711457.893,1581,70,None,Move,browsing
1569711457.905,1581,70,None,Move,browsing
1569711457.915,1582,70,None,Move,browsing
1569711457.925,1583,70,None,Move,browsing
1569711458.331,1583,67,None,Move,browsing
1569711458.344,1583,61,None,Move,browsing
1569711458.355,1583,57,None,Move,browsing
1569711458.3660002,1583,53,None,Move,browsing
1569711458.377,1583,51,None,Move,browsing
1569711458.389,1583,49,None,Move,browsing
1569711458.401,1583,48,None,Move,browsing
1569711458.411,1583,47,None,Move,browsing
1569711458.423,1583,46,None,Move,browsing
1569711458.435,1583,45,None,Move,browsing
1569711458.445,1583,45,None,Move,browsing
1569711458.456,1583,44,None,Move,browsing
1569711458.467,1583,43,None,Move,browsing
1569711458.479,1583,42,None,Move,browsing
1569711458.492,1583,41,None,Move,browsing
1569711458.506,1583,40,None,Move,browsing
1569711458.52,1583,39,None,Move,browsing
1569711458.531,1583,38,None,Move,browsing
1569711458.542,1583,38,None,Move,browsing
1569711458.555,1583,37,None,Move,browsing
1569711458.572,1583,36,None,Move,browsing
1569711458.587,1583,35,None,Move,browsing
1569711458.6160002,1583,34,None,Move,browsing
1569711458.646,1583,33,None,Move,browsing
1569711458.699,1583,33,None,Move,browsing
1569711463.572,1582,33,None,Move,browsing
1569711463.61,1582,32,None,Move,browsing
1569711463.6320002,1581,32,None,Move,browsing
1569711463.647,1581,31,None,Move,browsing
1569711463.661,1580,27,None,Move,browsing
1569711463.676,1579,26,None,Move,browsing
1569711463.691,1578,26,None,Move,browsing
1569711463.7129998,1578,25,None,Move,browsing
1569711463.724,1578,25,None,Move,browsing
1569711463.7510002,1577,25,None,Move,browsing
1569711463.78,1576,24,None,Move,browsing
1569711463.792,1576,23,None,Move,browsing
1569711463.804,1576,23,None,Move,browsing
1569711463.8179998,1575,23,None,Move,browsing
1569711463.831,1575,21,None,Move,browsing
1569711463.847,1574,20,None,Move,browsing
1569711463.877,1574,20,None,Move,browsing
1569711463.8879998,1574,20,None,Move,browsing
1569711463.914,1574,19,None,Move,browsing
1569711468.816,1574,19,Left,Pressed,browsing
1569711469.031,1574,19,Left,Released,browsing
1569711470.46,1571,20,None,Move,browsing
1569711470.4729998,1567,22,None,Move,browsing
1569711470.4829998,1561,27,None,Move,browsing
1569711470.494,1553,32,None,Move,browsing
1569711470.506,1546,38,None,Move,browsing
1569711470.516,1540,43,None,Move,browsing
1569711470.529,1536,47,None,Move,browsing
1569711470.543,1531,53,None,Move,browsing
1569711470.553,1528,56,None,Move,browsing
1569711470.563,1525,60,None,Move,browsing
1569711470.576,1524,62,None,Move,browsing
1569711470.59,1523,65,None,Move,browsing
1569711470.601,1522,66,None,Move,browsing
1569711470.613,1521,66,None,Move,browsing
1569711470.629,1521,67,None,Move,browsing
1569711470.6420002,1521,68,None,Move,browsing
1569711470.657,1521,69,None,Move,browsing
1569711470.676,1521,70,None,Move,browsing
1569711470.691,1521,71,None,Move,browsing
1569711470.705,1521,71,None,Move,browsing
1569711470.73,1521,72,None,Move,browsing
1569711470.744,1521,72,None,Move,browsing
1569711470.782,1520,72,None,Move,browsing
1569711470.804,1519,72,None,Move,browsing
1569711470.815,1519,72,None,Move,browsing
1569711470.827,1519,69,None,Move,browsing
1569711470.84,1519,68,None,Move,browsing
1569711470.853,1519,64,None,Move,browsing
1569711470.867,1519,62,None,Move,browsing
1569711470.88,1519,59,None,Move,browsing
1569711470.891,1519,56,None,Move,browsing
1569711470.905,1519,52,None,Move,browsing
1569711470.915,1518,49,None,Move,browsing
1569711470.931,1518,46,None,Move,browsing
1569711470.9429998,1518,45,None,Move,browsing
1569711470.958,1517,43,None,Move,browsing
1569711470.971,1517,41,None,Move,browsing
1569711470.982,1517,40,None,Move,browsing
1569711470.9929998,1517,38,None,Move,browsing
1569711471.006,1517,36,None,Move,browsing
1569711471.0229998,1517,34,None,Move,browsing
1569711471.034,1517,32,None,Move,browsing
1569711471.05,1517,30,None,Move,browsing
1569711471.064,1517,29,None,Move,browsing
1569711471.076,1517,28,None,Move,browsing
1569711471.091,1517,27,None,Move,browsing
1569711471.107,1517,26,None,Move,browsing
1569711471.119,1517,25,None,Move,browsing
1569711471.131,1517,25,None,Move,browsing
1569711471.15,1517,24,None,Move,browsing
1569711471.163,1517,23,None,Move,browsing
1569711471.175,1517,22,None,Move,browsing
1569711471.187,1517,22,None,Move,browsing
1569711471.197,1517,21,None,Move,browsing
1569711471.216,1517,20,None,Move,browsing
1569711471.231,1517,20,None,Move,browsing
1569711471.254,1517,19,None,Move,browsing
1569711471.282,1517,18,None,Move,browsing
1569711471.319,1517,17,None,Move,browsing
1569711471.334,1516,17,None,Move,browsing
1569711471.35,1515,16,None,Move,browsing
1569711471.365,1515,16,None,Move,browsing
1569711471.3779998,1514,16,None,Move,browsing
1569711471.3879998,1513,15,None,Move,browsing
1569711471.399,1513,15,None,Move,browsing
1569711471.4120002,1511,15,None,Move,browsing
1569711471.425,1511,14,None,Move,browsing
1569711471.439,1510,14,None,Move,browsing
1569711471.451,1509,14,None,Move,browsing
1569711471.461,1508,14,None,Move,browsing
1569711471.4729998,1507,14,None,Move,browsing
1569711471.4829998,1506,14,None,Move,browsing
1569711471.4970002,1505,13,None,Move,browsing
1569711471.5089998,1505,12,None,Move,browsing
1569711471.522,1505,12,None,Move,browsing
1569711471.9020002,1505,12,Left,Pressed,browsing
1569711472.117,1505,12,Left,Released,browsing
1569711473.062,1505,12,None,Move,browsing
1569711473.073,1506,12,None,Move,browsing
1569711473.084,1506,12,None,Move,browsing
1569711473.096,1506,12,None,Move,browsing
1569711473.1079998,1507,13,None,Move,browsing
1569711473.12,1507,14,None,Move,browsing
1569711473.133,1509,15,None,Move,browsing
1569711473.147,1510,16,None,Move,browsing
1569711473.165,1510,17,None,Move,browsing
1569711473.1820002,1511,18,None,Move,browsing
1569711473.1929998,1512,21,None,Move,browsing
1569711473.208,1513,23,None,Move,browsing
1569711473.218,1514,24,None,Move,browsing
1569711473.23,1515,25,None,Move,browsing
1569711473.24,1516,26,None,Move,browsing
1569711473.2510002,1516,27,None,Move,browsing
1569711473.262,1516,28,None,Move,browsing
1569711473.274,1516,29,None,Move,browsing
1569711473.285,1517,30,None,Move,browsing
1569711473.296,1517,31,None,Move,browsing
1569711473.3079998,1517,32,None,Move,browsing
1569711473.321,1517,33,None,Move,browsing
1569711473.334,1517,34,None,Move,browsing
1569711473.3479998,1517,35,None,Move,browsing
1569711473.359,1517,35,None,Move,browsing
1569711473.3760002,1517,36,None,Move,browsing
1569711473.413,1517,37,None,Move,browsing
1569711473.5029998,1516,37,None,Move,browsing
1569711473.518,1516,36,None,Move,browsing
1569711473.533,1516,35,None,Move,browsing
1569711473.546,1515,35,None,Move,browsing
1569711473.56,1515,35,None,Move,browsing
1569711473.573,1515,34,None,Move,browsing
1569711473.586,1515,33,None,Move,browsing
1569711473.6160002,1515,32,None,Move,browsing
1569711473.631,1515,31,None,Move,browsing
1569711473.6520002,1515,30,None,Move,browsing
1569711473.664,1515,30,None,Move,browsing
1569711473.676,1515,29,None,Move,browsing
1569711473.69,1515,28,None,Move,browsing
1569711473.7029998,1515,28,None,Move,browsing
1569711473.7129998,1515,27,None,Move,browsing
1569711473.7270002,1515,26,None,Move,browsing
1569711473.7429998,1515,25,None,Move,browsing
1569711473.756,1515,24,None,Move,browsing
1569711473.77,1515,23,None,Move,browsing
1569711473.7870002,1515,22,None,Move,browsing
1569711473.802,1515,22,None,Move,browsing
1569711473.833,1515,21,None,Move,browsing
1569711473.8620002,1515,20,None,Move,browsing
1569711473.9,1515,20,None,Move,browsing
1569711473.93,1515,20,None,Move,browsing
1569711473.941,1515,19,None,Move,browsing
1569711473.975,1515,17,None,Move,browsing
1569711474.05,1515,17,None,Move,browsing
1569711474.4529998,1515,17,None,Move,browsing
1569711474.465,1514,18,None,Move,browsing
1569711474.475,1513,19,None,Move,browsing
1569711474.486,1512,21,None,Move,browsing
1569711474.496,1511,23,None,Move,browsing
1569711474.5070002,1510,23,None,Move,browsing
1569711474.52,1510,24,None,Move,browsing
1569711474.534,1510,24,None,Move,browsing
1569711474.546,1510,25,None,Move,browsing
1569711474.556,1510,26,None,Move,browsing
1569711474.569,1510,27,None,Move,browsing
1569711474.579,1509,27,None,Move,browsing
1569711474.589,1509,28,None,Move,browsing
1569711474.6,1509,29,None,Move,browsing
1569711474.61,1509,30,None,Move,browsing
1569711474.621,1509,31,None,Move,browsing
1569711474.6360002,1509,32,None,Move,browsing
1569711474.647,1509,33,None,Move,browsing
1569711475.836,1509,32,None,Move,browsing
1569711475.85,1509,32,None,Move,browsing
1569711475.863,1510,31,None,Move,browsing
1569711475.8739998,1511,30,None,Move,browsing
1569711475.887,1512,29,None,Move,browsing
1569711475.899,1514,28,None,Move,browsing
1569711475.909,1514,27,None,Move,browsing
1569711475.9220002,1515,27,None,Move,browsing
1569711475.936,1516,26,None,Move,browsing
1569711475.95,1516,25,None,Move,browsing
1569711475.96,1516,25,None,Move,browsing
1569711475.975,1517,25,None,Move,browsing
1569711475.986,1517,24,None,Move,browsing
1569711475.9989998,1517,22,None,Move,browsing
1569711476.012,1518,22,None,Move,browsing
1569711476.025,1518,22,None,Move,browsing
1569711476.04,1518,22,None,Move,browsing
1569711476.054,1518,21,None,Move,browsing
1569711476.075,1519,20,None,Move,browsing
1569711476.1,1519,19,None,Move,browsing
1569711476.11,1520,19,None,Move,browsing
1569711476.1220002,1520,19,None,Move,browsing
1569711476.133,1521,19,None,Move,browsing
1569711476.144,1521,18,None,Move,browsing
1569711476.157,1521,17,None,Move,browsing
1569711476.168,1522,17,None,Move,browsing
1569711476.1820002,1522,16,None,Move,browsing
1569711476.1920002,1523,16,None,Move,browsing
1569711476.204,1523,14,None,Move,browsing
1569711476.215,1523,14,None,Move,browsing
1569711476.235,1523,13,None,Move,browsing
1569711476.25,1523,12,None,Move,browsing
1569711476.264,1523,12,None,Move,browsing
1569711476.275,1523,11,None,Move,browsing
1569711476.294,1523,10,None,Move,browsing
1569711476.309,1523,9,None,Move,browsing
1569711476.3379998,1523,9,None,Move,browsing
1569711476.907,1523,9,None,Move,browsing
1569711476.918,1523,9,None,Move,browsing
1569711476.931,1522,10,None,Move,browsing
1569711476.9420002,1522,10,None,Move,browsing
1569711476.955,1522,11,None,Move,browsing
1569711476.965,1521,11,None,Move,browsing
1569711476.976,1520,11,None,Move,browsing
1569711476.9870002,1520,11,None,Move,browsing
1569711476.998,1520,11,None,Move,browsing
1569711477.01,1520,13,None,Move,browsing
1569711477.0270002,1519,13,None,Move,browsing
1569711477.0370002,1519,14,None,Move,browsing
1569711477.064,1517,14,None,Move,browsing
1569711477.075,1517,14,None,Move,browsing
1569711477.109,1517,15,None,Move,browsing
1569711477.12,1517,15,None,Move,browsing
1569711477.168,1516,15,None,Move,browsing
1569711478.207,1516,15,Left,Pressed,browsing
1569711478.423,1516,15,Left,Released,browsing
1569711478.9770002,1510,16,None,Move,browsing
1569711478.988,1498,19,None,Move,browsing
1569711479.0170002,1489,21,None,Move,browsing
1569711479.03,1480,23,None,Move,browsing
1569711479.046,1474,26,None,Move,browsing
1569711479.06,1470,28,None,Move,browsing
1569711479.076,1466,29,None,Move,browsing
1569711479.087,1463,30,None,Move,browsing
1569711479.099,1461,30,None,Move,browsing
1569711479.111,1461,30,None,Move,browsing
1569711479.121,1460,31,None,Move,browsing
1569711479.1320002,1459,31,None,Move,browsing
1569711479.143,1458,31,None,Move,browsing
1569711479.156,1457,32,None,Move,browsing
1569711479.167,1457,32,None,Move,browsing
1569711479.179,1455,32,None,Move,browsing
1569711479.1920002,1455,32,None,Move,browsing
1569711479.206,1454,32,None,Move,browsing
1569711479.22,1453,32,None,Move,browsing
1569711479.232,1453,32,None,Move,browsing
1569711479.244,1452,32,None,Move,browsing
1569711479.255,1452,32,None,Move,browsing
1569711479.271,1451,32,None,Move,browsing
1569711479.285,1450,32,None,Move,browsing
1569711479.2970002,1450,32,None,Move,browsing
1569711479.31,1449,32,None,Move,browsing
1569711479.323,1448,30,None,Move,browsing
1569711479.337,1447,29,None,Move,browsing
1569711479.351,1446,25,None,Move,browsing
1569711479.363,1445,21,None,Move,browsing
1569711479.3739998,1445,19,None,Move,browsing
1569711479.3879998,1445,18,None,Move,browsing
1569711479.401,1445,16,None,Move,browsing
1569711479.415,1445,14,None,Move,browsing
1569711479.426,1445,12,None,Move,browsing
1569711479.44,1445,10,None,Move,browsing
1569711479.452,1445,8,None,Move,browsing
1569711479.4629998,1445,7,None,Move,browsing
1569711479.474,1445,6,None,Move,browsing
1569711479.485,1445,5,None,Move,browsing
1569711479.498,1445,4,None,Move,browsing
1569711479.5089998,1445,4,None,Move,browsing
1569711479.52,1445,3,None,Move,browsing
1569711479.533,1445,3,None,Move,browsing
1569711479.549,1446,2,None,Move,browsing
1569711479.8839998,1446,2,Left,Pressed,browsing
1569711480.1,1446,2,Left,Released,browsing
1569711480.969,1446,4,None,Move,browsing
1569711480.981,1446,8,None,Move,browsing
1569711480.998,1446,11,None,Move,browsing
1569711481.012,1445,19,None,Move,browsing
1569711481.03,1444,26,None,Move,browsing
1569711481.039,1443,35,None,Move,browsing
1569711481.053,1439,41,None,Move,browsing
1569711481.0670002,1439,48,None,Move,browsing
1569711481.083,1438,58,None,Move,browsing
1569711481.096,1438,68,None,Move,browsing
1569711481.111,1438,76,None,Move,browsing
1569711481.121,1439,80,None,Move,browsing
1569711481.1360002,1442,86,None,Move,browsing
1569711481.15,1445,90,None,Move,browsing
1569711481.163,1447,94,None,Move,browsing
1569711481.174,1448,97,None,Move,browsing
1569711481.188,1450,101,None,Move,browsing
1569711481.202,1450,101,None,Move,browsing
1569711481.214,1451,103,None,Move,browsing
1569711481.2270002,1452,104,None,Move,browsing
1569711481.238,1452,105,None,Move,browsing
1569711481.254,1453,106,None,Move,browsing
1569711481.266,1453,107,None,Move,browsing
1569711481.279,1454,108,None,Move,browsing
1569711481.291,1455,108,None,Move,browsing
1569711481.31,1455,108,None,Move,browsing
1569711481.324,1455,110,None,Move,browsing
1569711481.335,1455,110,None,Move,browsing
1569711481.349,1456,110,None,Move,browsing
1569711485.383,1459,107,None,Move,browsing
1569711485.3979998,1462,104,None,Move,browsing
1569711485.411,1466,99,None,Move,browsing
1569711485.425,1470,96,None,Move,browsing
1569711485.44,1474,90,None,Move,browsing
1569711485.4529998,1477,84,None,Move,browsing
1569711485.466,1481,79,None,Move,browsing
1569711485.475,1484,74,None,Move,browsing
1569711485.485,1486,70,None,Move,browsing
1569711485.496,1488,65,None,Move,browsing
1569711485.5070002,1489,62,None,Move,browsing
1569711485.516,1490,60,None,Move,browsing
1569711485.53,1492,58,None,Move,browsing
1569711485.543,1493,56,None,Move,browsing
1569711485.5570002,1495,54,None,Move,browsing
1569711485.5679998,1496,52,None,Move,browsing
1569711485.583,1499,51,None,Move,browsing
1569711485.596,1501,49,None,Move,browsing
1569711485.61,1505,46,None,Move,browsing
1569711485.623,1508,43,None,Move,browsing
1569711485.637,1513,40,None,Move,browsing
1569711485.6479998,1514,39,None,Move,browsing
1569711485.661,1518,37,None,Move,browsing
1569711485.674,1521,36,None,Move,browsing
1569711485.685,1523,35,None,Move,browsing
1569711485.697,1525,34,None,Move,browsing
1569711485.708,1527,34,None,Move,browsing
1569711485.725,1529,34,None,Move,browsing
1569711485.7370002,1530,34,None,Move,browsing
1569711485.766,1532,35,None,Move,browsing
1569711485.78,1534,37,None,Move,browsing
1569711485.793,1536,39,None,Move,browsing
1569711485.802,1539,41,None,Move,browsing
1569711485.814,1542,44,None,Move,browsing
1569711485.8279998,1547,48,None,Move,browsing
1569711485.84,1549,52,None,Move,browsing
1569711485.851,1551,56,None,Move,browsing
1569711485.8639998,1554,62,None,Move,browsing
1569711485.8779998,1555,65,None,Move,browsing
1569711485.893,1556,68,None,Move,browsing
1569711485.906,1557,72,None,Move,browsing
1569711485.918,1557,74,None,Move,browsing
1569711485.9320002,1557,75,None,Move,browsing
1569711485.945,1557,77,None,Move,browsing
1569711485.958,1557,79,None,Move,browsing
1569711485.969,1557,80,None,Move,browsing
1569711485.982,1557,83,None,Move,browsing
1569711487.472,1558,81,None,Move,browsing
1569711487.482,1559,78,None,Move,browsing
1569711487.5010002,1560,74,None,Move,browsing
1569711487.514,1561,71,None,Move,browsing
1569711487.5270002,1562,68,None,Move,browsing
1569711487.541,1562,66,None,Move,browsing
1569711487.55,1563,64,None,Move,browsing
1569711487.563,1564,62,None,Move,browsing
1569711487.574,1565,60,None,Move,browsing
1569711487.586,1565,59,None,Move,browsing
1569711487.597,1566,59,None,Move,browsing
1569711487.615,1566,59,None,Move,browsing
1569711487.63,1566,58,None,Move,browsing
1569711487.6420002,1567,58,None,Move,browsing
1569711487.655,1567,57,None,Move,browsing
1569711487.666,1567,57,None,Move,browsing
1569711487.679,1567,56,None,Move,browsing
1569711487.694,1567,55,None,Move,browsing
1569711487.707,1568,54,None,Move,browsing
1569711487.721,1568,53,None,Move,browsing
1569711487.7329998,1568,52,None,Move,browsing
1569711487.7470002,1568,51,None,Move,browsing
1569711487.7589998,1568,51,None,Move,browsing
1569711487.774,1568,50,None,Move,browsing
1569711487.7870002,1568,50,None,Move,browsing
1569711487.798,1568,49,None,Move,browsing
1569711487.811,1568,48,None,Move,browsing
1569711487.824,1568,47,None,Move,browsing
1569711487.835,1568,46,None,Move,browsing
1569711487.846,1568,46,None,Move,browsing
1569711487.861,1568,45,None,Move,browsing
1569711487.879,1568,44,None,Move,browsing
1569711487.891,1568,43,None,Move,browsing
1569711487.904,1568,43,None,Move,browsing
1569711487.914,1568,42,None,Move,browsing
1569711487.926,1568,41,None,Move,browsing
1569711487.938,1568,40,None,Move,browsing
1569711487.954,1568,39,None,Move,browsing
1569711487.966,1568,38,None,Move,browsing
1569711487.978,1568,38,None,Move,browsing
1569711487.9910002,1568,37,None,Move,browsing
1569711488.005,1568,36,None,Move,browsing
1569711488.016,1568,36,None,Move,browsing
1569711488.029,1568,35,None,Move,browsing
1569711488.042,1568,34,None,Move,browsing
1569711488.0570002,1568,33,None,Move,browsing
1569711488.073,1568,32,None,Move,browsing
1569711488.086,1568,31,None,Move,browsing
1569711488.103,1568,30,None,Move,browsing
1569711488.1220002,1568,29,None,Move,browsing
1569711488.1339998,1568,29,None,Move,browsing
1569711488.147,1568,28,None,Move,browsing
1569711488.1620002,1568,28,None,Move,browsing
1569711488.177,1568,27,None,Move,browsing
1569711488.191,1567,26,None,Move,browsing
1569711488.202,1567,26,None,Move,browsing
1569711488.215,1567,25,None,Move,browsing
1569711488.228,1567,24,None,Move,browsing
1569711488.24,1567,24,None,Move,browsing
1569711488.2529998,1567,23,None,Move,browsing
1569711488.264,1567,22,None,Move,browsing
1569711488.2770002,1567,22,None,Move,browsing
1569711488.292,1567,21,None,Move,browsing
1569711488.3079998,1567,21,None,Move,browsing
1569711488.324,1567,19,None,Move,browsing
1569711491.7670002,1567,19,Left,Pressed,browsing
1569711491.9829998,1567,19,Left,Released,browsing
1569711492.668,1562,16,None,Move,browsing
1569711492.679,1553,12,None,Move,browsing
1569711492.696,1544,7,None,Move,browsing
1569711492.706,1537,5,None,Move,browsing
1569711492.716,1529,3,None,Move,browsing
1569711492.731,1522,3,None,Move,browsing
1569711492.7410002,1515,3,None,Move,browsing
1569711492.752,1510,3,None,Move,browsing
1569711492.7610002,1506,3,None,Move,browsing
1569711492.771,1500,3,None,Move,browsing
1569711492.783,1496,3,None,Move,browsing
1569711492.794,1494,3,None,Move,browsing
1569711492.804,1491,3,None,Move,browsing
1569711492.815,1488,4,None,Move,browsing
1569711492.825,1486,4,None,Move,browsing
1569711492.835,1486,4,None,Move,browsing
1569711492.846,1485,4,None,Move,browsing
1569711492.857,1484,4,None,Move,browsing
1569711492.87,1483,4,None,Move,browsing
1569711492.88,1483,4,None,Move,browsing
1569711492.8920002,1482,4,None,Move,browsing
1569711492.903,1482,4,None,Move,browsing
1569711492.916,1480,4,None,Move,browsing
1569711492.927,1480,4,None,Move,browsing
1569711492.939,1479,4,None,Move,browsing
1569711492.952,1478,4,None,Move,browsing
1569711492.968,1478,4,None,Move,browsing
1569711492.9889998,1477,4,None,Move,browsing
1569711493.034,1476,4,None,Move,browsing
1569711493.063,1476,4,None,Move,browsing
1569711493.0779998,1476,5,None,Move,browsing
1569711493.1079998,1476,5,None,Move,browsing
1569711493.13,1476,6,None,Move,browsing
1569711493.141,1476,7,None,Move,browsing
1569711493.155,1476,8,None,Move,browsing
1569711493.169,1476,9,None,Move,browsing
1569711493.18,1477,11,None,Move,browsing
1569711493.191,1478,12,None,Move,browsing
1569711493.202,1479,13,None,Move,browsing
1569711493.215,1480,13,None,Move,browsing
1569711493.2270002,1481,14,None,Move,browsing
1569711493.2410002,1481,15,None,Move,browsing
1569711493.255,1482,16,None,Move,browsing
1569711493.274,1484,17,None,Move,browsing
1569711493.2870002,1485,17,None,Move,browsing
1569711493.2970002,1485,18,None,Move,browsing
1569711493.31,1486,18,None,Move,browsing
1569711493.322,1487,19,None,Move,browsing
1569711493.335,1487,19,None,Move,browsing
1569711493.3479998,1488,19,None,Move,browsing
1569711493.359,1488,19,None,Move,browsing
1569711493.371,1489,19,None,Move,browsing
1569711493.694,1489,19,Left,Pressed,browsing
1569711493.91,1489,19,Left,Released,browsing
1569711494.637,1490,20,None,Move,browsing
1569711494.649,1492,21,None,Move,browsing
1569711494.66,1493,22,None,Move,browsing
1569711494.6720002,1494,22,None,Move,browsing
1569711494.6820002,1495,23,None,Move,browsing
1569711494.6920002,1496,23,None,Move,browsing
1569711494.704,1497,23,None,Move,browsing
1569711494.7129998,1498,23,None,Move,browsing
1569711494.724,1500,24,None,Move,browsing
1569711494.7370002,1501,24,None,Move,browsing
1569711494.752,1503,24,None,Move,browsing
1569711494.7670002,1505,24,None,Move,browsing
1569711494.784,1506,24,None,Move,browsing
1569711494.799,1507,24,None,Move,browsing
1569711494.813,1508,24,None,Move,browsing
1569711494.826,1509,24,None,Move,browsing
1569711494.844,1510,24,None,Move,browsing
1569711494.856,1510,24,None,Move,browsing
1569711494.8679998,1511,24,None,Move,browsing
1569711494.8779998,1512,24,None,Move,browsing
1569711494.887,1513,24,None,Move,browsing
1569711494.906,1513,24,None,Move,browsing
1569711494.9220002,1514,24,None,Move,browsing
1569711494.952,1516,24,None,Move,browsing
1569711494.967,1516,24,None,Move,browsing
1569711494.9970002,1516,23,None,Move,browsing
1569711495.012,1516,22,None,Move,browsing
1569711495.024,1516,21,None,Move,browsing
1569711495.038,1516,21,None,Move,browsing
1569711495.05,1516,20,None,Move,browsing
1569711495.065,1516,19,None,Move,browsing
1569711495.08,1516,19,None,Move,browsing
1569711495.095,1516,18,None,Move,browsing
1569711495.1179998,1516,17,None,Move,browsing
1569711495.1279998,1515,17,None,Move,browsing
1569711495.137,1515,16,None,Move,browsing
1569711495.149,1515,16,None,Move,browsing
1569711495.161,1515,16,None,Move,browsing
1569711495.17,1514,15,None,Move,browsing
1569711495.185,1513,15,None,Move,browsing
1569711495.197,1513,14,None,Move,browsing
1569711495.207,1512,14,None,Move,browsing
1569711495.22,1512,14,None,Move,browsing
1569711495.238,1511,14,None,Move,browsing
1569711495.248,1511,13,None,Move,browsing
1569711495.268,1510,13,None,Move,browsing
1569711495.305,1509,13,None,Move,browsing
1569711495.316,1509,12,None,Move,browsing
1569711495.351,1508,12,None,Move,browsing
1569711495.396,1507,12,None,Move,browsing
1569711495.425,1507,12,None,Move,browsing
1569711522.5679998,1507,12,Left,Pressed,browsing
1569711522.783,1507,12,Left,Released,browsing
1569711523.822,1505,16,None,Move,browsing
1569711523.846,1503,19,None,Move,browsing
1569711523.8720002,1502,20,None,Move,browsing
1569711523.901,1499,22,None,Move,browsing
1569711523.927,1497,26,None,Move,browsing
1569711523.9529998,1493,28,None,Move,browsing
1569711523.974,1489,30,None,Move,browsing
1569711523.986,1486,32,None,Move,browsing
1569711523.9970002,1482,34,None,Move,browsing
1569711524.0089998,1479,36,None,Move,browsing
1569711524.02,1475,40,None,Move,browsing
1569711524.029,1472,41,None,Move,browsing
1569711524.04,1470,43,None,Move,browsing
1569711524.051,1467,45,None,Move,browsing
1569711524.062,1464,48,None,Move,browsing
1569711524.074,1460,50,None,Move,browsing
1569711524.084,1458,51,None,Move,browsing
1569711524.096,1456,51,None,Move,browsing
1569711524.109,1454,53,None,Move,browsing
1569711524.13,1453,53,None,Move,browsing
1569711524.144,1453,53,None,Move,browsing
1569711524.161,1453,53,None,Move,browsing
1569711524.176,1452,53,None,Move,browsing
1569711524.191,1451,53,None,Move,browsing
1569711524.207,1450,53,None,Move,browsing
1569711524.222,1447,49,None,Move,browsing
1569711524.234,1444,44,None,Move,browsing
1569711524.246,1443,42,None,Move,browsing
1569711524.258,1442,38,None,Move,browsing
1569711524.27,1441,35,None,Move,browsing
1569711524.282,1440,32,None,Move,browsing
1569711524.2970002,1440,31,None,Move,browsing
1569711524.309,1440,28,None,Move,browsing
1569711524.323,1440,27,None,Move,browsing
1569711524.3379998,1440,26,None,Move,browsing
1569711524.355,1440,24,None,Move,browsing
1569711524.3720002,1440,22,None,Move,browsing
1569711524.383,1440,21,None,Move,browsing
1569711524.397,1440,19,None,Move,browsing
1569711524.409,1440,18,None,Move,browsing
1569711525.0570002,1440,18,None,Move,browsing
1569711525.079,1440,18,None,Move,browsing
1569711525.117,1439,18,None,Move,browsing
1569711525.139,1439,17,None,Move,browsing
1569711525.161,1439,17,None,Move,browsing
1569711525.1720002,1438,16,None,Move,browsing
1569711525.1820002,1438,15,None,Move,browsing
1569711525.1920002,1438,12,None,Move,browsing
1569711525.207,1437,10,None,Move,browsing
1569711525.224,1436,6,None,Move,browsing
1569711525.235,1436,4,None,Move,browsing
1569711525.254,1436,3,None,Move,browsing
1569711525.265,1435,0,None,Move,browsing
1569711525.274,1435,-1,None,Move,browsing
1569711525.284,1434,0,None,Move,browsing
1569711525.295,1434,-1,None,Move,browsing
1569711525.7470002,1434,0,Left,Pressed,browsing
1569711525.962,1434,0,Left,Released,browsing
1569711528.937,1433,4,None,Move,browsing
1569711528.969,1432,7,None,Move,browsing
1569711529.0010002,1432,8,None,Move,browsing
1569711529.0270002,1432,9,None,Move,browsing
1569711529.056,1430,10,None,Move,browsing
1569711529.087,1430,11,None,Move,browsing
1569711529.119,1430,13,None,Move,browsing
1569711529.1479998,1430,14,None,Move,browsing
1569711529.18,1430,15,None,Move,browsing
1569711529.2029998,1430,16,None,Move,browsing
1569711529.2229998,1431,16,None,Move,browsing
1569711529.2410002,1432,16,None,Move,browsing
1569711529.258,1432,16,None,Move,browsing
1569711529.2770002,1433,16,None,Move,browsing
1569711529.293,1433,16,None,Move,browsing
1569711529.312,1434,16,None,Move,browsing
1569711529.331,1435,16,None,Move,browsing
1569711529.347,1435,16,None,Move,browsing
1569711529.363,1436,16,None,Move,browsing
1569711529.381,1436,16,None,Move,browsing
1569711529.399,1437,16,None,Move,browsing
1569711529.426,1439,16,None,Move,browsing
1569711529.4429998,1439,16,None,Move,browsing
1569711529.465,1440,16,None,Move,browsing
1569711529.482,1440,16,None,Move,browsing
1569711529.498,1441,16,None,Move,browsing
1569711529.516,1442,16,None,Move,browsing
1569711529.535,1442,16,None,Move,browsing
1569711529.555,1444,16,None,Move,browsing
1569711529.57,1445,16,None,Move,browsing
1569711529.586,1445,16,None,Move,browsing
1569711529.601,1446,16,None,Move,browsing
1569711529.6160002,1447,16,None,Move,browsing
1569711529.633,1448,16,None,Move,browsing
1569711529.651,1448,16,None,Move,browsing
1569711529.667,1449,16,None,Move,browsing
1569711530.0129998,1449,16,Left,Pressed,browsing
1569711530.228,1449,16,Left,Released,browsing
1569711530.909,1445,16,None,Move,browsing
1569711530.93,1439,14,None,Move,browsing
1569711530.952,1432,11,None,Move,browsing
1569711530.975,1427,10,None,Move,browsing
1569711531.002,1425,10,None,Move,browsing
1569711531.024,1423,10,None,Move,browsing
1569711531.054,1422,9,None,Move,browsing
1569711531.087,1421,9,None,Move,browsing
1569711531.106,1420,9,None,Move,browsing
1569711531.1220002,1419,9,None,Move,browsing
1569711531.133,1418,9,None,Move,browsing
1569711531.145,1417,9,None,Move,browsing
1569711531.158,1416,9,None,Move,browsing
1569711531.176,1415,9,None,Move,browsing
1569711531.188,1414,10,None,Move,browsing
1569711531.199,1412,12,None,Move,browsing
1569711531.209,1410,16,None,Move,browsing
1569711531.222,1408,19,None,Move,browsing
1569711531.2329998,1407,22,None,Move,browsing
1569711531.244,1406,25,None,Move,browsing
1569711531.255,1406,29,None,Move,browsing
1569711531.2670002,1406,30,None,Move,browsing
1569711531.278,1406,32,None,Move,browsing
1569711531.289,1406,35,None,Move,browsing
1569711531.301,1406,36,None,Move,browsing
1569711531.314,1406,36,None,Move,browsing
1569711531.325,1406,37,None,Move,browsing
1569711531.337,1406,38,None,Move,browsing
1569711531.349,1406,38,None,Move,browsing
1569711531.36,1406,38,None,Move,browsing
1569711531.3720002,1406,39,None,Move,browsing
1569711531.387,1405,39,None,Move,browsing
1569711531.4020002,1405,40,None,Move,browsing
1569711531.439,1404,40,None,Move,browsing
1569711531.455,1403,40,None,Move,browsing
1569711531.469,1403,40,None,Move,browsing
1569711531.481,1402,40,None,Move,browsing
1569711531.4929998,1402,40,None,Move,browsing
1569711531.505,1401,40,None,Move,browsing
1569711531.515,1401,40,None,Move,browsing
1569711531.524,1400,39,None,Move,browsing
1569711531.534,1399,39,None,Move,browsing
1569711531.542,1399,39,None,Move,browsing
1569711531.552,1398,38,None,Move,browsing
1569711531.563,1397,38,None,Move,browsing
1569711531.574,1397,38,None,Move,browsing
1569711531.585,1396,37,None,Move,browsing
1569711531.597,1396,37,None,Move,browsing
1569711531.6079998,1395,36,None,Move,browsing
1569711531.62,1394,35,None,Move,browsing
1569711531.633,1393,33,None,Move,browsing
1569711531.65,1392,30,None,Move,browsing
1569711531.664,1391,28,None,Move,browsing
1569711531.679,1391,28,None,Move,browsing
1569711531.6920002,1391,27,None,Move,browsing
1569711531.708,1391,26,None,Move,browsing
1569711531.722,1390,25,None,Move,browsing
1569711531.7389998,1389,24,None,Move,browsing
1569711531.75,1389,24,None,Move,browsing
1569711531.7610002,1389,23,None,Move,browsing
1569711531.774,1387,23,None,Move,browsing
1569711531.785,1386,22,None,Move,browsing
1569711531.796,1386,21,None,Move,browsing
1569711531.8070002,1386,21,None,Move,browsing
1569711531.819,1386,20,None,Move,browsing
1569711531.831,1385,20,None,Move,browsing
1569711531.842,1385,20,None,Move,browsing
1569711531.857,1384,20,None,Move,browsing
1569711531.8679998,1383,20,None,Move,browsing
1569711531.879,1382,19,None,Move,browsing
1569711531.89,1382,18,None,Move,browsing
1569711531.903,1381,18,None,Move,browsing
1569711531.917,1380,18,None,Move,browsing
1569711531.929,1379,17,None,Move,browsing
1569711531.941,1379,16,None,Move,browsing
1569711532.29,1379,16,Left,Pressed,browsing
1569711532.504,1379,16,Left,Released,browsing
1569711533.758,1379,16,None,Move,browsing
1569711533.772,1381,16,None,Move,browsing
1569711533.785,1383,17,None,Move,browsing
1569711533.799,1383,17,None,Move,browsing
1569711533.812,1384,17,None,Move,browsing
1569711533.822,1385,17,None,Move,browsing
1569711533.832,1385,17,None,Move,browsing
1569711533.842,1386,17,None,Move,browsing
1569711533.8520002,1387,17,None,Move,browsing
1569711533.863,1387,17,None,Move,browsing
1569711533.8779998,1389,17,None,Move,browsing
1569711533.9020002,1390,17,None,Move,browsing
1569711533.931,1390,17,None,Move,browsing
1569711533.958,1391,17,None,Move,browsing
1569711533.9989998,1392,17,None,Move,browsing
1569711534.396,1392,17,Left,Pressed,browsing
1569711534.6120002,1392,17,Left,Released,browsing
1569711535.1279998,1387,17,None,Move,browsing
1569711535.156,1375,15,None,Move,browsing
1569711535.181,1363,13,None,Move,browsing
1569711535.215,1358,13,None,Move,browsing
1569711535.25,1356,13,None,Move,browsing
1569711535.27,1354,13,None,Move,browsing
1569711535.289,1353,13,None,Move,browsing
1569711535.302,1353,13,None,Move,browsing
1569711535.314,1352,13,None,Move,browsing
1569711535.326,1352,13,None,Move,browsing
1569711535.337,1351,13,None,Move,browsing
1569711535.3479998,1351,13,None,Move,browsing
1569711535.3639998,1350,12,None,Move,browsing
1569711535.375,1349,12,None,Move,browsing
1569711535.385,1348,12,None,Move,browsing
1569711535.3979998,1347,11,None,Move,browsing
1569711535.4120002,1347,11,None,Move,browsing
1569711535.423,1345,11,None,Move,browsing
1569711535.441,1345,11,None,Move,browsing
1569711535.451,1344,11,None,Move,browsing
1569711535.466,1343,10,None,Move,browsing
1569711535.4770002,1343,10,None,Move,browsing
1569711535.4889998,1342,10,None,Move,browsing
1569711535.5,1341,9,None,Move,browsing
1569711535.5110002,1340,9,None,Move,browsing
1569711535.522,1340,9,None,Move,browsing
1569711535.533,1338,8,None,Move,browsing
1569711535.5470002,1337,8,None,Move,browsing
1569711535.559,1336,8,None,Move,browsing
1569711535.57,1335,7,None,Move,browsing
1569711535.581,1335,6,None,Move,browsing
1569711535.593,1332,6,None,Move,browsing
1569711535.6020002,1331,6,None,Move,browsing
1569711535.613,1330,6,None,Move,browsing
1569711535.625,1329,6,None,Move,browsing
1569711535.635,1328,6,None,Move,browsing
1569711535.649,1327,5,None,Move,browsing
1569711535.66,1325,5,None,Move,browsing
1569711535.6720002,1323,5,None,Move,browsing
1569711535.685,1322,5,None,Move,browsing
1569711535.699,1320,5,None,Move,browsing
1569711535.711,1318,5,None,Move,browsing
1569711535.721,1316,5,None,Move,browsing
1569711535.732,1315,5,None,Move,browsing
1569711535.744,1315,5,None,Move,browsing
1569711535.755,1314,5,None,Move,browsing
1569711535.766,1314,5,None,Move,browsing
1569711535.778,1312,5,None,Move,browsing
1569711535.789,1311,5,None,Move,browsing
1569711535.8,1310,5,None,Move,browsing
1569711535.811,1310,5,None,Move,browsing
1569711535.825,1309,5,None,Move,browsing
1569711535.836,1307,7,None,Move,browsing
1569711535.847,1306,7,None,Move,browsing
1569711535.8579998,1305,8,None,Move,browsing
1569711535.8679998,1304,9,None,Move,browsing
1569711535.88,1304,9,None,Move,browsing
1569711535.891,1304,10,None,Move,browsing
1569711535.903,1304,11,None,Move,browsing
1569711536.3739998,1304,11,Left,Pressed,browsing
1569711536.589,1304,11,Left,Released,browsing
1569711538.881,1304,11,None,Move,browsing
1569711538.893,1306,11,None,Move,browsing
1569711538.905,1308,11,None,Move,browsing
1569711538.917,1310,11,None,Move,browsing
1569711538.927,1311,11,None,Move,browsing
1569711538.938,1312,11,None,Move,browsing
1569711538.95,1313,11,None,Move,browsing
1569711538.964,1314,11,None,Move,browsing
1569711538.975,1314,11,None,Move,browsing
1569711538.986,1316,11,None,Move,browsing
1569711538.996,1317,11,None,Move,browsing
1569711539.006,1317,11,None,Move,browsing
1569711539.02,1318,11,None,Move,browsing
1569711539.031,1319,11,None,Move,browsing
1569711539.044,1319,11,None,Move,browsing
1569711539.056,1320,11,None,Move,browsing
1569711539.0679998,1321,11,None,Move,browsing
1569711539.089,1322,11,None,Move,browsing
1569711539.1,1323,11,None,Move,browsing
1569711539.1139998,1324,11,None,Move,browsing
1569711539.129,1324,12,None,Move,browsing
1569711539.1379998,1324,12,None,Move,browsing
1569711539.159,1325,12,None,Move,browsing
1569711539.1820002,1326,12,None,Move,browsing
1569711539.197,1326,13,None,Move,browsing
1569711539.208,1327,13,None,Move,browsing
1569711539.2270002,1327,13,None,Move,browsing
1569711539.2489998,1328,14,None,Move,browsing
1569711539.272,1329,14,None,Move,browsing
1569711539.2870002,1330,14,None,Move,browsing
1569711539.298,1330,14,None,Move,browsing
1569711539.309,1331,14,None,Move,browsing
1569711539.332,1332,15,None,Move,browsing
1569711539.347,1332,15,None,Move,browsing
1569711539.377,1333,15,None,Move,browsing
1569711539.407,1334,16,None,Move,browsing
1569711539.452,1335,16,None,Move,browsing
1569711539.47,1335,16,None,Move,browsing
1569711539.821,1335,16,Left,Pressed,browsing
1569711540.0370002,1335,16,Left,Released,browsing
1569711540.881,1331,17,None,Move,browsing
1569711540.891,1324,18,None,Move,browsing
1569711540.9020002,1319,20,None,Move,browsing
1569711540.9120002,1312,21,None,Move,browsing
1569711540.9220002,1305,22,None,Move,browsing
1569711540.9320002,1296,23,None,Move,browsing
1569711540.946,1287,26,None,Move,browsing
1569711540.958,1282,27,None,Move,browsing
1569711540.968,1276,28,None,Move,browsing
1569711540.9770002,1271,28,None,Move,browsing
1569711540.988,1266,28,None,Move,browsing
1569711540.998,1262,28,None,Move,browsing
1569711541.0110002,1258,28,None,Move,browsing
1569711541.022,1255,28,None,Move,browsing
1569711541.032,1253,27,None,Move,browsing
1569711541.045,1250,26,None,Move,browsing
1569711541.056,1248,25,None,Move,browsing
1569711541.0670002,1247,24,None,Move,browsing
1569711541.077,1244,23,None,Move,browsing
1569711541.09,1242,22,None,Move,browsing
1569711541.099,1241,20,None,Move,browsing
1569711541.111,1239,19,None,Move,browsing
1569711541.123,1239,17,None,Move,browsing
1569711541.133,1238,16,None,Move,browsing
1569711541.145,1237,15,None,Move,browsing
1569711541.158,1237,14,None,Move,browsing
1569711541.17,1236,14,None,Move,browsing
1569711541.1820002,1236,13,None,Move,browsing
1569711541.196,1236,13,None,Move,browsing
1569711541.208,1236,12,None,Move,browsing
1569711541.219,1236,11,None,Move,browsing
1569711541.23,1236,11,None,Move,browsing
1569711541.2429998,1236,10,None,Move,browsing
1569711541.258,1236,8,None,Move,browsing
1569711541.269,1236,8,None,Move,browsing
1569711541.285,1236,7,None,Move,browsing
1569711541.303,1236,6,None,Move,browsing
1569711541.333,1236,6,None,Move,browsing
1569711541.344,1237,5,None,Move,browsing
1569711541.354,1237,5,None,Move,browsing
1569711541.365,1237,5,None,Move,browsing
1569711541.3760002,1239,5,None,Move,browsing
1569711541.3860002,1241,5,None,Move,browsing
1569711541.397,1243,5,None,Move,browsing
1569711541.41,1244,5,None,Move,browsing
1569711541.421,1246,5,None,Move,browsing
1569711541.4320002,1247,5,None,Move,browsing
1569711541.444,1248,5,None,Move,browsing
1569711541.455,1249,5,None,Move,browsing
1569711541.466,1250,6,None,Move,browsing
1569711541.479,1250,6,None,Move,browsing
1569711541.4889998,1251,6,None,Move,browsing
1569711541.4970002,1252,8,None,Move,browsing
1569711541.5070002,1253,8,None,Move,browsing
1569711541.5170002,1253,9,None,Move,browsing
1569711541.528,1254,9,None,Move,browsing
1569711541.539,1255,9,None,Move,browsing
1569711541.548,1255,9,None,Move,browsing
1569711541.56,1256,9,None,Move,browsing
1569711542.025,1256,9,Left,Pressed,browsing
1569711542.24,1256,9,Left,Released,browsing
1569711550.805,1258,9,None,Move,browsing
1569711550.819,1258,9,None,Move,browsing
1569711550.832,1258,9,None,Move,browsing
1569711550.841,1260,9,None,Move,browsing
1569711550.8520002,1260,9,None,Move,browsing
1569711550.863,1261,9,None,Move,browsing
1569711550.8720002,1262,9,None,Move,browsing
1569711550.8820002,1263,9,None,Move,browsing
1569711550.8920002,1264,9,None,Move,browsing
1569711550.903,1264,9,None,Move,browsing
1569711550.914,1266,9,None,Move,browsing
1569711550.925,1267,9,None,Move,browsing
1569711550.937,1268,9,None,Move,browsing
1569711550.948,1269,9,None,Move,browsing
1569711550.96,1269,9,None,Move,browsing
1569711550.97,1270,9,None,Move,browsing
1569711550.98,1271,9,None,Move,browsing
1569711550.9910002,1271,9,None,Move,browsing
1569711551.008,1273,9,None,Move,browsing
1569711551.0229998,1274,9,None,Move,browsing
1569711551.039,1274,9,None,Move,browsing
1569711551.054,1275,9,None,Move,browsing
1569711551.075,1276,9,None,Move,browsing
1569711551.099,1277,9,None,Move,browsing
1569711551.129,1277,9,None,Move,browsing
1569711551.1520002,1278,9,None,Move,browsing
1569711551.189,1279,9,None,Move,browsing
1569711551.234,1280,9,None,Move,browsing
1569711551.279,1280,10,None,Move,browsing
1569711551.298,1280,10,None,Move,browsing
1569711551.312,1281,11,None,Move,browsing
1569711551.323,1281,12,None,Move,browsing
1569711551.678,1281,12,Left,Pressed,browsing
1569711551.8920002,1281,12,Left,Released,browsing
1569711552.521,1279,13,None,Move,browsing
1569711552.542,1276,13,None,Move,browsing
1569711552.569,1273,13,None,Move,browsing
1569711552.59,1269,13,None,Move,browsing
1569711552.607,1265,12,None,Move,browsing
1569711552.617,1262,11,None,Move,browsing
1569711552.63,1258,10,None,Move,browsing
1569711552.6420002,1256,8,None,Move,browsing
1569711552.651,1255,8,None,Move,browsing
1569711552.661,1252,7,None,Move,browsing
1569711552.67,1250,5,None,Move,browsing
1569711552.6820002,1250,4,None,Move,browsing
1569711552.6929998,1248,3,None,Move,browsing
1569711552.707,1247,2,None,Move,browsing
1569711552.719,1246,1,None,Move,browsing
1569711552.73,1245,0,None,Move,browsing
1569711552.7410002,1243,-1,None,Move,browsing
1569711552.752,1243,0,None,Move,browsing
1569711552.7629998,1242,0,None,Move,browsing
1569711552.774,1241,0,None,Move,browsing
1569711552.786,1240,0,None,Move,browsing
1569711552.7970002,1239,0,None,Move,browsing
1569711552.8079998,1238,0,None,Move,browsing
1569711552.819,1235,-1,None,Move,browsing
1569711552.832,1234,0,None,Move,browsing
1569711552.844,1232,0,None,Move,browsing
1569711552.857,1231,0,None,Move,browsing
1569711552.8679998,1230,0,None,Move,browsing
1569711552.88,1228,0,None,Move,browsing
1569711552.896,1227,0,None,Move,browsing
1569711552.907,1225,0,None,Move,browsing
1569711552.918,1223,0,None,Move,browsing
1569711552.931,1223,0,None,Move,browsing
1569711552.9420002,1220,0,None,Move,browsing
1569711552.9529998,1219,0,None,Move,browsing
1569711552.967,1217,1,None,Move,browsing
1569711552.982,1214,2,None,Move,browsing
1569711552.994,1213,3,None,Move,browsing
1569711553.005,1212,4,None,Move,browsing
1569711553.0170002,1212,4,None,Move,browsing
1569711553.029,1210,5,None,Move,browsing
1569711553.04,1210,6,None,Move,browsing
1569711553.05,1209,6,None,Move,browsing
1569711553.06,1208,6,None,Move,browsing
1569711553.069,1207,6,None,Move,browsing
1569711553.08,1206,7,None,Move,browsing
1569711553.091,1205,7,None,Move,browsing
1569711553.103,1204,8,None,Move,browsing
1569711553.115,1204,8,None,Move,browsing
1569711553.141,1204,9,None,Move,browsing
1569711553.155,1203,9,None,Move,browsing
1569711553.171,1203,9,None,Move,browsing
1569711553.1829998,1202,9,None,Move,browsing
1569711553.195,1202,10,None,Move,browsing
1569711553.207,1201,10,None,Move,browsing
1569711553.516,1201,10,Left,Pressed,browsing
1569711553.731,1201,10,Left,Released,browsing
1569711559.449,1201,11,None,Move,browsing
1569711559.471,1202,12,None,Move,browsing
1569711559.4829998,1203,12,None,Move,browsing
1569711559.498,1203,13,None,Move,browsing
1569711559.512,1205,14,None,Move,browsing
1569711559.524,1205,15,None,Move,browsing
1569711559.534,1206,15,None,Move,browsing
1569711559.545,1207,16,None,Move,browsing
1569711559.556,1208,17,None,Move,browsing
1569711559.565,1208,17,None,Move,browsing
1569711559.577,1209,17,None,Move,browsing
1569711559.591,1210,17,None,Move,browsing
1569711559.603,1210,17,None,Move,browsing
1569711559.615,1212,17,None,Move,browsing
1569711559.6260002,1213,17,None,Move,browsing
1569711559.637,1213,18,None,Move,browsing
1569711559.649,1213,18,None,Move,browsing
1569711559.659,1214,18,None,Move,browsing
1569711559.6720002,1214,18,None,Move,browsing
1569711559.6829998,1215,18,None,Move,browsing
1569711559.712,1216,18,None,Move,browsing
1569711559.742,1216,18,None,Move,browsing
1569711559.772,1217,18,None,Move,browsing
1569711559.802,1218,18,None,Move,browsing
1569711559.833,1219,18,None,Move,browsing
1569711559.871,1219,19,None,Move,browsing
1569711559.883,1220,19,None,Move,browsing
1569711560.252,1220,19,Left,Pressed,browsing
1569711560.466,1220,19,Left,Released,browsing
1569711561.208,1215,19,None,Move,browsing
1569711561.229,1203,16,None,Move,browsing
1569711561.252,1194,14,None,Move,browsing
1569711561.276,1190,13,None,Move,browsing
1569711561.298,1187,12,None,Move,browsing
1569711561.322,1185,12,None,Move,browsing
1569711561.345,1184,12,None,Move,browsing
1569711561.369,1184,12,None,Move,browsing
1569711561.391,1183,11,None,Move,browsing
1569711561.4120002,1183,11,None,Move,browsing
1569711561.437,1182,11,None,Move,browsing
1569711561.457,1180,11,None,Move,browsing
1569711561.479,1179,11,None,Move,browsing
1569711561.502,1179,11,None,Move,browsing
1569711561.525,1178,11,None,Move,browsing
1569711561.546,1178,11,None,Move,browsing
1569711561.572,1178,11,None,Move,browsing
1569711561.595,1177,11,None,Move,browsing
1569711561.617,1176,12,None,Move,browsing
1569711561.643,1174,13,None,Move,browsing
1569711561.677,1172,13,None,Move,browsing
1569711561.706,1169,14,None,Move,browsing
1569711561.7329998,1166,14,None,Move,browsing
1569711561.7570002,1164,14,None,Move,browsing
1569711561.78,1162,14,None,Move,browsing
1569711561.806,1162,14,None,Move,browsing
1569711561.829,1161,15,None,Move,browsing
1569711561.855,1160,15,None,Move,browsing
1569711561.887,1160,15,None,Move,browsing
1569711561.9,1159,15,None,Move,browsing
1569711561.911,1159,16,None,Move,browsing
1569711561.92,1158,16,None,Move,browsing
1569711561.931,1157,16,None,Move,browsing
1569711561.94,1156,16,None,Move,browsing
1569711561.951,1155,16,None,Move,browsing
1569711561.961,1155,16,None,Move,browsing
1569711561.9729998,1154,16,None,Move,browsing
1569711561.984,1154,16,None,Move,browsing
1569711562.637,1152,16,None,Move,browsing
1569711562.6479998,1151,16,None,Move,browsing
1569711562.659,1149,16,None,Move,browsing
1569711562.67,1147,16,None,Move,browsing
1569711562.68,1146,16,None,Move,browsing
1569711562.691,1146,16,None,Move,browsing
1569711562.7029998,1145,16,None,Move,browsing
1569711562.7129998,1144,16,None,Move,browsing
1569711562.725,1144,16,None,Move,browsing
1569711562.7370002,1142,16,None,Move,browsing
1569711562.7489998,1141,16,None,Move,browsing
1569711562.76,1140,16,None,Move,browsing
1569711562.7729998,1140,16,None,Move,browsing
1569711562.786,1139,15,None,Move,browsing
1569711562.8079998,1138,15,None,Move,browsing
1569711563.3779998,1138,15,Left,Pressed,browsing
1569711563.593,1138,15,Left,Released,browsing
1569711575.6520002,1138,15,None,Move,browsing
1569711575.664,1139,14,None,Move,browsing
1569711575.675,1140,14,None,Move,browsing
1569711575.69,1140,14,None,Move,browsing
1569711575.7,1141,14,None,Move,browsing
1569711575.714,1141,14,None,Move,browsing
1569711575.725,1142,14,None,Move,browsing
1569711575.7370002,1143,14,None,Move,browsing
1569711575.7470002,1144,14,None,Move,browsing
1569711575.758,1144,14,None,Move,browsing
1569711575.768,1146,14,None,Move,browsing
1569711575.779,1147,14,None,Move,browsing
1569711575.79,1148,14,None,Move,browsing
1569711575.801,1149,14,None,Move,browsing
1569711575.811,1150,14,None,Move,browsing
1569711575.821,1151,14,None,Move,browsing
1569711575.832,1152,14,None,Move,browsing
1569711575.843,1153,14,None,Move,browsing
1569711575.853,1153,14,None,Move,browsing
1569711575.863,1154,14,None,Move,browsing
1569711575.877,1155,14,None,Move,browsing
1569711575.8879998,1156,15,None,Move,browsing
1569711575.9,1156,15,None,Move,browsing
1569711575.911,1156,16,None,Move,browsing
1569711575.921,1157,16,None,Move,browsing
1569711575.9320002,1158,16,None,Move,browsing
1569711575.944,1158,17,None,Move,browsing
1569711575.955,1159,18,None,Move,browsing
1569711575.967,1159,19,None,Move,browsing
1569711575.978,1160,19,None,Move,browsing
1569711575.988,1160,19,None,Move,browsing
1569711575.9989998,1161,19,None,Move,browsing
1569711576.01,1161,20,None,Move,browsing
1569711576.02,1161,21,None,Move,browsing
1569711576.029,1161,22,None,Move,browsing
1569711576.042,1161,22,None,Move,browsing
1569711576.053,1161,23,None,Move,browsing
1569711576.063,1161,24,None,Move,browsing
1569711576.074,1161,25,None,Move,browsing
1569711576.086,1161,26,None,Move,browsing
1569711576.097,1161,27,None,Move,browsing
1569711576.109,1162,27,None,Move,browsing
1569711576.121,1162,28,None,Move,browsing
1569711576.135,1162,28,None,Move,browsing
1569711576.1479998,1162,29,None,Move,browsing
1569711576.158,1162,30,None,Move,browsing
1569711576.169,1162,30,None,Move,browsing
1569711576.18,1162,31,None,Move,browsing
1569711576.191,1162,32,None,Move,browsing
1569711576.2,1162,33,None,Move,browsing
1569711576.21,1162,34,None,Move,browsing
1569711576.23,1162,35,None,Move,browsing
1569711576.24,1162,36,None,Move,browsing
1569711576.25,1162,37,None,Move,browsing
1569711576.264,1162,38,None,Move,browsing
1569711576.274,1162,39,None,Move,browsing
1569711576.283,1162,40,None,Move,browsing
1569711576.293,1162,41,None,Move,browsing
1569711576.304,1162,42,None,Move,browsing
1569711576.314,1162,43,None,Move,browsing
1569711576.326,1162,43,None,Move,browsing
1569711576.339,1162,44,None,Move,browsing
1569711576.35,1162,45,None,Move,browsing
1569711576.361,1162,47,None,Move,browsing
1569711576.373,1162,49,None,Move,browsing
1569711576.383,1162,52,None,Move,browsing
1569711576.394,1162,54,None,Move,browsing
1569711576.404,1163,55,None,Move,browsing
1569711576.413,1163,57,None,Move,browsing
1569711576.425,1163,58,None,Move,browsing
1569711576.437,1165,60,None,Move,browsing
1569711576.449,1166,62,None,Move,browsing
1569711576.461,1166,64,None,Move,browsing
1569711576.472,1166,65,None,Move,browsing
1569711576.4829998,1166,68,None,Move,browsing
1569711576.4929998,1167,69,None,Move,browsing
1569711576.504,1168,71,None,Move,browsing
1569711576.514,1169,73,None,Move,browsing
1569711576.525,1170,75,None,Move,browsing
1569711576.536,1171,77,None,Move,browsing
1569711576.546,1173,79,None,Move,browsing
1569711576.5570002,1174,81,None,Move,browsing
1569711576.5670002,1174,83,None,Move,browsing
1569711576.577,1175,84,None,Move,browsing
1569711576.587,1176,86,None,Move,browsing
1569711576.596,1177,89,None,Move,browsing
1569711576.607,1178,90,None,Move,browsing
1569711576.6179998,1180,93,None,Move,browsing
1569711576.629,1181,94,None,Move,browsing
1569711576.641,1182,96,None,Move,browsing
1569711576.651,1183,98,None,Move,browsing
1569711576.6620002,1184,100,None,Move,browsing
1569711576.6720002,1185,102,None,Move,browsing
1569711576.6820002,1186,103,None,Move,browsing
1569711576.6929998,1187,105,None,Move,browsing
1569711576.704,1188,107,None,Move,browsing
1569711576.715,1189,108,None,Move,browsing
1569711576.726,1190,111,None,Move,browsing
1569711576.735,1191,113,None,Move,browsing
1569711576.746,1191,115,None,Move,browsing
1569711576.756,1192,118,None,Move,browsing
1569711576.7670002,1193,120,None,Move,browsing
1569711576.779,1194,122,None,Move,browsing
1569711576.79,1195,124,None,Move,browsing
1569711576.8070002,1196,126,None,Move,browsing
1569711576.8170002,1197,129,None,Move,browsing
1569711576.8279998,1199,131,None,Move,browsing
1569711576.837,1200,133,None,Move,browsing
1569711576.846,1201,134,None,Move,browsing
1569711576.857,1202,136,None,Move,browsing
1569711576.8679998,1203,138,None,Move,browsing
1569711576.877,1204,139,None,Move,browsing
1569711576.889,1205,141,None,Move,browsing
1569711576.899,1206,143,None,Move,browsing
1569711576.91,1207,144,None,Move,browsing
1569711576.921,1208,145,None,Move,browsing
1569711576.931,1208,145,None,Move,browsing
1569711576.9429998,1208,146,None,Move,browsing
1569711576.954,1208,147,None,Move,browsing
1569711576.9629998,1208,148,None,Move,browsing
1569711576.974,1208,149,None,Move,browsing
1569711576.985,1209,149,None,Move,browsing
1569711577.021,1209,150,None,Move,browsing
1569711581.1220002,1213,146,None,Move,browsing
1569711581.135,1218,139,None,Move,browsing
1569711581.1479998,1226,130,None,Move,browsing
1569711581.161,1236,120,None,Move,browsing
1569711581.175,1246,107,None,Move,browsing
1569711581.187,1259,92,None,Move,browsing
1569711581.2029998,1276,73,None,Move,browsing
1569711581.215,1298,48,None,Move,browsing
1569711581.2270002,1314,32,None,Move,browsing
1569711581.2389998,1330,19,None,Move,browsing
1569711581.252,1349,0,None,Move,browsing
1569711581.265,1364,-12,None,Move,browsing
1569711581.2770002,1377,-11,None,Move,browsing
1569711581.2870002,1389,-7,None,Move,browsing
1569711581.299,1398,-5,None,Move,browsing
1569711581.31,1404,-5,None,Move,browsing
1569711581.322,1411,-3,None,Move,browsing
1569711581.334,1413,-1,None,Move,browsing
1569711581.346,1415,-1,None,Move,browsing
1569711581.3579998,1417,-1,None,Move,browsing
1569711581.369,1418,-1,None,Move,browsing
1569711581.38,1419,0,None,Move,browsing
1569711581.39,1420,0,None,Move,browsing
1569711581.401,1421,0,None,Move,browsing
1569711581.416,1422,0,None,Move,browsing
1569711581.439,1423,0,None,Move,browsing
1569711581.484,1423,0,None,Move,browsing
1569711581.494,1423,0,None,Move,browsing
1569711581.505,1423,1,None,Move,browsing
1569711581.518,1423,2,None,Move,browsing
1569711581.528,1423,3,None,Move,browsing
1569711581.54,1423,5,None,Move,browsing
1569711581.551,1422,6,None,Move,browsing
1569711581.561,1422,8,None,Move,browsing
1569711581.572,1420,9,None,Move,browsing
1569711581.584,1420,9,None,Move,browsing
1569711581.594,1420,10,None,Move,browsing
1569711581.605,1420,11,None,Move,browsing
1569711581.6179998,1419,12,None,Move,browsing
1569711581.6279998,1419,13,None,Move,browsing
1569711581.6420002,1419,13,None,Move,browsing
1569711581.653,1418,13,None,Move,browsing
1569711581.664,1418,14,None,Move,browsing
1569711581.68,1418,15,None,Move,browsing
1569711581.691,1417,15,None,Move,browsing
1569711581.717,1417,15,None,Move,browsing
1569711581.754,1417,16,None,Move,browsing
1569711581.792,1417,17,None,Move,browsing
1569711581.831,1417,18,None,Move,browsing
1569711581.8579998,1417,19,None,Move,browsing
1569711582.188,1417,19,Left,Pressed,browsing
1569711582.403,1417,19,Left,Released,browsing
1569711587.021,1417,19,None,Move,browsing
1569711587.034,1419,19,None,Move,browsing
1569711587.045,1421,19,None,Move,browsing
1569711587.061,1422,19,None,Move,browsing
1569711587.073,1423,19,None,Move,browsing
1569711587.085,1424,19,None,Move,browsing
1569711587.0979998,1424,19,None,Move,browsing
1569711587.111,1426,19,None,Move,browsing
1569711587.123,1426,19,None,Move,browsing
1569711587.139,1427,19,None,Move,browsing
1569711587.151,1428,19,None,Move,browsing
1569711587.163,1429,19,None,Move,browsing
1569711587.174,1430,19,None,Move,browsing
1569711587.186,1431,19,None,Move,browsing
1569711587.2,1431,19,None,Move,browsing
1569711587.211,1432,19,None,Move,browsing
1569711587.221,1433,19,None,Move,browsing
1569711587.2389998,1434,19,None,Move,browsing
1569711587.2510002,1434,19,None,Move,browsing
1569711587.262,1435,19,None,Move,browsing
1569711587.2729998,1436,20,None,Move,browsing
1569711587.285,1437,20,None,Move,browsing
1569711587.302,1437,21,None,Move,browsing
1569711587.3170002,1438,21,None,Move,browsing
1569711587.343,1439,21,None,Move,browsing
1569711587.367,1439,21,None,Move,browsing
1569711587.383,1439,21,None,Move,browsing
1569711587.395,1440,21,None,Move,browsing
1569711587.404,1441,21,None,Move,browsing
1569711587.417,1442,21,None,Move,browsing
1569711587.431,1442,21,None,Move,browsing
1569711587.4420002,1443,21,None,Move,browsing
1569711587.454,1444,21,None,Move,browsing
1569711587.475,1444,21,None,Move,browsing
1569711587.4910002,1446,21,None,Move,browsing
1569711587.52,1447,21,None,Move,browsing
1569711587.587,1447,21,None,Move,browsing
1569711587.625,1447,20,None,Move,browsing
1569711587.67,1447,19,None,Move,browsing
1569711588.0010002,1447,19,None,Move,browsing
1569711588.046,1448,19,None,Move,browsing
1569711588.347,1448,19,Left,Pressed,browsing
1569711588.562,1448,19,Left,Released,browsing
1569711589.2570002,1447,19,None,Move,browsing
1569711589.268,1446,20,None,Move,browsing
1569711589.279,1444,21,None,Move,browsing
1569711589.292,1442,21,None,Move,browsing
1569711589.309,1439,21,None,Move,browsing
1569711589.321,1435,21,None,Move,browsing
1569711589.333,1431,21,None,Move,browsing
1569711589.345,1427,21,None,Move,browsing
1569711589.357,1424,21,None,Move,browsing
1569711589.3679998,1418,21,None,Move,browsing
1569711589.379,1413,20,None,Move,browsing
1569711589.39,1410,19,None,Move,browsing
1569711589.4020002,1405,18,None,Move,browsing
1569711589.413,1402,17,None,Move,browsing
1569711589.428,1399,16,None,Move,browsing
1569711589.439,1395,14,None,Move,browsing
1569711589.451,1393,13,None,Move,browsing
1569711589.467,1389,11,None,Move,browsing
1569711589.479,1387,10,None,Move,browsing
1569711589.49,1386,10,None,Move,browsing
1569711589.5010002,1383,9,None,Move,browsing
1569711589.5110002,1382,8,None,Move,browsing
1569711589.52,1381,7,None,Move,browsing
1569711589.532,1380,5,None,Move,browsing
1569711589.542,1379,4,None,Move,browsing
1569711589.553,1377,4,None,Move,browsing
1569711589.564,1377,3,None,Move,browsing
1569711589.577,1376,2,None,Move,browsing
1569711589.591,1375,1,None,Move,browsing
1569711589.604,1374,1,None,Move,browsing
1569711589.6179998,1373,0,None,Move,browsing
1569711589.631,1373,0,None,Move,browsing
1569711589.6420002,1372,0,None,Move,browsing
1569711589.657,1372,0,None,Move,browsing
1569711589.67,1371,0,None,Move,browsing
1569711589.685,1370,-1,None,Move,browsing
1569711589.701,1369,0,None,Move,browsing
1569711589.717,1368,0,None,Move,browsing
1569711589.729,1367,0,None,Move,browsing
1569711589.742,1366,0,None,Move,browsing
1569711589.7529998,1364,0,None,Move,browsing
1569711589.771,1364,0,None,Move,browsing
1569711589.79,1362,0,None,Move,browsing
1569711589.804,1360,0,None,Move,browsing
1569711589.8179998,1360,0,None,Move,browsing
1569711589.831,1359,0,None,Move,browsing
1569711589.841,1359,0,None,Move,browsing
1569711589.851,1358,0,None,Move,browsing
1569711589.863,1357,0,None,Move,browsing
1569711589.8739998,1356,1,None,Move,browsing
1569711589.885,1355,1,None,Move,browsing
1569711589.897,1354,3,None,Move,browsing
1569711589.91,1353,4,None,Move,browsing
1569711589.921,1353,8,None,Move,browsing
1569711589.931,1353,9,None,Move,browsing
1569711589.9420002,1353,11,None,Move,browsing
1569711589.9529998,1353,13,None,Move,browsing
1569711589.964,1353,15,None,Move,browsing
1569711589.979,1353,17,None,Move,browsing
1569711590.0010002,1353,18,None,Move,browsing
1569711590.016,1353,19,None,Move,browsing
1569711590.325,1353,19,Left,Pressed,browsing
1569711590.54,1353,19,Left,Released,browsing
1569711591.599,1353,19,None,Move,browsing
1569711591.623,1353,19,None,Move,browsing
1569711591.6479998,1355,19,None,Move,browsing
1569711591.668,1355,19,None,Move,browsing
1569711591.685,1356,19,None,Move,browsing
1569711591.7,1357,19,None,Move,browsing
1569711591.7129998,1359,19,None,Move,browsing
1569711591.725,1360,19,None,Move,browsing
1569711591.7370002,1360,19,None,Move,browsing
1569711591.7489998,1361,19,None,Move,browsing
1569711591.762,1362,19,None,Move,browsing
1569711591.775,1364,19,None,Move,browsing
1569711591.7870002,1364,19,None,Move,browsing
1569711591.801,1365,19,None,Move,browsing
1569711591.816,1366,19,None,Move,browsing
1569711591.827,1366,19,None,Move,browsing
1569711591.845,1367,19,None,Move,browsing
1569711591.86,1368,19,None,Move,browsing
1569711591.8760002,1368,19,None,Move,browsing
1569711591.89,1370,19,None,Move,browsing
1569711591.9120002,1371,19,None,Move,browsing
1569711591.935,1371,20,None,Move,browsing
1569711591.95,1372,20,None,Move,browsing
1569711591.961,1372,20,None,Move,browsing
1569711591.972,1372,21,None,Move,browsing
1569711591.9829998,1373,22,None,Move,browsing
1569711591.995,1373,22,None,Move,browsing
1569711592.0070002,1374,26,None,Move,browsing
1569711592.0170002,1376,29,None,Move,browsing
1569711592.029,1376,33,None,Move,browsing
1569711592.042,1376,34,None,Move,browsing
1569711592.053,1376,37,None,Move,browsing
1569711592.065,1376,39,None,Move,browsing
1569711592.075,1376,41,None,Move,browsing
1569711592.087,1376,45,None,Move,browsing
1569711592.1020002,1376,46,None,Move,browsing
1569711592.115,1376,50,None,Move,browsing
1569711592.1279998,1376,51,None,Move,browsing
1569711592.1420002,1376,55,None,Move,browsing
1569711592.156,1376,58,None,Move,browsing
1569711592.169,1376,61,None,Move,browsing
1569711592.184,1376,62,None,Move,browsing
1569711592.198,1376,65,None,Move,browsing
1569711592.21,1376,66,None,Move,browsing
1569711592.2229998,1376,68,None,Move,browsing
1569711592.235,1377,71,None,Move,browsing
1569711592.248,1377,73,None,Move,browsing
1569711592.26,1377,75,None,Move,browsing
1569711592.269,1377,76,None,Move,browsing
1569711592.282,1377,78,None,Move,browsing
1569711592.293,1377,79,None,Move,browsing
1569711592.305,1377,80,None,Move,browsing
1569711592.3170002,1377,81,None,Move,browsing
1569711608.452,1378,76,None,Move,browsing
1569711608.4629998,1379,69,None,Move,browsing
1569711608.4729998,1381,62,None,Move,browsing
1569711608.486,1385,55,None,Move,browsing
1569711608.498,1390,44,None,Move,browsing
1569711608.508,1394,34,None,Move,browsing
1569711608.52,1401,26,None,Move,browsing
1569711608.532,1406,18,None,Move,browsing
1569711608.545,1408,16,None,Move,browsing
1569711608.554,1410,14,None,Move,browsing
1569711608.566,1412,11,None,Move,browsing
1569711608.579,1413,10,None,Move,browsing
1569711608.591,1414,9,None,Move,browsing
1569711608.6020002,1414,9,None,Move,browsing
1569711608.613,1414,9,None,Move,browsing
1569711608.623,1415,8,None,Move,browsing
1569711608.637,1416,8,None,Move,browsing
1569711608.6520002,1416,8,None,Move,browsing
1569711608.674,1418,8,None,Move,browsing
1569711608.695,1419,8,None,Move,browsing
1569711608.7429998,1419,8,None,Move,browsing
1569711608.781,1419,8,None,Move,browsing
1569711608.791,1419,8,None,Move,browsing
1569711608.811,1419,10,None,Move,browsing
1569711608.824,1419,10,None,Move,browsing
1569711608.85,1419,11,None,Move,browsing
1569711608.8720002,1420,11,None,Move,browsing
1569711608.8839998,1420,12,None,Move,browsing
1569711608.899,1421,12,None,Move,browsing
1569711608.913,1421,12,None,Move,browsing
1569711608.927,1422,12,None,Move,browsing
1569711608.94,1422,13,None,Move,browsing
1569711608.955,1423,14,None,Move,browsing
1569711608.967,1424,14,None,Move,browsing
1569711608.979,1424,14,None,Move,browsing
1569711608.995,1425,16,None,Move,browsing
1569711609.0089998,1426,16,None,Move,browsing
1569711609.021,1426,17,None,Move,browsing
1569711609.032,1427,17,None,Move,browsing
1569711609.046,1428,17,None,Move,browsing
1569711609.06,1428,18,None,Move,browsing
1569711609.073,1429,18,None,Move,browsing
1569711609.083,1429,19,None,Move,browsing
1569711609.094,1430,19,None,Move,browsing
1569711609.106,1431,19,None,Move,browsing
1569711609.115,1431,20,None,Move,browsing
1569711609.127,1431,21,None,Move,browsing
1569711609.435,1431,21,Left,Pressed,browsing
1569711609.65,1431,21,Left,Released,browsing
1569711610.01,1431,21,None,Move,browsing
1569711610.024,1432,21,None,Move,browsing
1569711610.038,1432,21,None,Move,browsing
1569711610.053,1432,20,None,Move,browsing
1569711610.065,1433,20,None,Move,browsing
1569711610.079,1435,20,None,Move,browsing
1569711610.092,1435,20,None,Move,browsing
1569711610.107,1436,20,None,Move,browsing
1569711610.1179998,1436,19,None,Move,browsing
1569711610.129,1437,19,None,Move,browsing
1569711610.141,1438,19,None,Move,browsing
1569711610.1520002,1438,19,None,Move,browsing
1569711610.167,1439,19,None,Move,browsing
1569711610.189,1440,18,None,Move,browsing
1569711610.211,1440,18,None,Move,browsing
1569711610.226,1442,18,None,Move,browsing
1569711610.236,1442,17,None,Move,browsing
1569711610.256,1443,17,None,Move,browsing
1569711610.271,1443,16,None,Move,browsing
1569711610.284,1443,16,None,Move,browsing
1569711610.584,1443,16,Left,Pressed,browsing
1569711610.8,1443,16,Left,Released,browsing
1569711611.627,1439,17,None,Move,browsing
1569711611.6379998,1433,20,None,Move,browsing
1569711611.6479998,1430,21,None,Move,browsing
1569711611.659,1426,22,None,Move,browsing
1569711611.6720002,1422,23,None,Move,browsing
1569711611.6820002,1417,24,None,Move,browsing
1569711611.696,1413,25,None,Move,browsing
1569711611.707,1406,26,None,Move,browsing
1569711611.72,1399,26,None,Move,browsing
1569711611.732,1390,26,None,Move,browsing
1569711611.7429998,1385,26,None,Move,browsing
1569711611.755,1380,26,None,Move,browsing
1569711611.766,1371,25,None,Move,browsing
1569711611.778,1367,24,None,Move,browsing
1569711611.791,1362,23,None,Move,browsing
1569711611.801,1358,21,None,Move,browsing
1569711611.813,1354,20,None,Move,browsing
1569711611.825,1350,19,None,Move,browsing
1569711611.842,1349,19,None,Move,browsing
1569711611.855,1346,18,None,Move,browsing
1569711611.8720002,1346,18,None,Move,browsing
1569711611.883,1345,17,None,Move,browsing
1569711611.8979998,1344,17,None,Move,browsing
1569711611.909,1343,17,None,Move,browsing
1569711611.921,1341,16,None,Move,browsing
1569711611.9320002,1340,16,None,Move,browsing
1569711611.944,1339,16,None,Move,browsing
1569711611.955,1338,16,None,Move,browsing
1569711611.969,1338,16,None,Move,browsing
1569711611.981,1337,16,None,Move,browsing
1569711611.995,1336,16,None,Move,browsing
1569711612.008,1335,16,None,Move,browsing
1569711612.019,1335,16,None,Move,browsing
1569711612.03,1334,16,None,Move,browsing
1569711612.04,1333,16,None,Move,browsing
1569711612.054,1333,16,None,Move,browsing
1569711612.0670002,1332,16,None,Move,browsing
1569711612.079,1331,16,None,Move,browsing
1569711612.091,1330,16,None,Move,browsing
1569711612.1020002,1330,16,None,Move,browsing
1569711612.1179998,1330,17,None,Move,browsing
1569711612.396,1330,17,Left,Pressed,browsing
1569711612.611,1330,17,Left,Released,browsing
1569711613.2610002,1330,17,None,Move,browsing
1569711613.2729998,1332,17,None,Move,browsing
1569711613.284,1333,17,None,Move,browsing
1569711613.296,1336,17,None,Move,browsing
1569711613.31,1336,17,None,Move,browsing
1569711613.323,1337,17,None,Move,browsing
1569711613.3379998,1338,17,None,Move,browsing
1569711613.353,1339,17,None,Move,browsing
1569711613.3660002,1340,17,None,Move,browsing
1569711613.38,1340,17,None,Move,browsing
1569711613.395,1341,17,None,Move,browsing
1569711613.4120002,1343,17,None,Move,browsing
1569711613.429,1344,17,None,Move,browsing
1569711613.444,1344,17,None,Move,browsing
1569711613.458,1345,17,None,Move,browsing
1569711613.474,1347,17,None,Move,browsing
1569711613.4889998,1347,17,None,Move,browsing
1569711613.5029998,1348,17,None,Move,browsing
1569711613.519,1349,17,None,Move,browsing
1569711613.529,1350,17,None,Move,browsing
1569711613.543,1350,17,None,Move,browsing
1569711613.5570002,1351,17,None,Move,browsing
1569711613.572,1352,17,None,Move,browsing
1569711613.5879998,1353,17,None,Move,browsing
1569711613.6139998,1354,17,None,Move,browsing
1569711613.63,1355,17,None,Move,browsing
1569711613.653,1355,17,None,Move,browsing
1569711613.676,1356,17,None,Move,browsing
1569711613.6929998,1357,17,None,Move,browsing
1569711613.706,1357,17,None,Move,browsing
1569711613.717,1357,16,None,Move,browsing
1569711613.728,1358,16,None,Move,browsing
1569711613.742,1359,16,None,Move,browsing
1569711613.758,1359,16,None,Move,browsing
1569711613.77,1360,16,None,Move,browsing
1569711613.795,1361,16,None,Move,browsing
1569711613.8170002,1362,16,None,Move,browsing
1569711613.863,1363,16,None,Move,browsing
1569711614.194,1363,16,Left,Pressed,browsing
1569711614.409,1363,16,Left,Released,browsing
1569711614.768,1356,15,None,Move,browsing
1569711614.78,1347,13,None,Move,browsing
1569711614.792,1334,11,None,Move,browsing
1569711614.804,1322,10,None,Move,browsing
1569711614.815,1311,8,None,Move,browsing
1569711614.83,1299,8,None,Move,browsing
1569711614.843,1290,8,None,Move,browsing
1569711614.854,1283,9,None,Move,browsing
1569711614.8660002,1279,10,None,Move,browsing
1569711614.8779998,1273,11,None,Move,browsing
1569711614.889,1270,12,None,Move,browsing
1569711614.9020002,1266,12,None,Move,browsing
1569711614.913,1265,12,None,Move,browsing
1569711614.925,1262,12,None,Move,browsing
1569711614.939,1261,12,None,Move,browsing
1569711614.9529998,1261,12,None,Move,browsing
1569711614.965,1260,12,None,Move,browsing
1569711614.979,1259,12,None,Move,browsing
1569711614.992,1259,12,None,Move,browsing
1569711615.005,1258,12,None,Move,browsing
1569711615.014,1257,12,None,Move,browsing
1569711615.026,1257,12,None,Move,browsing
1569711615.0370002,1256,12,None,Move,browsing
1569711615.0470002,1255,12,None,Move,browsing
1569711615.06,1254,12,None,Move,browsing
1569711615.076,1253,12,None,Move,browsing
1569711615.099,1253,12,None,Move,browsing
1569711615.129,1252,12,None,Move,browsing
1569711615.174,1251,12,None,Move,browsing
1569711615.5670002,1251,12,Left,Pressed,browsing
1569711615.783,1251,12,Left,Released,browsing
1569711616.395,1253,12,None,Move,browsing
1569711616.408,1255,12,None,Move,browsing
1569711616.421,1259,13,None,Move,browsing
1569711616.436,1260,14,None,Move,browsing
1569711616.454,1262,15,None,Move,browsing
1569711616.472,1264,16,None,Move,browsing
1569711616.4870002,1266,16,None,Move,browsing
1569711616.506,1267,16,None,Move,browsing
1569711616.525,1268,16,None,Move,browsing
1569711616.549,1269,16,None,Move,browsing
1569711616.561,1269,16,None,Move,browsing
1569711616.574,1270,16,None,Move,browsing
1569711616.586,1270,16,None,Move,browsing
1569711616.6,1271,16,None,Move,browsing
1569711616.61,1272,16,None,Move,browsing
1569711616.6220002,1272,16,None,Move,browsing
1569711616.635,1273,16,None,Move,browsing
1569711616.646,1273,16,None,Move,browsing
1569711616.657,1275,16,None,Move,browsing
1569711616.668,1276,16,None,Move,browsing
1569711616.679,1276,16,None,Move,browsing
1569711616.689,1277,16,None,Move,browsing
1569711616.701,1278,16,None,Move,browsing
1569711616.7229998,1278,16,None,Move,browsing
1569711616.754,1279,16,None,Move,browsing
1569711616.791,1280,16,None,Move,browsing
1569711617.426,1280,16,Left,Pressed,browsing
1569711617.6420002,1280,16,Left,Released,browsing
1569711618.1920002,1275,16,None,Move,browsing
1569711618.204,1267,16,None,Move,browsing
1569711618.217,1260,17,None,Move,browsing
1569711618.23,1255,18,None,Move,browsing
1569711618.2410002,1249,19,None,Move,browsing
1569711618.2529998,1244,20,None,Move,browsing
1569711618.265,1241,23,None,Move,browsing
1569711618.276,1237,24,None,Move,browsing
1569711618.288,1235,25,None,Move,browsing
1569711618.3,1233,26,None,Move,browsing
1569711618.312,1229,28,None,Move,browsing
1569711618.325,1228,30,None,Move,browsing
1569711618.337,1226,31,None,Move,browsing
1569711618.349,1224,33,None,Move,browsing
1569711618.361,1223,34,None,Move,browsing
1569711618.3739998,1221,37,None,Move,browsing
1569711618.387,1216,40,None,Move,browsing
1569711618.401,1214,45,None,Move,browsing
1569711618.413,1212,49,None,Move,browsing
1569711618.426,1210,52,None,Move,browsing
1569711618.44,1209,56,None,Move,browsing
1569711618.455,1208,59,None,Move,browsing
1569711618.468,1208,61,None,Move,browsing
1569711618.481,1208,62,None,Move,browsing
1569711618.494,1208,63,None,Move,browsing
1569711618.508,1208,64,None,Move,browsing
1569711618.522,1208,65,None,Move,browsing
1569711618.534,1208,66,None,Move,browsing
1569711618.551,1208,67,None,Move,browsing
1569711618.565,1209,67,None,Move,browsing
1569711618.576,1209,69,None,Move,browsing
1569711618.589,1211,69,None,Move,browsing
1569711618.604,1211,70,None,Move,browsing
1569711618.619,1211,70,None,Move,browsing
1569711618.633,1212,71,None,Move,browsing
1569711618.647,1213,72,None,Move,browsing
1569711618.661,1215,74,None,Move,browsing
1569711618.676,1218,74,None,Move,browsing
1569711618.69,1221,74,None,Move,browsing
1569711618.706,1226,74,None,Move,browsing
1569711618.728,1230,74,None,Move,browsing
1569711618.7489998,1233,74,None,Move,browsing
1569711618.768,1235,74,None,Move,browsing
1569711618.782,1236,74,None,Move,browsing
1569711618.7970002,1239,74,None,Move,browsing
1569711618.813,1241,75,None,Move,browsing
1569711618.826,1242,76,None,Move,browsing
1569711618.8379998,1243,77,None,Move,browsing
1569711618.85,1243,77,None,Move,browsing
1569711619.9889998,1247,76,None,Move,browsing
1569711620.002,1251,74,None,Move,browsing
1569711620.012,1255,72,None,Move,browsing
1569711620.024,1261,68,None,Move,browsing
1569711620.035,1266,66,None,Move,browsing
1569711620.044,1271,64,None,Move,browsing
1569711620.056,1277,60,None,Move,browsing
1569711620.0670002,1284,58,None,Move,browsing
1569711620.079,1289,56,None,Move,browsing
1569711620.09,1295,55,None,Move,browsing
1569711620.1020002,1299,54,None,Move,browsing
1569711620.1139998,1304,52,None,Move,browsing
1569711620.127,1309,51,None,Move,browsing
1569711620.137,1315,50,None,Move,browsing
1569711620.149,1319,49,None,Move,browsing
1569711620.161,1324,48,None,Move,browsing
1569711620.1720002,1329,48,None,Move,browsing
1569711620.1820002,1335,48,None,Move,browsing
1569711620.194,1338,48,None,Move,browsing
1569711620.212,1342,48,None,Move,browsing
1569711620.222,1348,51,None,Move,browsing
1569711620.235,1353,53,None,Move,browsing
1569711620.248,1360,55,None,Move,browsing
1569711620.262,1366,60,None,Move,browsing
1569711620.2729998,1371,64,None,Move,browsing
1569711620.285,1375,66,None,Move,browsing
1569711620.2970002,1381,71,None,Move,browsing
1569711620.312,1386,77,None,Move,browsing
1569711620.324,1391,83,None,Move,browsing
1569711620.337,1395,90,None,Move,browsing
1569711620.349,1398,96,None,Move,browsing
1569711620.365,1402,101,None,Move,browsing
1569711620.3760002,1403,103,None,Move,browsing
1569711620.3920002,1404,107,None,Move,browsing
1569711620.405,1405,109,None,Move,browsing
1569711620.42,1406,111,None,Move,browsing
1569711620.434,1406,111,None,Move,browsing
1569711620.447,1407,112,None,Move,browsing
1569711620.46,1407,112,None,Move,browsing
1569711620.472,1407,113,None,Move,browsing
1569711620.485,1407,113,None,Move,browsing
1569711621.8720002,1409,111,None,Move,browsing
1569711621.887,1410,107,None,Move,browsing
1569711621.897,1411,102,None,Move,browsing
1569711621.908,1413,95,None,Move,browsing
1569711621.918,1415,89,None,Move,browsing
1569711621.928,1416,82,None,Move,browsing
1569711621.937,1417,77,None,Move,browsing
1569711621.95,1418,71,None,Move,browsing
1569711621.96,1418,66,None,Move,browsing
1569711621.97,1418,63,None,Move,browsing
1569711621.979,1418,58,None,Move,browsing
1569711621.99,1419,54,None,Move,browsing
1569711622.0,1419,50,None,Move,browsing
1569711622.01,1420,46,None,Move,browsing
1569711622.02,1420,43,None,Move,browsing
1569711622.031,1420,41,None,Move,browsing
1569711622.041,1420,38,None,Move,browsing
1569711622.051,1420,36,None,Move,browsing
1569711622.061,1420,33,None,Move,browsing
1569711622.073,1420,31,None,Move,browsing
1569711622.084,1420,29,None,Move,browsing
1569711622.096,1420,26,None,Move,browsing
1569711622.107,1419,22,None,Move,browsing
1569711622.119,1418,19,None,Move,browsing
1569711622.131,1417,16,None,Move,browsing
1569711622.14,1417,12,None,Move,browsing
1569711622.1520002,1415,11,None,Move,browsing
1569711622.1620002,1414,8,None,Move,browsing
1569711622.174,1413,6,None,Move,browsing
1569711622.189,1412,4,None,Move,browsing
1569711622.2029998,1411,3,None,Move,browsing
1569711622.216,1411,1,None,Move,browsing
1569711622.2270002,1409,0,None,Move,browsing
1569711622.2389998,1407,0,None,Move,browsing
1569711622.25,1404,-1,None,Move,browsing
1569711622.262,1401,-1,None,Move,browsing
1569711622.274,1397,0,None,Move,browsing
1569711622.286,1394,0,None,Move,browsing
1569711622.299,1389,0,None,Move,browsing
1569711622.311,1386,1,None,Move,browsing
1569711622.329,1382,2,None,Move,browsing
1569711622.343,1379,5,None,Move,browsing
1569711622.357,1375,7,None,Move,browsing
1569711622.371,1372,8,None,Move,browsing
1569711622.3839998,1371,9,None,Move,browsing
1569711622.395,1369,9,None,Move,browsing
1569711622.406,1368,9,None,Move,browsing
1569711622.421,1366,9,None,Move,browsing
1569711622.4320002,1365,9,None,Move,browsing
1569711622.449,1364,9,None,Move,browsing
1569711622.461,1364,9,None,Move,browsing
1569711622.4729998,1363,10,None,Move,browsing
1569711622.484,1362,11,None,Move,browsing
1569711622.4970002,1361,12,None,Move,browsing
1569711622.508,1360,13,None,Move,browsing
1569711622.52,1360,14,None,Move,browsing
1569711622.533,1359,15,None,Move,browsing
1569711622.546,1358,17,None,Move,browsing
1569711622.5570002,1357,18,None,Move,browsing
1569711622.571,1357,19,None,Move,browsing
1569711622.584,1357,19,None,Move,browsing
1569711622.5979998,1357,20,None,Move,browsing
1569711622.61,1357,20,None,Move,browsing
1569711622.621,1357,22,None,Move,browsing
1569711622.635,1357,22,None,Move,browsing
1569711622.649,1357,22,None,Move,browsing
1569711622.951,1357,22,Left,Pressed,browsing
1569711623.167,1357,22,Left,Released,browsing
1569711628.3720002,1357,22,None,Move,browsing
1569711628.3820002,1358,21,None,Move,browsing
1569711628.3920002,1360,19,None,Move,browsing
1569711628.405,1361,16,None,Move,browsing
1569711628.418,1363,14,None,Move,browsing
1569711628.4320002,1363,12,None,Move,browsing
1569711628.4420002,1364,11,None,Move,browsing
1569711628.454,1365,10,None,Move,browsing
1569711628.468,1365,9,None,Move,browsing
1569711628.478,1366,8,None,Move,browsing
1569711628.4889998,1366,7,None,Move,browsing
1569711628.4989998,1367,7,None,Move,browsing
1569711628.5110002,1367,6,None,Move,browsing
1569711628.522,1368,6,None,Move,browsing
1569711628.532,1369,6,None,Move,browsing
1569711628.544,1370,6,None,Move,browsing
1569711628.556,1371,6,None,Move,browsing
1569711628.5679998,1372,6,None,Move,browsing
1569711628.58,1372,6,None,Move,browsing
1569711628.593,1373,6,None,Move,browsing
1569711628.604,1374,6,None,Move,browsing
1569711628.6160002,1375,6,None,Move,browsing
1569711628.6260002,1377,6,None,Move,browsing
1569711628.637,1378,7,None,Move,browsing
1569711628.647,1379,8,None,Move,browsing
1569711628.66,1380,8,None,Move,browsing
1569711628.6720002,1381,8,None,Move,browsing
1569711628.6829998,1382,9,None,Move,browsing
1569711628.696,1383,9,None,Move,browsing
1569711628.707,1384,9,None,Move,browsing
1569711628.718,1386,10,None,Move,browsing
1569711628.73,1387,10,None,Move,browsing
1569711628.742,1388,10,None,Move,browsing
1569711628.754,1389,10,None,Move,browsing
1569711628.769,1390,11,None,Move,browsing
1569711628.78,1391,11,None,Move,browsing
1569711628.793,1392,11,None,Move,browsing
1569711628.8170002,1393,11,None,Move,browsing
1569711628.829,1394,11,None,Move,browsing
1569711628.842,1395,11,None,Move,browsing
1569711628.853,1396,11,None,Move,browsing
1569711628.867,1397,11,None,Move,browsing
1569711628.8779998,1398,11,None,Move,browsing
1569711628.889,1399,11,None,Move,browsing
1569711628.904,1399,11,None,Move,browsing
1569711628.916,1400,11,None,Move,browsing
1569711628.925,1401,11,None,Move,browsing
1569711628.936,1402,11,None,Move,browsing
1569711628.948,1402,11,None,Move,browsing
1569711628.96,1403,11,None,Move,browsing
1569711628.981,1405,11,None,Move,browsing
1569711629.004,1405,11,None,Move,browsing
1569711629.034,1406,11,None,Move,browsing
1569711629.071,1407,11,None,Move,browsing
1569711629.101,1407,11,None,Move,browsing
1569711629.146,1408,11,None,Move,browsing
1569711629.157,1408,11,None,Move,browsing
1569711629.206,1408,12,None,Move,browsing
1569711631.77,1408,12,Left,Pressed,browsing
1569711631.985,1408,12,Left,Released,browsing
1569711632.871,1406,13,None,Move,browsing
1569711632.8820002,1402,14,None,Move,browsing
1569711632.891,1395,15,None,Move,browsing
1569711632.9,1388,16,None,Move,browsing
1569711632.911,1379,19,None,Move,browsing
1569711632.926,1370,21,None,Move,browsing
1569711632.941,1363,23,None,Move,browsing
1569711632.952,1354,27,None,Move,browsing
1569711632.962,1350,29,None,Move,browsing
1569711632.9729998,1346,31,None,Move,browsing
1569711632.9829998,1343,34,None,Move,browsing
1569711632.995,1337,36,None,Move,browsing
1569711633.006,1334,38,None,Move,browsing
1569711633.018,1331,39,None,Move,browsing
1569711633.031,1329,40,None,Move,browsing
1569711633.043,1328,40,None,Move,browsing
1569711633.0570002,1328,41,None,Move,browsing
1569711633.069,1327,41,None,Move,browsing
1569711633.08,1327,42,None,Move,browsing
1569711633.092,1326,43,None,Move,browsing
1569711633.105,1325,43,None,Move,browsing
1569711633.1220002,1324,44,None,Move,browsing
1569711633.1339998,1323,45,None,Move,browsing
1569711633.15,1323,46,None,Move,browsing
1569711633.165,1322,49,None,Move,browsing
1569711633.176,1319,52,None,Move,browsing
1569711633.186,1317,55,None,Move,browsing
1569711633.197,1316,58,None,Move,browsing
1569711633.21,1315,62,None,Move,browsing
1569711633.2229998,1315,66,None,Move,browsing
1569711633.24,1315,69,None,Move,browsing
1569711633.252,1315,74,None,Move,browsing
1569711633.262,1315,76,None,Move,browsing
1569711633.276,1315,80,None,Move,browsing
1569711633.289,1316,83,None,Move,browsing
1569711633.301,1317,85,None,Move,browsing
1569711633.313,1318,88,None,Move,browsing
1569711633.325,1319,89,None,Move,browsing
1569711633.335,1320,91,None,Move,browsing
1569711633.345,1321,92,None,Move,browsing
1569711633.354,1321,95,None,Move,browsing
1569711633.363,1321,96,None,Move,browsing
1569711633.38,1321,96,None,Move,browsing
1569711633.393,1321,97,None,Move,browsing
1569711633.403,1321,97,None,Move,browsing
1569711633.4120002,1322,99,None,Move,browsing
1569711633.425,1322,99,None,Move,browsing
1569711633.437,1322,100,None,Move,browsing
1569711633.448,1322,101,None,Move,browsing
1569711633.978,1324,100,None,Move,browsing
1569711634.0,1325,98,None,Move,browsing
1569711634.021,1327,96,None,Move,browsing
1569711634.049,1328,94,None,Move,browsing
1569711634.073,1330,93,None,Move,browsing
1569711634.1020002,1332,92,None,Move,browsing
1569711634.13,1333,91,None,Move,browsing
1569711634.145,1333,91,None,Move,browsing
1569711634.156,1334,90,None,Move,browsing
1569711634.168,1335,90,None,Move,browsing
1569711634.178,1336,89,None,Move,browsing
1569711634.194,1337,88,None,Move,browsing
1569711634.205,1337,87,None,Move,browsing
1569711634.216,1337,87,None,Move,browsing
1569711634.224,1338,86,None,Move,browsing
1569711634.232,1338,85,None,Move,browsing
1569711634.242,1338,85,None,Move,browsing
1569711634.252,1339,84,None,Move,browsing
1569711634.26,1340,83,None,Move,browsing
1569711634.27,1340,82,None,Move,browsing
1569711634.279,1341,81,None,Move,browsing
1569711634.288,1342,80,None,Move,browsing
1569711634.2970002,1342,79,None,Move,browsing
1569711634.305,1344,78,None,Move,browsing
1569711634.316,1344,78,None,Move,browsing
1569711634.326,1344,77,None,Move,browsing
1569711634.337,1344,76,None,Move,browsing
1569711634.347,1345,76,None,Move,browsing
1569711634.36,1345,75,None,Move,browsing
1569711634.373,1346,75,None,Move,browsing
1569711634.3839998,1346,73,None,Move,browsing
1569711634.396,1346,73,None,Move,browsing
1569711634.419,1347,73,None,Move,browsing
1569711634.43,1347,72,None,Move,browsing
1569711634.457,1348,72,None,Move,browsing
1569711634.472,1348,71,None,Move,browsing
1569711634.895,1349,69,None,Move,browsing
1569711634.914,1349,65,None,Move,browsing
1569711634.926,1349,63,None,Move,browsing
1569711634.936,1350,59,None,Move,browsing
1569711634.947,1351,58,None,Move,browsing
1569711634.958,1351,56,None,Move,browsing
1569711634.974,1351,54,None,Move,browsing
1569711634.984,1352,52,None,Move,browsing
1569711634.9929998,1352,51,None,Move,browsing
1569711635.005,1352,49,None,Move,browsing
1569711635.016,1352,47,None,Move,browsing
1569711635.0270002,1353,45,None,Move,browsing
1569711635.038,1354,42,None,Move,browsing
1569711635.051,1355,38,None,Move,browsing
1569711635.062,1355,35,None,Move,browsing
1569711635.073,1356,32,None,Move,browsing
1569711635.085,1357,29,None,Move,browsing
1569711635.093,1357,26,None,Move,browsing
1569711635.106,1358,25,None,Move,browsing
1569711635.117,1358,22,None,Move,browsing
1569711635.1279998,1358,20,None,Move,browsing
1569711635.137,1360,18,None,Move,browsing
1569711635.149,1360,17,None,Move,browsing
1569711635.159,1360,15,None,Move,browsing
1569711635.17,1360,15,None,Move,browsing
1569711635.18,1360,14,None,Move,browsing
1569711635.19,1360,13,None,Move,browsing
1569711635.199,1360,12,None,Move,browsing
1569711635.209,1360,12,None,Move,browsing
1569711635.225,1360,11,None,Move,browsing
1569711635.248,1361,10,None,Move,browsing
1569711635.269,1361,10,None,Move,browsing
1569711635.7229998,1361,10,Left,Pressed,browsing
1569711635.939,1361,10,Left,Released,browsing
1569711638.092,1361,10,None,Move,browsing
1569711638.103,1363,10,None,Move,browsing
1569711638.1120002,1365,12,None,Move,browsing
1569711638.1239998,1368,14,None,Move,browsing
1569711638.1360002,1370,16,None,Move,browsing
1569711638.15,1371,18,None,Move,browsing
1569711638.166,1373,19,None,Move,browsing
1569711638.181,1375,20,None,Move,browsing
1569711638.1929998,1375,20,None,Move,browsing
1569711638.205,1377,20,None,Move,browsing
1569711638.216,1377,21,None,Move,browsing
1569711638.229,1378,21,None,Move,browsing
1569711638.2410002,1379,21,None,Move,browsing
1569711638.2510002,1379,22,None,Move,browsing
1569711638.26,1379,22,None,Move,browsing
1569711638.27,1380,22,None,Move,browsing
1569711638.293,1381,22,None,Move,browsing
1569711638.3070002,1381,22,None,Move,browsing
1569711638.33,1383,22,None,Move,browsing
1569711638.3520002,1384,22,None,Move,browsing
1569711638.3820002,1384,22,None,Move,browsing
1569711638.4120002,1385,22,None,Move,browsing
1569711638.449,1386,22,None,Move,browsing
1569711638.836,1386,22,Left,Pressed,browsing
1569711639.05,1386,22,Left,Released,browsing
1569711639.88,1384,22,None,Move,browsing
1569711639.891,1382,23,None,Move,browsing
1569711639.9020002,1376,24,None,Move,browsing
1569711639.913,1371,25,None,Move,browsing
1569711639.9220002,1366,25,None,Move,browsing
1569711639.934,1363,25,None,Move,browsing
1569711639.945,1360,25,None,Move,browsing
1569711639.955,1357,26,None,Move,browsing
1569711639.969,1353,26,None,Move,browsing
1569711639.981,1351,27,None,Move,browsing
1569711639.9910002,1349,29,None,Move,browsing
1569711640.004,1347,30,None,Move,browsing
1569711640.0170002,1346,30,None,Move,browsing
1569711640.031,1345,31,None,Move,browsing
1569711640.041,1344,32,None,Move,browsing
1569711640.053,1343,33,None,Move,browsing
1569711640.0670002,1342,34,None,Move,browsing
1569711640.083,1341,36,None,Move,browsing
1569711640.097,1340,40,None,Move,browsing
1569711640.106,1340,45,None,Move,browsing
1569711640.121,1340,53,None,Move,browsing
1569711640.133,1340,59,None,Move,browsing
1569711640.147,1340,66,None,Move,browsing
1569711640.1620002,1340,70,None,Move,browsing
1569711640.175,1340,73,None,Move,browsing
1569711640.19,1340,76,None,Move,browsing
1569711640.204,1340,78,None,Move,browsing
1569711640.219,1340,79,None,Move,browsing
1569711640.234,1340,79,None,Move,browsing
1569711640.2470002,1340,80,None,Move,browsing
1569711640.26,1340,80,None,Move,browsing
1569711640.2729998,1341,81,None,Move,browsing
1569711640.29,1341,81,None,Move,browsing
1569711640.304,1343,81,None,Move,browsing
1569711640.315,1343,81,None,Move,browsing
1569711640.324,1344,81,None,Move,browsing
1569711640.335,1346,80,None,Move,browsing
1569711640.346,1349,75,None,Move,browsing
1569711640.357,1352,69,None,Move,browsing
1569711640.367,1356,63,None,Move,browsing
1569711640.377,1359,59,None,Move,browsing
1569711640.387,1362,54,None,Move,browsing
1569711640.3979998,1364,52,None,Move,browsing
1569711640.4120002,1366,48,None,Move,browsing
1569711640.423,1368,46,None,Move,browsing
1569711640.438,1369,44,None,Move,browsing
1569711640.45,1370,41,None,Move,browsing
1569711640.464,1371,40,None,Move,browsing
1569711640.478,1371,40,None,Move,browsing
1569711640.495,1372,40,None,Move,browsing
1569711640.505,1372,38,None,Move,browsing
1569711640.516,1372,38,None,Move,browsing
1569711640.53,1374,37,None,Move,browsing
1569711640.545,1375,36,None,Move,browsing
1569711640.5570002,1375,35,None,Move,browsing
1569711640.571,1375,34,None,Move,browsing
1569711640.5879998,1375,33,None,Move,browsing
1569711640.6020002,1375,32,None,Move,browsing
1569711640.613,1375,32,None,Move,browsing
1569711640.629,1375,31,None,Move,browsing
1569711640.641,1375,30,None,Move,browsing
1569711640.653,1375,29,None,Move,browsing
1569711640.667,1376,28,None,Move,browsing
1569711640.68,1377,27,None,Move,browsing
1569711640.695,1378,27,None,Move,browsing
1569711640.717,1379,27,None,Move,browsing
1569711640.732,1379,26,None,Move,browsing
1569711640.744,1380,26,None,Move,browsing
1569711640.755,1380,25,None,Move,browsing
1569711640.7770002,1381,25,None,Move,browsing
1569711640.793,1381,25,None,Move,browsing
1569711640.8070002,1382,25,None,Move,browsing
1569711640.831,1382,24,None,Move,browsing
1569711640.839,1383,24,None,Move,browsing
1569711640.8520002,1383,24,None,Move,browsing
1569711640.867,1384,23,None,Move,browsing
1569711640.889,1385,23,None,Move,browsing
1569711640.904,1385,22,None,Move,browsing
1569711640.926,1386,22,None,Move,browsing
1569711641.3520002,1386,22,Left,Pressed,browsing
1569711641.5679998,1386,22,Left,Released,browsing
1569711642.954,1386,22,Left,Pressed,browsing
1569711643.17,1386,22,Left,Released,browsing
1569711643.8,1379,20,None,Move,browsing
1569711643.811,1370,18,None,Move,browsing
1569711643.823,1361,13,None,Move,browsing
1569711643.835,1348,9,None,Move,browsing
1569711643.8479998,1339,2,None,Move,browsing
1569711643.86,1330,-1,None,Move,browsing
1569711643.87,1322,-5,None,Move,browsing
1569711643.8820002,1318,-1,None,Move,browsing
1569711643.896,1315,-1,None,Move,browsing
1569711643.91,1314,0,None,Move,browsing
1569711643.923,1312,0,None,Move,browsing
1569711643.938,1311,0,None,Move,browsing
1569711643.95,1311,0,None,Move,browsing
1569711643.962,1310,0,None,Move,browsing
1569711643.971,1309,0,None,Move,browsing
1569711643.982,1309,0,None,Move,browsing
1569711643.994,1307,0,None,Move,browsing
1569711644.005,1307,0,None,Move,browsing
1569711644.0170002,1306,0,None,Move,browsing
1569711644.0270002,1306,0,None,Move,browsing
1569711644.038,1304,1,None,Move,browsing
1569711644.049,1302,1,None,Move,browsing
1569711644.061,1300,2,None,Move,browsing
1569711644.075,1299,3,None,Move,browsing
1569711644.085,1295,6,None,Move,browsing
1569711644.097,1293,7,None,Move,browsing
1569711644.109,1291,7,None,Move,browsing
1569711644.119,1289,8,None,Move,browsing
1569711644.13,1288,9,None,Move,browsing
1569711644.143,1285,11,None,Move,browsing
1569711644.159,1284,11,None,Move,browsing
1569711644.167,1281,11,None,Move,browsing
1569711644.18,1279,11,None,Move,browsing
1569711644.195,1277,11,None,Move,browsing
1569711644.205,1273,11,None,Move,browsing
1569711644.216,1271,11,None,Move,browsing
1569711644.231,1269,11,None,Move,browsing
1569711644.2470002,1266,11,None,Move,browsing
1569711644.262,1266,11,None,Move,browsing
1569711644.2770002,1265,11,None,Move,browsing
1569711644.2970002,1264,11,None,Move,browsing
1569711644.313,1263,11,None,Move,browsing
1569711644.33,1263,11,None,Move,browsing
1569711644.345,1262,11,None,Move,browsing
1569711644.361,1261,11,None,Move,browsing
1569711644.377,1260,12,None,Move,browsing
1569711644.394,1260,13,None,Move,browsing
1569711644.41,1259,13,None,Move,browsing
1569711644.425,1258,13,None,Move,browsing
1569711644.439,1257,14,None,Move,browsing
1569711644.4529998,1257,15,None,Move,browsing
1569711644.475,1257,16,None,Move,browsing
1569711644.49,1256,16,None,Move,browsing
1569711644.502,1256,17,None,Move,browsing
1569711644.52,1256,18,None,Move,browsing
1569711644.5570002,1256,18,None,Move,browsing
1569711644.911,1256,18,Left,Pressed,browsing
1569711645.1260002,1256,18,Left,Released,browsing
1569711647.005,1257,18,None,Move,browsing
1569711647.019,1259,18,None,Move,browsing
1569711647.036,1261,18,None,Move,browsing
1569711647.0470002,1263,18,None,Move,browsing
1569711647.059,1265,18,None,Move,browsing
1569711647.069,1266,18,None,Move,browsing
1569711647.081,1268,18,None,Move,browsing
1569711647.092,1268,18,None,Move,browsing
1569711647.104,1269,18,None,Move,browsing
1569711647.113,1269,18,None,Move,browsing
1569711647.1239998,1271,18,None,Move,browsing
1569711647.1360002,1271,18,None,Move,browsing
1569711647.153,1272,18,None,Move,browsing
1569711647.166,1273,18,None,Move,browsing
1569711647.1820002,1274,18,None,Move,browsing
1569711647.208,1274,18,None,Move,browsing
1569711647.221,1275,18,None,Move,browsing
1569711647.231,1276,18,None,Move,browsing
1569711647.244,1277,18,None,Move,browsing
1569711647.2589998,1277,18,None,Move,browsing
1569711647.281,1278,18,None,Move,browsing
1569711647.31,1279,18,None,Move,browsing
1569711647.347,1280,18,None,Move,browsing
1569711647.4,1281,18,None,Move,browsing
1569711647.437,1282,18,None,Move,browsing
1569711647.474,1282,18,None,Move,browsing
1569711647.496,1283,18,None,Move,browsing
1569711647.526,1284,18,None,Move,browsing
1569711647.5570002,1285,18,None,Move,browsing
1569711647.594,1285,18,None,Move,browsing
1569711647.674,1285,17,None,Move,browsing
1569711648.054,1285,17,Left,Pressed,browsing
1569711648.27,1285,17,Left,Released,browsing
1569711648.919,1282,17,None,Move,browsing
1569711648.93,1276,16,None,Move,browsing
1569711648.945,1269,16,None,Move,browsing
1569711648.959,1262,15,None,Move,browsing
1569711648.974,1255,15,None,Move,browsing
1569711648.9929998,1250,15,None,Move,browsing
1569711649.006,1246,15,None,Move,browsing
1569711649.016,1244,14,None,Move,browsing
1569711649.028,1241,14,None,Move,browsing
1569711649.04,1240,14,None,Move,browsing
1569711649.052,1238,14,None,Move,browsing
1569711649.064,1236,14,None,Move,browsing
1569711649.079,1235,14,None,Move,browsing
1569711649.091,1233,14,None,Move,browsing
1569711649.103,1231,14,None,Move,browsing
1569711649.115,1229,14,None,Move,browsing
1569711649.129,1226,14,None,Move,browsing
1569711649.141,1225,14,None,Move,browsing
1569711649.157,1223,14,None,Move,browsing
1569711649.169,1221,14,None,Move,browsing
1569711649.179,1220,14,None,Move,browsing
1569711649.191,1217,14,None,Move,browsing
1569711649.2029998,1215,14,None,Move,browsing
1569711649.2129998,1213,14,None,Move,browsing
1569711649.224,1210,14,None,Move,browsing
1569711649.2329998,1210,14,None,Move,browsing
1569711649.244,1208,14,None,Move,browsing
1569711649.255,1207,14,None,Move,browsing
1569711649.265,1206,15,None,Move,browsing
1569711649.278,1204,15,None,Move,browsing
1569711649.291,1204,15,None,Move,browsing
1569711649.301,1202,15,None,Move,browsing
1569711649.3179998,1200,16,None,Move,browsing
1569711649.33,1200,16,None,Move,browsing
1569711649.341,1198,16,None,Move,browsing
1569711649.353,1198,17,None,Move,browsing
1569711649.3639998,1197,17,None,Move,browsing
1569711649.375,1197,17,None,Move,browsing
1569711649.3860002,1195,17,None,Move,browsing
1569711649.396,1195,17,None,Move,browsing
1569711649.408,1193,17,None,Move,browsing
1569711649.419,1190,17,None,Move,browsing
1569711649.4320002,1189,18,None,Move,browsing
1569711649.444,1188,18,None,Move,browsing
1569711649.457,1187,18,None,Move,browsing
1569711649.471,1187,18,None,Move,browsing
1569711649.482,1186,18,None,Move,browsing
1569711649.494,1186,18,None,Move,browsing
1569711649.506,1185,18,None,Move,browsing
1569711649.5170002,1184,18,None,Move,browsing
1569711649.529,1184,18,None,Move,browsing
1569711649.541,1184,18,None,Move,browsing
1569711649.555,1183,18,None,Move,browsing
1569711649.569,1182,18,None,Move,browsing
1569711649.582,1181,18,None,Move,browsing
1569711649.619,1181,18,None,Move,browsing
1569711652.21,1184,18,None,Move,browsing
1569711652.221,1189,18,None,Move,browsing
1569711652.232,1193,18,None,Move,browsing
1569711652.242,1198,18,None,Move,browsing
1569711652.255,1201,18,None,Move,browsing
1569711652.266,1205,18,None,Move,browsing
1569711652.276,1208,18,None,Move,browsing
1569711652.2870002,1211,18,None,Move,browsing
1569711652.296,1214,18,None,Move,browsing
1569711652.3079998,1216,18,None,Move,browsing
1569711652.319,1218,18,None,Move,browsing
1569711652.331,1220,18,None,Move,browsing
1569711652.342,1222,18,None,Move,browsing
1569711652.356,1224,19,None,Move,browsing
1569711652.367,1227,19,None,Move,browsing
1569711652.3779998,1230,19,None,Move,browsing
1569711652.3920002,1234,20,None,Move,browsing
1569711652.405,1238,20,None,Move,browsing
1569711652.417,1239,20,None,Move,browsing
1569711652.428,1242,21,None,Move,browsing
1569711652.44,1243,21,None,Move,browsing
1569711652.4529998,1246,21,None,Move,browsing
1569711652.464,1248,21,None,Move,browsing
1569711652.479,1249,21,None,Move,browsing
1569711652.4929998,1251,21,None,Move,browsing
1569711652.505,1253,21,None,Move,browsing
1569711652.5170002,1254,21,None,Move,browsing
1569711652.529,1255,21,None,Move,browsing
1569711652.54,1256,21,None,Move,browsing
1569711652.555,1257,21,None,Move,browsing
1569711652.5670002,1257,21,None,Move,browsing
1569711652.577,1258,21,None,Move,browsing
1569711652.5879998,1259,21,None,Move,browsing
1569711652.6,1260,21,None,Move,browsing
1569711652.6160002,1261,21,None,Move,browsing
1569711652.631,1262,21,None,Move,browsing
1569711652.647,1262,21,None,Move,browsing
1569711652.6620002,1263,21,None,Move,browsing
1569711652.6829998,1264,21,None,Move,browsing
1569711652.694,1265,21,None,Move,browsing
1569711652.707,1266,21,None,Move,browsing
1569711652.72,1268,21,None,Move,browsing
1569711652.7329998,1269,21,None,Move,browsing
1569711652.7470002,1269,21,None,Move,browsing
1569711652.762,1270,21,None,Move,browsing
1569711652.776,1271,21,None,Move,browsing
1569711652.789,1273,21,None,Move,browsing
1569711652.802,1274,21,None,Move,browsing
1569711652.815,1275,21,None,Move,browsing
1569711652.8279998,1276,21,None,Move,browsing
1569711652.84,1277,21,None,Move,browsing
1569711652.853,1278,21,None,Move,browsing
1569711652.865,1279,21,None,Move,browsing
1569711652.8779998,1280,21,None,Move,browsing
1569711652.894,1280,21,None,Move,browsing
1569711652.906,1281,21,None,Move,browsing
1569711652.919,1282,21,None,Move,browsing
1569711652.9329998,1283,21,None,Move,browsing
1569711652.95,1284,21,None,Move,browsing
1569711652.9629998,1284,21,None,Move,browsing
1569711652.978,1285,21,None,Move,browsing
1569711653.0,1286,21,None,Move,browsing
1569711653.0229998,1286,21,None,Move,browsing
1569711653.053,1287,21,None,Move,browsing
1569711653.076,1289,21,None,Move,browsing
1569711653.512,1289,21,Left,Pressed,browsing
1569711653.726,1289,21,Left,Released,browsing
1569711654.279,1285,21,None,Move,browsing
1569711654.293,1278,21,None,Move,browsing
1569711654.305,1267,21,None,Move,browsing
1569711654.3170002,1258,21,None,Move,browsing
1569711654.331,1250,21,None,Move,browsing
1569711654.345,1243,21,None,Move,browsing
1569711654.359,1235,21,None,Move,browsing
1569711654.373,1228,21,None,Move,browsing
1569711654.3860002,1224,21,None,Move,browsing
1569711654.401,1221,21,None,Move,browsing
1569711654.414,1219,21,None,Move,browsing
1569711654.424,1217,21,None,Move,browsing
1569711654.437,1216,21,None,Move,browsing
1569711654.451,1215,21,None,Move,browsing
1569711654.462,1215,21,None,Move,browsing
1569711654.474,1214,21,None,Move,browsing
1569711654.486,1214,21,None,Move,browsing
1569711654.4970002,1213,21,None,Move,browsing
1569711654.5089998,1213,21,None,Move,browsing
1569711654.522,1212,20,None,Move,browsing
1569711654.533,1211,20,None,Move,browsing
1569711654.5470002,1210,19,None,Move,browsing
1569711654.5579998,1210,18,None,Move,browsing
1569711654.571,1208,18,None,Move,browsing
1569711654.583,1207,18,None,Move,browsing
1569711654.597,1205,18,None,Move,browsing
1569711654.611,1204,17,None,Move,browsing
1569711654.625,1202,17,None,Move,browsing
1569711654.6379998,1201,17,None,Move,browsing
1569711654.65,1198,17,None,Move,browsing
1569711654.663,1197,17,None,Move,browsing
1569711654.675,1195,17,None,Move,browsing
1569711654.689,1192,17,None,Move,browsing
1569711654.7029998,1190,17,None,Move,browsing
1569711654.716,1190,17,None,Move,browsing
1569711654.726,1187,17,None,Move,browsing
1569711654.738,1186,17,None,Move,browsing
1569711654.75,1184,17,None,Move,browsing
1569711654.762,1181,17,None,Move,browsing
1569711654.772,1179,17,None,Move,browsing
1569711654.784,1177,17,None,Move,browsing
1569711654.793,1173,17,None,Move,browsing
1569711654.81,1171,17,None,Move,browsing
1569711654.823,1168,17,None,Move,browsing
1569711654.836,1165,17,None,Move,browsing
1569711654.849,1161,18,None,Move,browsing
1569711654.861,1158,18,None,Move,browsing
1569711654.8739998,1156,18,None,Move,browsing
1569711654.8839998,1154,18,None,Move,browsing
1569711654.894,1153,18,None,Move,browsing
1569711654.903,1150,18,None,Move,browsing
1569711654.916,1150,18,None,Move,browsing
1569711654.926,1149,18,None,Move,browsing
1569711654.938,1149,18,None,Move,browsing
1569711654.95,1148,18,None,Move,browsing
1569711654.961,1147,18,None,Move,browsing
1569711654.9729998,1146,18,None,Move,browsing
1569711654.985,1146,18,None,Move,browsing
1569711654.9970002,1146,19,None,Move,browsing
1569711655.0110002,1145,19,None,Move,browsing
1569711655.322,1145,19,Left,Pressed,browsing
1569711655.538,1145,19,Left,Released,browsing
1569711656.899,1146,20,None,Move,browsing
1569711656.9120002,1150,20,None,Move,browsing
1569711656.924,1153,21,None,Move,browsing
1569711656.938,1156,22,None,Move,browsing
1569711656.954,1159,23,None,Move,browsing
1569711656.9770002,1161,24,None,Move,browsing
1569711656.992,1164,24,None,Move,browsing
1569711657.005,1164,24,None,Move,browsing
1569711657.0170002,1166,24,None,Move,browsing
1569711657.041,1167,24,None,Move,browsing
1569711657.0570002,1169,24,None,Move,browsing
1569711657.073,1170,24,None,Move,browsing
1569711657.087,1171,24,None,Move,browsing
1569711657.101,1173,24,None,Move,browsing
1569711657.12,1175,24,None,Move,browsing
1569711657.131,1175,24,None,Move,browsing
1569711657.141,1176,24,None,Move,browsing
1569711657.1520002,1177,24,None,Move,browsing
1569711657.163,1178,24,None,Move,browsing
1569711657.1720002,1179,24,None,Move,browsing
1569711657.184,1179,24,None,Move,browsing
1569711657.196,1180,24,None,Move,browsing
1569711657.207,1181,24,None,Move,browsing
1569711657.219,1182,24,None,Move,browsing
1569711657.231,1182,24,None,Move,browsing
1569711657.242,1183,24,None,Move,browsing
1569711657.256,1184,24,None,Move,browsing
1569711657.272,1185,24,None,Move,browsing
1569711657.286,1186,24,None,Move,browsing
1569711657.301,1186,24,None,Move,browsing
1569711657.316,1187,24,None,Move,browsing
1569711657.326,1187,24,None,Move,browsing
1569711657.337,1187,23,None,Move,browsing
1569711657.349,1188,23,None,Move,browsing
1569711657.367,1189,23,None,Move,browsing
1569711657.3820002,1189,22,None,Move,browsing
1569711657.395,1190,22,None,Move,browsing
1569711657.405,1190,22,None,Move,browsing
1569711657.417,1190,22,None,Move,browsing
1569711657.43,1191,22,None,Move,browsing
1569711657.449,1193,21,None,Move,browsing
1569711657.479,1193,21,None,Move,browsing
1569711657.49,1193,20,None,Move,browsing
1569711657.5170002,1194,20,None,Move,browsing
1569711657.529,1194,19,None,Move,browsing
1569711657.546,1195,19,None,Move,browsing
1569711657.561,1195,19,None,Move,browsing
1569711657.575,1195,18,None,Move,browsing
1569711657.606,1196,17,None,Move,browsing
1569711657.6420002,1197,17,None,Move,browsing
1569711657.687,1197,17,None,Move,browsing
1569711657.7470002,1197,16,None,Move,browsing
1569711657.851,1198,16,None,Move,browsing
1569711659.579,1198,16,None,Move,browsing
1569711659.59,1195,16,None,Move,browsing
1569711659.599,1192,16,None,Move,browsing
1569711659.609,1190,16,None,Move,browsing
1569711659.619,1188,16,None,Move,browsing
1569711659.629,1187,16,None,Move,browsing
1569711659.639,1184,16,None,Move,browsing
1569711659.6479998,1182,16,None,Move,browsing
1569711659.656,1181,16,None,Move,browsing
1569711659.665,1180,16,None,Move,browsing
1569711659.676,1178,16,None,Move,browsing
1569711659.689,1178,16,None,Move,browsing
1569711659.7,1177,16,None,Move,browsing
1569711659.712,1177,16,None,Move,browsing
1569711659.7229998,1176,17,None,Move,browsing
1569711659.736,1175,17,None,Move,browsing
1569711659.765,1175,17,None,Move,browsing
1569711659.803,1173,17,None,Move,browsing
1569711659.812,1173,18,None,Move,browsing
1569711660.2970002,1173,18,None,Move,browsing
1569711660.3070002,1174,18,None,Move,browsing
1569711660.316,1174,18,None,Move,browsing
1569711660.331,1175,18,None,Move,browsing
1569711660.341,1175,18,None,Move,browsing
1569711660.356,1176,18,None,Move,browsing
1569711660.3720002,1177,18,None,Move,browsing
1569711660.383,1178,18,None,Move,browsing
1569711660.393,1179,18,None,Move,browsing
1569711660.416,1180,18,None,Move,browsing
1569711660.448,1180,18,None,Move,browsing
1569711660.476,1181,18,None,Move,browsing
1569711660.505,1182,18,None,Move,browsing
1569711660.543,1182,18,None,Move,browsing
1569711660.5579998,1183,17,None,Move,browsing
1569711660.58,1184,17,None,Move,browsing
1569711660.595,1185,17,None,Move,browsing
1569711660.61,1186,17,None,Move,browsing
1569711660.6320002,1187,17,None,Move,browsing
1569711660.647,1188,17,None,Move,browsing
1569711660.669,1188,17,None,Move,browsing
1569711661.04,1188,17,Left,Pressed,browsing
1569711661.256,1188,17,Left,Released,browsing
1569711661.949,1178,17,None,Move,browsing
1569711661.96,1165,17,None,Move,browsing
1569711661.97,1151,17,None,Move,browsing
1569711661.984,1138,17,None,Move,browsing
1569711661.9970002,1125,17,None,Move,browsing
1569711662.01,1112,15,None,Move,browsing
1569711662.021,1102,15,None,Move,browsing
1569711662.034,1093,14,None,Move,browsing
1569711662.0470002,1084,14,None,Move,browsing
1569711662.059,1079,13,None,Move,browsing
1569711662.074,1073,12,None,Move,browsing
1569711662.089,1069,11,None,Move,browsing
1569711662.1,1066,10,None,Move,browsing
1569711662.1120002,1063,10,None,Move,browsing
1569711662.125,1062,10,None,Move,browsing
1569711662.1379998,1061,10,None,Move,browsing
1569711662.153,1060,9,None,Move,browsing
1569711662.167,1059,8,None,Move,browsing
1569711662.18,1058,8,None,Move,browsing
1569711662.194,1057,8,None,Move,browsing
1569711662.206,1056,8,None,Move,browsing
1569711662.218,1056,7,None,Move,browsing
1569711662.23,1055,7,None,Move,browsing
1569711662.2429998,1055,7,None,Move,browsing
1569711662.256,1053,7,None,Move,browsing
1569711662.266,1053,7,None,Move,browsing
1569711662.278,1052,6,None,Move,browsing
1569711662.288,1051,6,None,Move,browsing
1569711662.3,1050,6,None,Move,browsing
1569711662.322,1050,6,None,Move,browsing
1569711662.359,1049,6,None,Move,browsing
1569711662.715,1049,6,Left,Pressed,browsing
1569711662.931,1049,6,Left,Released,browsing
1569711663.939,1050,7,None,Move,browsing
1569711663.961,1052,8,None,Move,browsing
1569711663.976,1053,8,None,Move,browsing
1569711663.9870002,1055,9,None,Move,browsing
1569711664.0010002,1058,10,None,Move,browsing
1569711664.0129998,1060,11,None,Move,browsing
1569711664.025,1062,11,None,Move,browsing
1569711664.035,1064,12,None,Move,browsing
1569711664.0470002,1066,12,None,Move,browsing
1569711664.06,1067,12,None,Move,browsing
1569711664.073,1068,12,None,Move,browsing
1569711664.083,1070,14,None,Move,browsing
1569711664.095,1070,14,None,Move,browsing
1569711664.106,1071,14,None,Move,browsing
1569711664.115,1072,14,None,Move,browsing
1569711664.127,1072,14,None,Move,browsing
1569711664.1379998,1074,15,None,Move,browsing
1569711664.151,1074,15,None,Move,browsing
1569711664.164,1075,15,None,Move,browsing
1569711664.176,1075,15,None,Move,browsing
1569711664.188,1076,15,None,Move,browsing
1569711664.199,1077,15,None,Move,browsing
1569711664.2129998,1078,15,None,Move,browsing
1569711664.225,1078,15,None,Move,browsing
1569711664.2389998,1079,15,None,Move,browsing
1569711664.2529998,1080,15,None,Move,browsing
1569711664.265,1081,15,None,Move,browsing
1569711664.28,1082,15,None,Move,browsing
1569711664.293,1083,15,None,Move,browsing
1569711664.303,1084,15,None,Move,browsing
1569711664.324,1084,15,None,Move,browsing
1569711664.335,1085,15,None,Move,browsing
1569711664.347,1086,15,None,Move,browsing
1569711664.359,1087,15,None,Move,browsing
1569711664.3720002,1087,15,None,Move,browsing
1569711664.3920002,1088,15,None,Move,browsing
1569711664.407,1089,15,None,Move,browsing
1569711664.4220002,1090,15,None,Move,browsing
1569711664.437,1091,15,None,Move,browsing
1569711664.459,1092,15,None,Move,browsing
1569711664.482,1092,15,None,Move,browsing
1569711664.518,1093,15,None,Move,browsing
1569711664.604,1094,15,None,Move,browsing
1569711664.619,1094,15,None,Move,browsing
1569711664.935,1094,15,None,Move,browsing
1569711664.951,1093,15,None,Move,browsing
1569711664.966,1093,15,None,Move,browsing
1569711664.979,1092,15,None,Move,browsing
1569711664.994,1091,15,None,Move,browsing
1569711665.01,1090,15,None,Move,browsing
1569711665.0470002,1090,15,None,Move,browsing
1569711665.084,1089,15,None,Move,browsing
1569711665.1139998,1088,15,None,Move,browsing
1569711665.144,1087,15,None,Move,browsing
1569711665.159,1086,15,None,Move,browsing
1569711665.181,1085,15,None,Move,browsing
1569711665.2029998,1085,15,None,Move,browsing
1569711665.61,1085,15,Left,Pressed,browsing
1569711665.826,1085,15,Left,Released,browsing
1569711666.446,1080,15,None,Move,browsing
1569711666.458,1072,15,None,Move,browsing
1569711666.47,1059,15,None,Move,browsing
1569711666.485,1044,14,None,Move,browsing
1569711666.496,1028,12,None,Move,browsing
1569711666.506,1013,11,None,Move,browsing
1569711666.5170002,1000,9,None,Move,browsing
1569711666.528,988,8,None,Move,browsing
1569711666.539,976,5,None,Move,browsing
1569711666.551,964,3,None,Move,browsing
1569711666.562,957,3,None,Move,browsing
1569711666.574,953,3,None,Move,browsing
1569711666.584,949,2,None,Move,browsing
1569711666.597,947,2,None,Move,browsing
1569711666.6079998,946,2,None,Move,browsing
1569711666.62,944,2,None,Move,browsing
1569711666.631,944,2,None,Move,browsing
1569711666.644,943,2,None,Move,browsing
1569711666.655,942,2,None,Move,browsing
1569711666.668,941,2,None,Move,browsing
1569711666.6820002,941,2,None,Move,browsing
1569711666.695,940,2,None,Move,browsing
1569711666.707,940,2,None,Move,browsing
1569711666.719,939,2,None,Move,browsing
1569711666.731,938,2,None,Move,browsing
1569711666.746,937,3,None,Move,browsing
1569711666.758,936,3,None,Move,browsing
1569711666.768,935,4,None,Move,browsing
1569711666.782,934,4,None,Move,browsing
1569711666.798,933,4,None,Move,browsing
1569711666.82,933,6,None,Move,browsing
1569711666.835,933,6,None,Move,browsing
1569711666.85,933,7,None,Move,browsing
1569711666.863,933,8,None,Move,browsing
1569711666.877,933,8,None,Move,browsing
1569711666.889,933,9,None,Move,browsing
1569711666.908,933,10,None,Move,browsing
1569711666.936,934,11,None,Move,browsing
1569711666.959,935,11,None,Move,browsing
1569711666.976,935,12,None,Move,browsing
1569711666.9889998,935,12,None,Move,browsing
1569711667.0089998,935,13,None,Move,browsing
1569711667.02,936,13,None,Move,browsing
1569711667.029,938,13,None,Move,browsing
1569711667.045,938,14,None,Move,browsing
1569711667.347,938,14,Left,Pressed,browsing
1569711667.562,938,14,Left,Released,browsing
1569711669.206,943,14,None,Move,browsing
1569711669.217,948,14,None,Move,browsing
1569711669.228,950,14,None,Move,browsing
1569711669.24,954,14,None,Move,browsing
1569711669.252,956,14,None,Move,browsing
1569711669.2629998,959,14,None,Move,browsing
1569711669.275,960,14,None,Move,browsing
1569711669.286,962,14,None,Move,browsing
1569711669.2970002,965,14,None,Move,browsing
1569711669.31,966,14,None,Move,browsing
1569711669.323,966,14,None,Move,browsing
1569711669.334,967,15,None,Move,browsing
1569711669.344,968,15,None,Move,browsing
1569711669.356,969,15,None,Move,browsing
1569711669.369,971,16,None,Move,browsing
1569711669.38,971,16,None,Move,browsing
1569711669.391,974,17,None,Move,browsing
1569711669.401,975,18,None,Move,browsing
1569711669.4120002,976,18,None,Move,browsing
1569711669.425,979,19,None,Move,browsing
1569711669.436,980,20,None,Move,browsing
1569711669.446,981,20,None,Move,browsing
1569711669.457,982,20,None,Move,browsing
1569711669.467,983,21,None,Move,browsing
1569711669.479,983,21,None,Move,browsing
1569711669.4889998,984,22,None,Move,browsing
1569711669.4989998,985,22,None,Move,browsing
1569711669.514,986,22,None,Move,browsing
1569711669.529,987,23,None,Move,browsing
1569711669.559,988,23,None,Move,browsing
1569711669.569,988,24,None,Move,browsing
1569711669.597,988,25,None,Move,browsing
1569711669.6339998,988,26,None,Move,browsing
1569711669.663,988,27,None,Move,browsing
1569711669.686,988,27,None,Move,browsing
1569711669.699,987,27,None,Move,browsing
1569711669.711,986,28,None,Move,browsing
1569711669.724,985,28,None,Move,browsing
1569711669.738,984,28,None,Move,browsing
1569711669.752,983,28,None,Move,browsing
1569711669.766,982,28,None,Move,browsing
1569711669.779,981,28,None,Move,browsing
1569711669.792,980,28,None,Move,browsing
1569711669.806,979,28,None,Move,browsing
1569711669.816,978,28,None,Move,browsing
1569711669.8279998,978,28,None,Move,browsing
1569711669.851,977,28,None,Move,browsing
1569711669.8739998,976,28,None,Move,browsing
1569711669.913,976,28,None,Move,browsing
1569711670.139,976,28,None,Move,browsing
1569711670.154,976,27,None,Move,browsing
1569711670.169,976,26,None,Move,browsing
1569711670.1820002,977,26,None,Move,browsing
1569711670.194,977,25,None,Move,browsing
1569711670.206,977,25,None,Move,browsing
1569711670.216,977,25,None,Move,browsing
1569711670.229,978,23,None,Move,browsing
1569711670.24,978,22,None,Move,browsing
1569711670.255,978,22,None,Move,browsing
1569711670.2670002,980,21,None,Move,browsing
1569711670.28,980,20,None,Move,browsing
1569711670.294,981,19,None,Move,browsing
1569711670.3070002,981,19,None,Move,browsing
1569711670.321,981,19,None,Move,browsing
1569711670.333,981,18,None,Move,browsing
1569711670.345,982,18,None,Move,browsing
1569711670.36,982,17,None,Move,browsing
1569711670.369,983,17,None,Move,browsing
1569711670.38,983,16,None,Move,browsing
1569711670.395,983,16,None,Move,browsing
1569711670.406,983,15,None,Move,browsing
1569711670.417,984,15,None,Move,browsing
1569711670.447,985,15,None,Move,browsing
1569711670.457,985,14,None,Move,browsing
1569711670.4770002,985,14,None,Move,browsing
1569711670.4910002,985,13,None,Move,browsing
1569711670.5010002,987,13,None,Move,browsing
1569711670.53,988,13,None,Move,browsing
1569711670.552,988,13,None,Move,browsing
1569711670.5979998,989,13,None,Move,browsing
1569711670.98,989,13,Left,Pressed,browsing
1569711671.195,989,13,Left,Released,browsing
1569711671.928,988,13,None,Move,browsing
1569711671.94,985,13,None,Move,browsing
1569711671.952,980,13,None,Move,browsing
1569711671.964,971,13,None,Move,browsing
1569711671.975,964,13,None,Move,browsing
1569711671.988,953,13,None,Move,browsing
1569711672.0,941,13,None,Move,browsing
1569711672.012,929,13,None,Move,browsing
1569711672.024,921,13,None,Move,browsing
1569711672.036,915,13,None,Move,browsing
1569711672.05,907,13,None,Move,browsing
1569711672.06,900,13,None,Move,browsing
1569711672.074,896,13,None,Move,browsing
1569711672.085,891,13,None,Move,browsing
1569711672.095,886,13,None,Move,browsing
1569711672.106,883,13,None,Move,browsing
1569711672.117,880,13,None,Move,browsing
1569711672.1279998,878,13,None,Move,browsing
1569711672.139,877,13,None,Move,browsing
1569711672.1520002,874,13,None,Move,browsing
1569711672.1620002,873,13,None,Move,browsing
1569711672.174,872,13,None,Move,browsing
1569711672.185,869,12,None,Move,browsing
1569711672.198,868,12,None,Move,browsing
1569711672.207,867,11,None,Move,browsing
1569711672.217,866,11,None,Move,browsing
1569711672.226,865,11,None,Move,browsing
1569711672.238,863,11,None,Move,browsing
1569711672.248,862,10,None,Move,browsing
1569711672.2589998,860,10,None,Move,browsing
1569711672.272,860,10,None,Move,browsing
1569711672.284,859,10,None,Move,browsing
1569711672.296,859,9,None,Move,browsing
1569711672.3070002,858,9,None,Move,browsing
1569711672.32,858,9,None,Move,browsing
1569711672.332,857,9,None,Move,browsing
1569711672.343,856,9,None,Move,browsing
1569711672.356,855,9,None,Move,browsing
1569711672.3639998,854,9,None,Move,browsing
1569711672.3739998,853,9,None,Move,browsing
1569711672.387,852,9,None,Move,browsing
1569711672.4020002,852,9,None,Move,browsing
1569711672.417,851,9,None,Move,browsing
1569711672.4320002,850,9,None,Move,browsing
1569711672.4529998,849,9,None,Move,browsing
1569711672.77,849,9,Left,Pressed,browsing
1569711672.984,849,9,Left,Released,browsing
1569711676.806,850,9,None,Move,browsing
1569711676.8179998,854,9,None,Move,browsing
1569711676.832,856,9,None,Move,browsing
1569711676.843,859,9,None,Move,browsing
1569711676.855,861,9,None,Move,browsing
1569711676.869,865,9,None,Move,browsing
1569711676.88,867,9,None,Move,browsing
1569711676.8920002,869,9,None,Move,browsing
1569711676.904,870,9,None,Move,browsing
1569711676.917,871,9,None,Move,browsing
1569711676.929,872,9,None,Move,browsing
1569711676.94,873,9,None,Move,browsing
1569711676.951,873,9,None,Move,browsing
1569711676.965,874,9,None,Move,browsing
1569711676.976,875,9,None,Move,browsing
1569711676.988,876,10,None,Move,browsing
1569711677.002,877,10,None,Move,browsing
1569711677.014,878,10,None,Move,browsing
1569711677.024,878,11,None,Move,browsing
1569711677.035,879,11,None,Move,browsing
1569711677.048,880,11,None,Move,browsing
1569711677.061,881,11,None,Move,browsing
1569711677.074,882,12,None,Move,browsing
1569711677.087,883,12,None,Move,browsing
1569711677.099,884,12,None,Move,browsing
1569711677.111,884,13,None,Move,browsing
1569711677.123,884,13,None,Move,browsing
1569711677.137,885,13,None,Move,browsing
1569711677.157,885,14,None,Move,browsing
1569711677.1820002,886,14,None,Move,browsing
1569711677.26,886,14,None,Move,browsing
1569711677.32,886,15,None,Move,browsing
1569711677.34,886,15,None,Move,browsing
1569711677.356,886,16,None,Move,browsing
1569711677.373,886,17,None,Move,browsing
1569711677.389,886,17,None,Move,browsing
1569711677.411,886,18,None,Move,browsing
1569711677.424,886,19,None,Move,browsing
1569711689.5470002,886,19,Left,Pressed,browsing
1569711689.7629998,886,19,Left,Released,browsing
1569711693.075,883,19,None,Move,browsing
1569711693.089,875,19,None,Move,browsing
1569711693.1020002,866,19,None,Move,browsing
1569711693.111,858,19,None,Move,browsing
1569711693.12,851,19,None,Move,browsing
1569711693.131,846,19,None,Move,browsing
1569711693.141,839,20,None,Move,browsing
1569711693.154,832,21,None,Move,browsing
1569711693.166,826,22,None,Move,browsing
1569711693.178,818,24,None,Move,browsing
1569711693.188,811,26,None,Move,browsing
1569711693.202,802,30,None,Move,browsing
1569711693.214,794,33,None,Move,browsing
1569711693.2270002,787,34,None,Move,browsing
1569711693.238,783,35,None,Move,browsing
1569711693.25,779,37,None,Move,browsing
1569711693.262,773,38,None,Move,browsing
1569711693.274,769,39,None,Move,browsing
1569711693.285,766,40,None,Move,browsing
1569711693.296,765,41,None,Move,browsing
1569711693.3070002,763,42,None,Move,browsing
1569711693.3170002,762,42,None,Move,browsing
1569711693.33,762,42,None,Move,browsing
1569711693.341,761,42,None,Move,browsing
1569711693.353,761,42,None,Move,browsing
1569711693.3660002,760,42,None,Move,browsing
1569711693.377,759,42,None,Move,browsing
1569711693.391,758,43,None,Move,browsing
1569711693.419,758,43,None,Move,browsing
1569711693.4889998,758,43,None,Move,browsing
1569711693.5029998,758,42,None,Move,browsing
1569711693.516,761,40,None,Move,browsing
1569711693.5270002,763,38,None,Move,browsing
1569711693.538,766,34,None,Move,browsing
1569711693.55,770,31,None,Move,browsing
1569711693.563,772,28,None,Move,browsing
1569711693.575,774,26,None,Move,browsing
1569711693.587,775,25,None,Move,browsing
1569711693.61,776,25,None,Move,browsing
1569711693.621,777,24,None,Move,browsing
1569711693.6320002,778,23,None,Move,browsing
1569711693.643,778,23,None,Move,browsing
1569711693.654,778,23,None,Move,browsing
1569711693.671,778,22,None,Move,browsing
1569711693.687,780,22,None,Move,browsing
1569711693.701,780,21,None,Move,browsing
1569711693.716,781,21,None,Move,browsing
1569711693.738,781,20,None,Move,browsing
1569711693.7610002,781,20,None,Move,browsing
1569711694.423,781,19,None,Move,browsing
1569711694.437,779,18,None,Move,browsing
1569711694.449,775,17,None,Move,browsing
1569711694.461,772,17,None,Move,browsing
1569711694.4729998,768,16,None,Move,browsing
1569711694.4870002,766,16,None,Move,browsing
1569711694.5029998,763,16,None,Move,browsing
1569711694.516,760,16,None,Move,browsing
1569711694.528,757,16,None,Move,browsing
1569711694.538,755,16,None,Move,browsing
1569711694.55,754,16,None,Move,browsing
1569711694.562,752,16,None,Move,browsing
1569711694.573,752,16,None,Move,browsing
1569711694.586,751,16,None,Move,browsing
1569711694.5979998,750,16,None,Move,browsing
1569711695.606,750,16,Left,Pressed,browsing
1569711695.82,750,16,Left,Released,browsing
1569711698.835,751,16,None,Move,browsing
1569711698.847,753,16,None,Move,browsing
1569711698.86,755,16,None,Move,browsing
1569711698.873,757,16,None,Move,browsing
1569711698.887,759,16,None,Move,browsing
1569711698.8979998,762,16,None,Move,browsing
1569711698.909,763,16,None,Move,browsing
1569711698.919,765,16,None,Move,browsing
1569711698.935,768,16,None,Move,browsing
1569711698.947,769,16,None,Move,browsing
1569711698.958,770,16,None,Move,browsing
1569711698.967,771,16,None,Move,browsing
1569711698.9770002,774,16,None,Move,browsing
1569711698.9870002,774,17,None,Move,browsing
1569711699.0,775,17,None,Move,browsing
1569711699.0110002,776,17,None,Move,browsing
1569711699.022,777,18,None,Move,browsing
1569711699.034,779,19,None,Move,browsing
1569711699.0470002,779,19,None,Move,browsing
1569711699.056,780,20,None,Move,browsing
1569711699.0670002,780,20,None,Move,browsing
1569711699.081,781,21,None,Move,browsing
1569711699.092,782,21,None,Move,browsing
1569711699.103,782,21,None,Move,browsing
1569711699.1160002,783,21,None,Move,browsing
1569711699.1279998,784,21,None,Move,browsing
1569711699.1420002,785,21,None,Move,browsing
1569711699.156,785,21,None,Move,browsing
1569711699.171,787,21,None,Move,browsing
1569711699.187,788,21,None,Move,browsing
1569711699.215,788,21,None,Move,browsing
1569711699.255,789,21,None,Move,browsing
1569711699.3,790,21,None,Move,browsing
1569711699.375,791,21,None,Move,browsing
1569711699.9829998,791,21,Left,Pressed,browsing
1569711700.198,791,21,Left,Released,browsing
1569711701.278,783,24,None,Move,browsing
1569711701.289,771,28,None,Move,browsing
1569711701.301,758,32,None,Move,browsing
1569711701.312,744,36,None,Move,browsing
1569711701.322,729,39,None,Move,browsing
1569711701.331,714,41,None,Move,browsing
1569711701.34,701,41,None,Move,browsing
1569711701.35,687,41,None,Move,browsing
1569711701.359,676,41,None,Move,browsing
1569711701.37,664,41,None,Move,browsing
1569711701.383,654,41,None,Move,browsing
1569711701.396,645,41,None,Move,browsing
1569711701.407,641,40,None,Move,browsing
1569711701.419,636,38,None,Move,browsing
1569711701.43,633,37,None,Move,browsing
1569711701.4420002,630,37,None,Move,browsing
1569711701.455,628,36,None,Move,browsing
1569711701.467,626,36,None,Move,browsing
1569711701.4770002,624,35,None,Move,browsing
1569711701.4870002,624,35,None,Move,browsing
1569711701.5,622,34,None,Move,browsing
1569711701.512,621,33,None,Move,browsing
1569711701.524,620,32,None,Move,browsing
1569711701.534,619,31,None,Move,browsing
1569711701.55,618,31,None,Move,browsing
1569711701.562,618,30,None,Move,browsing
1569711701.57,617,30,None,Move,browsing
1569711701.582,617,29,None,Move,browsing
1569711701.593,617,28,None,Move,browsing
1569711701.605,616,27,None,Move,browsing
1569711701.6160002,615,26,None,Move,browsing
1569711701.6320002,615,26,None,Move,browsing
1569711701.653,615,25,None,Move,browsing
1569711701.664,614,25,None,Move,browsing
1569711701.677,614,24,None,Move,browsing
1569711701.6829998,614,24,None,Move,browsing
1569711701.698,614,23,None,Move,browsing
1569711701.714,614,22,None,Move,browsing
1569711701.728,614,21,None,Move,browsing
1569711701.7429998,614,20,None,Move,browsing
1569711701.755,614,19,None,Move,browsing
1569711701.765,616,18,None,Move,browsing
1569711701.7770002,618,18,None,Move,browsing
1569711701.788,621,18,None,Move,browsing
1569711701.799,622,18,None,Move,browsing
1569711701.81,626,18,None,Move,browsing
1569711701.826,628,18,None,Move,browsing
1569711701.8379998,631,18,None,Move,browsing
1569711701.849,633,18,None,Move,browsing
1569711701.8620002,634,18,None,Move,browsing
1569711701.875,635,18,None,Move,browsing
1569711701.885,637,18,None,Move,browsing
1569711701.896,638,18,None,Move,browsing
1569711701.909,639,18,None,Move,browsing
1569711701.921,640,18,None,Move,browsing
1569711701.931,641,18,None,Move,browsing
1569711701.9429998,643,18,None,Move,browsing
1569711701.9529998,643,18,None,Move,browsing
1569711701.962,644,18,None,Move,browsing
1569711702.305,644,18,Left,Pressed,browsing
1569711702.52,644,18,Left,Released,browsing
1569711707.4829998,645,17,None,Move,browsing
1569711707.495,646,15,None,Move,browsing
1569711707.508,648,14,None,Move,browsing
1569711707.521,650,11,None,Move,browsing
1569711707.534,651,10,None,Move,browsing
1569711707.543,653,9,None,Move,browsing
1569711707.553,656,8,None,Move,browsing
1569711707.563,657,7,None,Move,browsing
1569711707.574,658,5,None,Move,browsing
1569711707.585,659,5,None,Move,browsing
1569711707.595,660,4,None,Move,browsing
1569711707.605,662,3,None,Move,browsing
1569711707.6160002,662,2,None,Move,browsing
1569711707.627,663,2,None,Move,browsing
1569711707.6379998,664,2,None,Move,browsing
1569711707.649,666,1,None,Move,browsing
1569711707.659,667,1,None,Move,browsing
1569711707.671,669,1,None,Move,browsing
1569711707.6820002,670,1,None,Move,browsing
1569711707.6920002,671,1,None,Move,browsing
1569711707.702,672,1,None,Move,browsing
1569711707.712,673,1,None,Move,browsing
1569711707.722,673,1,None,Move,browsing
1569711707.734,674,1,None,Move,browsing
1569711707.744,674,1,None,Move,browsing
1569711707.755,675,1,None,Move,browsing
1569711707.765,676,1,None,Move,browsing
1569711707.7770002,677,1,None,Move,browsing
1569711707.801,678,1,None,Move,browsing
1569711707.816,679,1,None,Move,browsing
1569711707.853,679,1,None,Move,browsing
1569711707.8639998,679,1,None,Move,browsing
1569711707.8979998,680,1,None,Move,browsing
1569711707.928,680,1,None,Move,browsing
1569711707.938,681,1,None,Move,browsing
1569711707.965,681,2,None,Move,browsing
1569711707.98,682,2,None,Move,browsing
1569711707.99,682,3,None,Move,browsing
1569711708.01,682,3,None,Move,browsing
1569711708.022,682,3,None,Move,browsing
1569711708.034,682,4,None,Move,browsing
1569711708.07,682,5,None,Move,browsing
1569711708.12,682,6,None,Move,browsing
1569711708.176,683,7,None,Move,browsing
1569711708.197,683,8,None,Move,browsing
1569711708.2129998,684,8,None,Move,browsing
1569711708.225,684,8,None,Move,browsing
1569711708.24,684,9,None,Move,browsing
1569711708.258,685,9,None,Move,browsing
1569711708.27,685,10,None,Move,browsing
1569711708.294,685,10,None,Move,browsing
1569711711.492,686,11,None,Move,browsing
1569711711.5029998,687,11,None,Move,browsing
1569711711.5170002,688,12,None,Move,browsing
1569711711.529,689,12,None,Move,browsing
1569711711.54,690,13,None,Move,browsing
1569711711.56,691,14,None,Move,browsing
1569711711.574,692,14,None,Move,browsing
1569711711.59,693,15,None,Move,browsing
1569711711.606,694,15,None,Move,browsing
1569711711.6160002,694,16,None,Move,browsing
1569711711.627,694,17,None,Move,browsing
1569711711.651,695,18,None,Move,browsing
1569711711.666,695,19,None,Move,browsing
1569711711.678,696,19,None,Move,browsing
1569711711.696,696,19,None,Move,browsing
1569711711.704,696,19,None,Move,browsing
1569711711.742,697,19,None,Move,browsing
1569711712.1179998,697,19,Left,Pressed,browsing
1569711712.333,697,19,Left,Released,browsing
1569711713.125,690,19,None,Move,browsing
1569711713.137,678,18,None,Move,browsing
1569711713.149,664,15,None,Move,browsing
1569711713.161,652,12,None,Move,browsing
1569711713.175,643,10,None,Move,browsing
1569711713.187,635,8,None,Move,browsing
1569711713.2,627,5,None,Move,browsing
1569711713.212,621,4,None,Move,browsing
1569711713.225,616,3,None,Move,browsing
1569711713.236,612,2,None,Move,browsing
1569711713.248,607,2,None,Move,browsing
1569711713.26,605,2,None,Move,browsing
1569711713.272,601,2,None,Move,browsing
1569711713.285,600,2,None,Move,browsing
1569711713.296,597,2,None,Move,browsing
1569711713.3070002,595,2,None,Move,browsing
1569711713.3179998,593,1,None,Move,browsing
1569711713.331,590,1,None,Move,browsing
1569711713.342,589,1,None,Move,browsing
1569711713.354,585,1,None,Move,browsing
1569711713.365,584,1,None,Move,browsing
1569711713.377,583,1,None,Move,browsing
1569711713.3879998,580,1,None,Move,browsing
1569711713.3979998,580,1,None,Move,browsing
1569711713.409,578,1,None,Move,browsing
1569711713.42,578,1,None,Move,browsing
1569711713.431,575,1,None,Move,browsing
1569711713.4429998,574,1,None,Move,browsing
1569711713.4529998,573,1,None,Move,browsing
1569711713.464,573,1,None,Move,browsing
1569711713.475,571,2,None,Move,browsing
1569711713.486,569,2,None,Move,browsing
1569711713.498,568,2,None,Move,browsing
1569711713.51,567,2,None,Move,browsing
1569711713.522,566,3,None,Move,browsing
1569711713.533,566,3,None,Move,browsing
1569711713.545,565,4,None,Move,browsing
1569711713.555,563,5,None,Move,browsing
1569711713.5679998,563,5,None,Move,browsing
1569711713.579,562,6,None,Move,browsing
1569711713.591,561,7,None,Move,browsing
1569711713.601,559,9,None,Move,browsing
1569711713.613,558,12,None,Move,browsing
1569711713.6239998,557,14,None,Move,browsing
1569711713.635,555,16,None,Move,browsing
1569711713.647,552,18,None,Move,browsing
1569711713.659,551,20,None,Move,browsing
1569711713.668,550,23,None,Move,browsing
1569711713.681,549,24,None,Move,browsing
1569711713.691,549,25,None,Move,browsing
1569711714.021,549,25,Left,Pressed,browsing
1569711714.235,549,25,Left,Released,browsing
1569711720.786,549,25,None,Move,browsing
1569711720.799,550,25,None,Move,browsing
1569711720.816,552,24,None,Move,browsing
1569711720.832,553,24,None,Move,browsing
1569711720.843,554,24,None,Move,browsing
1569711720.856,555,24,None,Move,browsing
1569711720.865,556,24,None,Move,browsing
1569711720.8760002,556,24,None,Move,browsing
1569711720.887,557,23,None,Move,browsing
1569711720.8979998,558,23,None,Move,browsing
1569711720.91,559,23,None,Move,browsing
1569711720.9220002,559,23,None,Move,browsing
1569711720.9320002,560,23,None,Move,browsing
1569711720.9420002,560,23,None,Move,browsing
1569711720.9529998,561,23,None,Move,browsing
1569711720.964,562,23,None,Move,browsing
1569711720.976,563,23,None,Move,browsing
1569711720.992,564,23,None,Move,browsing
1569711721.0070002,565,23,None,Move,browsing
1569711721.019,565,23,None,Move,browsing
1569711721.03,566,22,None,Move,browsing
1569711721.041,567,22,None,Move,browsing
1569711721.051,567,22,None,Move,browsing
1569711721.062,568,22,None,Move,browsing
1569711721.074,570,21,None,Move,browsing
1569711721.085,570,21,None,Move,browsing
1569711721.095,571,21,None,Move,browsing
1569711721.107,572,21,None,Move,browsing
1569711721.1179998,573,20,None,Move,browsing
1569711721.129,574,20,None,Move,browsing
1569711721.143,575,20,None,Move,browsing
1569711721.157,575,19,None,Move,browsing
1569711721.168,577,19,None,Move,browsing
1569711721.178,578,19,None,Move,browsing
1569711721.188,579,19,None,Move,browsing
1569711721.198,579,18,None,Move,browsing
1569711721.21,580,18,None,Move,browsing
1569711721.222,580,18,None,Move,browsing
1569711721.234,581,17,None,Move,browsing
1569711721.2489998,582,17,None,Move,browsing
1569711721.2610002,583,17,None,Move,browsing
1569711721.275,584,17,None,Move,browsing
1569711721.2870002,585,17,None,Move,browsing
1569711721.302,586,17,None,Move,browsing
1569711721.325,586,17,None,Move,browsing
1569711721.339,587,17,None,Move,browsing
1569711721.351,587,16,None,Move,browsing
1569711721.363,588,16,None,Move,browsing
1569711721.377,588,16,None,Move,browsing
1569711721.3920002,589,16,None,Move,browsing
1569711721.415,590,16,None,Move,browsing
1569711721.43,591,16,None,Move,browsing
1569711721.445,592,16,None,Move,browsing
1569711721.467,593,15,None,Move,browsing
1569711721.4889998,594,15,None,Move,browsing
1569711721.855,594,15,Left,Pressed,browsing
1569711722.071,594,15,Left,Released,browsing
1569711722.6420002,590,15,None,Move,browsing
1569711722.655,582,15,None,Move,browsing
1569711722.664,574,15,None,Move,browsing
1569711722.677,565,15,None,Move,browsing
1569711722.689,557,14,None,Move,browsing
1569711722.697,545,12,None,Move,browsing
1569711722.709,536,10,None,Move,browsing
1569711722.719,529,9,None,Move,browsing
1569711722.728,520,5,None,Move,browsing
1569711722.738,512,2,None,Move,browsing
1569711722.748,504,0,None,Move,browsing
1569711722.758,495,-3,None,Move,browsing
1569711722.77,489,-3,None,Move,browsing
1569711722.78,483,-2,None,Move,browsing
1569711722.792,476,-2,None,Move,browsing
1569711722.803,472,-2,None,Move,browsing
1569711722.811,470,-1,None,Move,browsing
1569711722.822,466,-1,None,Move,browsing
1569711722.833,464,-1,None,Move,browsing
1569711722.843,463,-1,None,Move,browsing
1569711722.855,460,-2,None,Move,browsing
1569711722.865,458,-1,None,Move,browsing
1569711722.8739998,456,0,None,Move,browsing
1569711722.885,455,0,None,Move,browsing
1569711722.897,453,-1,None,Move,browsing
1569711722.909,452,0,None,Move,browsing
1569711722.919,451,0,None,Move,browsing
1569711722.928,450,0,None,Move,browsing
1569711722.938,449,0,None,Move,browsing
1569711722.948,449,0,None,Move,browsing
1569711722.958,448,0,None,Move,browsing
1569711722.969,448,0,None,Move,browsing
1569711722.978,447,0,None,Move,browsing
1569711722.986,447,0,None,Move,browsing
1569711722.996,446,0,None,Move,browsing
1569711723.008,446,0,None,Move,browsing
1569711723.019,444,0,None,Move,browsing
1569711723.0270002,443,0,None,Move,browsing
1569711723.039,442,0,None,Move,browsing
1569711723.05,441,0,None,Move,browsing
1569711723.061,441,0,None,Move,browsing
1569711723.072,440,0,None,Move,browsing
1569711723.083,439,0,None,Move,browsing
1569711723.093,439,1,None,Move,browsing
1569711723.105,438,2,None,Move,browsing
1569711723.1179998,438,3,None,Move,browsing
1569711723.1320002,438,5,None,Move,browsing
1569711723.1420002,438,6,None,Move,browsing
1569711723.153,438,7,None,Move,browsing
1569711723.1620002,438,8,None,Move,browsing
1569711723.1720002,438,9,None,Move,browsing
1569711723.1829998,438,10,None,Move,browsing
1569711723.194,438,11,None,Move,browsing
1569711723.206,438,12,None,Move,browsing
1569711723.218,438,12,None,Move,browsing
1569711723.229,438,13,None,Move,browsing
1569711723.2470002,438,15,None,Move,browsing
1569711723.2589998,438,15,None,Move,browsing
1569711723.279,438,15,None,Move,browsing
1569711723.577,438,15,Left,Pressed,browsing
1569711723.792,438,15,Left,Released,browsing
1569711724.893,438,16,None,Move,browsing
1569711724.904,439,18,None,Move,browsing
1569711724.916,440,20,None,Move,browsing
1569711724.925,442,22,None,Move,browsing
1569711724.938,445,23,None,Move,browsing
1569711724.951,447,25,None,Move,browsing
1569711724.961,450,27,None,Move,browsing
1569711724.972,452,30,None,Move,browsing
1569711724.982,454,32,None,Move,browsing
1569711724.9929998,458,33,None,Move,browsing
1569711725.002,460,35,None,Move,browsing
1569711725.0129998,463,36,None,Move,browsing
1569711725.0229998,466,37,None,Move,browsing
1569711725.033,467,38,None,Move,browsing
1569711725.042,469,39,None,Move,browsing
1569711725.053,470,39,None,Move,browsing
1569711725.063,472,39,None,Move,browsing
1569711725.077,474,39,None,Move,browsing
1569711725.0879998,476,40,None,Move,browsing
1569711725.0979998,477,40,None,Move,browsing
1569711725.1079998,478,40,None,Move,browsing
1569711725.119,479,40,None,Move,browsing
1569711725.1279998,481,40,None,Move,browsing
1569711725.1379998,482,40,None,Move,browsing
1569711725.1520002,483,40,None,Move,browsing
1569711725.161,484,40,None,Move,browsing
1569711725.1720002,485,40,None,Move,browsing
1569711725.191,486,40,None,Move,browsing
1569711725.2029998,487,40,None,Move,browsing
1569711725.215,487,40,None,Move,browsing
1569711725.225,488,40,None,Move,browsing
1569711725.236,489,40,None,Move,browsing
1569711725.248,489,40,None,Move,browsing
1569711725.258,490,40,None,Move,browsing
1569711725.271,491,40,None,Move,browsing
1569711725.286,492,40,None,Move,browsing
1569711725.301,493,40,None,Move,browsing
1569711725.323,494,40,None,Move,browsing
1569711725.334,494,40,None,Move,browsing
1569711725.353,494,40,None,Move,browsing
1569711725.3639998,494,39,None,Move,browsing
1569711725.3760002,494,38,None,Move,browsing
1569711725.3860002,495,38,None,Move,browsing
1569711725.397,495,38,None,Move,browsing
1569711725.407,496,37,None,Move,browsing
1569711725.421,496,36,None,Move,browsing
1569711725.4320002,496,36,None,Move,browsing
1569711725.4420002,496,35,None,Move,browsing
1569711725.452,496,34,None,Move,browsing
1569711725.467,497,33,None,Move,browsing
1569711725.48,497,33,None,Move,browsing
1569711725.492,499,33,None,Move,browsing
1569711725.5010002,499,32,None,Move,browsing
1569711725.531,499,31,None,Move,browsing
1569711725.579,499,31,None,Move,browsing
1569711725.689,499,30,None,Move,browsing
1569711725.804,499,28,None,Move,browsing
1569711725.826,499,28,None,Move,browsing
1569711725.841,499,27,None,Move,browsing
1569711725.856,499,26,None,Move,browsing
1569711725.871,499,25,None,Move,browsing
1569711725.8920002,499,25,None,Move,browsing
1569711725.9320002,499,24,None,Move,browsing
1569711725.962,499,23,None,Move,browsing
1569711725.985,499,23,None,Move,browsing
1569711726.015,499,22,None,Move,browsing
1569711726.052,499,20,None,Move,browsing
1569711726.09,499,20,None,Move,browsing
1569711726.135,499,19,None,Move,browsing
1569711726.202,499,18,None,Move,browsing
1569711727.151,499,18,Left,Pressed,browsing
1569711727.3660002,499,18,Left,Released,browsing
1569711728.025,491,17,None,Move,browsing
1569711728.039,478,16,None,Move,browsing
1569711728.052,467,14,None,Move,browsing
1569711728.065,453,11,None,Move,browsing
1569711728.0779998,441,7,None,Move,browsing
1569711728.0879998,427,3,None,Move,browsing
1569711728.0979998,413,-1,None,Move,browsing
1569711728.107,401,-3,None,Move,browsing
1569711728.121,389,-2,None,Move,browsing
1569711728.1320002,380,-1,None,Move,browsing
1569711728.1420002,373,-1,None,Move,browsing
1569711728.153,366,-1,None,Move,browsing
1569711728.163,363,-1,None,Move,browsing
1569711728.1720002,360,-1,None,Move,browsing
1569711728.1829998,357,-1,None,Move,browsing
1569711728.1920002,353,-1,None,Move,browsing
1569711728.202,350,-2,None,Move,browsing
1569711728.215,346,0,None,Move,browsing
1569711728.225,344,0,None,Move,browsing
1569711728.235,342,-1,None,Move,browsing
1569711728.245,340,0,None,Move,browsing
1569711728.2489998,338,0,None,Move,browsing
1569711728.26,337,0,None,Move,browsing
1569711728.269,336,0,None,Move,browsing
1569711728.28,336,0,None,Move,browsing
1569711728.302,335,0,None,Move,browsing
1569711728.312,333,0,None,Move,browsing
1569711728.324,332,0,None,Move,browsing
1569711728.336,331,0,None,Move,browsing
1569711728.35,330,0,None,Move,browsing
1569711728.361,328,0,None,Move,browsing
1569711728.3720002,327,0,None,Move,browsing
1569711728.3820002,326,0,None,Move,browsing
1569711728.391,326,0,None,Move,browsing
1569711728.401,325,0,None,Move,browsing
1569711728.411,324,0,None,Move,browsing
1569711728.421,323,0,None,Move,browsing
1569711728.4320002,322,0,None,Move,browsing
1569711728.454,321,0,None,Move,browsing
1569711728.506,321,0,None,Move,browsing
1569711728.518,321,0,None,Move,browsing
1569711728.529,321,2,None,Move,browsing
1569711728.541,321,3,None,Move,browsing
1569711728.553,322,4,None,Move,browsing
1569711728.564,322,5,None,Move,browsing
1569711728.582,323,6,None,Move,browsing
1569711728.592,323,7,None,Move,browsing
1569711728.603,323,8,None,Move,browsing
1569711728.615,324,9,None,Move,browsing
1569711728.6260002,324,10,None,Move,browsing
1569711728.64,325,10,None,Move,browsing
1569711728.6520002,325,10,None,Move,browsing
1569711728.663,326,10,None,Move,browsing
1569711728.678,327,10,None,Move,browsing
1569711728.988,327,10,Left,Pressed,browsing
1569711729.204,327,10,Left,Released,browsing
1569711730.596,314,8,None,Move,browsing
1569711730.604,292,3,None,Move,browsing
1569711730.6160002,277,-1,None,Move,browsing
1569711730.6260002,262,-5,None,Move,browsing
1569711730.6360002,244,-7,None,Move,browsing
1569711730.646,227,-6,None,Move,browsing
1569711730.659,215,-2,None,Move,browsing
1569711730.67,203,-4,None,Move,browsing
1569711730.68,196,-2,None,Move,browsing
1569711730.689,193,0,None,Move,browsing
1569711730.698,189,0,None,Move,browsing
1569711730.71,187,0,None,Move,browsing
1569711730.72,184,0,None,Move,browsing
1569711730.731,184,0,None,Move,browsing
1569711730.742,183,0,None,Move,browsing
1569711730.7589998,183,0,None,Move,browsing
1569711730.769,181,0,None,Move,browsing
1569711730.78,181,0,None,Move,browsing
1569711730.789,180,0,None,Move,browsing
1569711730.799,179,0,None,Move,browsing
1569711730.815,178,0,None,Move,browsing
1569711730.831,178,0,None,Move,browsing
1569711730.845,178,1,None,Move,browsing
1569711730.855,177,1,None,Move,browsing
1569711730.8660002,176,1,None,Move,browsing
1569711730.877,176,2,None,Move,browsing
1569711730.889,174,3,None,Move,browsing
1569711730.899,173,3,None,Move,browsing
1569711730.909,173,4,None,Move,browsing
1569711730.919,173,5,None,Move,browsing
1569711730.93,173,6,None,Move,browsing
1569711730.939,172,7,None,Move,browsing
1569711730.95,172,8,None,Move,browsing
1569711730.961,172,10,None,Move,browsing
1569711730.971,171,10,None,Move,browsing
1569711730.982,170,11,None,Move,browsing
1569711730.9929998,170,12,None,Move,browsing
1569711731.004,169,12,None,Move,browsing
1569711731.014,168,13,None,Move,browsing
1569711731.024,168,13,None,Move,browsing
1569711731.035,167,14,None,Move,browsing
1569711731.046,166,14,None,Move,browsing
1569711731.0570002,164,15,None,Move,browsing
1569711731.0670002,163,16,None,Move,browsing
1569711731.079,161,17,None,Move,browsing
1569711731.0879998,160,17,None,Move,browsing
1569711731.1,158,17,None,Move,browsing
1569711731.111,157,18,None,Move,browsing
1569711731.1220002,155,18,None,Move,browsing
1569711731.1320002,154,18,None,Move,browsing
1569711731.143,153,18,None,Move,browsing
1569711731.154,153,18,None,Move,browsing
1569711731.165,152,18,None,Move,browsing
1569711731.175,151,18,None,Move,browsing
1569711731.186,151,18,None,Move,browsing
1569711731.196,150,18,None,Move,browsing
1569711731.206,149,18,None,Move,browsing
1569711731.221,148,18,None,Move,browsing
1569711731.5679998,148,18,Left,Pressed,browsing
1569711731.784,148,18,Left,Released,browsing
1569711732.461,149,19,None,Move,browsing
1569711732.475,151,19,None,Move,browsing
1569711732.486,153,19,None,Move,browsing
1569711732.498,156,20,None,Move,browsing
1569711732.51,157,20,None,Move,browsing
1569711732.5270002,158,21,None,Move,browsing
1569711732.542,160,21,None,Move,browsing
1569711732.559,161,22,None,Move,browsing
1569711732.574,162,22,None,Move,browsing
1569711732.591,162,22,None,Move,browsing
1569711732.604,163,22,None,Move,browsing
1569711732.6160002,164,22,None,Move,browsing
1569711732.63,165,22,None,Move,browsing
1569711732.646,166,22,None,Move,browsing
1569711732.658,167,22,None,Move,browsing
1569711732.679,167,22,None,Move,browsing
1569711732.695,168,22,None,Move,browsing
1569711732.709,169,22,None,Move,browsing
1569711732.721,170,22,None,Move,browsing
1569711732.736,171,22,None,Move,browsing
1569711732.7489998,172,22,None,Move,browsing
1569711732.7629998,172,22,None,Move,browsing
1569711732.7770002,173,22,None,Move,browsing
1569711732.793,174,22,None,Move,browsing
1569711732.8070002,175,22,None,Move,browsing
1569711732.83,176,22,None,Move,browsing
1569711732.845,177,22,None,Move,browsing
1569711732.867,177,22,None,Move,browsing
1569711732.8820002,178,22,None,Move,browsing
1569711732.897,179,22,None,Move,browsing
1569711732.913,179,22,None,Move,browsing
1569711732.925,180,22,None,Move,browsing
1569711732.935,182,22,None,Move,browsing
1569711732.95,182,22,None,Move,browsing
1569711732.965,183,22,None,Move,browsing
1569711732.98,184,22,None,Move,browsing
1569711733.002,184,22,None,Move,browsing
1569711733.016,184,21,None,Move,browsing
1569711733.032,185,21,None,Move,browsing
1569711733.062,186,21,None,Move,browsing
1569711733.0779998,186,20,None,Move,browsing
1569711733.1,187,20,None,Move,browsing
1569711733.115,187,20,None,Move,browsing
1569711733.146,187,20,None,Move,browsing
1569711733.161,187,19,None,Move,browsing
1569711733.1829998,187,18,None,Move,browsing
1569711734.2670002,187,18,Left,Pressed,browsing
1569711734.482,187,18,Left,Released,browsing
1569711735.082,180,17,None,Move,browsing
1569711735.1,171,16,None,Move,browsing
1569711735.113,162,14,None,Move,browsing
1569711735.125,155,12,None,Move,browsing
1569711735.14,150,11,None,Move,browsing
1569711735.157,143,8,None,Move,browsing
1569711735.175,138,7,None,Move,browsing
1569711735.191,134,5,None,Move,browsing
1569711735.206,131,5,None,Move,browsing
1569711735.218,129,5,None,Move,browsing
1569711735.229,126,5,None,Move,browsing
1569711735.2410002,123,5,None,Move,browsing
1569711735.2510002,121,5,None,Move,browsing
1569711735.262,118,5,None,Move,browsing
1569711735.272,115,5,None,Move,browsing
1569711735.276,113,7,None,Move,browsing
1569711735.2870002,112,8,None,Move,browsing
1569711735.295,109,9,None,Move,browsing
1569711735.305,106,10,None,Move,browsing
1569711735.314,104,11,None,Move,browsing
1569711735.324,101,11,None,Move,browsing
1569711735.334,98,12,None,Move,browsing
1569711735.354,96,13,None,Move,browsing
1569711735.3639998,93,14,None,Move,browsing
1569711735.377,91,14,None,Move,browsing
1569711735.3879998,89,14,None,Move,browsing
1569711735.399,87,14,None,Move,browsing
1569711735.411,86,14,None,Move,browsing
1569711735.424,84,15,None,Move,browsing
1569711735.435,83,15,None,Move,browsing
1569711735.447,82,15,None,Move,browsing
1569711735.461,81,15,None,Move,browsing
1569711735.4729998,80,15,None,Move,browsing
1569711735.4829998,78,15,None,Move,browsing
1569711735.4929998,77,15,None,Move,browsing
1569711735.504,75,15,None,Move,browsing
1569711735.516,73,15,None,Move,browsing
1569711735.529,71,15,None,Move,browsing
1569711735.54,67,15,None,Move,browsing
1569711735.551,65,15,None,Move,browsing
1569711735.563,61,14,None,Move,browsing
1569711735.575,58,14,None,Move,browsing
1569711735.587,53,13,None,Move,browsing
1569711735.603,49,12,None,Move,browsing
1569711735.6139998,46,11,None,Move,browsing
1569711735.625,43,11,None,Move,browsing
1569711735.6360002,39,11,None,Move,browsing
1569711735.647,36,10,None,Move,browsing
1569711735.659,35,10,None,Move,browsing
1569711735.673,34,10,None,Move,browsing
1569711735.6829998,34,10,None,Move,browsing
1569711735.696,33,9,None,Move,browsing
1569711735.708,32,9,None,Move,browsing
1569711735.72,31,8,None,Move,browsing
1569711735.732,31,8,None,Move,browsing
1569711735.748,30,8,None,Move,browsing
1569711735.756,30,8,None,Move,browsing
1569711735.766,30,7,None,Move,browsing
1569711735.779,30,6,None,Move,browsing
1569711735.793,30,5,None,Move,browsing
1569711735.81,30,4,None,Move,browsing
1569711735.846,30,3,None,Move,browsing
1569711736.29,30,3,Left,Pressed,browsing
1569711736.505,30,3,Left,Released,browsing
1569711737.699,30,7,None,Move,browsing
1569711737.709,30,14,None,Move,browsing
1569711737.721,30,17,None,Move,browsing
1569711737.732,31,21,None,Move,browsing
1569711737.742,31,26,None,Move,browsing
1569711737.7510002,32,31,None,Move,browsing
1569711737.7610002,33,37,None,Move,browsing
1569711737.772,34,44,None,Move,browsing
1569711737.781,35,48,None,Move,browsing
1569711737.791,36,52,None,Move,browsing
1569711737.803,38,56,None,Move,browsing
1569711737.813,40,60,None,Move,browsing
1569711737.825,44,64,None,Move,browsing
1569711737.8379998,46,67,None,Move,browsing
1569711737.8479998,47,71,None,Move,browsing
1569711737.86,50,73,None,Move,browsing
1569711737.8720002,53,75,None,Move,browsing
1569711737.8839998,55,77,None,Move,browsing
1569711737.896,58,80,None,Move,browsing
1569711737.908,59,82,None,Move,browsing
1569711737.918,61,82,None,Move,browsing
1569711737.929,64,83,None,Move,browsing
1569711737.939,68,84,None,Move,browsing
1569711737.948,70,85,None,Move,browsing
1569711737.959,72,85,None,Move,browsing
1569711737.97,75,85,None,Move,browsing
1569711737.981,77,85,None,Move,browsing
1569711737.994,79,85,None,Move,browsing
1569711738.005,80,86,None,Move,browsing
1569711738.018,81,86,None,Move,browsing
1569711738.028,82,86,None,Move,browsing
1569711738.04,84,86,None,Move,browsing
1569711738.05,86,86,None,Move,browsing
1569711738.059,87,86,None,Move,browsing
1569711738.07,89,86,None,Move,browsing
1569711738.081,91,86,None,Move,browsing
1569711738.092,93,86,None,Move,browsing
1569711738.105,95,86,None,Move,browsing
1569711738.1139998,99,86,None,Move,browsing
1569711738.1260002,102,86,None,Move,browsing
1569711738.137,106,86,None,Move,browsing
1569711738.1479998,107,86,None,Move,browsing
1569711738.158,110,86,None,Move,browsing
1569711738.167,114,86,None,Move,browsing
1569711738.176,116,86,None,Move,browsing
1569711738.185,118,86,None,Move,browsing
1569711738.194,119,86,None,Move,browsing
1569711738.205,121,86,None,Move,browsing
1569711738.216,122,86,None,Move,browsing
1569711738.2270002,125,86,None,Move,browsing
1569711738.2370002,126,86,None,Move,browsing
1569711738.2470002,127,86,None,Move,browsing
1569711738.26,128,86,None,Move,browsing
1569711738.27,129,86,None,Move,browsing
1569711738.28,131,84,None,Move,browsing
1569711738.293,133,83,None,Move,browsing
1569711738.303,136,82,None,Move,browsing
1569711738.313,140,81,None,Move,browsing
1569711738.325,142,81,None,Move,browsing
1569711738.337,146,78,None,Move,browsing
1569711738.351,149,77,None,Move,browsing
1569711738.363,154,75,None,Move,browsing
1569711738.3739998,157,74,None,Move,browsing
1569711738.385,162,72,None,Move,browsing
1569711738.396,165,70,None,Move,browsing
1569711738.41,169,69,None,Move,browsing
1569711738.424,172,68,None,Move,browsing
1569711738.437,174,68,None,Move,browsing
1569711738.446,176,68,None,Move,browsing
1569711738.457,179,68,None,Move,browsing
1569711738.468,181,68,None,Move,browsing
1569711738.478,181,68,None,Move,browsing
1569711738.4889998,182,68,None,Move,browsing
1569711738.5010002,183,68,None,Move,browsing
1569711738.51,184,68,None,Move,browsing
1569711738.52,184,68,None,Move,browsing
1569711739.137,186,70,None,Move,browsing
1569711739.149,187,72,None,Move,browsing
1569711739.161,188,75,None,Move,browsing
1569711739.174,189,76,None,Move,browsing
1569711739.187,189,78,None,Move,browsing
1569711739.199,191,80,None,Move,browsing
1569711739.208,191,81,None,Move,browsing
1569711739.22,191,82,None,Move,browsing
1569711739.228,191,83,None,Move,browsing
1569711739.2370002,192,84,None,Move,browsing
1569711739.2470002,193,85,None,Move,browsing
1569711739.2570002,193,86,None,Move,browsing
1569711739.268,194,87,None,Move,browsing
1569711739.278,195,88,None,Move,browsing
1569711739.288,196,89,None,Move,browsing
1569711739.299,197,89,None,Move,browsing
1569711739.31,198,90,None,Move,browsing
1569711739.32,198,90,None,Move,browsing
1569711739.331,199,90,None,Move,browsing
1569711739.341,199,91,None,Move,browsing
1569711739.351,200,91,None,Move,browsing
1569711739.3620002,200,92,None,Move,browsing
1569711739.373,201,92,None,Move,browsing
1569711739.3839998,202,93,None,Move,browsing
1569711739.394,203,93,None,Move,browsing
1569711739.405,204,93,None,Move,browsing
1569711739.415,204,94,None,Move,browsing
1569711739.426,205,94,None,Move,browsing
1569711740.617,205,94,Left,Pressed,browsing
1569711740.832,205,94,Left,Released,browsing
1569711741.3479998,205,96,None,Move,browsing
1569711741.3579998,205,99,None,Move,browsing
1569711741.369,205,102,None,Move,browsing
1569711741.38,204,103,None,Move,browsing
1569711741.391,203,106,None,Move,browsing
1569711741.4020002,202,109,None,Move,browsing
1569711741.4120002,201,112,None,Move,browsing
1569711741.4220002,200,113,None,Move,browsing
1569711741.4320002,199,116,None,Move,browsing
1569711741.4420002,198,119,None,Move,browsing
1569711741.452,197,123,None,Move,browsing
1569711741.461,196,126,None,Move,browsing
1569711741.472,195,129,None,Move,browsing
1569711741.482,194,130,None,Move,browsing
1569711741.492,194,132,None,Move,browsing
1569711741.5010002,193,135,None,Move,browsing
1569711741.5089998,193,136,None,Move,browsing
1569711741.52,193,137,None,Move,browsing
1569711741.532,193,139,None,Move,browsing
1569711741.544,193,139,None,Move,browsing
1569711741.553,193,140,None,Move,browsing
1569711741.564,193,142,None,Move,browsing
1569711741.581,193,143,None,Move,browsing
1569711741.593,193,144,None,Move,browsing
1569711741.603,193,145,None,Move,browsing
1569711741.6139998,194,146,None,Move,browsing
1569711741.6239998,195,147,None,Move,browsing
1569711741.6360002,197,148,None,Move,browsing
1569711741.646,200,150,None,Move,browsing
1569711741.657,201,151,None,Move,browsing
1569711741.668,203,152,None,Move,browsing
1569711741.678,205,153,None,Move,browsing
1569711741.69,206,153,None,Move,browsing
1569711741.7,207,153,None,Move,browsing
1569711741.71,209,153,None,Move,browsing
1569711741.722,210,153,None,Move,browsing
1569711741.7389998,211,153,None,Move,browsing
1569711741.7489998,211,153,None,Move,browsing
1569711741.7589998,213,153,None,Move,browsing
1569711741.769,213,153,None,Move,browsing
1569711741.78,214,153,None,Move,browsing
1569711741.791,215,153,None,Move,browsing
1569711741.801,216,153,None,Move,browsing
1569711741.811,217,153,None,Move,browsing
1569711741.824,217,153,None,Move,browsing
1569711741.835,218,153,None,Move,browsing
1569711741.846,218,153,None,Move,browsing
1569711741.856,219,153,None,Move,browsing
1569711741.8660002,220,153,None,Move,browsing
1569711741.877,220,152,None,Move,browsing
1569711741.887,221,152,None,Move,browsing
1569711741.897,222,151,None,Move,browsing
1569711741.907,223,151,None,Move,browsing
1569711741.917,224,149,None,Move,browsing
1569711741.929,225,149,None,Move,browsing
1569711741.939,226,148,None,Move,browsing
1569711741.952,226,148,None,Move,browsing
1569711741.962,228,148,None,Move,browsing
1569711741.972,228,148,None,Move,browsing
1569711741.9829998,229,147,None,Move,browsing
1569711741.9929998,230,147,None,Move,browsing
1569711742.004,231,147,None,Move,browsing
1569711742.014,231,146,None,Move,browsing
1569711742.024,232,146,None,Move,browsing
1569711742.034,233,146,None,Move,browsing
1569711742.044,234,146,None,Move,browsing
1569711742.054,234,144,None,Move,browsing
1569711742.0679998,234,143,None,Move,browsing
1569711742.08,235,143,None,Move,browsing
1569711742.093,236,142,None,Move,browsing
1569711742.1020002,237,142,None,Move,browsing
1569711742.119,237,142,None,Move,browsing
1569711742.13,238,141,None,Move,browsing
1569711742.1420002,239,141,None,Move,browsing
1569711742.154,240,141,None,Move,browsing
1569711742.164,240,140,None,Move,browsing
1569711742.173,241,140,None,Move,browsing
1569711742.1820002,241,139,None,Move,browsing
1569711742.194,242,139,None,Move,browsing
1569711742.204,242,138,None,Move,browsing
1569711742.214,242,137,None,Move,browsing
1569711742.228,243,137,None,Move,browsing
1569711742.25,243,136,None,Move,browsing
1569711742.2610002,244,136,None,Move,browsing
1569711742.289,245,135,None,Move,browsing
1569711742.326,245,135,None,Move,browsing
1569711742.356,245,134,None,Move,browsing
1569711744.1479998,245,134,Left,Pressed,browsing
1569711744.363,245,134,Left,Released,browsing
1569711745.387,256,138,None,Move,browsing
1569711745.411,274,150,None,Move,browsing
1569711745.424,289,162,None,Move,browsing
1569711745.439,306,175,None,Move,browsing
1569711745.449,325,193,None,Move,browsing
1569711745.459,344,210,None,Move,browsing
1569711745.469,363,228,None,Move,browsing
1569711745.48,382,245,None,Move,browsing
1569711745.4889998,398,261,None,Move,browsing
1569711745.5,414,277,None,Move,browsing
1569711745.508,426,289,None,Move,browsing
1569711745.521,440,304,None,Move,browsing
1569711745.533,451,313,None,Move,browsing
1569711745.545,459,322,None,Move,browsing
1569711745.556,466,330,None,Move,browsing
1569711745.5679998,471,336,None,Move,browsing
1569711745.579,476,341,None,Move,browsing
1569711745.59,479,345,None,Move,browsing
1569711745.603,480,347,None,Move,browsing
1569711745.615,482,348,None,Move,browsing
1569711745.625,483,350,None,Move,browsing
1569711745.6360002,483,350,None,Move,browsing
1569711745.647,483,351,None,Move,browsing
1569711754.0070002,474,369,None,Move,browsing
1569711754.02,463,386,None,Move,browsing
1569711754.033,454,414,None,Move,browsing
1569711754.0470002,442,445,None,Move,browsing
1569711754.0570002,433,473,None,Move,browsing
1569711754.0670002,426,500,None,Move,browsing
1569711754.08,416,528,None,Move,browsing
1569711754.093,411,555,None,Move,browsing
1569711754.103,404,579,None,Move,browsing
1569711754.113,401,603,None,Move,browsing
1569711754.1239998,400,618,None,Move,browsing
1569711754.1339998,400,631,None,Move,browsing
1569711754.145,400,648,None,Move,browsing
1569711754.155,401,664,None,Move,browsing
1569711754.165,402,679,None,Move,browsing
1569711754.175,405,696,None,Move,browsing
1569711754.188,409,713,None,Move,browsing
1569711754.198,415,733,None,Move,browsing
1569711754.209,419,750,None,Move,browsing
1569711754.218,423,766,None,Move,browsing
1569711754.229,432,784,None,Move,browsing
1569711754.24,442,802,None,Move,browsing
1569711754.25,449,821,None,Move,browsing
1569711754.262,456,836,None,Move,browsing
1569711754.272,465,852,None,Move,browsing
1569711754.283,470,865,None,Move,browsing
1569711754.295,477,879,None,Move,browsing
1569711754.303,482,891,None,Move,browsing
1569711754.311,487,899,None,Move,browsing
1569711754.322,492,908,None,Move,browsing
1569711754.332,495,914,None,Move,browsing
1569711754.343,501,919,None,Move,browsing
1569711754.353,507,924,None,Move,browsing
1569711754.363,510,927,None,Move,browsing
1569711754.375,512,928,None,Move,browsing
1569711754.3820002,515,929,None,Move,browsing
1569711754.391,517,930,None,Move,browsing
1569711754.76,518,942,None,Move,browsing
1569711754.781,523,954,None,Move,browsing
1569711754.7970002,528,967,None,Move,browsing
1569711754.8070002,535,976,None,Move,browsing
1569711754.8179998,540,985,None,Move,browsing
1569711754.8279998,546,992,None,Move,browsing
1569711754.839,553,997,None,Move,browsing
1569711754.849,561,1005,None,Move,browsing
1569711754.86,568,1011,None,Move,browsing
1569711754.87,574,1016,None,Move,browsing
1569711754.883,580,1020,None,Move,browsing
1569711754.895,584,1025,None,Move,browsing
1569711754.905,590,1027,None,Move,browsing
1569711754.918,593,1029,None,Move,browsing
1569711754.929,596,1030,None,Move,browsing
1569711754.939,598,1031,None,Move,browsing
1569711754.95,600,1031,None,Move,browsing
1569711754.959,603,1032,None,Move,browsing
1569711754.971,605,1032,None,Move,browsing
1569711754.98,606,1032,None,Move,browsing
1569711754.9910002,608,1032,None,Move,browsing
1569711755.0,611,1032,None,Move,browsing
1569711755.0110002,613,1032,None,Move,browsing
1569711755.019,614,1032,None,Move,browsing
1569711755.029,617,1032,None,Move,browsing
1569711755.04,618,1032,None,Move,browsing
1569711755.05,620,1032,None,Move,browsing
1569711755.061,624,1032,None,Move,browsing
1569711755.072,626,1032,None,Move,browsing
1569711755.082,628,1032,None,Move,browsing
1569711755.093,630,1032,None,Move,browsing
1569711755.104,631,1032,None,Move,browsing
1569711755.1139998,633,1032,None,Move,browsing
1569711755.1239998,635,1032,None,Move,browsing
1569711755.133,637,1032,None,Move,browsing
1569711755.145,638,1032,None,Move,browsing
1569711755.161,641,1032,None,Move,browsing
1569711755.17,642,1033,None,Move,browsing
1569711755.18,644,1033,None,Move,browsing
1569711755.188,646,1033,None,Move,browsing
1569711755.197,648,1033,None,Move,browsing
1569711755.21,649,1034,None,Move,browsing
1569711755.221,650,1034,None,Move,browsing
1569711755.23,651,1034,None,Move,browsing
1569711755.238,652,1034,None,Move,browsing
1569711755.248,653,1034,None,Move,browsing
1569711755.258,654,1034,None,Move,browsing
1569711755.2670002,656,1035,None,Move,browsing
1569711755.278,656,1035,None,Move,browsing
1569711755.288,656,1035,None,Move,browsing
1569711755.298,658,1035,None,Move,browsing
1569711755.309,659,1035,None,Move,browsing
1569711755.32,660,1035,None,Move,browsing
1569711755.329,662,1035,None,Move,browsing
1569711755.34,663,1035,None,Move,browsing
1569711755.35,663,1035,None,Move,browsing
1569711755.359,664,1037,None,Move,browsing
1569711755.37,665,1037,None,Move,browsing
1569711755.38,665,1037,None,Move,browsing
1569711755.39,667,1037,None,Move,browsing
1569711755.4,668,1037,None,Move,browsing
1569711755.409,669,1038,None,Move,browsing
1569711755.42,670,1038,None,Move,browsing
1569711755.429,670,1039,None,Move,browsing
1569711755.439,671,1039,None,Move,browsing
1569711755.448,672,1039,None,Move,browsing
1569711755.46,672,1040,None,Move,browsing
1569711755.47,673,1040,None,Move,browsing
1569711755.48,673,1040,None,Move,browsing
1569711755.4889998,675,1041,None,Move,browsing
1569711755.4989998,676,1043,None,Move,browsing
1569711755.512,676,1044,None,Move,browsing
1569711755.521,677,1044,None,Move,browsing
1569711755.535,678,1045,None,Move,browsing
1569711755.548,678,1046,None,Move,browsing
1569711755.559,679,1046,None,Move,browsing
1569711755.572,680,1047,None,Move,browsing
1569711755.582,680,1048,None,Move,browsing
1569711755.593,681,1048,None,Move,browsing
1569711755.605,682,1049,None,Move,browsing
1569711755.617,683,1050,None,Move,browsing
1569711755.6279998,683,1051,None,Move,browsing
1569711755.64,684,1052,None,Move,browsing
1569711755.649,685,1053,None,Move,browsing
1569711755.66,685,1053,None,Move,browsing
1569711755.67,687,1053,None,Move,browsing
1569711755.68,687,1053,None,Move,browsing
1569711755.691,688,1054,None,Move,browsing
1569711755.702,689,1055,None,Move,browsing
1569711755.7129998,689,1055,None,Move,browsing
1569711755.724,690,1055,None,Move,browsing
1569711755.734,690,1056,None,Move,browsing
1569711755.745,691,1056,None,Move,browsing
1569711755.754,692,1057,None,Move,browsing
1569711755.776,692,1058,None,Move,browsing
1569711755.786,692,1058,None,Move,browsing
1569711755.806,692,1058,None,Move,browsing
1569711755.816,694,1058,None,Move,browsing
1569711755.843,694,1059,None,Move,browsing
1569711755.873,694,1060,None,Move,browsing
1569711755.896,694,1060,None,Move,browsing
1569711755.911,694,1061,None,Move,browsing
1569711755.9220002,694,1063,None,Move,browsing
1569711755.934,694,1063,None,Move,browsing
1569711755.945,694,1064,None,Move,browsing
1569711755.956,694,1065,None,Move,browsing
1569711755.971,694,1066,None,Move,browsing
1569711755.986,694,1067,None,Move,browsing
1569711756.0,694,1068,None,Move,browsing
1569711756.016,694,1068,None,Move,browsing
1569711756.434,694,1068,Left,Pressed,browsing
1569711756.649,694,1068,Left,Released,browsing
1569711758.404,702,1057,None,Move,entertainment
1569711758.416,716,1033,None,Move,entertainment
1569711758.425,726,1019,None,Move,entertainment
1569711758.437,739,1002,None,Move,entertainment
1569711758.452,752,985,None,Move,entertainment
1569711758.462,772,957,None,Move,entertainment
1569711758.475,786,939,None,Move,entertainment
1569711758.492,804,918,None,Move,entertainment
1569711758.508,819,906,None,Move,entertainment
1569711758.522,834,892,None,Move,entertainment
1569711758.534,848,882,None,Move,entertainment
1569711758.546,862,872,None,Move,entertainment
1569711758.56,876,862,None,Move,entertainment
1569711758.571,890,853,None,Move,entertainment
1569711758.582,904,843,None,Move,entertainment
1569711758.603,916,838,None,Move,entertainment
1569711758.6139998,930,830,None,Move,entertainment
1569711758.6260002,944,822,None,Move,entertainment
1569711758.64,956,815,None,Move,entertainment
1569711758.6520002,965,810,None,Move,entertainment
1569711758.6620002,972,804,None,Move,entertainment
1569711758.675,976,802,None,Move,entertainment
1569711758.686,978,800,None,Move,entertainment
1569711759.327,982,792,None,Move,entertainment
1569711759.35,988,782,None,Move,entertainment
1569711759.371,995,771,None,Move,entertainment
1569711759.391,1002,757,None,Move,entertainment
1569711759.413,1011,743,None,Move,entertainment
1569711759.436,1016,732,None,Move,entertainment
1569711759.456,1020,721,None,Move,entertainment
1569711759.478,1023,712,None,Move,entertainment
1569711759.504,1024,706,None,Move,entertainment
1569711759.529,1025,699,None,Move,entertainment
1569711759.5670002,1025,697,None,Move,entertainment
1569711761.955,1025,685,None,Move,entertainment
1569711761.967,1025,674,None,Move,entertainment
1569711761.98,1027,659,None,Move,entertainment
1569711761.99,1027,643,None,Move,entertainment
1569711762.004,1028,629,None,Move,entertainment
1569711762.018,1029,616,None,Move,entertainment
1569711762.034,1031,606,None,Move,entertainment
1569711762.054,1033,598,None,Move,entertainment
1569711762.07,1034,591,None,Move,entertainment
1569711762.084,1035,586,None,Move,entertainment
1569711762.096,1036,582,None,Move,entertainment
1569711762.105,1037,579,None,Move,entertainment
1569711762.117,1039,574,None,Move,entertainment
1569711762.127,1040,571,None,Move,entertainment
1569711762.137,1040,568,None,Move,entertainment
1569711762.15,1040,565,None,Move,entertainment
1569711762.165,1040,561,None,Move,entertainment
1569711762.177,1040,558,None,Move,entertainment
1569711762.188,1040,553,None,Move,entertainment
1569711762.198,1040,551,None,Move,entertainment
1569711762.208,1040,546,None,Move,entertainment
1569711762.221,1040,543,None,Move,entertainment
1569711762.2389998,1040,540,None,Move,entertainment
1569711762.2510002,1040,535,None,Move,entertainment
1569711762.2610002,1040,532,None,Move,entertainment
1569711762.272,1040,527,None,Move,entertainment
1569711762.283,1039,522,None,Move,entertainment
1569711762.292,1039,518,None,Move,entertainment
1569711762.3,1038,512,None,Move,entertainment
1569711762.31,1038,507,None,Move,entertainment
1569711762.319,1038,500,None,Move,entertainment
1569711762.329,1038,493,None,Move,entertainment
1569711762.34,1038,488,None,Move,entertainment
1569711762.35,1035,483,None,Move,entertainment
1569711762.359,1035,477,None,Move,entertainment
1569711762.369,1035,474,None,Move,entertainment
1569711762.38,1035,470,None,Move,entertainment
1569711762.391,1034,466,None,Move,entertainment
1569711762.4020002,1033,462,None,Move,entertainment
1569711762.41,1033,460,None,Move,entertainment
1569711762.42,1033,457,None,Move,entertainment
1569711762.4420002,1032,454,None,Move,entertainment
1569711762.452,1032,452,None,Move,entertainment
1569711762.462,1032,450,None,Move,entertainment
1569711762.472,1032,446,None,Move,entertainment
1569711762.4829998,1032,444,None,Move,entertainment
1569711762.494,1032,442,None,Move,entertainment
1569711762.505,1032,440,None,Move,entertainment
1569711762.5170002,1032,438,None,Move,entertainment
1569711762.529,1032,437,None,Move,entertainment
1569711763.046,1032,437,Left,Pressed,entertainment
1569711763.2589998,1032,437,Left,Released,entertainment
1569711765.264,1042,437,None,Move,entertainment
1569711765.2770002,1063,437,None,Move,entertainment
1569711765.2870002,1086,438,None,Move,entertainment
1569711765.299,1117,439,None,Move,entertainment
1569711765.313,1152,443,None,Move,entertainment
1569711765.326,1178,447,None,Move,entertainment
1569711765.337,1211,452,None,Move,entertainment
1569711765.349,1235,459,None,Move,entertainment
1569711765.361,1258,464,None,Move,entertainment
1569711765.3720002,1273,471,None,Move,entertainment
1569711765.3839998,1295,478,None,Move,entertainment
1569711765.394,1313,485,None,Move,entertainment
1569711765.404,1335,495,None,Move,entertainment
1569711765.416,1349,504,None,Move,entertainment
1569711765.428,1363,511,None,Move,entertainment
1569711765.438,1375,518,None,Move,entertainment
1569711765.45,1387,526,None,Move,entertainment
1569711765.461,1396,532,None,Move,entertainment
1569711765.47,1408,539,None,Move,entertainment
1569711765.4870002,1419,547,None,Move,entertainment
1569711765.5010002,1431,557,None,Move,entertainment
1569711765.512,1439,563,None,Move,entertainment
1569711765.5229998,1448,571,None,Move,entertainment
1569711765.535,1458,581,None,Move,entertainment
1569711765.546,1467,589,None,Move,entertainment
1569711765.5579998,1475,598,None,Move,entertainment
1569711765.57,1482,605,None,Move,entertainment
1569711765.582,1490,614,None,Move,entertainment
1569711765.593,1497,620,None,Move,entertainment
1569711765.604,1500,623,None,Move,entertainment
1569711765.6160002,1505,626,None,Move,entertainment
1569711765.6279998,1506,629,None,Move,entertainment
1569711765.639,1508,631,None,Move,entertainment
1569711765.649,1510,631,None,Move,entertainment
1569711773.959,1501,631,None,Move,entertainment
1569711774.038,1480,615,None,Move,entertainment
1569711774.059,1466,603,None,Move,entertainment
1569711774.079,1452,593,None,Move,entertainment
1569711774.104,1444,585,None,Move,entertainment
1569711774.125,1435,576,None,Move,entertainment
1569711774.146,1428,567,None,Move,entertainment
1569711774.1720002,1423,559,None,Move,entertainment
1569711774.188,1421,554,None,Move,entertainment
1569711774.201,1419,551,None,Move,entertainment
1569711774.6520002,1416,554,None,Move,entertainment
1569711774.663,1407,559,None,Move,entertainment
1569711774.675,1396,567,None,Move,entertainment
1569711774.685,1376,573,None,Move,entertainment
1569711774.694,1350,578,None,Move,entertainment
1569711774.704,1321,582,None,Move,entertainment
1569711774.7129998,1285,588,None,Move,entertainment
1569711774.725,1256,591,None,Move,entertainment
1569711774.736,1240,592,None,Move,entertainment
1569711774.744,1223,595,None,Move,entertainment
1569711774.754,1210,598,None,Move,entertainment
1569711774.7629998,1198,601,None,Move,entertainment
1569711774.774,1186,605,None,Move,entertainment
1569711774.786,1179,607,None,Move,entertainment
1569711774.796,1172,611,None,Move,entertainment
1569711774.8070002,1168,615,None,Move,entertainment
1569711774.819,1162,620,None,Move,entertainment
1569711774.831,1155,628,None,Move,entertainment
1569711774.843,1149,640,None,Move,entertainment
1569711774.856,1147,654,None,Move,entertainment
1569711774.869,1147,669,None,Move,entertainment
1569711774.8820002,1148,684,None,Move,entertainment
1569711774.894,1149,698,None,Move,entertainment
1569711774.907,1152,710,None,Move,entertainment
1569711774.921,1155,717,None,Move,entertainment
1569711774.9320002,1156,726,None,Move,entertainment
1569711774.944,1158,730,None,Move,entertainment
1569711774.955,1163,736,None,Move,entertainment
1569711774.966,1170,741,None,Move,entertainment
1569711774.9770002,1177,745,None,Move,entertainment
1569711774.99,1184,746,None,Move,entertainment
1569711775.002,1193,746,None,Move,entertainment
1569711775.018,1200,746,None,Move,entertainment
1569711775.034,1208,742,None,Move,entertainment
1569711775.0470002,1214,737,None,Move,entertainment
1569711775.062,1218,730,None,Move,entertainment
1569711775.075,1220,723,None,Move,entertainment
1569711775.0879998,1223,714,None,Move,entertainment
1569711775.105,1223,704,None,Move,entertainment
1569711775.1139998,1223,696,None,Move,entertainment
1569711775.1260002,1220,685,None,Move,entertainment
1569711775.1379998,1217,675,None,Move,entertainment
1569711775.1520002,1212,663,None,Move,entertainment
1569711775.1620002,1208,652,None,Move,entertainment
1569711775.174,1201,640,None,Move,entertainment
1569711775.186,1195,630,None,Move,entertainment
1569711775.196,1189,619,None,Move,entertainment
1569711775.207,1183,608,None,Move,entertainment
1569711775.219,1178,599,None,Move,entertainment
1569711775.23,1172,588,None,Move,entertainment
1569711775.2410002,1166,577,None,Move,entertainment
1569711775.252,1162,570,None,Move,entertainment
1569711775.2629998,1156,562,None,Move,entertainment
1569711775.2770002,1148,551,None,Move,entertainment
1569711775.289,1142,542,None,Move,entertainment
1569711775.301,1137,535,None,Move,entertainment
1569711775.312,1134,530,None,Move,entertainment
1569711775.325,1131,527,None,Move,entertainment
1569711775.337,1127,523,None,Move,entertainment
1569711775.346,1124,520,None,Move,entertainment
1569711775.357,1121,516,None,Move,entertainment
1569711775.3660002,1118,513,None,Move,entertainment
1569711775.3760002,1114,509,None,Move,entertainment
1569711775.3860002,1111,507,None,Move,entertainment
1569711775.394,1108,504,None,Move,entertainment
1569711775.406,1105,502,None,Move,entertainment
1569711775.415,1102,499,None,Move,entertainment
1569711775.426,1100,497,None,Move,entertainment
1569711775.436,1098,496,None,Move,entertainment
1569711775.445,1097,495,None,Move,entertainment
1569711775.457,1096,493,None,Move,entertainment
1569711775.468,1095,493,None,Move,entertainment
1569711775.479,1095,492,None,Move,entertainment
1569711775.4910002,1094,492,None,Move,entertainment
1569711775.5010002,1094,491,None,Move,entertainment
1569711775.5110002,1093,491,None,Move,entertainment
1569711775.5229998,1093,490,None,Move,entertainment
1569711775.535,1092,490,None,Move,entertainment
1569711775.548,1090,490,None,Move,entertainment
1569711775.559,1090,490,None,Move,entertainment
1569711775.57,1090,490,None,Move,entertainment
1569711775.597,1089,490,None,Move,entertainment
1569711775.9729998,1089,490,Left,Pressed,entertainment
1569711776.189,1089,490,Left,Released,entertainment
1569711778.988,1071,470,None,Move,entertainment
1569711778.9989998,1044,441,None,Move,entertainment
1569711779.012,1017,412,None,Move,entertainment
1569711779.022,987,371,None,Move,entertainment
1569711779.035,961,336,None,Move,entertainment
1569711779.048,937,299,None,Move,entertainment
1569711779.059,911,253,None,Move,entertainment
1569711779.071,890,207,None,Move,entertainment
1569711779.085,873,171,None,Move,entertainment
1569711779.0979998,851,109,None,Move,entertainment
1569711779.1120002,833,64,None,Move,entertainment
1569711779.127,821,35,None,Move,entertainment
1569711779.141,813,15,None,Move,entertainment
1569711779.1620002,810,3,None,Move,entertainment
1569711779.178,809,-4,None,Move,entertainment
1569711779.1929998,808,-3,None,Move,entertainment
1569711779.825,808,0,Left,Pressed,entertainment
1569711780.041,808,0,Left,Released,browsing
1569711780.581,806,13,None,Move,browsing
1569711780.599,804,28,None,Move,browsing
1569711780.611,804,44,None,Move,browsing
1569711780.6239998,804,61,None,Move,browsing
1569711780.639,804,75,None,Move,browsing
1569711780.653,804,89,None,Move,browsing
1569711780.668,804,102,None,Move,browsing
1569711780.6829998,805,115,None,Move,browsing
1569711780.697,809,130,None,Move,browsing
1569711780.711,813,145,None,Move,browsing
1569711780.722,819,165,None,Move,browsing
1569711780.735,823,180,None,Move,browsing
1569711780.736,829,196,None,Move,browsing
1569711780.7470002,833,211,None,Move,browsing
1569711780.7570002,839,226,None,Move,browsing
1569711780.771,845,241,None,Move,browsing
1569711780.783,850,255,None,Move,browsing
1569711780.796,857,267,None,Move,browsing
1569711780.8070002,863,279,None,Move,browsing
1569711780.82,871,293,None,Move,browsing
1569711780.831,878,307,None,Move,browsing
1569711780.842,886,321,None,Move,browsing
1569711780.851,892,328,None,Move,browsing
1569711780.86,897,337,None,Move,browsing
1569711780.869,903,346,None,Move,browsing
1569711780.8779998,910,354,None,Move,browsing
1569711780.8879998,916,363,None,Move,browsing
1569711780.897,924,372,None,Move,browsing
1569711780.906,929,380,None,Move,browsing
1569711780.915,937,386,None,Move,browsing
1569711780.925,942,394,None,Move,browsing
1569711780.936,949,402,None,Move,browsing
1569711780.947,956,409,None,Move,browsing
1569711780.957,963,416,None,Move,browsing
1569711780.968,971,422,None,Move,browsing
1569711780.98,978,429,None,Move,browsing
1569711780.99,986,434,None,Move,browsing
1569711781.002,992,439,None,Move,browsing
1569711781.0129998,999,445,None,Move,browsing
1569711781.0229998,1005,450,None,Move,browsing
1569711781.035,1009,454,None,Move,browsing
1569711781.048,1012,456,None,Move,browsing
1569711781.0579998,1016,459,None,Move,browsing
1569711781.069,1018,461,None,Move,browsing
1569711781.08,1019,463,None,Move,browsing
1569711781.091,1021,464,None,Move,browsing
1569711781.1,1022,464,None,Move,browsing
1569711781.11,1022,466,None,Move,browsing
1569711781.121,1022,466,None,Move,browsing
1569711781.752,1028,469,None,Move,browsing
1569711781.762,1039,474,None,Move,browsing
1569711781.774,1050,478,None,Move,browsing
1569711781.786,1061,484,None,Move,browsing
1569711781.799,1073,489,None,Move,browsing
1569711781.8079998,1084,496,None,Move,browsing
1569711781.819,1096,500,None,Move,browsing
1569711781.83,1109,507,None,Move,browsing
1569711781.84,1119,512,None,Move,browsing
1569711781.853,1129,518,None,Move,browsing
1569711781.8639998,1141,525,None,Move,browsing
1569711781.877,1152,533,None,Move,browsing
1569711781.8879998,1164,543,None,Move,browsing
1569711781.9,1175,551,None,Move,browsing
1569711781.9120002,1184,560,None,Move,browsing
1569711781.923,1195,570,None,Move,browsing
1569711781.935,1203,579,None,Move,browsing
1569711781.946,1214,592,None,Move,browsing
1569711781.956,1222,604,None,Move,browsing
1569711781.968,1230,613,None,Move,browsing
1569711781.978,1236,620,None,Move,browsing
1569711781.9889998,1243,630,None,Move,browsing
1569711782.0,1247,637,None,Move,browsing
1569711782.012,1250,644,None,Move,browsing
1569711782.022,1252,648,None,Move,browsing
1569711782.033,1253,650,None,Move,browsing
1569711782.055,1253,651,None,Move,browsing
1569711782.086,1253,651,None,Move,browsing
1569711782.705,1258,644,None,Move,browsing
1569711782.72,1265,632,None,Move,browsing
1569711782.738,1272,618,None,Move,browsing
1569711782.7510002,1278,602,None,Move,browsing
1569711782.766,1282,588,None,Move,browsing
1569711782.78,1288,574,None,Move,browsing
1569711782.792,1292,558,None,Move,browsing
1569711782.8079998,1298,543,None,Move,browsing
1569711782.821,1302,528,None,Move,browsing
1569711782.834,1304,514,None,Move,browsing
1569711782.851,1307,503,None,Move,browsing
1569711782.8639998,1310,493,None,Move,browsing
1569711782.8779998,1311,484,None,Move,browsing
1569711782.89,1311,477,None,Move,browsing
1569711782.904,1311,474,None,Move,browsing
1569711782.921,1311,472,None,Move,browsing
1569711782.935,1311,470,None,Move,browsing
1569711782.947,1311,469,None,Move,browsing
1569711783.3520002,1282,469,None,Move,browsing
1569711783.365,1237,465,None,Move,browsing
1569711783.377,1191,459,None,Move,browsing
1569711783.389,1137,447,None,Move,browsing
1569711783.401,1089,431,None,Move,browsing
1569711783.411,1047,413,None,Move,browsing
1569711783.421,992,391,None,Move,browsing
1569711783.435,942,360,None,Move,browsing
1569711783.446,899,334,None,Move,browsing
1569711783.455,868,316,None,Move,browsing
1569711783.467,847,300,None,Move,browsing
1569711783.478,833,290,None,Move,browsing
1569711783.4870002,824,282,None,Move,browsing
1569711783.498,814,272,None,Move,browsing
1569711783.51,806,266,None,Move,browsing
1569711783.52,803,260,None,Move,browsing
1569711783.531,800,257,None,Move,browsing
1569711783.954,761,248,None,Move,browsing
1569711783.966,696,228,None,Move,browsing
1569711783.978,628,208,None,Move,browsing
1569711783.99,560,185,None,Move,browsing
1569711784.002,486,162,None,Move,browsing
1569711784.0129998,415,142,None,Move,browsing
1569711784.024,357,123,None,Move,browsing
1569711784.035,310,107,None,Move,browsing
1569711784.045,280,100,None,Move,browsing
1569711784.054,265,95,None,Move,browsing
1569711784.066,253,93,None,Move,browsing
1569711784.6179998,265,93,None,Move,browsing
1569711784.631,280,94,None,Move,browsing
1569711784.643,295,95,None,Move,browsing
1569711784.654,308,98,None,Move,browsing
1569711784.665,321,101,None,Move,browsing
1569711784.676,335,107,None,Move,browsing
1569711784.686,356,116,None,Move,browsing
1569711784.698,386,136,None,Move,browsing
1569711784.7129998,400,148,None,Move,browsing
1569711784.726,412,160,None,Move,browsing
1569711784.7370002,422,170,None,Move,browsing
1569711784.75,430,179,None,Move,browsing
1569711785.147,452,199,None,Move,browsing
1569711785.18,483,220,None,Move,browsing
1569711785.1920002,511,239,None,Move,browsing
1569711785.201,568,274,None,Move,browsing
1569711785.21,596,294,None,Move,browsing
1569711785.22,649,328,None,Move,browsing
1569711785.23,697,367,None,Move,browsing
1569711785.2410002,735,393,None,Move,browsing
1569711785.25,773,422,None,Move,browsing
1569711785.2589998,802,446,None,Move,browsing
1569711785.268,830,468,None,Move,browsing
1569711785.278,844,478,None,Move,browsing
1569711785.286,856,489,None,Move,browsing
1569711785.295,864,495,None,Move,browsing
1569711785.65,885,497,None,Move,browsing
1569711785.665,914,502,None,Move,browsing
1569711785.676,950,506,None,Move,browsing
1569711785.687,984,516,None,Move,browsing
1569711785.698,1027,527,None,Move,browsing
1569711785.708,1064,535,None,Move,browsing
1569711785.721,1098,545,None,Move,browsing
1569711785.731,1131,553,None,Move,browsing
1569711785.742,1153,556,None,Move,browsing
1569711785.7529998,1183,562,None,Move,browsing
1569711785.764,1205,568,None,Move,browsing
1569711785.774,1218,571,None,Move,browsing
1569711785.785,1234,575,None,Move,browsing
1569711785.7970002,1244,579,None,Move,browsing
1569711785.8070002,1252,582,None,Move,browsing
1569711785.8170002,1259,587,None,Move,browsing
1569711785.829,1262,589,None,Move,browsing
1569711785.843,1264,590,None,Move,browsing
1569711785.855,1265,592,None,Move,browsing
1569711786.285,1280,591,None,Move,browsing
1569711786.2970002,1301,590,None,Move,browsing
1569711786.3070002,1320,587,None,Move,browsing
1569711786.319,1351,585,None,Move,browsing
1569711786.329,1381,585,None,Move,browsing
1569711786.34,1403,583,None,Move,browsing
1569711786.349,1427,583,None,Move,browsing
1569711786.361,1459,579,None,Move,browsing
1569711786.3739998,1486,579,None,Move,browsing
1569711786.383,1505,579,None,Move,browsing
1569711786.396,1526,582,None,Move,browsing
1569711786.405,1545,584,None,Move,browsing
1569711786.415,1561,587,None,Move,browsing
1569711786.424,1581,589,None,Move,browsing
1569711786.4329998,1597,593,None,Move,browsing
1569711786.444,1616,597,None,Move,browsing
1569711786.454,1628,600,None,Move,browsing
1569711786.4629998,1642,605,None,Move,browsing
1569711786.4729998,1654,609,None,Move,browsing
1569711786.484,1665,615,None,Move,browsing
1569711786.495,1672,618,None,Move,browsing
1569711786.504,1679,620,None,Move,browsing
1569711786.514,1684,624,None,Move,browsing
1569711786.525,1686,625,None,Move,browsing
1569711786.534,1688,626,None,Move,browsing
1569711786.546,1688,627,None,Move,browsing
1569711786.831,1696,617,None,Move,browsing
1569711786.842,1710,600,None,Move,browsing
1569711786.8520002,1720,586,None,Move,browsing
1569711786.861,1733,569,None,Move,browsing
1569711786.869,1740,557,None,Move,browsing
1569711786.877,1750,542,None,Move,browsing
1569711786.8860002,1757,530,None,Move,browsing
1569711786.894,1765,518,None,Move,browsing
1569711786.903,1772,505,None,Move,browsing
1569711786.913,1780,495,None,Move,browsing
1569711786.923,1788,483,None,Move,browsing
1569711786.9320002,1794,473,None,Move,browsing
1569711786.94,1802,464,None,Move,browsing
1569711786.95,1811,453,None,Move,browsing
1569711786.962,1816,444,None,Move,browsing
1569711786.975,1818,436,None,Move,browsing
1569711786.9829998,1822,429,None,Move,browsing
1569711786.9989998,1825,425,None,Move,browsing
1569711787.0110002,1827,419,None,Move,browsing
1569711787.02,1828,415,None,Move,browsing
1569711787.03,1829,413,None,Move,browsing
1569711787.041,1830,411,None,Move,browsing
1569711787.05,1832,408,None,Move,browsing
1569711787.063,1832,407,None,Move,browsing
1569711787.073,1832,405,None,Move,browsing
1569711787.084,1833,404,None,Move,browsing
1569711787.0979998,1833,402,None,Move,browsing
1569711787.1120002,1833,400,None,Move,browsing
1569711787.123,1833,399,None,Move,browsing
1569711787.133,1833,398,None,Move,browsing
1569711787.145,1833,398,None,Move,browsing
1569711787.158,1833,397,None,Move,browsing
1569711787.168,1833,397,None,Move,browsing
1569711787.176,1833,396,None,Move,browsing
1569711787.19,1833,395,None,Move,browsing
1569711787.235,1833,395,None,Move,browsing
1569711787.246,1833,395,None,Move,browsing
1569711787.256,1830,395,None,Move,browsing
1569711787.264,1829,395,None,Move,browsing
1569711787.2770002,1823,397,None,Move,browsing
1569711787.288,1816,400,None,Move,browsing
1569711787.299,1810,403,None,Move,browsing
1569711787.309,1803,406,None,Move,browsing
1569711787.321,1799,408,None,Move,browsing
1569711787.333,1796,410,None,Move,browsing
1569711787.344,1794,411,None,Move,browsing
1569711787.353,1792,412,None,Move,browsing
1569711787.3639998,1791,413,None,Move,browsing
1569711787.3739998,1790,414,None,Move,browsing
1569711787.3839998,1790,414,None,Move,browsing
1569711787.397,1789,414,None,Move,browsing
1569711787.409,1788,414,None,Move,browsing
1569711787.42,1788,414,None,Move,browsing
1569711787.43,1786,414,None,Move,browsing
1569711787.4420002,1783,414,None,Move,browsing
1569711787.452,1782,414,None,Move,browsing
1569711787.465,1781,414,None,Move,browsing
1569711787.478,1780,414,None,Move,browsing
1569711787.4889998,1777,414,None,Move,browsing
1569711787.502,1776,414,None,Move,browsing
1569711787.5170002,1775,414,None,Move,browsing
1569711787.533,1774,414,None,Move,browsing
1569711787.548,1773,414,None,Move,browsing
1569711787.562,1773,414,None,Move,browsing
1569711787.575,1772,414,None,Move,browsing
1569711787.592,1771,414,None,Move,browsing
1569711787.607,1771,414,None,Move,browsing
1569711792.178,1771,414,Left,Pressed,browsing
1569711792.393,1771,414,Left,Released,browsing
1569711805.555,1771,426,None,Move,browsing
1569711805.569,1771,446,None,Move,browsing
1569711805.581,1773,460,None,Move,browsing
1569711805.594,1775,474,None,Move,browsing
1569711805.606,1778,493,None,Move,browsing
1569711805.6179998,1780,510,None,Move,browsing
1569711805.631,1788,528,None,Move,browsing
1569711805.644,1794,546,None,Move,browsing
1569711805.656,1801,570,None,Move,browsing
1569711805.667,1810,586,None,Move,browsing
1569711805.678,1819,602,None,Move,browsing
1569711805.69,1828,618,None,Move,browsing
1569711805.702,1842,638,None,Move,browsing
1569711805.714,1858,659,None,Move,browsing
1569711805.724,1868,676,None,Move,browsing
1569711805.735,1880,690,None,Move,browsing
1569711805.746,1892,704,None,Move,browsing
1569711805.7570002,1905,717,None,Move,browsing
1569711805.7670002,1917,730,None,Move,browsing
1569711805.778,1930,741,None,Move,browsing
1569711805.789,1934,757,None,Move,browsing
1569711805.799,1935,773,None,Move,browsing
1569711805.811,1931,785,None,Move,browsing
1569711805.822,1930,796,None,Move,browsing
1569711805.832,1927,804,None,Move,browsing
1569711805.844,1929,816,None,Move,browsing
1569711805.856,1925,823,None,Move,browsing
1569711805.8660002,1924,830,None,Move,browsing
1569711805.8779998,1925,835,None,Move,browsing
1569711805.89,1922,839,None,Move,browsing
1569711805.9,1922,842,None,Move,browsing
1569711805.9120002,1920,844,None,Move,browsing
1569711805.923,1920,845,None,Move,browsing
1569711805.9320002,1919,845,None,Move,browsing
1569711806.327,1909,851,None,Move,browsing
1569711806.342,1890,862,None,Move,browsing
1569711806.354,1873,873,None,Move,browsing
1569711806.365,1854,890,None,Move,browsing
1569711806.377,1839,904,None,Move,browsing
1569711806.387,1822,923,None,Move,browsing
1569711806.399,1804,944,None,Move,browsing
1569711806.41,1792,961,None,Move,browsing
1569711806.4220002,1782,975,None,Move,browsing
1569711806.4320002,1773,989,None,Move,browsing
1569711806.444,1768,1001,None,Move,browsing
1569711806.455,1764,1015,None,Move,browsing
1569711806.471,1758,1030,None,Move,browsing
1569711806.482,1756,1042,None,Move,browsing
1569711806.494,1756,1049,None,Move,browsing
1569711806.505,1756,1062,None,Move,browsing
1569711806.516,1758,1074,None,Move,browsing
1569711806.528,1759,1082,None,Move,browsing
1569711806.541,1761,1087,None,Move,browsing
1569711806.556,1763,1088,None,Move,browsing
1569711806.579,1765,1085,None,Move,browsing
1569711806.592,1766,1082,None,Move,browsing
1569711806.606,1768,1082,None,Move,browsing
1569711806.6179998,1772,1083,None,Move,browsing
1569711806.63,1774,1082,None,Move,browsing
1569711806.641,1780,1082,None,Move,browsing
1569711806.6520002,1785,1081,None,Move,browsing
1569711806.663,1791,1081,None,Move,browsing
1569711806.675,1797,1081,None,Move,browsing
1569711806.685,1801,1079,None,Move,browsing
1569711806.696,1804,1080,None,Move,browsing
1569711806.706,1811,1080,None,Move,browsing
1569711806.715,1817,1079,None,Move,browsing
1569711806.726,1822,1080,None,Move,browsing
1569711806.7370002,1829,1081,None,Move,browsing
1569711806.748,1834,1079,None,Move,browsing
1569711806.758,1838,1079,None,Move,browsing
1569711806.77,1840,1079,None,Move,browsing
1569711806.782,1845,1079,None,Move,browsing
1569711806.794,1848,1079,None,Move,browsing
1569711806.805,1849,1077,None,Move,browsing
1569711806.813,1852,1076,None,Move,browsing
1569711807.1829998,1844,1076,None,Move,browsing
1569711807.194,1831,1076,None,Move,browsing
1569711807.205,1818,1076,None,Move,browsing
1569711807.217,1804,1076,None,Move,browsing
1569711807.2370002,1795,1077,None,Move,browsing
1569711807.2489998,1788,1078,None,Move,browsing
1569711807.2610002,1779,1082,None,Move,browsing
1569711807.272,1772,1082,None,Move,browsing
1569711807.295,1768,1083,None,Move,browsing
1569711807.3070002,1760,1093,None,Move,browsing
1569711807.3170002,1758,1091,None,Move,browsing
1569711807.3279998,1758,1090,None,Move,browsing
1569711807.341,1758,1092,None,Move,browsing
1569711807.3479998,1759,1088,None,Move,browsing
1569711807.36,1762,1089,None,Move,browsing
1569711807.371,1765,1088,None,Move,browsing
1569711807.3820002,1767,1086,None,Move,browsing
1569711807.394,1769,1086,None,Move,browsing
1569711807.405,1771,1083,None,Move,browsing
1569711807.417,1773,1083,None,Move,browsing
1569711807.43,1775,1083,None,Move,browsing
1569711807.441,1779,1083,None,Move,browsing
1569711807.4529998,1780,1082,None,Move,browsing
1569711807.4629998,1783,1082,None,Move,browsing
1569711807.474,1791,1082,None,Move,browsing
1569711807.484,1801,1085,None,Move,browsing
1569711807.494,1815,1085,None,Move,browsing
1569711807.506,1829,1086,None,Move,browsing
1569711807.5170002,1837,1082,None,Move,browsing
1569711807.529,1848,1080,None,Move,browsing
1569711807.544,1855,1079,None,Move,browsing
1569711807.5579998,1860,1079,None,Move,browsing
1569711807.574,1867,1078,None,Move,browsing
1569711807.5879998,1874,1076,None,Move,browsing
1569711807.599,1879,1075,None,Move,browsing
1569711807.613,1884,1072,None,Move,browsing
1569711807.625,1886,1070,None,Move,browsing
1569711807.6360002,1890,1068,None,Move,browsing
1569711807.647,1892,1066,None,Move,browsing
1569711807.66,1894,1064,None,Move,browsing
1569711807.671,1895,1062,None,Move,browsing
1569711807.6820002,1897,1061,None,Move,browsing
1569711807.695,1899,1059,None,Move,browsing
1569711807.707,1900,1058,None,Move,browsing
1569711807.719,1902,1056,None,Move,browsing
1569711807.731,1904,1053,None,Move,browsing
1569711807.742,1906,1050,None,Move,browsing
1569711807.754,1908,1045,None,Move,browsing
1569711807.766,1914,1036,None,Move,browsing
1569711807.778,1916,1024,None,Move,browsing
1569711807.791,1919,1009,None,Move,browsing
1569711807.803,1920,987,None,Move,browsing
1569711807.815,1921,969,None,Move,browsing
1569711807.83,1919,954,None,Move,browsing
1569711807.843,1920,939,None,Move,browsing
1569711807.857,1920,923,None,Move,browsing
1569711807.8720002,1921,909,None,Move,browsing
1569711807.8879998,1919,897,None,Move,browsing
1569711807.899,1919,889,None,Move,browsing
1569711807.911,1919,879,None,Move,browsing
1569711807.921,1919,869,None,Move,browsing
1569711807.93,1918,862,None,Move,browsing
1569711807.939,1917,855,None,Move,browsing
1569711807.948,1916,849,None,Move,browsing
1569711807.957,1915,842,None,Move,browsing
1569711807.966,1914,836,None,Move,browsing
1569711807.976,1913,831,None,Move,browsing
1569711807.986,1909,825,None,Move,browsing
1569711807.996,1907,821,None,Move,browsing
1569711808.005,1906,819,None,Move,browsing
1569711808.014,1905,817,None,Move,browsing
1569711808.024,1905,815,None,Move,browsing
1569711808.032,1904,812,None,Move,browsing
1569711808.042,1902,812,None,Move,browsing
1569711808.052,1901,811,None,Move,browsing
1569711808.063,1899,810,None,Move,browsing
1569711808.075,1896,810,None,Move,browsing
1569711808.087,1892,810,None,Move,browsing
1569711808.099,1886,812,None,Move,browsing
1569711808.1120002,1878,818,None,Move,browsing
1569711808.1239998,1872,827,None,Move,browsing
1569711808.1360002,1862,841,None,Move,browsing
1569711808.149,1853,853,None,Move,browsing
1569711808.161,1849,865,None,Move,browsing
1569711808.173,1844,879,None,Move,browsing
1569711808.184,1841,891,None,Move,browsing
1569711808.196,1839,903,None,Move,browsing
1569711808.208,1837,913,None,Move,browsing
1569711808.22,1835,922,None,Move,browsing
1569711808.23,1834,929,None,Move,browsing
1569711808.242,1834,937,None,Move,browsing
1569711808.252,1834,944,None,Move,browsing
1569711808.262,1834,952,None,Move,browsing
1569711808.272,1834,961,None,Move,browsing
1569711808.282,1838,970,None,Move,browsing
1569711808.293,1840,979,None,Move,browsing
1569711808.305,1843,988,None,Move,browsing
1569711808.315,1847,995,None,Move,browsing
1569711808.327,1851,1002,None,Move,browsing
1569711808.3379998,1856,1010,None,Move,browsing
1569711808.35,1861,1017,None,Move,browsing
1569711808.363,1868,1027,None,Move,browsing
1569711808.375,1875,1035,None,Move,browsing
1569711808.387,1879,1042,None,Move,browsing
1569711808.3979998,1884,1049,None,Move,browsing
1569711808.409,1887,1054,None,Move,browsing
1569711808.42,1891,1058,None,Move,browsing
1569711808.4320002,1893,1062,None,Move,browsing
1569711808.444,1896,1065,None,Move,browsing
1569711808.457,1899,1069,None,Move,browsing
1569711808.47,1901,1072,None,Move,browsing
1569711808.48,1904,1076,None,Move,browsing
1569711808.49,1906,1078,None,Move,browsing
1569711808.5,1908,1079,None,Move,browsing
1569711808.512,1909,1080,None,Move,browsing
1569711808.525,1909,1080,None,Move,browsing
1569711808.538,1910,1079,None,Move,browsing
1569711808.554,1910,1079,None,Move,browsing
1569711808.564,1908,1079,None,Move,browsing
1569711808.577,1893,1067,None,Move,browsing
1569711808.5879998,1873,1054,None,Move,browsing
1569711808.599,1852,1038,None,Move,browsing
1569711808.61,1822,1018,None,Move,browsing
1569711808.6239998,1794,998,None,Move,browsing
1569711808.639,1773,979,None,Move,browsing
1569711808.654,1754,964,None,Move,browsing
1569711808.666,1727,944,None,Move,browsing
1569711808.6820002,1705,923,None,Move,browsing
1569711808.697,1689,907,None,Move,browsing
1569711808.71,1674,893,None,Move,browsing
1569711808.722,1664,879,None,Move,browsing
1569711808.732,1656,869,None,Move,browsing
1569711808.7429998,1651,860,None,Move,browsing
1569711808.755,1644,849,None,Move,browsing
1569711808.765,1641,842,None,Move,browsing
1569711808.776,1638,835,None,Move,browsing
1569711808.788,1636,831,None,Move,browsing
1569711808.796,1634,827,None,Move,browsing
1569711808.8070002,1633,823,None,Move,browsing
1569711808.82,1632,820,None,Move,browsing
1569711808.829,1632,817,None,Move,browsing
1569711808.839,1630,815,None,Move,browsing
1569711808.8479998,1630,814,None,Move,browsing
1569711808.859,1630,813,None,Move,browsing
1569711808.8720002,1630,813,None,Move,browsing
1569711808.893,1630,812,None,Move,browsing
1569711808.904,1630,812,None,Move,browsing
1569711808.919,1629,812,None,Move,browsing
1569711808.934,1628,812,None,Move,browsing
1569711808.946,1626,815,None,Move,browsing
1569711808.957,1623,822,None,Move,browsing
1569711808.9729998,1621,831,None,Move,browsing
1569711808.985,1618,843,None,Move,browsing
1569711808.994,1616,854,None,Move,browsing
1569711809.005,1613,866,None,Move,browsing
1569711809.0170002,1609,877,None,Move,browsing
1569711809.036,1608,889,None,Move,browsing
1569711809.045,1608,901,None,Move,browsing
1569711809.054,1608,916,None,Move,browsing
1569711809.064,1608,932,None,Move,browsing
1569711809.072,1608,947,None,Move,browsing
1569711809.083,1611,964,None,Move,browsing
1569711809.096,1615,979,None,Move,browsing
1569711809.107,1619,993,None,Move,browsing
1569711809.119,1624,1006,None,Move,browsing
1569711809.1320002,1631,1018,None,Move,browsing
1569711809.144,1636,1027,None,Move,browsing
1569711809.158,1646,1037,None,Move,browsing
1569711809.171,1656,1045,None,Move,browsing
1569711809.1820002,1667,1055,None,Move,browsing
1569711809.194,1679,1062,None,Move,browsing
1569711809.205,1690,1068,None,Move,browsing
1569711809.218,1704,1071,None,Move,browsing
1569711809.231,1716,1073,None,Move,browsing
1569711809.244,1730,1073,None,Move,browsing
1569711809.2570002,1742,1072,None,Move,browsing
1569711809.269,1762,1066,None,Move,browsing
1569711809.279,1777,1059,None,Move,browsing
1569711809.296,1793,1053,None,Move,browsing
1569711809.309,1806,1047,None,Move,browsing
1569711809.323,1821,1040,None,Move,browsing
1569711809.336,1837,1031,None,Move,browsing
1569711809.349,1851,1024,None,Move,browsing
1569711809.363,1864,1018,None,Move,browsing
1569711809.377,1875,1011,None,Move,browsing
1569711809.391,1885,1000,None,Move,browsing
1569711809.405,1891,991,None,Move,browsing
1569711809.418,1901,978,None,Move,browsing
1569711809.431,1906,968,None,Move,browsing
1569711809.444,1916,952,None,Move,browsing
1569711809.457,1924,932,None,Move,browsing
1569711809.47,1925,912,None,Move,browsing
1569711809.481,1923,897,None,Move,browsing
1569711809.492,1922,882,None,Move,browsing
1569711809.505,1920,867,None,Move,browsing
1569711809.516,1919,846,None,Move,browsing
1569711809.528,1919,828,None,Move,browsing
1569711809.54,1919,813,None,Move,browsing
1569711809.552,1919,800,None,Move,browsing
1569711809.563,1917,788,None,Move,browsing
1569711809.579,1917,779,None,Move,browsing
1569711809.592,1917,772,None,Move,browsing
1569711809.605,1916,768,None,Move,browsing
1569711809.619,1916,766,None,Move,browsing
1569711809.63,1916,764,None,Move,browsing
1569711809.644,1916,762,None,Move,browsing
1569711809.659,1916,762,None,Move,browsing
1569711810.056,1904,762,None,Move,browsing
1569711810.066,1887,764,None,Move,browsing
1569711810.08,1873,770,None,Move,browsing
1569711810.093,1859,780,None,Move,browsing
1569711810.105,1845,793,None,Move,browsing
1569711810.12,1828,812,None,Move,browsing
1569711810.135,1811,831,None,Move,browsing
1569711810.1520002,1799,846,None,Move,browsing
1569711810.164,1789,860,None,Move,browsing
1569711810.177,1774,879,None,Move,browsing
1569711810.19,1765,895,None,Move,browsing
1569711810.202,1755,914,None,Move,browsing
1569711810.2129998,1748,929,None,Move,browsing
1569711810.225,1741,943,None,Move,browsing
1569711810.236,1736,958,None,Move,browsing
1569711810.2470002,1732,972,None,Move,browsing
1569711810.258,1726,987,None,Move,browsing
1569711810.269,1722,1000,None,Move,browsing
1569711810.28,1719,1014,None,Move,browsing
1569711810.29,1716,1026,None,Move,browsing
1569711810.302,1714,1033,None,Move,browsing
1569711810.313,1713,1042,None,Move,browsing
1569711810.324,1712,1049,None,Move,browsing
1569711810.3379998,1711,1058,None,Move,browsing
1569711810.353,1710,1065,None,Move,browsing
1569711810.3660002,1710,1071,None,Move,browsing
1569711810.3760002,1710,1076,None,Move,browsing
1569711810.3860002,1710,1081,None,Move,browsing
1569711810.395,1711,1085,None,Move,browsing
1569711810.407,1712,1083,None,Move,browsing
1569711810.417,1713,1082,None,Move,browsing
1569711810.426,1714,1083,None,Move,browsing
1569711810.435,1717,1083,None,Move,browsing
1569711810.444,1719,1085,None,Move,browsing
1569711810.4529998,1723,1086,None,Move,browsing
1569711810.4629998,1728,1086,None,Move,browsing
1569711810.4729998,1733,1085,None,Move,browsing
1569711810.484,1739,1086,None,Move,browsing
1569711810.4929998,1743,1083,None,Move,browsing
1569711810.5029998,1752,1084,None,Move,browsing
1569711810.5129998,1759,1085,None,Move,browsing
1569711810.522,1768,1083,None,Move,browsing
1569711810.532,1776,1084,None,Move,browsing
1569711810.544,1786,1083,None,Move,browsing
1569711810.555,1793,1082,None,Move,browsing
1569711810.5670002,1802,1083,None,Move,browsing
1569711810.58,1808,1080,None,Move,browsing
1569711810.591,1815,1080,None,Move,browsing
1569711810.601,1822,1080,None,Move,browsing
1569711810.6120002,1828,1081,None,Move,browsing
1569711810.6239998,1831,1079,None,Move,browsing
1569711810.635,1838,1081,None,Move,browsing
1569711810.6479998,1843,1079,None,Move,browsing
1569711810.661,1848,1080,None,Move,browsing
1569711810.6720002,1852,1079,None,Move,browsing
1569711810.685,1855,1079,None,Move,browsing
1569711810.697,1861,1080,None,Move,browsing
1569711810.711,1864,1080,None,Move,browsing
1569711810.722,1868,1080,None,Move,browsing
1569711810.734,1872,1081,None,Move,browsing
1569711810.746,1875,1080,None,Move,browsing
1569711810.758,1878,1080,None,Move,browsing
1569711810.772,1882,1080,None,Move,browsing
1569711810.783,1885,1079,None,Move,browsing
1569711810.795,1886,1080,None,Move,browsing
1569711810.805,1888,1079,None,Move,browsing
1569711810.8170002,1890,1080,None,Move,browsing
1569711810.831,1891,1079,None,Move,browsing
1569711810.843,1892,1079,None,Move,browsing
1569711810.855,1893,1079,None,Move,browsing
1569711810.8679998,1893,1079,None,Move,browsing
1569711810.885,1894,1079,None,Move,browsing
1569711810.899,1894,1079,None,Move,browsing
1569711810.913,1895,1079,None,Move,browsing
1569711810.929,1897,1079,None,Move,browsing
1569711810.94,1897,1079,None,Move,browsing
1569711810.952,1898,1079,None,Move,browsing
1569711810.964,1899,1078,None,Move,browsing
1569711810.979,1901,1074,None,Move,browsing
1569711810.9910002,1901,1071,None,Move,browsing
1569711811.002,1904,1066,None,Move,browsing
1569711811.0170002,1905,1061,None,Move,browsing
1569711811.029,1905,1056,None,Move,browsing
1569711811.042,1905,1051,None,Move,browsing
1569711811.055,1905,1047,None,Move,browsing
1569711811.066,1905,1043,None,Move,browsing
1569711811.079,1905,1039,None,Move,browsing
1569711811.09,1904,1035,None,Move,browsing
1569711811.1020002,1902,1029,None,Move,browsing
1569711811.1139998,1901,1021,None,Move,browsing
1569711811.1279998,1897,1014,None,Move,browsing
1569711811.139,1895,1006,None,Move,browsing
1569711811.154,1894,999,None,Move,browsing
1569711811.167,1892,990,None,Move,browsing
1569711811.181,1891,983,None,Move,browsing
1569711811.194,1889,976,None,Move,browsing
1569711811.205,1888,969,None,Move,browsing
1569711811.218,1887,960,None,Move,browsing
1569711811.231,1885,952,None,Move,browsing
1569711811.244,1883,946,None,Move,browsing
1569711811.256,1883,941,None,Move,browsing
1569711811.269,1882,935,None,Move,browsing
1569711811.282,1882,929,None,Move,browsing
1569711811.294,1880,922,None,Move,browsing
1569711811.3070002,1879,915,None,Move,browsing
1569711811.3179998,1878,908,None,Move,browsing
1569711811.329,1878,903,None,Move,browsing
1569711811.342,1877,899,None,Move,browsing
1569711811.354,1877,894,None,Move,browsing
1569711811.367,1877,889,None,Move,browsing
1569711811.3779998,1877,886,None,Move,browsing
1569711811.391,1877,883,None,Move,browsing
1569711811.403,1876,878,None,Move,browsing
1569711811.417,1876,875,None,Move,browsing
1569711811.431,1876,871,None,Move,browsing
1569711811.446,1876,866,None,Move,browsing
1569711811.461,1876,862,None,Move,browsing
1569711811.4729998,1876,859,None,Move,browsing
1569711811.485,1876,852,None,Move,browsing
1569711811.496,1877,847,None,Move,browsing
1569711811.508,1878,843,None,Move,browsing
1569711811.52,1879,838,None,Move,browsing
1569711811.533,1882,831,None,Move,browsing
1569711811.55,1887,824,None,Move,browsing
1569711811.56,1890,818,None,Move,browsing
1569711811.575,1893,814,None,Move,browsing
1569711811.587,1897,810,None,Move,browsing
1569711811.594,1905,803,None,Move,browsing
1569711811.606,1911,799,None,Move,browsing
1569711811.617,1916,796,None,Move,browsing
1569711811.6260002,1923,791,None,Move,browsing
1569711811.637,1925,789,None,Move,browsing
1569711811.646,1927,785,None,Move,browsing
1569711811.655,1925,783,None,Move,browsing
1569711811.664,1926,781,None,Move,browsing
1569711811.673,1928,779,None,Move,browsing
1569711811.6829998,1927,779,None,Move,browsing
1569711811.691,1927,780,None,Move,browsing
1569711811.702,1926,781,None,Move,browsing
1569711811.714,1925,784,None,Move,browsing
1569711811.725,1928,790,None,Move,browsing
1569711811.738,1927,795,None,Move,browsing
1569711811.75,1925,801,None,Move,browsing
1569711811.7610002,1929,809,None,Move,browsing
1569711811.7729998,1925,815,None,Move,browsing
1569711811.785,1927,823,None,Move,browsing
1569711811.796,1926,831,None,Move,browsing
1569711811.8079998,1926,837,None,Move,browsing
1569711811.819,1926,843,None,Move,browsing
1569711811.831,1926,851,None,Move,browsing
1569711811.842,1924,855,None,Move,browsing
1569711811.854,1926,862,None,Move,browsing
1569711811.8660002,1923,866,None,Move,browsing
1569711811.877,1925,873,None,Move,browsing
1569711811.8879998,1925,878,None,Move,browsing
1569711811.9,1922,880,None,Move,browsing
1569711811.913,1923,885,None,Move,browsing
1569711811.925,1921,888,None,Move,browsing
1569711811.937,1920,891,None,Move,browsing
1569711811.948,1922,894,None,Move,browsing
1569711811.96,1921,896,None,Move,browsing
1569711811.9729998,1921,899,None,Move,browsing
1569711811.985,1920,903,None,Move,browsing
1569711811.996,1921,905,None,Move,browsing
1569711812.0070002,1919,906,None,Move,browsing
1569711812.39,1908,906,None,Move,browsing
1569711812.4020002,1893,906,None,Move,browsing
1569711812.413,1876,904,None,Move,browsing
1569711812.425,1855,901,None,Move,browsing
1569711812.437,1831,894,None,Move,browsing
1569711812.449,1804,889,None,Move,browsing
1569711812.46,1767,878,None,Move,browsing
1569711812.472,1729,868,None,Move,browsing
1569711812.4870002,1703,862,None,Move,browsing
1569711812.4970002,1677,859,None,Move,browsing
1569711812.508,1660,855,None,Move,browsing
1569711812.52,1645,853,None,Move,browsing
1569711812.532,1628,852,None,Move,browsing
1569711812.544,1613,851,None,Move,browsing
1569711812.555,1602,851,None,Move,browsing
1569711812.566,1593,850,None,Move,browsing
1569711812.577,1579,846,None,Move,browsing
1569711812.5879998,1571,842,None,Move,browsing
1569711812.6,1562,834,None,Move,browsing
1569711812.6120002,1555,821,None,Move,browsing
1569711812.625,1552,800,None,Move,browsing
1569711812.6360002,1552,779,None,Move,browsing
1569711812.647,1559,755,None,Move,browsing
1569711812.657,1567,721,None,Move,browsing
1569711812.669,1576,696,None,Move,browsing
1569711812.679,1585,672,None,Move,browsing
1569711812.69,1591,651,None,Move,browsing
1569711812.701,1596,635,None,Move,browsing
1569711812.71,1602,623,None,Move,browsing
1569711812.721,1605,616,None,Move,browsing
1569711812.732,1612,606,None,Move,browsing
1569711812.7429998,1615,600,None,Move,browsing
1569711812.754,1619,595,None,Move,browsing
1569711812.765,1621,590,None,Move,browsing
1569711812.775,1623,587,None,Move,browsing
1569711812.785,1626,585,None,Move,browsing
1569711812.796,1627,582,None,Move,browsing
1569711812.806,1628,581,None,Move,browsing
1569711812.8170002,1628,580,None,Move,browsing
1569711812.827,1631,580,None,Move,browsing
1569711812.839,1632,578,None,Move,browsing
1569711812.849,1637,577,None,Move,browsing
1569711812.86,1641,577,None,Move,browsing
1569711812.871,1647,577,None,Move,browsing
1569711812.8820002,1654,581,None,Move,browsing
1569711812.893,1662,587,None,Move,browsing
1569711812.903,1668,592,None,Move,browsing
1569711812.915,1675,600,None,Move,browsing
1569711812.925,1683,609,None,Move,browsing
1569711812.935,1690,619,None,Move,browsing
1569711812.944,1696,629,None,Move,browsing
1569711812.956,1702,639,None,Move,browsing
1569711812.967,1708,648,None,Move,browsing
1569711812.9770002,1715,658,None,Move,browsing
1569711812.988,1720,667,None,Move,browsing
1569711812.9989998,1728,681,None,Move,browsing
1569711813.008,1734,692,None,Move,browsing
1569711813.02,1740,701,None,Move,browsing
1569711813.03,1747,713,None,Move,browsing
1569711813.041,1754,727,None,Move,browsing
1569711813.054,1761,740,None,Move,browsing
1569711813.065,1768,748,None,Move,browsing
1569711813.077,1774,760,None,Move,browsing
1569711813.086,1780,769,None,Move,browsing
1569711813.0979998,1785,779,None,Move,browsing
1569711813.109,1789,787,None,Move,browsing
1569711813.1179998,1791,794,None,Move,browsing
1569711813.129,1793,798,None,Move,browsing
1569711813.139,1795,804,None,Move,browsing
1569711813.15,1799,808,None,Move,browsing
1569711813.159,1799,811,None,Move,browsing
1569711813.169,1800,814,None,Move,browsing
1569711813.177,1801,818,None,Move,browsing
1569711813.188,1802,821,None,Move,browsing
1569711813.196,1803,824,None,Move,browsing
1569711813.207,1804,827,None,Move,browsing
1569711813.217,1805,829,None,Move,browsing
1569711813.23,1806,831,None,Move,browsing
1569711813.2410002,1807,834,None,Move,browsing
1569711813.252,1807,837,None,Move,browsing
1569711813.262,1807,838,None,Move,browsing
1569711813.272,1807,838,None,Move,browsing
1569711813.282,1808,839,None,Move,browsing
1569711813.292,1808,840,None,Move,browsing
1569711813.302,1808,840,None,Move,browsing
1569711813.311,1808,841,None,Move,browsing
1569711813.321,1810,841,None,Move,browsing
1569711813.331,1810,842,None,Move,browsing
1569711813.34,1811,843,None,Move,browsing
1569711813.3520002,1812,846,None,Move,browsing
1569711813.363,1813,849,None,Move,browsing
1569711813.3739998,1816,853,None,Move,browsing
1569711813.385,1818,856,None,Move,browsing
1569711813.396,1820,859,None,Move,browsing
1569711813.406,1822,864,None,Move,browsing
1569711813.416,1823,867,None,Move,browsing
1569711813.426,1824,871,None,Move,browsing
1569711813.437,1825,874,None,Move,browsing
1569711813.448,1826,878,None,Move,browsing
1569711813.458,1827,881,None,Move,browsing
1569711813.469,1828,885,None,Move,browsing
1569711813.484,1829,890,None,Move,browsing
1569711813.494,1830,893,None,Move,browsing
1569711813.504,1832,900,None,Move,browsing
1569711813.515,1833,904,None,Move,browsing
1569711813.525,1835,910,None,Move,browsing
1569711813.536,1838,916,None,Move,browsing
1569711813.546,1840,918,None,Move,browsing
1569711813.556,1842,922,None,Move,browsing
1569711813.57,1845,925,None,Move,browsing
1569711813.581,1847,929,None,Move,browsing
1569711813.591,1848,931,None,Move,browsing
1569711813.601,1849,932,None,Move,browsing
1569711813.9629998,1849,942,None,Move,browsing
1569711813.974,1850,950,None,Move,browsing
1569711813.985,1851,962,None,Move,browsing
1569711813.995,1852,971,None,Move,browsing
1569711814.005,1854,978,None,Move,browsing
1569711814.016,1855,984,None,Move,browsing
1569711814.026,1859,988,None,Move,browsing
1569711814.036,1860,993,None,Move,browsing
1569711814.044,1862,996,None,Move,browsing
1569711814.055,1862,1000,None,Move,browsing
1569711814.064,1863,1002,None,Move,browsing
1569711814.075,1864,1004,None,Move,browsing
1569711814.085,1865,1007,None,Move,browsing
1569711814.095,1867,1009,None,Move,browsing
1569711814.106,1868,1012,None,Move,browsing
1569711814.117,1869,1015,None,Move,browsing
1569711814.1279998,1872,1017,None,Move,browsing
1569711814.139,1873,1019,None,Move,browsing
1569711814.153,1874,1022,None,Move,browsing
1569711814.165,1877,1024,None,Move,browsing
1569711814.175,1879,1026,None,Move,browsing
1569711814.187,1881,1027,None,Move,browsing
1569711814.199,1882,1028,None,Move,browsing
1569711814.209,1885,1029,None,Move,browsing
1569711814.221,1887,1030,None,Move,browsing
1569711814.232,1888,1030,None,Move,browsing
1569711814.2429998,1890,1031,None,Move,browsing
1569711814.256,1891,1032,None,Move,browsing
1569711814.269,1892,1032,None,Move,browsing
1569711814.282,1893,1033,None,Move,browsing
1569711814.293,1894,1033,None,Move,browsing
1569711814.3070002,1896,1033,None,Move,browsing
1569711814.32,1897,1033,None,Move,browsing
1569711814.332,1898,1033,None,Move,browsing
1569711814.343,1899,1034,None,Move,browsing
1569711814.355,1900,1034,None,Move,browsing
1569711814.3660002,1901,1034,None,Move,browsing
1569711814.3779998,1903,1034,None,Move,browsing
1569711814.39,1903,1034,None,Move,browsing
1569711814.4,1904,1034,None,Move,browsing
1569711814.41,1905,1034,None,Move,browsing
1569711814.421,1906,1034,None,Move,browsing
1569711814.4320002,1907,1034,None,Move,browsing
1569711814.4429998,1908,1034,None,Move,browsing
1569711814.455,1909,1034,None,Move,browsing
1569711814.465,1909,1034,None,Move,browsing
1569711814.48,1910,1034,None,Move,browsing
1569711814.4889998,1910,1034,None,Move,browsing
1569711814.51,1911,1034,None,Move,browsing
1569711814.5229998,1911,1034,None,Move,browsing
1569711814.548,1912,1034,None,Move,browsing
1569711814.563,1912,1033,None,Move,browsing
1569711814.6,1912,1032,None,Move,browsing
1569711814.6379998,1912,1031,None,Move,browsing
1569711814.676,1912,1031,None,Move,browsing
1569711814.7129998,1912,1030,None,Move,browsing
1569711814.758,1912,1028,None,Move,browsing
1569711814.806,1912,1028,None,Move,browsing
1569711814.855,1912,1027,None,Move,browsing
1569711814.956,1912,1026,None,Move,browsing
1569711814.985,1912,1026,None,Move,browsing
1569711815.236,1912,1026,Left,Pressed,browsing
1569711815.452,1912,1026,Left,Released,browsing
1569711815.829,1894,1014,None,Move,browsing
1569711815.849,1860,988,None,Move,browsing
1569711815.873,1830,967,None,Move,browsing
1569711815.896,1780,938,None,Move,browsing
1569711815.917,1714,902,None,Move,browsing
1569711815.939,1650,864,None,Move,browsing
1569711815.959,1599,827,None,Move,browsing
1569711815.982,1568,804,None,Move,browsing
1569711816.004,1554,794,None,Move,browsing
1569711816.0270002,1546,787,None,Move,browsing
1569711816.053,1542,784,None,Move,browsing
1569711816.5110002,1492,764,None,Move,browsing
1569711816.522,1436,735,None,Move,browsing
1569711816.533,1376,705,None,Move,browsing
1569711816.543,1333,680,None,Move,browsing
1569711816.553,1283,649,None,Move,browsing
1569711816.563,1243,625,None,Move,browsing
1569711816.572,1212,604,None,Move,browsing
1569711816.585,1185,587,None,Move,browsing
1569711816.595,1168,576,None,Move,browsing
1569711816.605,1154,568,None,Move,browsing
1569711816.6160002,1145,562,None,Move,browsing
1569711816.627,1138,557,None,Move,browsing
1569711816.637,1129,555,None,Move,browsing
1569711816.647,1125,554,None,Move,browsing
1569711816.656,1123,553,None,Move,browsing
1569711816.667,1121,553,None,Move,browsing
1569711817.065,1109,549,None,Move,browsing
1569711817.086,1102,547,None,Move,browsing
1569711817.106,1090,542,None,Move,browsing
1569711817.12,1075,535,None,Move,browsing
1569711817.133,1057,526,None,Move,browsing
1569711817.15,1024,507,None,Move,browsing
1569711817.161,980,482,None,Move,browsing
1569711817.1720002,930,450,None,Move,browsing
1569711817.184,877,421,None,Move,browsing
1569711817.1929998,827,393,None,Move,browsing
1569711817.202,770,361,None,Move,browsing
1569711817.2129998,710,326,None,Move,browsing
1569711817.2229998,646,287,None,Move,browsing
1569711817.234,589,250,None,Move,browsing
1569711817.245,549,225,None,Move,browsing
1569711817.256,518,203,None,Move,browsing
1569711817.2670002,487,182,None,Move,browsing
1569711817.2770002,466,166,None,Move,browsing
1569711817.2870002,454,158,None,Move,browsing
1569711817.3,446,149,None,Move,browsing
1569711817.311,437,143,None,Move,browsing
1569711817.322,431,137,None,Move,browsing
1569711817.331,428,134,None,Move,browsing
1569711817.334,423,130,None,Move,browsing
1569711817.343,420,128,None,Move,browsing
1569711817.353,419,126,None,Move,browsing
1569711817.796,407,125,None,Move,browsing
1569711817.816,394,124,None,Move,browsing
1569711817.8379998,378,120,None,Move,browsing
1569711817.859,351,111,None,Move,browsing
1569711817.8779998,322,98,None,Move,browsing
1569711817.89,289,84,None,Move,browsing
1569711817.901,263,73,None,Move,browsing
1569711817.911,234,60,None,Move,browsing
1569711817.92,206,48,None,Move,browsing
1569711817.93,185,40,None,Move,browsing
1569711817.941,165,28,None,Move,browsing
1569711817.9529998,147,20,None,Move,browsing
1569711817.965,133,13,None,Move,browsing
1569711817.978,121,9,None,Move,browsing
1569711817.988,112,4,None,Move,browsing
1569711817.998,105,0,None,Move,browsing
1569711818.01,96,-4,None,Move,browsing
1569711818.019,87,-3,None,Move,browsing
1569711818.029,82,-1,None,Move,browsing
1569711818.04,78,-1,None,Move,browsing
1569711818.051,76,0,None,Move,browsing
1569711818.061,73,0,None,Move,browsing
1569711818.071,69,0,None,Move,browsing
1569711818.081,67,0,None,Move,browsing
1569711818.09,65,0,None,Move,browsing
1569711818.1,63,0,None,Move,browsing
1569711818.111,62,0,None,Move,browsing
1569711818.121,60,0,None,Move,browsing
1569711818.131,59,0,None,Move,browsing
1569711818.1420002,58,0,None,Move,browsing
1569711818.154,57,0,None,Move,browsing
1569711818.164,56,0,None,Move,browsing
1569711818.174,55,0,None,Move,browsing
1569711818.185,54,0,None,Move,browsing
1569711818.196,53,0,None,Move,browsing
1569711818.205,53,0,None,Move,browsing
1569711818.214,52,1,None,Move,browsing
1569711818.224,52,2,None,Move,browsing
1569711818.236,52,4,None,Move,browsing
1569711818.246,52,6,None,Move,browsing
1569711818.255,52,11,None,Move,browsing
1569711818.266,52,15,None,Move,browsing
1569711818.281,53,19,None,Move,browsing
1569711818.292,54,22,None,Move,browsing
1569711818.304,56,26,None,Move,browsing
1569711818.314,58,29,None,Move,browsing
1569711818.324,61,32,None,Move,browsing
1569711818.336,63,35,None,Move,browsing
1569711818.346,65,38,None,Move,browsing
1569711818.355,68,42,None,Move,browsing
1569711818.3679998,68,43,None,Move,browsing
1569711818.379,69,43,None,Move,browsing
1569711818.389,70,44,None,Move,browsing
1569711818.4,70,44,None,Move,browsing
1569711818.411,71,45,None,Move,browsing
1569711818.42,72,45,None,Move,browsing
1569711818.431,72,46,None,Move,browsing
1569711818.4429998,73,46,None,Move,browsing
1569711818.454,73,47,None,Move,browsing
1569711818.467,74,47,None,Move,browsing
1569711818.48,74,47,None,Move,browsing
1569711818.51,75,47,None,Move,browsing
1569711818.5470002,75,47,None,Move,browsing
1569711818.653,76,47,None,Move,browsing
1569711818.674,77,47,None,Move,browsing
1569711818.689,78,47,None,Move,browsing
1569711819.073,78,47,Left,Pressed,browsing
1569711819.2870002,78,47,Left,Released,browsing
1569711819.789,92,51,None,Move,browsing
1569711819.803,107,55,None,Move,browsing
1569711819.816,122,59,None,Move,browsing
1569711819.83,137,64,None,Move,browsing
1569711819.844,156,70,None,Move,browsing
1569711819.857,180,77,None,Move,browsing
1569711819.8779998,201,83,None,Move,browsing
1569711819.8979998,222,91,None,Move,browsing
1569711819.916,247,104,None,Move,browsing
1569711819.9320002,269,119,None,Move,browsing
1569711819.944,283,129,None,Move,browsing
1569711819.954,300,141,None,Move,browsing
1569711819.966,314,153,None,Move,browsing
1569711819.981,326,163,None,Move,browsing
1569711819.992,337,172,None,Move,browsing
1569711820.0029998,346,183,None,Move,browsing
1569711820.018,353,189,None,Move,browsing
1569711820.036,355,192,None,Move,browsing
1569711823.549,375,196,None,Move,browsing
1569711823.56,395,201,None,Move,browsing
1569711823.57,419,208,None,Move,browsing
1569711823.582,452,213,None,Move,browsing
1569711823.593,472,220,None,Move,browsing
1569711823.6020002,503,227,None,Move,browsing
1569711823.6120002,537,237,None,Move,browsing
1569711823.6239998,567,245,None,Move,browsing
1569711823.6339998,601,253,None,Move,browsing
1569711823.643,634,261,None,Move,browsing
1569711823.651,665,271,None,Move,browsing
1569711823.6620002,702,279,None,Move,browsing
1569711823.673,739,287,None,Move,browsing
1569711823.684,782,298,None,Move,browsing
1569711823.695,819,309,None,Move,browsing
1569711823.706,856,317,None,Move,browsing
1569711823.717,893,327,None,Move,browsing
1569711823.7270002,926,335,None,Move,browsing
1569711823.736,957,345,None,Move,browsing
1569711823.746,996,360,None,Move,browsing
1569711823.758,1028,376,None,Move,browsing
1569711823.768,1057,391,None,Move,browsing
1569711823.7770002,1084,409,None,Move,browsing
1569711823.788,1097,417,None,Move,browsing
1569711824.2629998,1104,404,None,Move,browsing
1569711824.284,1111,392,None,Move,browsing
1569711824.309,1119,383,None,Move,browsing
1569711824.327,1125,377,None,Move,browsing
1569711824.346,1127,375,None,Move,browsing
1569711824.367,1129,374,None,Move,browsing
1569711824.3860002,1130,374,None,Move,browsing
1569711824.407,1130,374,None,Move,browsing
1569711824.452,1130,374,None,Move,browsing
1569711824.472,1128,374,None,Move,browsing
1569711824.49,1123,378,None,Move,browsing
1569711824.5129998,1119,379,None,Move,browsing
1569711824.534,1115,381,None,Move,browsing
1569711824.559,1111,383,None,Move,browsing
1569711824.58,1105,385,None,Move,browsing
1569711824.61,1103,387,None,Move,browsing
1569711824.633,1101,389,None,Move,browsing
1569711824.658,1100,390,None,Move,browsing
1569711824.673,1099,391,None,Move,browsing
1569711824.6820002,1099,392,None,Move,browsing
1569711824.694,1098,393,None,Move,browsing
1569711824.705,1098,393,None,Move,browsing
1569711824.715,1097,393,None,Move,browsing
1569711824.728,1097,394,None,Move,browsing
1569711824.7470002,1096,394,None,Move,browsing
1569711824.7570002,1096,394,None,Move,browsing
1569711824.77,1095,394,None,Move,browsing
1569711824.78,1095,395,None,Move,browsing
1569711824.793,1094,395,None,Move,browsing
1569711824.809,1094,397,None,Move,browsing
1569711824.819,1093,397,None,Move,browsing
1569711824.83,1093,397,None,Move,browsing
1569711824.844,1092,398,None,Move,browsing
1569711824.855,1092,398,None,Move,browsing
1569711824.865,1091,398,None,Move,browsing
1569711824.877,1090,399,None,Move,browsing
1569711824.889,1089,400,None,Move,browsing
1569711824.904,1088,401,None,Move,browsing
1569711824.915,1087,401,None,Move,browsing
1569711824.928,1085,402,None,Move,browsing
1569711824.939,1084,403,None,Move,browsing
1569711824.951,1082,404,None,Move,browsing
1569711824.962,1080,405,None,Move,browsing
1569711824.9729998,1077,406,None,Move,browsing
1569711824.982,1075,406,None,Move,browsing
1569711824.9929998,1073,407,None,Move,browsing
1569711825.005,1072,407,None,Move,browsing
1569711825.016,1069,407,None,Move,browsing
1569711825.0270002,1068,407,None,Move,browsing
1569711825.0370002,1067,408,None,Move,browsing
1569711825.046,1067,408,None,Move,browsing
1569711825.055,1066,409,None,Move,browsing
1569711825.064,1066,409,None,Move,browsing
1569711825.074,1065,410,None,Move,browsing
1569711825.083,1063,410,None,Move,browsing
1569711825.093,1063,410,None,Move,browsing
1569711825.103,1062,410,None,Move,browsing
1569711825.1120002,1061,410,None,Move,browsing
1569711825.606,1062,410,None,Move,browsing
1569711825.627,1063,409,None,Move,browsing
1569711825.644,1063,409,None,Move,browsing
1569711825.658,1064,409,None,Move,browsing
1569711825.67,1065,409,None,Move,browsing
1569711825.679,1066,409,None,Move,browsing
1569711825.69,1067,409,None,Move,browsing
1569711825.701,1067,408,None,Move,browsing
1569711825.712,1068,408,None,Move,browsing
1569711825.722,1068,408,None,Move,browsing
1569711825.732,1069,408,None,Move,browsing
1569711825.742,1070,408,None,Move,browsing
1569711825.7529998,1070,408,None,Move,browsing
1569711825.7629998,1071,408,None,Move,browsing
1569711825.776,1073,408,None,Move,browsing
1569711825.7870002,1073,407,None,Move,browsing
1569711825.7970002,1073,407,None,Move,browsing
1569711826.4829998,1073,407,Left,Pressed,browsing
1569711826.699,1073,407,Left,Released,browsing
1569711827.092,1081,410,None,Move,browsing
1569711827.115,1090,414,None,Move,browsing
1569711827.127,1097,417,None,Move,browsing
1569711827.137,1108,423,None,Move,browsing
1569711827.147,1115,426,None,Move,browsing
1569711827.16,1123,429,None,Move,browsing
1569711827.169,1129,433,None,Move,browsing
1569711827.179,1137,437,None,Move,browsing
1569711827.19,1142,439,None,Move,browsing
1569711827.2,1146,441,None,Move,browsing
1569711827.209,1152,445,None,Move,browsing
1569711827.22,1158,447,None,Move,browsing
1569711827.23,1164,450,None,Move,browsing
1569711827.2410002,1169,453,None,Move,browsing
1569711827.252,1173,455,None,Move,browsing
1569711827.26,1178,457,None,Move,browsing
1569711827.271,1183,459,None,Move,browsing
1569711827.281,1188,463,None,Move,browsing
1569711827.291,1191,464,None,Move,browsing
1569711827.306,1194,465,None,Move,browsing
1569711827.3079998,1197,466,None,Move,browsing
1569711827.314,1201,466,None,Move,browsing
1569711827.3279998,1204,467,None,Move,browsing
1569711827.345,1207,468,None,Move,browsing
1569711827.359,1209,468,None,Move,browsing
1569711827.371,1211,468,None,Move,browsing
1569711827.381,1213,468,None,Move,browsing
1569711827.393,1215,468,None,Move,browsing
1569711827.4020002,1217,468,None,Move,browsing
1569711827.411,1219,468,None,Move,browsing
1569711827.421,1221,468,None,Move,browsing
1569711827.43,1223,468,None,Move,browsing
1569711827.441,1226,468,None,Move,browsing
1569711827.452,1227,468,None,Move,browsing
1569711827.4629998,1228,468,None,Move,browsing
1569711827.4729998,1229,468,None,Move,browsing
1569711827.484,1231,468,None,Move,browsing
1569711827.495,1232,468,None,Move,browsing
1569711827.506,1234,468,None,Move,browsing
1569711827.516,1237,468,None,Move,browsing
1569711827.529,1239,468,None,Move,browsing
1569711827.54,1240,468,None,Move,browsing
1569711827.551,1242,468,None,Move,browsing
1569711827.562,1243,468,None,Move,browsing
1569711827.574,1244,468,None,Move,browsing
1569711827.585,1246,468,None,Move,browsing
1569711827.596,1246,468,None,Move,browsing
1569711827.607,1248,468,None,Move,browsing
1569711827.6179998,1249,468,None,Move,browsing
1569711827.629,1251,468,None,Move,browsing
1569711827.64,1253,468,None,Move,browsing
1569711827.651,1253,468,None,Move,browsing
1569711827.66,1255,468,None,Move,browsing
1569711827.671,1256,468,None,Move,browsing
1569711827.6829998,1258,468,None,Move,browsing
1569711827.6929998,1258,467,None,Move,browsing
1569711827.704,1260,467,None,Move,browsing
1569711827.715,1260,467,None,Move,browsing
1569711827.726,1262,466,None,Move,browsing
1569711827.736,1263,466,None,Move,browsing
1569711827.746,1264,466,None,Move,browsing
1569711827.758,1264,465,None,Move,browsing
1569711827.769,1265,465,None,Move,browsing
1569711827.78,1266,465,None,Move,browsing
1569711827.791,1266,465,None,Move,browsing
1569711827.803,1269,465,None,Move,browsing
1569711827.813,1270,465,None,Move,browsing
1569711827.824,1272,465,None,Move,browsing
1569711827.836,1273,465,None,Move,browsing
1569711827.846,1274,465,None,Move,browsing
1569711827.857,1275,465,None,Move,browsing
1569711828.115,1275,465,Left,Pressed,browsing
1569711828.33,1275,465,Left,Released,browsing
1569711829.125,1283,468,None,Move,browsing
1569711829.137,1294,472,None,Move,browsing
1569711829.151,1304,479,None,Move,browsing
1569711829.1620002,1313,484,None,Move,browsing
1569711829.175,1323,490,None,Move,browsing
1569711829.187,1332,497,None,Move,browsing
1569711829.199,1340,506,None,Move,browsing
1569711829.21,1347,514,None,Move,browsing
1569711829.222,1354,523,None,Move,browsing
1569711829.235,1359,530,None,Move,browsing
1569711829.246,1364,539,None,Move,browsing
1569711829.258,1370,547,None,Move,browsing
1569711829.271,1374,556,None,Move,browsing
1569711829.283,1378,565,None,Move,browsing
1569711829.296,1380,569,None,Move,browsing
1569711829.31,1384,573,None,Move,browsing
1569711829.325,1385,576,None,Move,browsing
1569711829.34,1385,577,None,Move,browsing
1569711844.679,1393,574,None,Move,browsing
1569711844.699,1407,567,None,Move,browsing
1569711844.7129998,1421,560,None,Move,browsing
1569711844.724,1436,554,None,Move,browsing
1569711844.732,1451,547,None,Move,browsing
1569711844.742,1474,539,None,Move,browsing
1569711844.7529998,1495,530,None,Move,browsing
1569711844.762,1523,519,None,Move,browsing
1569711844.774,1548,510,None,Move,browsing
1569711844.7870002,1572,503,None,Move,browsing
1569711844.7970002,1605,495,None,Move,browsing
1569711844.8079998,1638,489,None,Move,browsing
1569711844.8179998,1671,483,None,Move,browsing
1569711844.827,1693,480,None,Move,browsing
1569711844.84,1721,478,None,Move,browsing
1569711844.8479998,1742,478,None,Move,browsing
1569711844.859,1760,479,None,Move,browsing
1569711844.87,1781,480,None,Move,browsing
1569711844.881,1796,483,None,Move,browsing
1569711844.8920002,1810,486,None,Move,browsing
1569711844.901,1824,489,None,Move,browsing
1569711844.9120002,1838,494,None,Move,browsing
1569711844.923,1851,500,None,Move,browsing
1569711844.935,1865,505,None,Move,browsing
1569711844.944,1879,514,None,Move,browsing
1569711844.955,1893,522,None,Move,browsing
1569711844.966,1910,535,None,Move,browsing
1569711844.976,1922,542,None,Move,browsing
1569711844.988,1933,550,None,Move,browsing
1569711844.998,1930,558,None,Move,browsing
1569711845.0089998,1928,565,None,Move,browsing
1569711845.02,1929,573,None,Move,browsing
1569711845.03,1925,579,None,Move,browsing
1569711845.042,1923,582,None,Move,browsing
1569711845.054,1923,585,None,Move,browsing
1569711845.064,1921,586,None,Move,browsing
1569711845.075,1920,587,None,Move,browsing
1569711845.086,1919,588,None,Move,browsing
1569711845.096,1919,588,None,Move,browsing
1569711845.1079998,1919,589,None,Move,browsing
1569711845.577,1916,583,None,Move,browsing
1569711845.5979998,1906,566,None,Move,browsing
1569711845.6220002,1895,540,None,Move,browsing
1569711845.6320002,1882,522,None,Move,browsing
1569711845.6420002,1875,509,None,Move,browsing
1569711845.655,1868,498,None,Move,browsing
1569711845.664,1860,487,None,Move,browsing
1569711845.674,1855,480,None,Move,browsing
1569711845.685,1851,472,None,Move,browsing
1569711845.696,1845,465,None,Move,browsing
1569711845.707,1841,456,None,Move,browsing
1569711845.719,1836,448,None,Move,browsing
1569711845.73,1832,439,None,Move,browsing
1569711845.7410002,1828,433,None,Move,browsing
1569711845.752,1825,428,None,Move,browsing
1569711845.7629998,1823,421,None,Move,browsing
1569711845.774,1821,418,None,Move,browsing
1569711845.785,1819,416,None,Move,browsing
1569711845.795,1818,414,None,Move,browsing
1569711845.8070002,1817,412,None,Move,browsing
1569711845.816,1817,412,None,Move,browsing
1569711845.826,1816,411,None,Move,browsing
1569711845.837,1816,410,None,Move,browsing
1569711845.8479998,1815,410,None,Move,browsing
1569711845.859,1814,410,None,Move,browsing
1569711845.87,1813,410,None,Move,browsing
1569711845.883,1812,410,None,Move,browsing
1569711846.623,1812,402,None,Move,browsing
1569711846.6339998,1811,392,None,Move,browsing
1569711846.644,1811,382,None,Move,browsing
1569711846.655,1810,374,None,Move,browsing
1569711846.666,1810,368,None,Move,browsing
1569711846.677,1809,365,None,Move,browsing
1569711846.688,1809,361,None,Move,browsing
1569711846.699,1809,358,None,Move,browsing
1569711846.712,1809,356,None,Move,browsing
1569711846.725,1807,353,None,Move,browsing
1569711846.734,1807,350,None,Move,browsing
1569711846.745,1807,348,None,Move,browsing
1569711846.756,1807,346,None,Move,browsing
1569711846.768,1807,345,None,Move,browsing
1569711846.779,1807,344,None,Move,browsing
1569711846.79,1806,342,None,Move,browsing
1569711846.802,1806,341,None,Move,browsing
1569711846.8170002,1806,341,None,Move,browsing
1569711846.827,1806,340,None,Move,browsing
1569711846.84,1806,339,None,Move,browsing
1569711846.851,1806,338,None,Move,browsing
1569711846.8620002,1805,338,None,Move,browsing
1569711846.873,1805,337,None,Move,browsing
1569711846.885,1805,336,None,Move,browsing
1569711846.895,1804,335,None,Move,browsing
1569711846.907,1803,334,None,Move,browsing
1569711846.919,1803,333,None,Move,browsing
1569711846.93,1803,333,None,Move,browsing
1569711846.941,1801,332,None,Move,browsing
1569711846.952,1801,331,None,Move,browsing
1569711846.9629998,1801,331,None,Move,browsing
1569711846.972,1801,331,None,Move,browsing
1569711846.985,1800,329,None,Move,browsing
1569711846.995,1800,329,None,Move,browsing
1569711847.005,1800,328,None,Move,browsing
1569711847.014,1800,328,None,Move,browsing
1569711847.0229998,1799,327,None,Move,browsing
1569711847.034,1798,326,None,Move,browsing
1569711847.045,1798,326,None,Move,browsing
1569711847.055,1797,324,None,Move,browsing
1569711847.064,1796,323,None,Move,browsing
1569711847.074,1796,321,None,Move,browsing
1569711847.083,1796,320,None,Move,browsing
1569711847.092,1795,320,None,Move,browsing
1569711847.103,1794,318,None,Move,browsing
1569711847.113,1793,316,None,Move,browsing
1569711847.125,1792,315,None,Move,browsing
1569711847.135,1792,314,None,Move,browsing
1569711847.147,1791,312,None,Move,browsing
1569711847.158,1791,311,None,Move,browsing
1569711847.168,1791,310,None,Move,browsing
1569711847.178,1791,310,None,Move,browsing
1569711847.189,1791,309,None,Move,browsing
1569711847.197,1791,308,None,Move,browsing
1569711847.209,1791,308,None,Move,browsing
1569711847.22,1791,307,None,Move,browsing
1569711847.231,1791,306,None,Move,browsing
1569711847.246,1791,305,None,Move,browsing
1569711847.258,1791,304,None,Move,browsing
1569711847.268,1791,303,None,Move,browsing
1569711847.283,1791,303,None,Move,browsing
1569711847.298,1791,302,None,Move,browsing
1569711847.314,1791,301,None,Move,browsing
1569711847.326,1791,300,None,Move,browsing
1569711847.336,1791,299,None,Move,browsing
1569711847.345,1791,297,None,Move,browsing
1569711847.356,1791,297,None,Move,browsing
1569711847.367,1791,296,None,Move,browsing
1569711847.377,1791,296,None,Move,browsing
1569711847.3879998,1791,295,None,Move,browsing
1569711847.399,1791,294,None,Move,browsing
1569711847.409,1791,292,None,Move,browsing
1569711847.418,1791,291,None,Move,browsing
1569711847.427,1791,290,None,Move,browsing
1569711847.437,1792,289,None,Move,browsing
1569711847.447,1792,288,None,Move,browsing
1569711847.458,1792,287,None,Move,browsing
1569711847.467,1792,286,None,Move,browsing
1569711847.476,1792,285,None,Move,browsing
1569711847.486,1792,284,None,Move,browsing
1569711847.494,1793,284,None,Move,browsing
1569711847.515,1793,283,None,Move,browsing
1569711847.53,1793,282,None,Move,browsing
1569711847.56,1793,282,None,Move,browsing
1569711847.619,1793,281,None,Move,browsing
1569711849.085,1793,282,None,Move,browsing
1569711849.096,1793,285,None,Move,browsing
1569711849.105,1793,289,None,Move,browsing
1569711849.119,1793,290,None,Move,browsing
1569711849.1279998,1793,291,None,Move,browsing
1569711849.1379998,1793,293,None,Move,browsing
1569711849.15,1793,294,None,Move,browsing
1569711849.158,1793,295,None,Move,browsing
1569711849.169,1793,296,None,Move,browsing
1569711849.179,1793,297,None,Move,browsing
1569711849.1929998,1793,299,None,Move,browsing
1569711849.208,1793,299,None,Move,browsing
1569711849.224,1793,300,None,Move,browsing
1569711849.234,1793,301,None,Move,browsing
1569711849.242,1793,301,None,Move,browsing
1569711849.252,1793,302,None,Move,browsing
1569711849.262,1794,303,None,Move,browsing
1569711849.2729998,1794,304,None,Move,browsing
1569711849.285,1794,304,None,Move,browsing
1569711849.296,1794,305,None,Move,browsing
1569711849.312,1794,305,None,Move,browsing
1569711849.325,1794,306,None,Move,browsing
1569711849.3620002,1794,307,None,Move,browsing
1569711849.908,1794,307,Left,Pressed,browsing
1569711850.123,1794,307,Left,Released,browsing
1569711852.03,1784,312,None,Move,browsing
1569711852.04,1768,321,None,Move,browsing
1569711852.053,1748,333,None,Move,browsing
1569711852.064,1729,341,None,Move,browsing
1569711852.074,1703,354,None,Move,browsing
1569711852.085,1676,363,None,Move,browsing
1569711852.095,1650,376,None,Move,browsing
1569711852.105,1612,386,None,Move,browsing
1569711852.115,1587,397,None,Move,browsing
1569711852.125,1563,406,None,Move,browsing
1569711852.135,1544,414,None,Move,browsing
1569711852.145,1525,423,None,Move,browsing
1569711852.153,1504,430,None,Move,browsing
1569711852.163,1492,435,None,Move,browsing
1569711852.1720002,1483,439,None,Move,browsing
1569711852.181,1474,444,None,Move,browsing
1569711852.19,1467,446,None,Move,browsing
1569711852.199,1458,449,None,Move,browsing
1569711852.208,1451,451,None,Move,browsing
1569711852.218,1448,454,None,Move,browsing
1569711852.23,1444,455,None,Move,browsing
1569711852.2410002,1443,455,None,Move,browsing
1569711852.252,1441,456,None,Move,browsing
1569711852.2629998,1439,458,None,Move,browsing
1569711852.2729998,1437,462,None,Move,browsing
1569711852.284,1434,465,None,Move,browsing
1569711852.3,1432,472,None,Move,browsing
1569711852.311,1430,476,None,Move,browsing
1569711852.322,1428,482,None,Move,browsing
1569711852.333,1426,489,None,Move,browsing
1569711852.344,1425,494,None,Move,browsing
1569711852.354,1425,501,None,Move,browsing
1569711852.365,1425,508,None,Move,browsing
1569711852.375,1425,516,None,Move,browsing
1569711852.3860002,1425,522,None,Move,browsing
1569711852.396,1426,527,None,Move,browsing
1569711852.408,1427,533,None,Move,browsing
1569711852.418,1428,538,None,Move,browsing
1569711852.428,1430,543,None,Move,browsing
1569711852.438,1432,548,None,Move,browsing
1569711852.449,1434,552,None,Move,browsing
1569711852.46,1436,554,None,Move,browsing
1569711852.47,1439,559,None,Move,browsing
1569711852.482,1441,562,None,Move,browsing
1569711852.492,1442,565,None,Move,browsing
1569711852.5010002,1444,567,None,Move,browsing
1569711852.512,1447,569,None,Move,browsing
1569711852.522,1449,571,None,Move,browsing
1569711852.533,1451,571,None,Move,browsing
1569711852.544,1452,573,None,Move,browsing
1569711852.555,1454,573,None,Move,browsing
1569711853.346,1468,565,None,Move,browsing
1569711853.365,1491,551,None,Move,browsing
1569711853.381,1517,538,None,Move,browsing
1569711853.39,1539,530,None,Move,browsing
1569711853.399,1564,519,None,Move,browsing
1569711853.409,1585,510,None,Move,browsing
1569711853.42,1619,500,None,Move,browsing
1569711853.431,1632,494,None,Move,browsing
1569711853.441,1654,489,None,Move,browsing
1569711853.452,1669,486,None,Move,browsing
1569711853.462,1688,482,None,Move,browsing
1569711853.474,1703,481,None,Move,browsing
1569711853.4870002,1716,481,None,Move,browsing
1569711853.502,1730,481,None,Move,browsing
1569711853.5129998,1741,481,None,Move,browsing
1569711853.525,1749,481,None,Move,browsing
1569711853.539,1756,481,None,Move,browsing
1569711853.55,1760,482,None,Move,browsing
1569711853.562,1761,482,None,Move,browsing
1569711853.573,1763,482,None,Move,browsing
1569711853.584,1764,482,None,Move,browsing
1569711853.596,1766,482,None,Move,browsing
1569711853.6079998,1766,483,None,Move,browsing
1569711853.617,1766,483,None,Move,browsing
1569711853.6279998,1767,483,None,Move,browsing
1569711853.6379998,1768,483,None,Move,browsing
1569711853.647,1768,484,None,Move,browsing
1569711853.666,1768,485,None,Move,browsing
1569711853.998,1769,483,None,Move,browsing
1569711854.016,1771,476,None,Move,browsing
1569711854.035,1775,467,None,Move,browsing
1569711854.052,1776,460,None,Move,browsing
1569711854.063,1777,456,None,Move,browsing
1569711854.074,1778,452,None,Move,browsing
1569711854.084,1779,449,None,Move,browsing
1569711854.095,1781,446,None,Move,browsing
1569711854.106,1782,442,None,Move,browsing
1569711854.117,1782,440,None,Move,browsing
1569711854.1279998,1782,438,None,Move,browsing
1569711854.137,1782,436,None,Move,browsing
1569711854.149,1782,434,None,Move,browsing
1569711854.16,1782,433,None,Move,browsing
1569711854.17,1782,430,None,Move,browsing
1569711854.181,1782,429,None,Move,browsing
1569711854.191,1782,427,None,Move,browsing
1569711854.202,1782,425,None,Move,browsing
1569711854.212,1782,423,None,Move,browsing
1569711854.222,1782,422,None,Move,browsing
1569711854.2329998,1782,420,None,Move,browsing
1569711854.245,1782,419,None,Move,browsing
1569711854.255,1782,417,None,Move,browsing
1569711854.268,1782,416,None,Move,browsing
1569711854.279,1782,416,None,Move,browsing
1569711854.29,1782,414,None,Move,browsing
1569711854.299,1782,414,None,Move,browsing
1569711854.31,1782,412,None,Move,browsing
1569711854.321,1782,411,None,Move,browsing
1569711854.332,1782,410,None,Move,browsing
1569711854.343,1782,410,None,Move,browsing
1569711854.354,1782,408,None,Move,browsing
1569711854.3639998,1782,406,None,Move,browsing
1569711854.375,1782,405,None,Move,browsing
1569711854.387,1782,404,None,Move,browsing
1569711854.3979998,1782,403,None,Move,browsing
1569711854.407,1782,402,None,Move,browsing
1569711854.419,1782,402,None,Move,browsing
1569711854.43,1782,401,None,Move,browsing
1569711854.44,1782,400,None,Move,browsing
1569711854.461,1782,399,None,Move,browsing
1569711854.8070002,1782,399,Left,Pressed,browsing
1569711855.021,1782,399,Left,Released,browsing
1569711855.95,1770,403,None,Move,browsing
1569711855.961,1747,412,None,Move,browsing
1569711855.971,1719,422,None,Move,browsing
1569711855.982,1681,434,None,Move,browsing
1569711855.9929998,1649,449,None,Move,browsing
1569711856.006,1621,458,None,Move,browsing
1569711856.0170002,1593,469,None,Move,browsing
1569711856.028,1555,484,None,Move,browsing
1569711856.042,1496,509,None,Move,browsing
1569711856.053,1461,523,None,Move,browsing
1569711856.064,1431,541,None,Move,browsing
1569711856.075,1401,559,None,Move,browsing
1569711856.086,1384,570,None,Move,browsing
1569711856.096,1369,583,None,Move,browsing
1569711856.107,1354,597,None,Move,browsing
1569711856.1179998,1342,606,None,Move,browsing
1569711856.129,1334,616,None,Move,browsing
1569711856.139,1326,625,None,Move,browsing
1569711856.151,1320,633,None,Move,browsing
1569711856.1620002,1316,642,None,Move,browsing
1569711856.174,1313,648,None,Move,browsing
1569711856.184,1311,652,None,Move,browsing
1569711856.196,1310,658,None,Move,browsing
1569711856.206,1310,660,None,Move,browsing
1569711856.216,1310,664,None,Move,browsing
1569711856.225,1310,666,None,Move,browsing
1569711856.984,1305,663,None,Move,browsing
1569711856.995,1291,654,None,Move,browsing
1569711857.005,1275,643,None,Move,browsing
1569711857.015,1244,623,None,Move,browsing
1569711857.025,1216,603,None,Move,browsing
1569711857.035,1192,587,None,Move,browsing
1569711857.044,1166,574,None,Move,browsing
1569711857.055,1144,564,None,Move,browsing
1569711857.064,1120,557,None,Move,browsing
1569711857.075,1100,552,None,Move,browsing
1569711857.085,1085,549,None,Move,browsing
1569711857.095,1070,545,None,Move,browsing
1569711857.105,1063,544,None,Move,browsing
1569711857.1160002,1052,542,None,Move,browsing
1569711857.1260002,1044,541,None,Move,browsing
1569711857.1360002,1037,541,None,Move,browsing
1569711857.149,1032,541,None,Move,browsing
1569711857.158,1028,541,None,Move,browsing
1569711857.168,1025,541,None,Move,browsing
1569711857.177,1023,541,None,Move,browsing
1569711857.186,1020,542,None,Move,browsing
1569711857.198,1019,543,None,Move,browsing
1569711857.208,1018,545,None,Move,browsing
1569711857.219,1017,546,None,Move,browsing
1569711857.643,1025,552,None,Move,browsing
1569711857.665,1036,559,None,Move,browsing
1569711857.687,1048,568,None,Move,browsing
1569711857.707,1059,576,None,Move,browsing
1569711857.719,1069,583,None,Move,browsing
1569711857.731,1077,591,None,Move,browsing
1569711857.74,1086,597,None,Move,browsing
1569711857.75,1093,603,None,Move,browsing
1569711857.7610002,1099,608,None,Move,browsing
1569711857.774,1105,611,None,Move,browsing
1569711857.785,1108,616,None,Move,browsing
1569711857.796,1113,620,None,Move,browsing
1569711857.8070002,1116,622,None,Move,browsing
1569711857.8170002,1119,623,None,Move,browsing
1569711857.827,1121,624,None,Move,browsing
1569711857.837,1123,625,None,Move,browsing
1569711857.8479998,1125,626,None,Move,browsing
1569711857.8579998,1127,626,None,Move,browsing
1569711857.869,1128,626,None,Move,browsing
1569711857.88,1132,626,None,Move,browsing
1569711857.8920002,1133,626,None,Move,browsing
1569711857.9020002,1136,626,None,Move,browsing
1569711857.913,1137,626,None,Move,browsing
1569711857.924,1139,626,None,Move,browsing
1569711857.934,1140,626,None,Move,browsing
1569711857.945,1142,626,None,Move,browsing
1569711857.957,1144,626,None,Move,browsing
1569711857.967,1148,626,None,Move,browsing
1569711857.978,1149,626,None,Move,browsing
1569711857.9929998,1154,626,None,Move,browsing
1569711858.004,1156,626,None,Move,browsing
1569711858.015,1163,626,None,Move,browsing
1569711858.025,1168,626,None,Move,browsing
1569711858.034,1172,626,None,Move,browsing
1569711858.046,1177,627,None,Move,browsing
1569711858.06,1180,629,None,Move,browsing
1569711858.071,1183,629,None,Move,browsing
1569711858.08,1186,629,None,Move,browsing
1569711858.092,1188,629,None,Move,browsing
1569711858.1,1190,629,None,Move,browsing
1569711858.109,1192,630,None,Move,browsing
1569711858.119,1194,630,None,Move,browsing
1569711858.13,1196,631,None,Move,browsing
1569711858.1420002,1197,631,None,Move,browsing
1569711858.1520002,1199,631,None,Move,browsing
1569711858.163,1200,631,None,Move,browsing
1569711858.175,1201,631,None,Move,browsing
1569711858.185,1203,632,None,Move,browsing
1569711858.197,1206,632,None,Move,browsing
1569711858.208,1208,632,None,Move,browsing
1569711858.218,1210,632,None,Move,browsing
1569711858.23,1212,632,None,Move,browsing
1569711858.2410002,1212,632,None,Move,browsing
1569711858.2510002,1213,632,None,Move,browsing
1569711858.262,1214,632,None,Move,browsing
1569711858.275,1215,632,None,Move,browsing
1569711859.109,1215,632,None,Move,browsing
1569711859.1239998,1215,632,None,Move,browsing
1569711859.1339998,1215,631,None,Move,browsing
1569711859.1479998,1215,630,None,Move,browsing
1569711859.163,1215,630,None,Move,browsing
1569711859.179,1215,629,None,Move,browsing
1569711859.201,1215,628,None,Move,browsing
1569711859.238,1215,627,None,Move,browsing
1569711859.339,1216,627,None,Move,browsing
1569711861.306,1226,626,None,Move,browsing
1569711861.3170002,1239,623,None,Move,browsing
1569711861.3279998,1251,621,None,Move,browsing
1569711861.339,1264,621,None,Move,browsing
1569711861.347,1274,621,None,Move,browsing
1569711861.357,1285,621,None,Move,browsing
1569711861.369,1295,622,None,Move,browsing
1569711861.38,1305,625,None,Move,browsing
1569711861.391,1315,626,None,Move,browsing
1569711861.401,1324,627,None,Move,browsing
1569711861.4120002,1331,629,None,Move,browsing
1569711861.423,1336,630,None,Move,browsing
1569711861.434,1341,630,None,Move,browsing
1569711861.4429998,1348,631,None,Move,browsing
1569711861.4529998,1355,631,None,Move,browsing
1569711861.464,1362,631,None,Move,browsing
1569711861.475,1367,631,None,Move,browsing
1569711861.4870002,1372,631,None,Move,browsing
1569711861.4970002,1378,631,None,Move,browsing
1569711861.508,1382,631,None,Move,browsing
1569711861.519,1386,631,None,Move,browsing
1569711861.53,1390,631,None,Move,browsing
1569711861.543,1394,631,None,Move,browsing
1569711861.554,1396,631,None,Move,browsing
1569711861.564,1399,631,None,Move,browsing
1569711861.576,1400,631,None,Move,browsing
1569711861.586,1402,631,None,Move,browsing
1569711861.595,1403,631,None,Move,browsing
1569711861.607,1404,631,None,Move,browsing
1569711861.6179998,1405,631,None,Move,browsing
1569711861.629,1405,631,None,Move,browsing
1569711861.64,1406,631,None,Move,browsing
1569711861.651,1407,631,None,Move,browsing
1569711861.661,1408,631,None,Move,browsing
1569711861.6720002,1409,631,None,Move,browsing
1569711861.684,1410,631,None,Move,browsing
1569711861.695,1412,631,None,Move,browsing
1569711861.706,1413,631,None,Move,browsing
1569711861.718,1416,631,None,Move,browsing
1569711861.728,1417,631,None,Move,browsing
1569711861.7389998,1420,631,None,Move,browsing
1569711861.7489998,1421,631,None,Move,browsing
1569711861.76,1424,631,None,Move,browsing
1569711861.771,1425,631,None,Move,browsing
1569711861.781,1427,631,None,Move,browsing
1569711861.791,1427,631,None,Move,browsing
1569711861.804,1428,631,None,Move,browsing
1569711861.814,1428,631,None,Move,browsing
1569711861.827,1429,631,None,Move,browsing
1569711861.837,1430,631,None,Move,browsing
1569711861.8479998,1430,631,None,Move,browsing
1569711861.86,1431,631,None,Move,browsing
1569711861.881,1432,631,None,Move,browsing
1569711861.896,1433,631,None,Move,browsing
1569711861.906,1433,631,None,Move,browsing
1569711861.918,1435,631,None,Move,browsing
1569711861.928,1435,631,None,Move,browsing
1569711861.94,1436,631,None,Move,browsing
1569711861.949,1437,631,None,Move,browsing
1569711861.96,1437,631,None,Move,browsing
1569711861.972,1438,631,None,Move,browsing
1569711861.981,1439,631,None,Move,browsing
1569711861.9929998,1441,630,None,Move,browsing
1569711862.0070002,1442,630,None,Move,browsing
1569711862.018,1442,629,None,Move,browsing
1569711862.03,1443,629,None,Move,browsing
1569711862.046,1444,629,None,Move,browsing
1569711862.056,1444,628,None,Move,browsing
1569711862.0679998,1445,628,None,Move,browsing
1569711862.09,1445,628,None,Move,browsing
1569711862.101,1445,628,None,Move,browsing
1569711862.123,1446,628,None,Move,browsing
1569711862.143,1447,628,None,Move,browsing
1569711862.166,1448,628,None,Move,browsing
1569711862.8170002,1448,628,Left,Pressed,browsing
1569711863.033,1448,628,Left,Released,browsing
1569711868.699,1434,632,None,Move,browsing
1569711868.711,1411,637,None,Move,browsing
1569711868.722,1387,644,None,Move,browsing
1569711868.732,1356,653,None,Move,browsing
1569711868.742,1330,659,None,Move,browsing
1569711868.752,1296,671,None,Move,browsing
1569711868.7610002,1265,679,None,Move,browsing
1569711868.77,1228,692,None,Move,browsing
1569711868.78,1190,705,None,Move,browsing
1569711868.789,1165,714,None,Move,browsing
1569711868.801,1137,725,None,Move,browsing
1569711868.812,1113,734,None,Move,browsing
1569711868.823,1095,740,None,Move,browsing
1569711868.834,1080,745,None,Move,browsing
1569711868.847,1072,747,None,Move,browsing
1569711868.859,1061,753,None,Move,browsing
1569711868.869,1054,755,None,Move,browsing
1569711868.881,1048,758,None,Move,browsing
1569711868.891,1041,761,None,Move,browsing
1569711868.901,1036,762,None,Move,browsing
1569711868.91,1033,763,None,Move,browsing
1569711868.921,1031,764,None,Move,browsing
1569711868.9320002,1028,764,None,Move,browsing
1569711868.9429998,1027,764,None,Move,browsing
1569711868.954,1026,764,None,Move,browsing
1569711868.965,1025,764,None,Move,browsing
1569711868.976,1025,764,None,Move,browsing
1569711868.9870002,1024,764,None,Move,browsing
1569711868.996,1023,764,None,Move,browsing
1569711869.006,1022,764,None,Move,browsing
1569711869.0170002,1020,762,None,Move,browsing
1569711869.028,1018,760,None,Move,browsing
1569711869.038,1017,759,None,Move,browsing
1569711869.048,1016,757,None,Move,browsing
1569711869.0570002,1015,755,None,Move,browsing
1569711869.0670002,1014,753,None,Move,browsing
1569711869.0779998,1013,750,None,Move,browsing
1569711869.089,1013,747,None,Move,browsing
1569711869.1,1013,745,None,Move,browsing
1569711869.11,1013,742,None,Move,browsing
1569711869.12,1012,739,None,Move,browsing
1569711869.13,1012,738,None,Move,browsing
1569711869.141,1012,736,None,Move,browsing
1569711869.153,1012,734,None,Move,browsing
1569711869.163,1012,732,None,Move,browsing
1569711869.173,1012,731,None,Move,browsing
1569711869.1829998,1012,730,None,Move,browsing
1569711869.1920002,1012,730,None,Move,browsing
1569711869.202,1012,729,None,Move,browsing
1569711869.211,1012,728,None,Move,browsing
1569711869.221,1012,728,None,Move,browsing
1569711869.232,1012,727,None,Move,browsing
1569711869.242,1012,727,None,Move,browsing
1569711869.252,1013,725,None,Move,browsing
1569711869.262,1014,725,None,Move,browsing
1569711869.535,1014,725,Left,Pressed,browsing
1569711869.7489998,1014,725,Left,Released,browsing
1569711901.24,1026,725,None,Move,browsing
1569711901.254,1044,726,None,Move,browsing
1569711901.265,1068,731,None,Move,browsing
1569711901.279,1102,739,None,Move,browsing
1569711901.291,1125,744,None,Move,browsing
1569711901.302,1149,751,None,Move,browsing
1569711901.311,1183,759,None,Move,browsing
1569711901.323,1211,768,None,Move,browsing
1569711901.334,1232,776,None,Move,browsing
1569711901.344,1258,789,None,Move,browsing
1569711901.354,1285,806,None,Move,browsing
1569711901.3639998,1315,822,None,Move,browsing
1569711901.373,1339,839,None,Move,browsing
1569711901.383,1356,852,None,Move,browsing
1569711901.3920002,1375,867,None,Move,browsing
1569711901.401,1389,879,None,Move,browsing
1569711901.411,1403,889,None,Move,browsing
1569711901.421,1414,897,None,Move,browsing
1569711901.4320002,1423,904,None,Move,browsing
1569711901.4420002,1429,909,None,Move,browsing
1569711901.4529998,1432,912,None,Move,browsing
1569711901.465,1435,915,None,Move,browsing
1569711901.475,1437,917,None,Move,browsing
1569711901.486,1438,920,None,Move,browsing
1569711901.4970002,1439,921,None,Move,browsing
1569711901.5089998,1439,922,None,Move,browsing
1569711901.52,1439,922,None,Move,browsing
1569711901.528,1439,923,None,Move,browsing
1569711901.8639998,1455,917,None,Move,browsing
1569711901.8820002,1471,911,None,Move,browsing
1569711901.899,1484,906,None,Move,browsing
1569711901.91,1499,903,None,Move,browsing
1569711901.92,1513,900,None,Move,browsing
1569711901.931,1525,899,None,Move,browsing
1569711901.941,1534,897,None,Move,browsing
1569711901.952,1542,896,None,Move,browsing
1569711901.9629998,1546,896,None,Move,browsing
1569711901.972,1549,896,None,Move,browsing
1569711901.9829998,1552,896,None,Move,browsing
1569711901.995,1554,896,None,Move,browsing
1569711902.0070002,1556,896,None,Move,browsing
1569711902.018,1558,896,None,Move,browsing
1569711902.028,1562,895,None,Move,browsing
1569711902.039,1564,895,None,Move,browsing
1569711902.05,1566,894,None,Move,browsing
1569711902.06,1570,893,None,Move,browsing
1569711902.072,1573,891,None,Move,browsing
1569711902.084,1577,890,None,Move,browsing
1569711902.095,1580,889,None,Move,browsing
1569711902.104,1582,888,None,Move,browsing
1569711902.1160002,1584,887,None,Move,browsing
1569711902.125,1586,886,None,Move,browsing
1569711902.135,1588,885,None,Move,browsing
1569711902.145,1589,885,None,Move,browsing
1569711902.156,1591,883,None,Move,browsing
1569711902.166,1592,882,None,Move,browsing
1569711902.176,1593,882,None,Move,browsing
1569711902.186,1596,880,None,Move,browsing
1569711902.197,1597,879,None,Move,browsing
1569711902.207,1599,876,None,Move,browsing
1569711902.217,1601,874,None,Move,browsing
1569711902.2270002,1604,872,None,Move,browsing
1569711902.238,1605,871,None,Move,browsing
1569711902.2489998,1607,868,None,Move,browsing
1569711902.26,1610,867,None,Move,browsing
1569711902.27,1612,865,None,Move,browsing
1569711902.281,1615,862,None,Move,browsing
1569711902.292,1617,860,None,Move,browsing
1569711902.302,1620,859,None,Move,browsing
1569711902.314,1622,857,None,Move,browsing
1569711902.324,1624,855,None,Move,browsing
1569711902.335,1626,853,None,Move,browsing
1569711902.345,1629,850,None,Move,browsing
1569711902.356,1630,849,None,Move,browsing
1569711902.3679998,1632,848,None,Move,browsing
1569711902.3779998,1634,846,None,Move,browsing
1569711902.389,1636,844,None,Move,browsing
1569711902.4,1638,843,None,Move,browsing
1569711902.409,1640,841,None,Move,browsing
1569711902.421,1643,839,None,Move,browsing
1569711902.4329998,1645,838,None,Move,browsing
1569711902.4420002,1646,837,None,Move,browsing
1569711902.4529998,1649,836,None,Move,browsing
1569711902.462,1651,835,None,Move,browsing
1569711902.4729998,1651,834,None,Move,browsing
1569711902.484,1653,834,None,Move,browsing
1569711902.495,1654,833,None,Move,browsing
1569711902.506,1655,831,None,Move,browsing
1569711902.518,1655,830,None,Move,browsing
1569711902.528,1656,830,None,Move,browsing
1569711902.539,1657,830,None,Move,browsing
1569711902.549,1657,829,None,Move,browsing
1569711902.939,1657,829,Left,Pressed,browsing
1569711903.153,1657,829,Left,Released,browsing
1569711904.0570002,1653,828,None,Move,browsing
1569711904.079,1647,825,None,Move,browsing
1569711904.106,1639,819,None,Move,browsing
1569711904.1279998,1627,810,None,Move,browsing
1569711904.1420002,1615,802,None,Move,browsing
1569711904.156,1606,794,None,Move,browsing
1569711904.166,1594,784,None,Move,browsing
1569711904.178,1580,774,None,Move,browsing
1569711904.189,1570,766,None,Move,browsing
1569711904.199,1558,759,None,Move,browsing
1569711904.21,1545,749,None,Move,browsing
1569711904.221,1534,743,None,Move,browsing
1569711904.2329998,1522,736,None,Move,browsing
1569711904.245,1510,731,None,Move,browsing
1569711904.256,1498,724,None,Move,browsing
1569711904.268,1485,717,None,Move,browsing
1569711904.2770002,1471,710,None,Move,browsing
1569711904.289,1458,704,None,Move,browsing
1569711904.3,1445,697,None,Move,browsing
1569711904.315,1434,693,None,Move,browsing
1569711904.327,1420,688,None,Move,browsing
1569711904.337,1408,682,None,Move,browsing
1569711904.349,1399,678,None,Move,browsing
1569711904.36,1392,676,None,Move,browsing
1569711904.37,1383,671,None,Move,browsing
1569711904.3820002,1376,669,None,Move,browsing
1569711904.394,1371,668,None,Move,browsing
1569711904.406,1367,667,None,Move,browsing
1569711904.416,1364,667,None,Move,browsing
1569711904.424,1363,665,None,Move,browsing
1569711904.4329998,1361,665,None,Move,browsing
1569711904.4429998,1360,665,None,Move,browsing
1569711904.455,1359,665,None,Move,browsing
1569711904.465,1358,665,None,Move,browsing
1569711904.476,1357,665,None,Move,browsing
1569711906.671,1350,665,None,Move,browsing
1569711906.685,1342,665,None,Move,browsing
1569711906.695,1332,665,None,Move,browsing
1569711906.706,1321,664,None,Move,browsing
1569711906.718,1308,663,None,Move,browsing
1569711906.728,1294,661,None,Move,browsing
1569711906.738,1282,659,None,Move,browsing
1569711906.7489998,1270,654,None,Move,browsing
1569711906.7629998,1261,652,None,Move,browsing
1569711906.772,1251,650,None,Move,browsing
1569711906.784,1239,645,None,Move,browsing
1569711906.795,1230,642,None,Move,browsing
1569711906.806,1223,640,None,Move,browsing
1569711906.8170002,1214,637,None,Move,browsing
1569711906.829,1207,634,None,Move,browsing
1569711906.842,1203,633,None,Move,browsing
1569711906.8520002,1200,632,None,Move,browsing
1569711906.863,1197,630,None,Move,browsing
1569711906.873,1195,629,None,Move,browsing
1569711906.8820002,1194,628,None,Move,browsing
1569711906.891,1192,628,None,Move,browsing
1569711906.9020002,1192,627,None,Move,browsing
1569711906.914,1191,627,None,Move,browsing
1569711906.923,1190,627,None,Move,browsing
1569711906.934,1189,625,None,Move,browsing
1569711906.944,1188,625,None,Move,browsing
1569711906.955,1188,624,None,Move,browsing
1569711906.968,1186,623,None,Move,browsing
1569711906.978,1186,623,None,Move,browsing
1569711906.9889998,1185,621,None,Move,browsing
1569711907.0,1184,620,None,Move,browsing
1569711907.0129998,1184,618,None,Move,browsing
1569711907.024,1184,614,None,Move,browsing
1569711907.035,1184,612,None,Move,browsing
1569711907.046,1184,610,None,Move,browsing
1569711907.056,1184,607,None,Move,browsing
1569711907.0670002,1184,606,None,Move,browsing
1569711907.0779998,1185,604,None,Move,browsing
1569711907.089,1186,602,None,Move,browsing
1569711907.101,1187,600,None,Move,browsing
1569711907.1120002,1188,599,None,Move,browsing
1569711907.1220002,1190,599,None,Move,browsing
1569711907.133,1190,598,None,Move,browsing
1569711907.144,1191,596,None,Move,browsing
1569711907.157,1191,596,None,Move,browsing
1569711907.168,1192,596,None,Move,browsing
1569711907.179,1192,596,None,Move,browsing
1569711907.189,1193,596,None,Move,browsing
1569711907.198,1194,596,None,Move,browsing
1569711907.207,1195,596,None,Move,browsing
1569711907.216,1195,596,None,Move,browsing
1569711907.226,1196,596,None,Move,browsing
1569711907.236,1197,596,None,Move,browsing
1569711907.2470002,1199,596,None,Move,browsing
1569711907.2570002,1200,596,None,Move,browsing
1569711907.268,1202,596,None,Move,browsing
1569711907.279,1203,597,None,Move,browsing
1569711907.289,1205,597,None,Move,browsing
1569711907.3,1205,598,None,Move,browsing
1569711907.312,1207,598,None,Move,browsing
1569711907.321,1207,598,None,Move,browsing
1569711907.331,1209,599,None,Move,browsing
1569711907.341,1209,599,None,Move,browsing
1569711907.3520002,1210,600,None,Move,browsing
1569711907.363,1211,600,None,Move,browsing
1569711907.373,1211,600,None,Move,browsing
1569711907.3839998,1212,602,None,Move,browsing
1569711907.394,1213,602,None,Move,browsing
1569711907.405,1214,602,None,Move,browsing
1569711907.416,1215,602,None,Move,browsing
1569711907.427,1216,602,None,Move,browsing
1569711907.438,1217,602,None,Move,browsing
1569711907.448,1218,602,None,Move,browsing
1569711907.464,1218,602,None,Move,browsing
1569711907.475,1220,602,None,Move,browsing
1569711907.484,1220,602,None,Move,browsing
1569711907.495,1221,602,None,Move,browsing
1569711907.5070002,1221,602,None,Move,browsing
1569711907.518,1222,602,None,Move,browsing
1569711907.529,1222,602,None,Move,browsing
1569711907.54,1223,602,None,Move,browsing
1569711907.555,1225,602,None,Move,browsing
1569711907.918,1225,602,Left,Pressed,browsing
1569711908.1339998,1225,602,Left,Released,browsing
1569711908.457,1238,604,None,Move,browsing
1569711908.469,1253,605,None,Move,browsing
1569711908.481,1267,608,None,Move,browsing
1569711908.494,1281,612,None,Move,browsing
1569711908.504,1295,614,None,Move,browsing
1569711908.515,1310,620,None,Move,browsing
1569711908.524,1323,624,None,Move,browsing
1569711908.534,1337,629,None,Move,browsing
1569711908.545,1349,635,None,Move,browsing
1569711908.556,1361,639,None,Move,browsing
1569711908.566,1370,644,None,Move,browsing
1569711908.577,1380,648,None,Move,browsing
1569711908.587,1391,654,None,Move,browsing
1569711908.597,1401,660,None,Move,browsing
1569711908.607,1411,666,None,Move,browsing
1569711908.6179998,1420,672,None,Move,browsing
1569711908.629,1429,680,None,Move,browsing
1569711908.641,1438,685,None,Move,browsing
1569711908.651,1447,692,None,Move,browsing
1569711908.6620002,1456,697,None,Move,browsing
1569711908.673,1465,701,None,Move,browsing
1569711908.684,1472,705,None,Move,browsing
1569711908.695,1479,708,None,Move,browsing
1569711908.706,1482,710,None,Move,browsing
1569711908.717,1486,712,None,Move,browsing
1569711908.729,1489,714,None,Move,browsing
1569711908.7389998,1491,716,None,Move,browsing
1569711908.7489998,1494,718,None,Move,browsing
1569711908.7610002,1496,721,None,Move,browsing
1569711908.771,1500,723,None,Move,browsing
1569711908.783,1506,725,None,Move,browsing
1569711908.794,1512,729,None,Move,browsing
1569711908.804,1516,731,None,Move,browsing
1569711908.815,1521,732,None,Move,browsing
1569711908.826,1524,733,None,Move,browsing
1569711908.837,1527,734,None,Move,browsing
1569711908.8479998,1530,735,None,Move,browsing
1569711908.859,1534,735,None,Move,browsing
1569711908.869,1536,735,None,Move,browsing
1569711908.879,1538,735,None,Move,browsing
1569711908.889,1541,735,None,Move,browsing
1569711908.8979998,1543,735,None,Move,browsing
1569711908.907,1545,735,None,Move,browsing
1569711908.918,1549,735,None,Move,browsing
1569711908.928,1551,735,None,Move,browsing
1569711908.939,1555,735,None,Move,browsing
1569711908.951,1556,735,None,Move,browsing
1569711908.9629998,1560,735,None,Move,browsing
1569711908.9729998,1563,734,None,Move,browsing
1569711908.984,1568,733,None,Move,browsing
1569711908.996,1572,731,None,Move,browsing
1569711909.006,1579,727,None,Move,browsing
1569711909.0170002,1585,722,None,Move,browsing
1569711909.028,1590,718,None,Move,browsing
1569711909.038,1597,713,None,Move,browsing
1569711909.049,1601,711,None,Move,browsing
1569711909.06,1605,709,None,Move,browsing
1569711909.072,1609,707,None,Move,browsing
1569711909.082,1611,707,None,Move,browsing
1569711909.093,1613,706,None,Move,browsing
1569711909.103,1616,705,None,Move,browsing
1569711909.115,1617,704,None,Move,browsing
1569711909.127,1618,704,None,Move,browsing
1569711909.137,1619,704,None,Move,browsing
1569711909.151,1619,704,None,Move,browsing
1569711909.159,1621,704,None,Move,browsing
1569711909.169,1621,704,None,Move,browsing
1569711909.18,1622,704,None,Move,browsing
1569711909.1929998,1623,704,None,Move,browsing
1569711909.204,1623,704,None,Move,browsing
1569711909.216,1624,704,None,Move,browsing
1569711909.226,1624,704,None,Move,browsing
1569711909.2429998,1626,704,None,Move,browsing
1569711909.2529998,1627,704,None,Move,browsing
1569711909.265,1627,704,None,Move,browsing
1569711909.28,1628,704,None,Move,browsing
1569711909.6279998,1628,704,Left,Pressed,browsing
1569711909.843,1628,704,Left,Released,browsing
1569711910.518,1618,705,None,Move,browsing
1569711910.542,1603,706,None,Move,browsing
1569711910.5670002,1588,706,None,Move,browsing
1569711910.591,1573,706,None,Move,browsing
1569711910.617,1558,705,None,Move,browsing
1569711910.6420002,1539,704,None,Move,browsing
1569711910.663,1526,701,None,Move,browsing
1569711910.6829998,1514,697,None,Move,browsing
1569711910.705,1509,696,None,Move,browsing
1569711910.726,1506,695,None,Move,browsing
1569711910.74,1504,695,None,Move,browsing
1569711910.754,1503,694,None,Move,browsing
1569711910.768,1502,694,None,Move,browsing
1569711910.782,1501,693,None,Move,browsing
1569711910.796,1500,693,None,Move,browsing
1569711910.81,1500,693,None,Move,browsing
1569711910.825,1499,693,None,Move,browsing
1569711910.837,1498,693,None,Move,browsing
1569711910.851,1497,693,None,Move,browsing
1569711910.8639998,1497,692,None,Move,browsing
1569711910.879,1496,691,None,Move,browsing
1569711910.893,1496,690,None,Move,browsing
1569711910.906,1496,689,None,Move,browsing
1569711910.92,1496,687,None,Move,browsing
1569711910.934,1496,684,None,Move,browsing
1569711910.947,1497,683,None,Move,browsing
1569711910.958,1500,681,None,Move,browsing
1569711910.974,1502,678,None,Move,browsing
1569711910.985,1508,676,None,Move,browsing
1569711910.995,1515,672,None,Move,browsing
1569711911.005,1521,671,None,Move,browsing
1569711911.016,1524,671,None,Move,browsing
1569711911.0270002,1531,671,None,Move,browsing
1569711911.038,1536,671,None,Move,browsing
1569711911.048,1539,671,None,Move,browsing
1569711911.06,1543,673,None,Move,browsing
1569711911.071,1546,674,None,Move,browsing
1569711911.083,1552,677,None,Move,browsing
1569711911.093,1554,677,None,Move,browsing
1569711911.103,1558,679,None,Move,browsing
1569711911.113,1560,680,None,Move,browsing
1569711911.125,1563,682,None,Move,browsing
1569711911.1360002,1565,684,None,Move,browsing
1569711911.1479998,1568,687,None,Move,browsing
1569711911.159,1571,690,None,Move,browsing
1569711911.17,1572,692,None,Move,browsing
1569711911.181,1575,695,None,Move,browsing
1569711911.1920002,1576,697,None,Move,browsing
1569711911.202,1579,699,None,Move,browsing
1569711911.214,1583,704,None,Move,browsing
1569711911.225,1588,708,None,Move,browsing
1569711911.236,1592,713,None,Move,browsing
1569711911.2489998,1598,719,None,Move,browsing
1569711911.2589998,1601,722,None,Move,browsing
1569711911.269,1606,728,None,Move,browsing
1569711911.28,1609,730,None,Move,browsing
1569711911.292,1611,732,None,Move,browsing
1569711911.306,1613,734,None,Move,browsing
1569711911.316,1614,735,None,Move,browsing
1569711911.326,1614,735,None,Move,browsing
1569711911.336,1615,736,None,Move,browsing
1569711911.346,1616,737,None,Move,browsing
1569711911.3579998,1616,738,None,Move,browsing
1569711911.3679998,1616,738,None,Move,browsing
1569711911.381,1617,739,None,Move,browsing
1569711911.391,1618,739,None,Move,browsing
1569711911.401,1618,740,None,Move,browsing
1569711911.4120002,1619,740,None,Move,browsing
1569711911.4220002,1619,741,None,Move,browsing
1569711911.4320002,1619,743,None,Move,browsing
1569711911.4420002,1619,744,None,Move,browsing
1569711911.849,1631,743,None,Move,browsing
1569711911.8579998,1644,740,None,Move,browsing
1569711911.867,1656,739,None,Move,browsing
1569711911.879,1664,738,None,Move,browsing
1569711911.889,1675,735,None,Move,browsing
1569711911.899,1680,735,None,Move,browsing
1569711911.911,1687,735,None,Move,browsing
1569711911.921,1691,735,None,Move,browsing
1569711911.9320002,1696,735,None,Move,browsing
1569711911.9420002,1697,735,None,Move,browsing
1569711911.952,1700,735,None,Move,browsing
1569711911.962,1701,735,None,Move,browsing
1569711911.972,1703,736,None,Move,browsing
1569711911.981,1705,736,None,Move,browsing
1569711911.9910002,1707,736,None,Move,browsing
1569711912.0,1709,736,None,Move,browsing
1569711912.0110002,1709,736,None,Move,browsing
1569711912.022,1711,737,None,Move,browsing
1569711912.032,1712,737,None,Move,browsing
1569711912.043,1714,738,None,Move,browsing
1569711912.053,1715,738,None,Move,browsing
1569711912.064,1716,738,None,Move,browsing
1569711912.073,1717,738,None,Move,browsing
1569711912.084,1718,738,None,Move,browsing
1569711912.095,1718,738,None,Move,browsing
1569711912.106,1719,738,None,Move,browsing
1569711912.117,1720,738,None,Move,browsing
1569711912.129,1720,738,None,Move,browsing
1569711912.159,1721,738,None,Move,browsing
1569711912.179,1721,738,None,Move,browsing
1569711912.19,1721,735,None,Move,browsing
1569711912.2,1721,730,None,Move,browsing
1569711912.21,1719,726,None,Move,browsing
1569711912.221,1717,721,None,Move,browsing
1569711912.2329998,1714,718,None,Move,browsing
1569711912.244,1712,717,None,Move,browsing
1569711912.256,1710,715,None,Move,browsing
1569711912.266,1706,713,None,Move,browsing
1569711912.2770002,1704,711,None,Move,browsing
1569711912.286,1700,709,None,Move,browsing
1569711912.296,1697,707,None,Move,browsing
1569711912.309,1693,706,None,Move,browsing
1569711912.32,1691,705,None,Move,browsing
1569711912.333,1689,705,None,Move,browsing
1569711912.347,1686,705,None,Move,browsing
1569711912.357,1684,705,None,Move,browsing
1569711912.3660002,1681,705,None,Move,browsing
1569711912.377,1679,705,None,Move,browsing
1569711912.387,1679,705,None,Move,browsing
1569711912.3979998,1678,705,None,Move,browsing
1569711912.409,1678,705,None,Move,browsing
1569711912.419,1676,705,None,Move,browsing
1569711912.431,1676,705,None,Move,browsing
1569711912.4429998,1675,705,None,Move,browsing
1569711912.454,1675,705,None,Move,browsing
1569711912.464,1674,705,None,Move,browsing
1569711912.475,1673,705,None,Move,browsing
1569711912.485,1673,705,None,Move,browsing
1569711912.4970002,1673,704,None,Move,browsing
1569711912.508,1673,703,None,Move,browsing
1569711912.518,1673,702,None,Move,browsing
1569711912.8070002,1673,702,Left,Pressed,browsing
1569711913.022,1673,702,Left,Released,browsing
1569711914.8379998,1667,702,None,Move,browsing
1569711914.849,1660,703,None,Move,browsing
1569711914.86,1653,704,None,Move,browsing
1569711914.87,1644,704,None,Move,browsing
1569711914.8820002,1630,704,None,Move,browsing
1569711914.891,1617,701,None,Move,browsing
1569711914.9020002,1603,698,None,Move,browsing
1569711914.913,1588,694,None,Move,browsing
1569711914.9220002,1572,687,None,Move,browsing
1569711914.931,1555,681,None,Move,browsing
1569711914.941,1536,674,None,Move,browsing
1569711914.952,1518,667,None,Move,browsing
1569711914.9629998,1500,661,None,Move,browsing
1569711914.9729998,1483,652,None,Move,browsing
1569711914.9829998,1468,646,None,Move,browsing
1569711914.994,1450,637,None,Move,browsing
1569711915.006,1435,629,None,Move,browsing
1569711915.016,1421,622,None,Move,browsing
1569711915.0270002,1407,614,None,Move,browsing
1569711915.0370002,1395,608,None,Move,browsing
1569711915.0470002,1388,602,None,Move,browsing
1569711915.059,1375,594,None,Move,browsing
1569711915.07,1369,586,None,Move,browsing
1569711915.08,1359,580,None,Move,browsing
1569711915.089,1352,572,None,Move,browsing
1569711915.1,1346,564,None,Move,browsing
1569711915.11,1343,560,None,Move,browsing
1569711915.121,1338,552,None,Move,browsing
1569711915.1320002,1335,546,None,Move,browsing
1569711915.143,1332,542,None,Move,browsing
1569711915.156,1330,538,None,Move,browsing
1569711915.167,1328,536,None,Move,browsing
1569711915.178,1327,534,None,Move,browsing
1569711915.189,1326,533,None,Move,browsing
1569711915.79,1312,534,None,Move,browsing
1569711915.81,1295,537,None,Move,browsing
1569711915.829,1272,540,None,Move,browsing
1569711915.843,1251,540,None,Move,browsing
1569711915.853,1224,540,None,Move,browsing
1569711915.863,1200,540,None,Move,browsing
1569711915.8739998,1179,540,None,Move,browsing
1569711915.8860002,1155,540,None,Move,browsing
1569711915.896,1139,539,None,Move,browsing
1569711915.907,1124,537,None,Move,browsing
1569711915.919,1111,536,None,Move,browsing
1569711915.93,1099,534,None,Move,browsing
1569711915.941,1092,533,None,Move,browsing
1569711915.952,1084,532,None,Move,browsing
1569711915.962,1075,530,None,Move,browsing
1569711915.972,1073,530,None,Move,browsing
1569711915.9829998,1069,529,None,Move,browsing
1569711915.994,1066,528,None,Move,browsing
1569711916.0029998,1063,528,None,Move,browsing
1569711916.012,1061,528,None,Move,browsing
1569711916.024,1061,528,None,Move,browsing
1569711916.035,1060,527,None,Move,browsing
1569711916.045,1059,527,None,Move,browsing
1569711916.0570002,1058,527,None,Move,browsing
1569711916.0679998,1057,526,None,Move,browsing
1569711916.0779998,1056,526,None,Move,browsing
1569711916.15,1056,526,None,Move,browsing
1569711916.163,1056,527,None,Move,browsing
1569711916.177,1060,530,None,Move,browsing
1569711916.188,1063,535,None,Move,browsing
1569711916.198,1067,541,None,Move,browsing
1569711916.209,1069,545,None,Move,browsing
1569711916.22,1072,551,None,Move,browsing
1569711916.231,1076,557,None,Move,browsing
1569711916.2410002,1081,564,None,Move,browsing
1569711916.2510002,1085,570,None,Move,browsing
1569711916.2610002,1087,578,None,Move,browsing
1569711916.272,1092,585,None,Move,browsing
1569711916.281,1094,590,None,Move,browsing
1569711916.293,1097,593,None,Move,browsing
1569711916.303,1099,596,None,Move,browsing
1569711916.314,1101,601,None,Move,browsing
1569711916.326,1105,605,None,Move,browsing
1569711916.337,1108,611,None,Move,browsing
1569711916.346,1111,619,None,Move,browsing
1569711916.357,1116,623,None,Move,browsing
1569711916.359,1119,631,None,Move,browsing
1569711916.379,1125,639,None,Move,browsing
1569711916.39,1131,645,None,Move,browsing
1569711916.401,1140,650,None,Move,browsing
1569711916.411,1146,657,None,Move,browsing
1569711916.42,1152,664,None,Move,browsing
1569711916.431,1160,669,None,Move,browsing
1569711916.4420002,1164,673,None,Move,browsing
1569711916.4529998,1167,676,None,Move,browsing
1569711916.4629998,1170,678,None,Move,browsing
1569711916.474,1172,680,None,Move,browsing
1569711916.484,1173,680,None,Move,browsing
1569711916.496,1174,681,None,Move,browsing
1569711916.508,1175,682,None,Move,browsing
1569711916.519,1175,683,None,Move,browsing
1569711916.532,1176,683,None,Move,browsing
1569711916.54,1176,684,None,Move,browsing
1569711916.554,1178,684,None,Move,browsing
1569711916.577,1178,685,None,Move,browsing
1569711916.5879998,1178,685,None,Move,browsing
1569711916.6220002,1179,685,None,Move,browsing
1569711916.6360002,1180,685,None,Move,browsing
1569711916.6520002,1181,685,None,Move,browsing
1569711916.6620002,1181,685,None,Move,browsing
1569711916.673,1182,683,None,Move,browsing
1569711916.6829998,1183,681,None,Move,browsing
1569711916.695,1184,680,None,Move,browsing
1569711916.706,1185,678,None,Move,browsing
1569711917.181,1190,677,None,Move,browsing
1569711917.195,1198,674,None,Move,browsing
1569711917.207,1203,672,None,Move,browsing
1569711917.217,1209,671,None,Move,browsing
1569711917.228,1213,668,None,Move,browsing
1569711917.2389998,1215,668,None,Move,browsing
1569711917.25,1218,668,None,Move,browsing
1569711917.26,1223,666,None,Move,browsing
1569711917.27,1225,666,None,Move,browsing
1569711917.28,1229,665,None,Move,browsing
1569711917.29,1232,664,None,Move,browsing
1569711917.302,1233,663,None,Move,browsing
1569711917.312,1237,663,None,Move,browsing
1569711917.322,1240,662,None,Move,browsing
1569711917.332,1244,662,None,Move,browsing
1569711917.343,1247,662,None,Move,browsing
1569711917.354,1252,662,None,Move,browsing
1569711917.365,1256,662,None,Move,browsing
1569711917.375,1260,663,None,Move,browsing
1569711917.387,1265,664,None,Move,browsing
1569711917.3979998,1271,667,None,Move,browsing
1569711917.409,1275,670,None,Move,browsing
1569711917.42,1278,672,None,Move,browsing
1569711917.43,1280,674,None,Move,browsing
1569711917.4420002,1286,677,None,Move,browsing
1569711917.451,1289,680,None,Move,browsing
1569711917.461,1293,683,None,Move,browsing
1569711917.471,1298,689,None,Move,browsing
1569711917.484,1302,692,None,Move,browsing
1569711917.494,1304,696,None,Move,browsing
1569711917.505,1306,698,None,Move,browsing
1569711917.515,1307,701,None,Move,browsing
1569711917.526,1309,703,None,Move,browsing
1569711917.538,1309,704,None,Move,browsing
1569711917.548,1310,706,None,Move,browsing
1569711917.559,1311,708,None,Move,browsing
1569711917.57,1312,710,None,Move,browsing
1569711917.581,1312,711,None,Move,browsing
1569711917.59,1313,714,None,Move,browsing
1569711917.6,1314,716,None,Move,browsing
1569711917.6079998,1314,717,None,Move,browsing
1569711917.6160002,1315,718,None,Move,browsing
1569711917.625,1315,719,None,Move,browsing
1569711917.635,1315,721,None,Move,browsing
1569711917.646,1315,722,None,Move,browsing
1569711917.655,1316,722,None,Move,browsing
1569711917.665,1316,723,None,Move,browsing
1569711917.676,1316,723,None,Move,browsing
1569711917.687,1316,724,None,Move,browsing
1569711918.079,1314,720,None,Move,browsing
1569711918.1020002,1309,714,None,Move,browsing
1569711918.1239998,1305,708,None,Move,browsing
1569711918.146,1303,704,None,Move,browsing
1569711918.169,1301,700,None,Move,browsing
1569711918.1920002,1300,699,None,Move,browsing
1569711918.212,1299,697,None,Move,browsing
1569711918.226,1299,697,None,Move,browsing
1569711918.2389998,1297,695,None,Move,browsing
1569711918.2529998,1295,694,None,Move,browsing
1569711918.2670002,1293,692,None,Move,browsing
1569711918.281,1292,690,None,Move,browsing
1569711918.294,1290,690,None,Move,browsing
1569711918.3079998,1288,688,None,Move,browsing
1569711918.321,1286,687,None,Move,browsing
1569711918.335,1284,686,None,Move,browsing
1569711918.3479998,1281,685,None,Move,browsing
1569711918.361,1280,684,None,Move,browsing
1569711918.375,1279,684,None,Move,browsing
1569711918.39,1278,683,None,Move,browsing
1569711918.4,1276,682,None,Move,browsing
1569711918.409,1275,681,None,Move,browsing
1569711918.419,1273,679,None,Move,browsing
1569711918.429,1270,678,None,Move,browsing
1569711918.439,1270,678,None,Move,browsing
1569711918.449,1268,677,None,Move,browsing
1569711918.46,1267,677,None,Move,browsing
1569711918.471,1264,676,None,Move,browsing
1569711918.481,1262,675,None,Move,browsing
1569711918.492,1260,672,None,Move,browsing
1569711918.502,1257,671,None,Move,browsing
1569711918.51,1255,670,None,Move,browsing
1569711918.521,1254,669,None,Move,browsing
1569711918.532,1251,667,None,Move,browsing
1569711918.542,1249,664,None,Move,browsing
1569711918.55,1247,662,None,Move,browsing
1569711918.5579998,1246,661,None,Move,browsing
1569711918.5679998,1242,655,None,Move,browsing
1569711918.585,1240,652,None,Move,browsing
1569711918.594,1239,649,None,Move,browsing
1569711918.605,1238,646,None,Move,browsing
1569711918.617,1238,644,None,Move,browsing
1569711918.6320002,1237,643,None,Move,browsing
1569711918.6420002,1237,642,None,Move,browsing
1569711918.653,1237,642,None,Move,browsing
1569711918.664,1237,641,None,Move,browsing
1569711918.675,1237,640,None,Move,browsing
1569711918.69,1237,639,None,Move,browsing
1569711918.701,1236,638,None,Move,browsing
1569711918.7129998,1236,637,None,Move,browsing
1569711918.7229998,1235,637,None,Move,browsing
1569711918.734,1235,636,None,Move,browsing
1569711918.742,1234,636,None,Move,browsing
1569711918.752,1234,636,None,Move,browsing
1569711918.766,1233,635,None,Move,browsing
1569711918.776,1232,635,None,Move,browsing
1569711918.786,1232,634,None,Move,browsing
1569711918.7970002,1231,634,None,Move,browsing
1569711918.8079998,1231,634,None,Move,browsing
1569711918.819,1231,634,None,Move,browsing
1569711918.832,1230,633,None,Move,browsing
1569711918.842,1229,633,None,Move,browsing
1569711918.854,1229,633,None,Move,browsing
1569711918.8679998,1229,631,None,Move,browsing
1569711918.879,1228,631,None,Move,browsing
1569711919.5089998,1227,631,None,Move,browsing
1569711919.516,1226,632,None,Move,browsing
1569711919.531,1226,633,None,Move,browsing
1569711919.554,1225,633,None,Move,browsing
1569711919.574,1224,634,None,Move,browsing
1569711919.595,1223,634,None,Move,browsing
1569711919.6160002,1222,634,None,Move,browsing
1569711919.6420002,1221,635,None,Move,browsing
1569711919.669,1221,635,None,Move,browsing
1569711919.6929998,1221,636,None,Move,browsing
1569711919.714,1220,636,None,Move,browsing
1569711920.071,1220,636,Left,Pressed,browsing
1569711920.2870002,1220,636,Left,Released,browsing
1569711920.6120002,1220,637,None,Move,browsing
1569711920.6220002,1220,639,None,Move,browsing
1569711920.635,1220,640,None,Move,browsing
1569711920.643,1220,643,None,Move,browsing
1569711920.654,1220,645,None,Move,browsing
1569711920.665,1220,647,None,Move,browsing
1569711920.675,1221,650,None,Move,browsing
1569711920.687,1222,651,None,Move,browsing
1569711920.698,1223,653,None,Move,browsing
1569711920.708,1226,658,None,Move,browsing
1569711920.719,1228,660,None,Move,browsing
1569711920.729,1232,663,None,Move,browsing
1569711920.738,1238,668,None,Move,browsing
1569711920.748,1247,672,None,Move,browsing
1569711920.7610002,1258,677,None,Move,browsing
1569711920.772,1270,679,None,Move,browsing
1569711920.783,1282,682,None,Move,browsing
1569711920.793,1294,685,None,Move,browsing
1569711920.804,1306,687,None,Move,browsing
1569711920.815,1319,690,None,Move,browsing
1569711920.826,1335,695,None,Move,browsing
1569711920.837,1350,700,None,Move,browsing
1569711920.8479998,1371,709,None,Move,browsing
1569711920.8579998,1385,715,None,Move,browsing
1569711920.869,1402,726,None,Move,browsing
1569711920.88,1418,735,None,Move,browsing
1569711920.89,1432,742,None,Move,browsing
1569711920.901,1449,752,None,Move,browsing
1569711920.9120002,1463,760,None,Move,browsing
1569711920.9220002,1477,769,None,Move,browsing
1569711920.9320002,1490,776,None,Move,browsing
1569711920.9420002,1502,783,None,Move,browsing
1569711920.9529998,1513,790,None,Move,browsing
1569711920.962,1521,795,None,Move,browsing
1569711920.972,1530,801,None,Move,browsing
1569711920.982,1534,805,None,Move,browsing
1569711920.9929998,1539,808,None,Move,browsing
1569711921.004,1542,812,None,Move,browsing
1569711921.016,1544,815,None,Move,browsing
1569711921.3920002,1556,813,None,Move,browsing
1569711921.416,1567,809,None,Move,browsing
1569711921.439,1574,806,None,Move,browsing
1569711921.458,1578,805,None,Move,browsing
1569711921.468,1582,804,None,Move,browsing
1569711921.478,1585,803,None,Move,browsing
1569711921.488,1589,802,None,Move,browsing
1569711921.4989998,1593,800,None,Move,browsing
1569711921.51,1597,799,None,Move,browsing
1569711921.521,1602,798,None,Move,browsing
1569711921.532,1605,797,None,Move,browsing
1569711921.542,1609,796,None,Move,browsing
1569711921.553,1612,795,None,Move,browsing
1569711921.564,1616,793,None,Move,browsing
1569711921.575,1618,792,None,Move,browsing
1569711921.587,1620,792,None,Move,browsing
1569711921.596,1622,791,None,Move,browsing
1569711921.607,1624,790,None,Move,browsing
1569711921.6179998,1626,790,None,Move,browsing
1569711921.6279998,1627,789,None,Move,browsing
1569711921.64,1628,789,None,Move,browsing
1569711921.651,1629,789,None,Move,browsing
1569711921.6620002,1630,789,None,Move,browsing
1569711921.6720002,1631,788,None,Move,browsing
1569711921.6829998,1631,787,None,Move,browsing
1569711921.6929998,1633,785,None,Move,browsing
1569711921.704,1633,783,None,Move,browsing
1569711921.715,1634,782,None,Move,browsing
1569711921.725,1635,780,None,Move,browsing
1569711921.736,1636,779,None,Move,browsing
1569711921.748,1636,778,None,Move,browsing
1569711921.758,1636,777,None,Move,browsing
1569711921.769,1636,776,None,Move,browsing
1569711921.781,1636,775,None,Move,browsing
1569711921.792,1636,774,None,Move,browsing
1569711921.803,1636,774,None,Move,browsing
1569711921.819,1637,772,None,Move,browsing
1569711921.833,1637,771,None,Move,browsing
1569711921.856,1639,771,None,Move,browsing
1569711921.8660002,1639,771,None,Move,browsing
1569711921.8860002,1639,771,None,Move,browsing
1569711921.896,1639,770,None,Move,browsing
1569711921.908,1640,770,None,Move,browsing
1569711921.931,1641,770,None,Move,browsing
1569711921.941,1641,769,None,Move,browsing
1569711921.962,1642,769,None,Move,browsing
1569711922.006,1642,769,None,Move,browsing
1569711922.073,1643,769,None,Move,browsing
1569711922.103,1643,769,None,Move,browsing
1569711922.133,1643,768,None,Move,browsing
1569711922.143,1644,768,None,Move,browsing
1569711922.155,1644,767,None,Move,browsing
1569711922.166,1644,766,None,Move,browsing
1569711922.176,1645,765,None,Move,browsing
1569711922.186,1646,764,None,Move,browsing
1569711922.197,1646,764,None,Move,browsing
1569711922.208,1647,763,None,Move,browsing
1569711922.22,1647,763,None,Move,browsing
1569711922.2329998,1648,762,None,Move,browsing
1569711922.2429998,1648,761,None,Move,browsing
1569711922.254,1648,760,None,Move,browsing
1569711922.266,1648,759,None,Move,browsing
1569711922.276,1648,758,None,Move,browsing
1569711922.633,1648,758,Left,Pressed,browsing
1569711922.849,1648,758,Left,Released,browsing
1569711923.587,1634,758,None,Move,browsing
1569711923.5979998,1610,758,None,Move,browsing
1569711923.609,1576,758,None,Move,browsing
1569711923.621,1538,756,None,Move,browsing
1569711923.633,1493,754,None,Move,browsing
1569711923.647,1448,751,None,Move,browsing
1569711923.656,1410,749,None,Move,browsing
1569711923.666,1356,749,None,Move,browsing
1569711923.677,1324,748,None,Move,browsing
1569711923.686,1290,748,None,Move,browsing
1569711923.697,1265,746,None,Move,browsing
1569711923.707,1239,743,None,Move,browsing
1569711923.718,1223,740,None,Move,browsing
1569711923.728,1206,738,None,Move,browsing
1569711923.738,1194,737,None,Move,browsing
1569711923.7489998,1189,736,None,Move,browsing
1569711923.7610002,1185,736,None,Move,browsing
1569711923.771,1181,733,None,Move,browsing
1569711923.785,1178,732,None,Move,browsing
1569711923.795,1176,730,None,Move,browsing
1569711923.805,1173,728,None,Move,browsing
1569711923.815,1171,725,None,Move,browsing
1569711923.826,1168,723,None,Move,browsing
1569711931.904,1183,723,None,Move,browsing
1569711931.915,1196,724,None,Move,browsing
1569711931.926,1211,727,None,Move,browsing
1569711931.936,1226,730,None,Move,browsing
1569711931.945,1240,732,None,Move,browsing
1569711931.954,1253,736,None,Move,browsing
1569711931.961,1270,741,None,Move,browsing
1569711931.971,1289,743,None,Move,browsing
1569711931.981,1308,747,None,Move,browsing
1569711931.992,1322,750,None,Move,browsing
1569711932.0029998,1335,754,None,Move,browsing
1569711932.012,1345,755,None,Move,browsing
1569711932.0229998,1356,758,None,Move,browsing
1569711932.034,1363,759,None,Move,browsing
1569711932.044,1372,761,None,Move,browsing
1569711932.056,1380,762,None,Move,browsing
1569711932.0670002,1390,762,None,Move,browsing
1569711932.079,1398,762,None,Move,browsing
1569711932.09,1407,762,None,Move,browsing
1569711932.1,1414,762,None,Move,browsing
1569711932.111,1422,762,None,Move,browsing
1569711932.1220002,1431,762,None,Move,browsing
1569711932.135,1441,760,None,Move,browsing
1569711932.147,1453,759,None,Move,browsing
1569711932.158,1465,758,None,Move,browsing
1569711932.17,1478,757,None,Move,browsing
1569711932.181,1492,753,None,Move,browsing
1569711932.1920002,1505,750,None,Move,browsing
1569711932.202,1517,749,None,Move,browsing
1569711932.214,1526,745,None,Move,browsing
1569711932.225,1537,743,None,Move,browsing
1569711932.235,1544,742,None,Move,browsing
1569711932.2470002,1548,740,None,Move,browsing
1569711932.256,1551,739,None,Move,browsing
1569711932.2670002,1552,738,None,Move,browsing
1569711932.2770002,1554,738,None,Move,browsing
1569711932.286,1555,738,None,Move,browsing
1569711932.2970002,1557,738,None,Move,browsing
1569711932.3079998,1558,738,None,Move,browsing
1569711932.319,1559,738,None,Move,browsing
1569711932.333,1560,738,None,Move,browsing
1569711932.779,1568,736,None,Move,browsing
1569711932.799,1578,733,None,Move,browsing
1569711932.8179998,1585,732,None,Move,browsing
1569711932.8379998,1588,731,None,Move,browsing
1569711932.854,1590,731,None,Move,browsing
1569711932.8639998,1592,730,None,Move,browsing
1569711932.875,1595,730,None,Move,browsing
1569711932.885,1596,730,None,Move,browsing
1569711932.895,1598,730,None,Move,browsing
1569711932.907,1599,730,None,Move,browsing
1569711932.918,1602,730,None,Move,browsing
1569711932.929,1604,730,None,Move,browsing
1569711932.94,1606,729,None,Move,browsing
1569711932.9529998,1609,729,None,Move,browsing
1569711932.964,1612,729,None,Move,browsing
1569711932.975,1616,729,None,Move,browsing
1569711932.985,1618,729,None,Move,browsing
1569711932.9970002,1620,729,None,Move,browsing
1569711933.0089998,1623,728,None,Move,browsing
1569711933.019,1624,728,None,Move,browsing
1569711933.029,1625,728,None,Move,browsing
1569711933.04,1625,728,None,Move,browsing
1569711933.051,1626,728,None,Move,browsing
1569711933.061,1627,728,None,Move,browsing
1569711933.072,1628,728,None,Move,browsing
1569711933.081,1629,728,None,Move,browsing
1569711933.095,1629,728,None,Move,browsing
1569711933.11,1630,728,None,Move,browsing
1569711933.14,1631,728,None,Move,browsing
1569711933.184,1632,728,None,Move,browsing
1569711933.231,1632,728,None,Move,browsing
1569711933.25,1632,727,None,Move,browsing
1569711933.264,1633,727,None,Move,browsing
1569711933.278,1635,726,None,Move,browsing
1569711933.299,1635,725,None,Move,browsing
1569711933.309,1636,725,None,Move,browsing
1569711933.321,1637,725,None,Move,browsing
1569711933.336,1637,724,None,Move,browsing
1569711933.347,1638,724,None,Move,browsing
1569711933.3679998,1638,724,None,Move,browsing
1569711933.3779998,1639,724,None,Move,browsing
1569711933.389,1639,723,None,Move,browsing
1569711933.403,1639,722,None,Move,browsing
1569711933.414,1641,722,None,Move,browsing
1569711933.425,1641,721,None,Move,browsing
1569711933.436,1642,721,None,Move,browsing
1569711933.822,1642,721,Left,Pressed,browsing
1569711934.0370002,1642,721,Left,Released,browsing
1569711938.725,1631,721,None,Move,browsing
1569711938.735,1614,723,None,Move,browsing
1569711938.7470002,1589,723,None,Move,browsing
1569711938.7570002,1565,723,None,Move,browsing
1569711938.768,1531,723,None,Move,browsing
1569711938.779,1493,721,None,Move,browsing
1569711938.788,1448,719,None,Move,browsing
1569711938.798,1410,717,None,Move,browsing
1569711938.8079998,1379,717,None,Move,browsing
1569711938.82,1345,715,None,Move,browsing
1569711938.831,1321,715,None,Move,browsing
1569711938.841,1296,713,None,Move,browsing
1569711938.854,1278,712,None,Move,browsing
1569711938.865,1263,712,None,Move,browsing
1569711938.8760002,1256,710,None,Move,browsing
1569711938.887,1244,709,None,Move,browsing
1569711938.8979998,1239,707,None,Move,browsing
1569711938.908,1233,706,None,Move,browsing
1569711938.92,1228,704,None,Move,browsing
1569711938.931,1225,702,None,Move,browsing
1569711938.941,1222,698,None,Move,browsing
1569711938.952,1220,694,None,Move,browsing
1569711938.9629998,1217,689,None,Move,browsing
1569711938.9729998,1216,685,None,Move,browsing
1569711938.984,1216,681,None,Move,browsing
1569711938.996,1216,678,None,Move,browsing
1569711939.005,1216,675,None,Move,browsing
1569711939.016,1216,672,None,Move,browsing
1569711939.548,1236,678,None,Move,browsing
1569711939.566,1260,685,None,Move,browsing
1569711939.583,1293,693,None,Move,browsing
1569711939.601,1329,701,None,Move,browsing
1569711939.615,1367,711,None,Move,browsing
1569711939.6260002,1404,721,None,Move,browsing
1569711939.6360002,1427,726,None,Move,browsing
1569711939.647,1451,733,None,Move,browsing
1569711939.658,1476,744,None,Move,browsing
1569711939.668,1496,751,None,Move,browsing
1569711939.681,1508,755,None,Move,browsing
1569711939.6920002,1521,762,None,Move,browsing
1569711939.702,1533,766,None,Move,browsing
1569711939.712,1543,770,None,Move,browsing
1569711939.722,1552,772,None,Move,browsing
1569711939.734,1559,775,None,Move,browsing
1569711939.744,1565,779,None,Move,browsing
1569711939.756,1566,780,None,Move,browsing
1569711939.7670002,1568,781,None,Move,browsing
1569711940.236,1574,777,None,Move,browsing
1569711940.25,1580,770,None,Move,browsing
1569711940.264,1583,767,None,Move,browsing
1569711940.274,1585,765,None,Move,browsing
1569711940.285,1586,763,None,Move,browsing
1569711940.295,1586,762,None,Move,browsing
1569711940.305,1587,762,None,Move,browsing
1569711940.3170002,1587,761,None,Move,browsing
1569711940.327,1587,759,None,Move,browsing
1569711940.339,1586,757,None,Move,browsing
1569711940.349,1576,748,None,Move,browsing
1569711940.359,1562,736,None,Move,browsing
1569711940.37,1543,719,None,Move,browsing
1569711940.381,1515,697,None,Move,browsing
1569711940.391,1474,669,None,Move,browsing
1569711940.403,1433,640,None,Move,browsing
1569711940.414,1398,611,None,Move,browsing
1569711940.424,1358,589,None,Move,browsing
1569711940.435,1338,578,None,Move,browsing
1569711940.446,1320,570,None,Move,browsing
1569711940.456,1301,562,None,Move,browsing
1569711940.467,1286,558,None,Move,browsing
1569711940.479,1274,554,None,Move,browsing
1569711940.4889998,1265,551,None,Move,browsing
1569711940.5,1259,551,None,Move,browsing
1569711940.508,1256,550,None,Move,browsing
1569711940.519,1250,550,None,Move,browsing
1569711940.53,1246,550,None,Move,browsing
1569711940.54,1244,550,None,Move,browsing
1569711940.552,1242,550,None,Move,browsing
1569711940.956,1237,556,None,Move,browsing
1569711940.976,1232,565,None,Move,browsing
1569711940.998,1225,575,None,Move,browsing
1569711941.018,1220,581,None,Move,browsing
1569711941.03,1217,586,None,Move,browsing
1569711941.04,1212,590,None,Move,browsing
1569711941.051,1210,593,None,Move,browsing
1569711941.062,1209,597,None,Move,browsing
1569711941.072,1208,598,None,Move,browsing
1569711941.083,1207,599,None,Move,browsing
1569711941.094,1207,600,None,Move,browsing
1569711941.105,1206,600,None,Move,browsing
1569711941.1139998,1206,601,None,Move,browsing
1569711941.1220002,1205,602,None,Move,browsing
1569711941.1320002,1205,603,None,Move,browsing
1569711941.143,1205,604,None,Move,browsing
1569711941.157,1204,604,None,Move,browsing
1569711941.1720002,1204,605,None,Move,browsing
1569711941.187,1204,606,None,Move,browsing
1569711941.199,1204,607,None,Move,browsing
1569711941.209,1204,607,None,Move,browsing
1569711941.22,1204,609,None,Move,browsing
1569711941.231,1204,609,None,Move,browsing
1569711941.2410002,1204,610,None,Move,browsing
1569711941.2510002,1204,611,None,Move,browsing
1569711941.262,1204,612,None,Move,browsing
1569711941.2729998,1204,615,None,Move,browsing
1569711941.283,1204,617,None,Move,browsing
1569711941.294,1204,619,None,Move,browsing
1569711941.304,1204,622,None,Move,browsing
1569711941.316,1204,625,None,Move,browsing
1569711941.3279998,1204,627,None,Move,browsing
1569711941.3379998,1205,630,None,Move,browsing
1569711941.349,1205,632,None,Move,browsing
1569711941.36,1205,634,None,Move,browsing
1569711941.371,1205,635,None,Move,browsing
1569711941.3820002,1205,636,None,Move,browsing
1569711941.393,1205,636,None,Move,browsing
1569711941.403,1205,637,None,Move,browsing
1569711941.414,1205,638,None,Move,browsing
1569711941.424,1205,638,None,Move,browsing
1569711941.436,1205,639,None,Move,browsing
1569711941.446,1205,640,None,Move,browsing
1569711941.457,1205,641,None,Move,browsing
1569711941.468,1205,641,None,Move,browsing
1569711941.479,1205,642,None,Move,browsing
1569711941.49,1205,643,None,Move,browsing
1569711941.5010002,1205,643,None,Move,browsing
1569711941.512,1205,644,None,Move,browsing
1569711941.521,1205,645,None,Move,browsing
1569711941.532,1205,646,None,Move,browsing
1569711941.543,1205,646,None,Move,browsing
1569711941.554,1206,647,None,Move,browsing
1569711941.565,1206,647,None,Move,browsing
1569711941.576,1207,649,None,Move,browsing
1569711941.586,1207,649,None,Move,browsing
1569711941.599,1208,650,None,Move,browsing
1569711941.6139998,1209,651,None,Move,browsing
1569711941.6360002,1209,652,None,Move,browsing
1569711941.6520002,1210,652,None,Move,browsing
1569711941.666,1211,652,None,Move,browsing
1569711941.6820002,1211,652,None,Move,browsing
1569711941.6929998,1212,652,None,Move,browsing
1569711941.7029998,1213,652,None,Move,browsing
1569711941.714,1214,652,None,Move,browsing
1569711941.725,1215,652,None,Move,browsing
1569711941.736,1215,652,None,Move,browsing
1569711941.7470002,1216,652,None,Move,browsing
1569711941.7589998,1216,652,None,Move,browsing
1569711941.77,1216,652,None,Move,browsing
1569711941.78,1217,651,None,Move,browsing
1569711941.788,1219,651,None,Move,browsing
1569711941.8,1219,650,None,Move,browsing
1569711941.811,1219,650,None,Move,browsing
1569711941.822,1220,650,None,Move,browsing
1569711941.832,1220,650,None,Move,browsing
1569711941.842,1221,650,None,Move,browsing
1569711941.867,1222,648,None,Move,browsing
1569711942.28,1222,648,Left,Pressed,browsing
1569711942.496,1222,648,Left,Released,browsing
1569711942.875,1235,643,None,Move,browsing
1569711942.893,1256,636,None,Move,browsing
1569711942.911,1278,632,None,Move,browsing
1569711942.928,1294,627,None,Move,browsing
1569711942.938,1314,627,None,Move,browsing
1569711942.949,1336,627,None,Move,browsing
1569711942.962,1352,631,None,Move,browsing
1569711942.972,1371,636,None,Move,browsing
1569711942.9829998,1383,640,None,Move,browsing
1569711942.994,1396,645,None,Move,browsing
1569711943.005,1410,652,None,Move,browsing
1569711943.016,1422,659,None,Move,browsing
1569711943.0270002,1436,665,None,Move,browsing
1569711943.038,1446,670,None,Move,browsing
1569711943.049,1456,678,None,Move,browsing
1569711943.059,1467,688,None,Move,browsing
1569711943.071,1478,696,None,Move,browsing
1569711943.082,1487,703,None,Move,browsing
1569711943.091,1496,712,None,Move,browsing
1569711943.103,1504,721,None,Move,browsing
1569711943.113,1510,727,None,Move,browsing
1569711943.123,1515,734,None,Move,browsing
1569711943.133,1521,739,None,Move,browsing
1569711943.147,1523,742,None,Move,browsing
1569711943.158,1524,744,None,Move,browsing
1569711943.169,1526,744,None,Move,browsing
1569711943.5070002,1534,743,None,Move,browsing
1569711943.529,1540,742,None,Move,browsing
1569711943.555,1545,742,None,Move,browsing
1569711943.5670002,1550,741,None,Move,browsing
1569711943.577,1554,741,None,Move,browsing
1569711943.5879998,1558,741,None,Move,browsing
1569711943.5979998,1560,741,None,Move,browsing
1569711943.611,1564,741,None,Move,browsing
1569711943.6220002,1566,741,None,Move,browsing
1569711943.6339998,1568,741,None,Move,browsing
1569711943.645,1570,741,None,Move,browsing
1569711943.656,1576,743,None,Move,browsing
1569711943.666,1580,744,None,Move,browsing
1569711943.676,1586,745,None,Move,browsing
1569711943.687,1592,746,None,Move,browsing
1569711943.698,1595,747,None,Move,browsing
1569711943.708,1598,748,None,Move,browsing
1569711943.718,1602,748,None,Move,browsing
1569711943.729,1606,749,None,Move,browsing
1569711943.7389998,1609,750,None,Move,browsing
1569711943.7510002,1610,751,None,Move,browsing
1569711943.762,1612,751,None,Move,browsing
1569711943.772,1613,752,None,Move,browsing
1569711943.784,1615,753,None,Move,browsing
1569711943.796,1615,753,None,Move,browsing
1569711943.806,1616,753,None,Move,browsing
1569711943.8170002,1616,753,None,Move,browsing
1569711943.8279998,1617,755,None,Move,browsing
1569711943.839,1617,755,None,Move,browsing
1569711943.85,1618,755,None,Move,browsing
1569711943.86,1619,755,None,Move,browsing
1569711943.869,1620,756,None,Move,browsing
1569711943.887,1621,756,None,Move,browsing
1569711943.899,1622,756,None,Move,browsing
1569711943.911,1622,757,None,Move,browsing
1569711943.9220002,1622,757,None,Move,browsing
1569711943.9320002,1623,757,None,Move,browsing
1569711943.949,1624,757,None,Move,browsing
1569711943.9629998,1624,757,None,Move,browsing
1569711943.9729998,1625,757,None,Move,browsing
1569711943.984,1626,757,None,Move,browsing
1569711944.24,1626,757,Left,Pressed,browsing
1569711944.455,1626,757,Left,Released,browsing
1569711945.0270002,1622,753,None,Move,browsing
1569711945.051,1616,749,None,Move,browsing
1569711945.071,1612,744,None,Move,browsing
1569711945.095,1607,739,None,Move,browsing
1569711945.1120002,1602,735,None,Move,browsing
1569711945.125,1595,729,None,Move,browsing
1569711945.135,1590,726,None,Move,browsing
1569711945.145,1585,720,None,Move,browsing
1569711945.155,1579,714,None,Move,browsing
1569711945.164,1575,711,None,Move,browsing
1569711945.174,1569,706,None,Move,browsing
1569711945.185,1563,701,None,Move,browsing
1569711945.196,1558,695,None,Move,browsing
1569711945.207,1551,690,None,Move,browsing
1569711945.217,1546,686,None,Move,browsing
1569711945.229,1542,683,None,Move,browsing
1569711945.24,1536,678,None,Move,browsing
1569711945.25,1533,677,None,Move,browsing
1569711945.2610002,1530,676,None,Move,browsing
1569711945.274,1527,675,None,Move,browsing
1569711945.284,1525,673,None,Move,browsing
1569711945.296,1524,672,None,Move,browsing
1569711945.3070002,1522,671,None,Move,browsing
1569711945.3170002,1521,670,None,Move,browsing
1569711945.3279998,1518,669,None,Move,browsing
1569711945.339,1516,668,None,Move,browsing
1569711945.35,1515,668,None,Move,browsing
1569711945.361,1513,667,None,Move,browsing
1569711945.373,1511,667,None,Move,browsing
1569711945.383,1509,667,None,Move,browsing
1569711945.395,1507,667,None,Move,browsing
1569711945.406,1505,667,None,Move,browsing
1569711945.417,1504,667,None,Move,browsing
1569711945.43,1503,667,None,Move,browsing
1569711945.4420002,1502,667,None,Move,browsing
1569711945.4529998,1502,667,None,Move,browsing
1569711945.464,1501,667,None,Move,browsing
1569711945.475,1500,667,None,Move,browsing
1569711945.486,1499,667,None,Move,browsing
1569711945.502,1499,667,None,Move,browsing
1569711945.515,1498,667,None,Move,browsing
1569711945.528,1498,668,None,Move,browsing
1569711945.54,1497,668,None,Move,browsing
1569711945.554,1496,669,None,Move,browsing
1569711945.565,1496,670,None,Move,browsing
1569711945.577,1495,670,None,Move,browsing
1569711945.589,1493,670,None,Move,browsing
1569711945.6,1492,671,None,Move,browsing
1569711945.6120002,1491,671,None,Move,browsing
1569711945.627,1489,671,None,Move,browsing
1569711945.637,1486,673,None,Move,browsing
1569711945.651,1485,674,None,Move,browsing
1569711945.663,1483,674,None,Move,browsing
1569711945.676,1481,674,None,Move,browsing
1569711945.686,1480,674,None,Move,browsing
1569711945.698,1479,674,None,Move,browsing
1569711945.711,1479,674,None,Move,browsing
1569711945.722,1478,674,None,Move,browsing
1569711945.734,1477,674,None,Move,browsing
1569711945.7470002,1476,674,None,Move,browsing
1569711945.7610002,1474,674,None,Move,browsing
1569711945.7729998,1474,674,None,Move,browsing
1569711945.785,1473,674,None,Move,browsing
1569711945.796,1473,674,None,Move,browsing
1569711945.8070002,1472,674,None,Move,browsing
1569711945.819,1471,674,None,Move,browsing
1569711945.83,1469,674,None,Move,browsing
1569711945.842,1468,674,None,Move,browsing
1569711945.853,1467,674,None,Move,browsing
1569711945.8660002,1466,674,None,Move,browsing
1569711945.877,1466,674,None,Move,browsing
1569711945.889,1465,674,None,Move,browsing
1569711945.9,1464,674,None,Move,browsing
1569711945.911,1463,674,None,Move,browsing
1569711945.925,1462,674,None,Move,browsing
1569711945.937,1461,674,None,Move,browsing
1569711945.95,1461,674,None,Move,browsing
1569711945.9629998,1461,672,None,Move,browsing
1569711945.972,1460,672,None,Move,browsing
1569711946.526,1459,671,None,Move,browsing
1569711946.5370002,1459,670,None,Move,browsing
1569711946.5470002,1459,669,None,Move,browsing
1569711946.559,1459,668,None,Move,browsing
1569711946.573,1458,668,None,Move,browsing
1569711946.583,1458,667,None,Move,browsing
1569711946.595,1458,667,None,Move,browsing
1569711946.607,1457,667,None,Move,browsing
1569711947.1139998,1457,667,Left,Pressed,browsing
1569711947.329,1457,667,Left,Released,browsing
1569711947.915,1445,664,None,Move,browsing
1569711947.925,1428,662,None,Move,browsing
1569711947.938,1411,659,None,Move,browsing
1569711947.951,1392,655,None,Move,browsing
1569711947.962,1375,654,None,Move,browsing
1569711947.9729998,1360,654,None,Move,browsing
1569711947.9829998,1345,654,None,Move,browsing
1569711947.994,1326,654,None,Move,browsing
1569711948.0070002,1310,657,None,Move,browsing
1569711948.0170002,1294,661,None,Move,browsing
1569711948.028,1278,664,None,Move,browsing
1569711948.04,1260,667,None,Move,browsing
1569711948.05,1244,670,None,Move,browsing
1569711948.062,1227,676,None,Move,browsing
1569711948.073,1211,682,None,Move,browsing
1569711948.084,1197,690,None,Move,browsing
1569711948.095,1183,700,None,Move,browsing
1569711948.106,1171,708,None,Move,browsing
1569711948.115,1158,721,None,Move,browsing
1569711948.1239998,1145,735,None,Move,browsing
1569711948.1339998,1134,750,None,Move,browsing
1569711948.146,1124,762,None,Move,browsing
1569711948.156,1118,771,None,Move,browsing
1569711948.166,1109,779,None,Move,browsing
1569711948.178,1101,788,None,Move,browsing
1569711948.188,1095,794,None,Move,browsing
1569711948.199,1091,797,None,Move,browsing
1569711948.212,1087,801,None,Move,browsing
1569711948.2229998,1084,802,None,Move,browsing
1569711948.232,1083,803,None,Move,browsing
1569711948.2410002,1080,805,None,Move,browsing
1569711948.252,1079,806,None,Move,browsing
1569711948.262,1077,807,None,Move,browsing
1569711948.274,1076,807,None,Move,browsing
1569711948.284,1075,807,None,Move,browsing
1569711948.295,1073,807,None,Move,browsing
1569711948.306,1072,807,None,Move,browsing
1569711948.3170002,1071,807,None,Move,browsing
1569711948.3279998,1070,806,None,Move,browsing
1569711948.339,1069,803,None,Move,browsing
1569711948.3479998,1069,801,None,Move,browsing
1569711948.359,1069,797,None,Move,browsing
1569711948.37,1069,792,None,Move,browsing
1569711948.381,1069,788,None,Move,browsing
1569711948.3920002,1069,783,None,Move,browsing
1569711948.403,1070,778,None,Move,browsing
1569711948.415,1071,774,None,Move,browsing
1569711948.425,1072,771,None,Move,browsing
1569711948.437,1073,768,None,Move,browsing
1569711948.447,1075,764,None,Move,browsing
1569711948.458,1075,762,None,Move,browsing
1569711948.469,1075,760,None,Move,browsing
1569711948.481,1075,757,None,Move,browsing
1569711948.49,1075,756,None,Move,browsing
1569711948.5,1075,756,None,Move,browsing
1569711948.514,1075,755,None,Move,browsing
1569711948.522,1075,754,None,Move,browsing
1569711948.53,1075,754,None,Move,browsing
1569711948.545,1076,753,None,Move,browsing
1569711948.5679998,1076,752,None,Move,browsing
1569711948.605,1076,751,None,Move,browsing
1569711948.627,1077,751,None,Move,browsing
1569711948.656,1077,750,None,Move,browsing
1569711949.151,1077,752,None,Move,browsing
1569711949.1620002,1076,755,None,Move,browsing
1569711949.1720002,1075,759,None,Move,browsing
1569711949.1829998,1075,761,None,Move,browsing
1569711949.194,1075,763,None,Move,browsing
1569711949.205,1075,763,None,Move,browsing
1569711949.214,1075,764,None,Move,browsing
1569711949.224,1075,765,None,Move,browsing
1569711949.235,1075,766,None,Move,browsing
1569711949.245,1074,767,None,Move,browsing
1569711949.256,1074,767,None,Move,browsing
1569711949.266,1074,769,None,Move,browsing
1569711949.285,1074,769,None,Move,browsing
1569711949.3070002,1074,770,None,Move,browsing
1569711949.33,1074,771,None,Move,browsing
1569711949.344,1074,772,None,Move,browsing
1569711949.355,1074,772,None,Move,browsing
1569711949.3660002,1074,773,None,Move,browsing
1569711949.668,1074,773,Left,Pressed,browsing
1569711949.8860002,1074,773,Left,Released,browsing
1569711950.322,1086,755,None,Move,browsing
1569711950.335,1105,731,None,Move,browsing
1569711950.347,1127,706,None,Move,browsing
1569711950.3579998,1154,677,None,Move,browsing
1569711950.369,1183,651,None,Move,browsing
1569711950.377,1210,622,None,Move,browsing
1569711950.3860002,1236,595,None,Move,browsing
1569711950.397,1264,570,None,Move,browsing
1569711950.408,1289,551,None,Move,browsing
1569711950.418,1320,529,None,Move,browsing
1569711950.428,1350,508,None,Move,browsing
1569711950.437,1383,490,None,Move,browsing
1569711950.447,1410,475,None,Move,browsing
1569711950.459,1426,468,None,Move,browsing
1569711950.471,1455,462,None,Move,browsing
1569711950.481,1477,457,None,Move,browsing
1569711950.492,1496,454,None,Move,browsing
1569711950.5029998,1514,454,None,Move,browsing
1569711950.5129998,1527,456,None,Move,browsing
1569711950.524,1544,460,None,Move,browsing
1569711950.536,1559,464,None,Move,browsing
1569711950.546,1573,471,None,Move,browsing
1569711950.5570002,1587,482,None,Move,browsing
1569711950.5679998,1600,494,None,Move,browsing
1569711950.5779998,1611,505,None,Move,browsing
1569711950.5879998,1620,518,None,Move,browsing
1569711950.5979998,1627,527,None,Move,browsing
1569712016.538,1628,528,None,Move,browsing
1569712016.549,1629,529,None,Move,browsing
1569712016.561,1629,529,None,Move,browsing
1569712016.572,1630,530,None,Move,browsing
1569712016.583,1630,531,None,Move,browsing
1569712016.592,1631,531,None,Move,browsing
1569712016.606,1632,531,None,Move,browsing
1569712016.629,1633,532,None,Move,browsing
1569712016.643,1634,532,None,Move,browsing
1569712016.654,1634,533,None,Move,browsing
1569712016.665,1635,534,None,Move,browsing
1569712016.676,1636,536,None,Move,browsing
1569712016.687,1642,540,None,Move,browsing
1569712016.698,1648,546,None,Move,browsing
1569712016.709,1655,555,None,Move,browsing
1569712016.721,1661,567,None,Move,browsing
1569712016.732,1665,579,None,Move,browsing
1569712016.7429998,1668,588,None,Move,browsing
1569712016.752,1671,598,None,Move,browsing
1569712016.764,1672,610,None,Move,browsing
1569712016.774,1672,618,None,Move,browsing
1569712016.783,1672,628,None,Move,browsing
1569712016.794,1672,640,None,Move,browsing
1569712016.805,1670,648,None,Move,browsing
1569712016.816,1667,656,None,Move,browsing
1569712016.826,1662,665,None,Move,browsing
1569712016.836,1656,673,None,Move,browsing
1569712016.8479998,1643,683,None,Move,browsing
1569712016.857,1629,691,None,Move,browsing
1569712016.867,1611,700,None,Move,browsing
1569712016.877,1587,700,None,Move,browsing
1569712016.887,1562,698,None,Move,browsing
1569712016.8979998,1530,684,None,Move,browsing
1569712016.909,1501,670,None,Move,browsing
1569712016.917,1469,658,None,Move,browsing
1569712016.927,1439,640,None,Move,browsing
1569712016.936,1416,626,None,Move,browsing
1569712016.947,1399,617,None,Move,browsing
1569712016.9629998,1392,610,None,Move,browsing
1569712016.975,1383,601,None,Move,browsing
1569712016.984,1376,593,None,Move,browsing
1569712016.9929998,1368,584,None,Move,browsing
1569712017.0029998,1364,580,None,Move,browsing
1569712017.454,1350,570,None,Move,browsing
1569712017.472,1338,557,None,Move,browsing
1569712017.486,1317,541,None,Move,browsing
1569712017.4989998,1299,526,None,Move,browsing
1569712017.51,1278,510,None,Move,browsing
1569712017.5229998,1257,494,None,Move,browsing
1569712017.533,1236,481,None,Move,browsing
1569712017.544,1219,473,None,Move,browsing
1569712017.556,1202,462,None,Move,browsing
1569712017.566,1188,454,None,Move,browsing
1569712017.577,1174,448,None,Move,browsing
1569712017.585,1161,440,None,Move,browsing
1569712017.596,1147,434,None,Move,browsing
1569712017.607,1131,427,None,Move,browsing
1569712017.617,1119,421,None,Move,browsing
1569712017.629,1107,417,None,Move,browsing
1569712017.639,1100,414,None,Move,browsing
1569712017.649,1096,413,None,Move,browsing
1569712017.658,1090,411,None,Move,browsing
1569712017.671,1087,410,None,Move,browsing
1569712017.6820002,1082,408,None,Move,browsing
1569712017.694,1078,407,None,Move,browsing
1569712017.706,1076,406,None,Move,browsing
1569712017.716,1072,405,None,Move,browsing
1569712017.729,1069,404,None,Move,browsing
1569712017.74,1066,404,None,Move,browsing
1569712017.75,1064,403,None,Move,browsing
1569712017.76,1063,403,None,Move,browsing
1569712017.77,1062,403,None,Move,browsing
1569712017.78,1062,403,None,Move,browsing
1569712017.789,1060,403,None,Move,browsing
1569712017.799,1060,403,None,Move,browsing
1569712017.811,1059,403,None,Move,browsing
1569712017.821,1058,401,None,Move,browsing
1569712017.83,1055,401,None,Move,browsing
1569712017.841,1054,401,None,Move,browsing
1569712017.8520002,1053,401,None,Move,browsing
1569712017.863,1051,401,None,Move,browsing
1569712017.8739998,1048,399,None,Move,browsing
1569712017.885,1046,396,None,Move,browsing
1569712017.896,1041,387,None,Move,browsing
1569712017.907,1038,380,None,Move,browsing
1569712017.918,1035,373,None,Move,browsing
1569712017.929,1034,367,None,Move,browsing
1569712017.94,1034,362,None,Move,browsing
1569712017.951,1034,360,None,Move,browsing
1569712017.962,1034,358,None,Move,browsing
1569712017.9729998,1034,356,None,Move,browsing
1569712017.984,1034,354,None,Move,browsing
1569712017.9970002,1035,354,None,Move,browsing
1569712018.0070002,1036,353,None,Move,browsing
1569712018.554,1036,353,Left,Pressed,browsing
1569712018.771,1036,353,Left,Released,browsing
1569712019.314,1031,365,None,Move,browsing
1569712019.335,1018,386,None,Move,browsing
1569712019.356,1000,408,None,Move,browsing
1569712019.3660002,975,431,None,Move,browsing
1569712019.377,952,454,None,Move,browsing
1569712019.3879998,921,477,None,Move,browsing
1569712019.3979998,899,495,None,Move,browsing
1569712019.41,879,508,None,Move,browsing
1569712019.4220002,859,522,None,Move,browsing
1569712019.4320002,845,532,None,Move,browsing
1569712019.4420002,832,540,None,Move,browsing
1569712019.454,823,545,None,Move,browsing
1569712019.464,815,549,None,Move,browsing
1569712019.475,807,551,None,Move,browsing
1569712019.486,800,555,None,Move,browsing
1569712019.496,792,557,None,Move,browsing
1569712019.5070002,788,558,None,Move,browsing
1569712019.518,785,558,None,Move,browsing
1569712019.53,783,559,None,Move,browsing
1569712019.542,781,559,None,Move,browsing
1569712019.553,780,559,None,Move,browsing
1569712019.562,779,559,None,Move,browsing
1569712019.573,778,559,None,Move,browsing
1569712019.584,778,559,None,Move,browsing
1569712019.595,776,559,None,Move,browsing
1569712019.605,775,559,None,Move,browsing
1569712019.621,775,559,None,Move,browsing
1569712019.65,774,559,None,Move,browsing
1569712019.673,773,559,None,Move,browsing
1569712019.696,773,559,None,Move,browsing
1569712019.707,772,559,None,Move,browsing
1569712019.717,772,560,None,Move,browsing
1569712019.728,770,562,None,Move,browsing
1569712019.7389998,769,563,None,Move,browsing
1569712019.7489998,769,564,None,Move,browsing
1569712019.7610002,767,566,None,Move,browsing
1569712019.772,767,567,None,Move,browsing
1569712019.783,766,568,None,Move,browsing
1569712019.794,766,570,None,Move,browsing
1569712019.805,765,571,None,Move,browsing
1569712019.814,765,572,None,Move,browsing
1569712019.825,765,573,None,Move,browsing
1569712019.836,765,574,None,Move,browsing
1569712019.846,765,575,None,Move,browsing
1569712019.857,765,576,None,Move,browsing
1569712019.8679998,766,578,None,Move,browsing
1569712019.879,766,580,None,Move,browsing
1569712019.89,768,583,None,Move,browsing
1569712020.316,767,587,None,Move,browsing
1569712020.326,765,590,None,Move,browsing
1569712020.337,763,594,None,Move,browsing
1569712020.35,761,596,None,Move,browsing
1569712020.361,760,599,None,Move,browsing
1569712020.3720002,760,600,None,Move,browsing
1569712020.3820002,759,600,None,Move,browsing
1569712020.391,758,601,None,Move,browsing
1569712020.4020002,758,602,None,Move,browsing
1569712020.413,758,603,None,Move,browsing
1569712020.424,758,604,None,Move,browsing
1569712020.434,757,605,None,Move,browsing
1569712020.444,757,606,None,Move,browsing
1569712020.458,757,607,None,Move,browsing
1569712020.469,755,607,None,Move,browsing
1569712020.486,755,607,None,Move,browsing
1569712020.5270002,755,607,None,Move,browsing
1569712020.539,755,608,None,Move,browsing
1569712020.572,755,609,None,Move,browsing
1569712020.587,754,609,None,Move,browsing
1569712020.597,754,609,None,Move,browsing
1569712020.617,754,610,None,Move,browsing
1569712020.627,753,610,None,Move,browsing
1569712020.639,753,611,None,Move,browsing
1569712020.65,753,611,None,Move,browsing
1569712020.667,752,611,None,Move,browsing
1569712020.949,752,611,Left,Pressed,browsing
1569712021.165,752,611,Left,Released,browsing
1569712021.604,762,610,None,Move,browsing
1569712021.6139998,777,607,None,Move,browsing
1569712021.6279998,792,605,None,Move,browsing
1569712021.639,807,603,None,Move,browsing
1569712021.651,822,603,None,Move,browsing
1569712021.66,837,604,None,Move,browsing
1569712021.674,858,607,None,Move,browsing
1569712021.684,870,610,None,Move,browsing
1569712021.695,883,614,None,Move,browsing
1569712021.705,896,620,None,Move,browsing
1569712021.715,909,627,None,Move,browsing
1569712021.7270002,919,631,None,Move,browsing
1569712021.7370002,931,639,None,Move,browsing
1569712021.7470002,942,644,None,Move,browsing
1569712021.758,953,650,None,Move,browsing
1569712021.769,967,662,None,Move,browsing
1569712021.78,982,674,None,Move,browsing
1569712021.791,996,682,None,Move,browsing
1569712021.801,1012,689,None,Move,browsing
1569712021.812,1027,698,None,Move,browsing
1569712021.822,1046,704,None,Move,browsing
1569712021.833,1062,708,None,Move,browsing
1569712021.844,1085,711,None,Move,browsing
1569712021.855,1104,716,None,Move,browsing
1569712021.8660002,1124,716,None,Move,browsing
1569712021.877,1142,718,None,Move,browsing
1569712021.887,1159,718,None,Move,browsing
1569712021.897,1177,719,None,Move,browsing
1569712021.907,1188,719,None,Move,browsing
1569712021.918,1202,721,None,Move,browsing
1569712021.929,1213,722,None,Move,browsing
1569712021.939,1223,726,None,Move,browsing
1569712021.95,1232,728,None,Move,browsing
1569712021.96,1239,729,None,Move,browsing
1569712021.971,1245,730,None,Move,browsing
1569712021.9829998,1249,731,None,Move,browsing
1569712021.994,1251,732,None,Move,browsing
1569712022.521,1260,731,None,Move,browsing
1569712022.543,1271,727,None,Move,browsing
1569712022.565,1283,722,None,Move,browsing
1569712022.577,1297,718,None,Move,browsing
1569712022.5879998,1311,715,None,Move,browsing
1569712022.597,1325,710,None,Move,browsing
1569712022.61,1337,707,None,Move,browsing
1569712022.621,1350,706,None,Move,browsing
1569712022.631,1364,703,None,Move,browsing
1569712022.6420002,1377,702,None,Move,browsing
1569712022.653,1389,701,None,Move,browsing
1569712022.664,1403,698,None,Move,browsing
1569712022.674,1416,697,None,Move,browsing
1569712022.685,1429,697,None,Move,browsing
1569712022.695,1441,697,None,Move,browsing
1569712022.706,1452,697,None,Move,browsing
1569712022.716,1464,699,None,Move,browsing
1569712022.7270002,1473,701,None,Move,browsing
1569712022.7370002,1483,704,None,Move,browsing
1569712022.748,1489,708,None,Move,browsing
1569712022.76,1496,710,None,Move,browsing
1569712022.77,1500,712,None,Move,browsing
1569712022.78,1501,713,None,Move,browsing
1569712022.791,1503,716,None,Move,browsing
1569712022.802,1506,717,None,Move,browsing
1569712022.81,1506,718,None,Move,browsing
1569712022.82,1507,719,None,Move,browsing
1569712022.8279998,1507,720,None,Move,browsing
1569712022.8379998,1507,721,None,Move,browsing
1569712022.847,1507,722,None,Move,browsing
1569712022.857,1507,722,None,Move,browsing
1569712023.599,1508,716,None,Move,browsing
1569712023.61,1508,705,None,Move,browsing
1569712023.62,1508,693,None,Move,browsing
1569712023.63,1508,679,None,Move,browsing
1569712023.641,1508,666,None,Move,browsing
1569712023.6520002,1507,647,None,Move,browsing
1569712023.6620002,1505,634,None,Move,browsing
1569712023.673,1504,619,None,Move,browsing
1569712023.684,1501,604,None,Move,browsing
1569712023.696,1500,589,None,Move,browsing
1569712023.706,1497,575,None,Move,browsing
1569712023.717,1495,558,None,Move,browsing
1569712023.728,1494,544,None,Move,browsing
1569712023.738,1493,534,None,Move,browsing
1569712023.748,1492,522,None,Move,browsing
1569712023.7589998,1489,511,None,Move,browsing
1569712023.771,1488,503,None,Move,browsing
1569712023.781,1486,494,None,Move,browsing
1569712023.79,1485,485,None,Move,browsing
1569712023.801,1485,478,None,Move,browsing
1569712023.81,1484,474,None,Move,browsing
1569712023.822,1483,470,None,Move,browsing
1569712023.832,1482,468,None,Move,browsing
1569712023.843,1481,466,None,Move,browsing
1569712023.854,1480,465,None,Move,browsing
1569712023.865,1480,464,None,Move,browsing
1569712023.8760002,1480,463,None,Move,browsing
1569712023.8879998,1479,463,None,Move,browsing
1569712023.899,1478,461,None,Move,browsing
1569712023.91,1478,461,None,Move,browsing
1569712023.921,1478,460,None,Move,browsing
1569712023.93,1477,460,None,Move,browsing
1569712024.515,1478,453,None,Move,browsing
1569712024.528,1481,441,None,Move,browsing
1569712024.544,1484,431,None,Move,browsing
1569712024.559,1485,419,None,Move,browsing
1569712024.572,1487,409,None,Move,browsing
1569712024.585,1488,402,None,Move,browsing
1569712024.597,1488,397,None,Move,browsing
1569712024.609,1488,392,None,Move,browsing
1569712024.62,1487,386,None,Move,browsing
1569712024.629,1486,384,None,Move,browsing
1569712024.641,1485,381,None,Move,browsing
1569712024.6520002,1483,378,None,Move,browsing
1569712024.6620002,1481,375,None,Move,browsing
1569712024.6720002,1479,373,None,Move,browsing
1569712024.6829998,1478,371,None,Move,browsing
1569712024.695,1475,368,None,Move,browsing
1569712024.706,1471,366,None,Move,browsing
1569712024.718,1468,364,None,Move,browsing
1569712024.728,1463,360,None,Move,browsing
1569712024.738,1460,358,None,Move,browsing
1569712024.75,1457,356,None,Move,browsing
1569712024.7610002,1454,355,None,Move,browsing
1569712024.772,1451,353,None,Move,browsing
1569712024.783,1449,352,None,Move,browsing
1569712024.794,1447,352,None,Move,browsing
1569712024.804,1445,352,None,Move,browsing
1569712024.813,1443,352,None,Move,browsing
1569712024.824,1442,352,None,Move,browsing
1569712024.835,1441,352,None,Move,browsing
1569712024.845,1440,352,None,Move,browsing
1569712024.856,1439,352,None,Move,browsing
1569712024.8679998,1439,352,None,Move,browsing
1569712024.8779998,1438,352,None,Move,browsing
1569712025.197,1438,352,Left,Pressed,browsing
1569712025.415,1438,352,Left,Released,browsing
1569712026.1920002,1445,351,None,Move,browsing
1569712026.206,1456,348,None,Move,browsing
1569712026.216,1468,345,None,Move,browsing
1569712026.226,1479,344,None,Move,browsing
1569712026.2370002,1490,343,None,Move,browsing
1569712026.2470002,1500,343,None,Move,browsing
1569712026.258,1509,343,None,Move,browsing
1569712026.27,1517,343,None,Move,browsing
1569712026.28,1525,343,None,Move,browsing
1569712026.29,1530,344,None,Move,browsing
1569712026.3,1536,344,None,Move,browsing
1569712026.309,1538,345,None,Move,browsing
1569712026.32,1543,345,None,Move,browsing
1569712026.329,1550,347,None,Move,browsing
1569712026.339,1559,348,None,Move,browsing
1569712026.35,1566,349,None,Move,browsing
1569712026.36,1569,349,None,Move,browsing
1569712026.371,1574,350,None,Move,browsing
1569712026.3820002,1577,350,None,Move,browsing
1569712026.393,1579,351,None,Move,browsing
1569712026.404,1581,351,None,Move,browsing
1569712026.416,1582,351,None,Move,browsing
1569712026.425,1583,351,None,Move,browsing
1569712026.436,1584,351,None,Move,browsing
1569712026.447,1585,351,None,Move,browsing
1569712026.458,1586,351,None,Move,browsing
1569712026.469,1586,351,None,Move,browsing
1569712026.48,1587,351,None,Move,browsing
1569712026.494,1588,351,None,Move,browsing
1569712026.5170002,1589,351,None,Move,browsing
1569712026.546,1589,351,None,Move,browsing
1569712026.584,1590,351,None,Move,browsing
1569712026.629,1590,352,None,Move,browsing
1569712026.6420002,1590,353,None,Move,browsing
1569712026.655,1590,355,None,Move,browsing
1569712026.669,1584,360,None,Move,browsing
1569712026.6820002,1577,368,None,Move,browsing
1569712026.697,1570,376,None,Move,browsing
1569712026.708,1565,382,None,Move,browsing
1569712026.72,1560,388,None,Move,browsing
1569712026.73,1555,397,None,Move,browsing
1569712026.7410002,1551,405,None,Move,browsing
1569712026.752,1548,418,None,Move,browsing
1569712026.762,1544,430,None,Move,browsing
1569712026.772,1542,445,None,Move,browsing
1569712026.781,1542,459,None,Move,browsing
1569712026.793,1541,474,None,Move,browsing
1569712026.805,1539,489,None,Move,browsing
1569712026.816,1536,506,None,Move,browsing
1569712026.827,1532,518,None,Move,browsing
1569712026.837,1528,532,None,Move,browsing
1569712026.8479998,1524,541,None,Move,browsing
1569712026.859,1519,553,None,Move,browsing
1569712026.869,1515,560,None,Move,browsing
1569712026.8779998,1512,566,None,Move,browsing
1569712026.889,1509,569,None,Move,browsing
1569712026.9,1506,573,None,Move,browsing
1569712026.911,1504,575,None,Move,browsing
1569712027.235,1497,582,None,Move,browsing
1569712027.248,1488,591,None,Move,browsing
1569712027.258,1480,600,None,Move,browsing
1569712027.268,1473,609,None,Move,browsing
1569712027.279,1465,617,None,Move,browsing
1569712027.29,1460,626,None,Move,browsing
1569712027.3,1457,632,None,Move,browsing
1569712027.31,1452,640,None,Move,browsing
1569712027.321,1449,645,None,Move,browsing
1569712027.33,1446,647,None,Move,browsing
1569712027.339,1444,650,None,Move,browsing
1569712027.347,1444,653,None,Move,browsing
1569712027.357,1443,653,None,Move,browsing
1569712027.3679998,1442,654,None,Move,browsing
1569712027.379,1442,655,None,Move,browsing
1569712027.389,1440,655,None,Move,browsing
1569712027.399,1440,656,None,Move,browsing
1569712027.409,1440,657,None,Move,browsing
1569712027.419,1440,658,None,Move,browsing
1569712027.436,1440,659,None,Move,browsing
1569712027.446,1439,659,None,Move,browsing
1569712027.459,1439,659,None,Move,browsing
1569712027.488,1439,660,None,Move,browsing
1569712027.504,1439,661,None,Move,browsing
1569712027.518,1439,662,None,Move,browsing
1569712027.534,1439,662,None,Move,browsing
1569712027.549,1439,663,None,Move,browsing
1569712027.563,1439,664,None,Move,browsing
1569712027.5779998,1439,665,None,Move,browsing
1569712027.587,1439,666,None,Move,browsing
1569712027.5979998,1439,666,None,Move,browsing
1569712027.6079998,1439,667,None,Move,browsing
1569712027.619,1440,667,None,Move,browsing
1569712027.631,1440,668,None,Move,browsing
1569712027.641,1440,668,None,Move,browsing
1569712027.653,1441,668,None,Move,browsing
1569712027.6620002,1442,668,None,Move,browsing
1569712027.674,1443,668,None,Move,browsing
1569712027.685,1443,669,None,Move,browsing
1569712027.698,1444,670,None,Move,browsing
1569712027.7129998,1444,670,None,Move,browsing
1569712027.724,1446,671,None,Move,browsing
1569712027.736,1447,671,None,Move,browsing
1569712027.7470002,1447,671,None,Move,browsing
1569712027.7570002,1448,671,None,Move,browsing
1569712027.768,1449,672,None,Move,browsing
1569712027.78,1450,672,None,Move,browsing
1569712027.79,1451,672,None,Move,browsing
1569712027.801,1451,673,None,Move,browsing
1569712027.811,1452,673,None,Move,browsing
1569712027.825,1453,673,None,Move,browsing
1569712027.843,1454,673,None,Move,browsing
1569712027.855,1454,673,None,Move,browsing
1569712027.871,1455,673,None,Move,browsing
1569712027.893,1456,673,None,Move,browsing
1569712027.907,1456,673,None,Move,browsing
1569712027.9220002,1457,673,None,Move,browsing
1569712028.238,1457,673,Left,Pressed,browsing
1569712028.454,1457,673,Left,Released,browsing
1569712028.824,1457,673,None,Move,browsing
1569712028.844,1457,672,None,Move,browsing
1569712028.865,1457,671,None,Move,browsing
1569712028.8879998,1457,670,None,Move,browsing
1569712028.907,1457,669,None,Move,browsing
1569712028.9220002,1457,668,None,Move,browsing
1569712028.944,1457,667,None,Move,browsing
1569712028.96,1457,666,None,Move,browsing
1569712028.981,1457,666,None,Move,browsing
1569712029.355,1457,666,Left,Pressed,browsing
1569712029.57,1457,666,Left,Released,browsing
1569712030.81,1440,674,None,Move,browsing
1569712030.819,1420,685,None,Move,browsing
1569712030.8279998,1382,700,None,Move,browsing
1569712030.836,1357,709,None,Move,browsing
1569712030.8479998,1326,719,None,Move,browsing
1569712030.857,1285,734,None,Move,browsing
1569712030.867,1258,739,None,Move,browsing
1569712030.8779998,1231,746,None,Move,browsing
1569712030.887,1203,755,None,Move,browsing
1569712030.895,1179,762,None,Move,browsing
1569712030.904,1164,767,None,Move,browsing
1569712030.915,1150,771,None,Move,browsing
1569712030.925,1136,778,None,Move,browsing
1569712030.937,1129,782,None,Move,browsing
1569712030.948,1121,787,None,Move,browsing
1569712030.959,1117,791,None,Move,browsing
1569712030.969,1114,794,None,Move,browsing
1569712030.98,1111,796,None,Move,browsing
1569712030.9889998,1109,797,None,Move,browsing
1569712031.0010002,1108,798,None,Move,browsing
1569712031.012,1106,799,None,Move,browsing
1569712031.022,1104,801,None,Move,browsing
1569712031.032,1103,802,None,Move,browsing
1569712031.046,1101,803,None,Move,browsing
1569712031.056,1100,806,None,Move,browsing
1569712031.0670002,1100,807,None,Move,browsing
1569712031.079,1099,808,None,Move,browsing
1569712031.089,1098,810,None,Move,browsing
1569712031.101,1098,810,None,Move,browsing
1569712031.1120002,1098,810,None,Move,browsing
1569712031.123,1098,811,None,Move,browsing
1569712031.1320002,1098,811,None,Move,browsing
1569712031.1420002,1098,812,None,Move,browsing
1569712031.154,1098,813,None,Move,browsing
1569712031.554,1092,818,None,Move,browsing
1569712031.574,1080,824,None,Move,browsing
1569712031.6,1071,828,None,Move,browsing
1569712031.611,1063,829,None,Move,browsing
1569712031.621,1057,830,None,Move,browsing
1569712031.6320002,1053,830,None,Move,browsing
1569712031.644,1050,830,None,Move,browsing
1569712031.653,1047,830,None,Move,browsing
1569712031.665,1045,830,None,Move,browsing
1569712031.676,1043,830,None,Move,browsing
1569712031.687,1041,828,None,Move,browsing
1569712031.699,1036,822,None,Move,browsing
1569712031.71,1034,816,None,Move,browsing
1569712031.72,1033,809,None,Move,browsing
1569712031.731,1032,805,None,Move,browsing
1569712031.744,1032,801,None,Move,browsing
1569712031.754,1032,796,None,Move,browsing
1569712031.766,1032,791,None,Move,browsing
1569712031.778,1032,788,None,Move,browsing
1569712031.788,1033,784,None,Move,browsing
1569712031.799,1034,783,None,Move,browsing
1569712031.81,1034,781,None,Move,browsing
1569712031.819,1035,779,None,Move,browsing
1569712031.83,1037,777,None,Move,browsing
1569712031.84,1038,775,None,Move,browsing
1569712031.851,1039,774,None,Move,browsing
1569712031.861,1041,772,None,Move,browsing
1569712031.871,1044,770,None,Move,browsing
1569712031.8820002,1046,769,None,Move,browsing
1569712031.8920002,1046,769,None,Move,browsing
1569712032.613,1058,762,None,Move,browsing
1569712032.6320002,1072,757,None,Move,browsing
1569712032.649,1084,752,None,Move,browsing
1569712032.663,1098,746,None,Move,browsing
1569712032.677,1109,740,None,Move,browsing
1569712032.69,1119,736,None,Move,browsing
1569712032.701,1128,733,None,Move,browsing
1569712032.712,1137,731,None,Move,browsing
1569712032.725,1145,729,None,Move,browsing
1569712032.735,1152,726,None,Move,browsing
1569712032.7470002,1159,723,None,Move,browsing
1569712032.76,1163,722,None,Move,browsing
1569712032.77,1167,721,None,Move,browsing
1569712032.78,1170,720,None,Move,browsing
1569712032.792,1173,718,None,Move,browsing
1569712032.803,1178,717,None,Move,browsing
1569712032.814,1180,716,None,Move,browsing
1569712032.825,1186,714,None,Move,browsing
1569712032.837,1189,713,None,Move,browsing
1569712032.847,1193,711,None,Move,browsing
1569712032.8579998,1195,710,None,Move,browsing
1569712032.8679998,1197,709,None,Move,browsing
1569712032.879,1199,708,None,Move,browsing
1569712032.89,1200,707,None,Move,browsing
1569712032.901,1201,707,None,Move,browsing
1569712032.915,1202,707,None,Move,browsing
1569712032.927,1203,706,None,Move,browsing
1569712032.937,1204,704,None,Move,browsing
1569712032.959,1205,704,None,Move,browsing
1569712032.969,1205,704,None,Move,browsing
1569712032.981,1205,704,None,Move,browsing
1569712032.9929998,1205,703,None,Move,browsing
1569712033.002,1205,702,None,Move,browsing
1569712033.018,1206,702,None,Move,browsing
1569712033.033,1206,701,None,Move,browsing
1569712033.044,1207,700,None,Move,browsing
1569712033.055,1207,698,None,Move,browsing
1569712033.066,1208,696,None,Move,browsing
1569712033.077,1208,694,None,Move,browsing
1569712033.087,1209,692,None,Move,browsing
1569712033.0979998,1209,689,None,Move,browsing
1569712033.1079998,1209,687,None,Move,browsing
1569712033.117,1209,686,None,Move,browsing
1569712033.131,1209,685,None,Move,browsing
1569712033.141,1209,683,None,Move,browsing
1569712033.15,1209,683,None,Move,browsing
1569712033.16,1209,682,None,Move,browsing
1569712033.17,1209,681,None,Move,browsing
1569712033.1820002,1209,681,None,Move,browsing
1569712033.191,1210,680,None,Move,browsing
1569712033.201,1210,679,None,Move,browsing
1569712033.212,1210,676,None,Move,browsing
1569712033.222,1210,675,None,Move,browsing
1569712033.2329998,1211,672,None,Move,browsing
1569712033.244,1211,671,None,Move,browsing
1569712033.2529998,1211,669,None,Move,browsing
1569712033.262,1213,667,None,Move,browsing
1569712033.2770002,1213,664,None,Move,browsing
1569712033.2870002,1213,663,None,Move,browsing
1569712033.298,1213,662,None,Move,browsing
1569712033.31,1213,662,None,Move,browsing
1569712033.321,1213,660,None,Move,browsing
1569712033.331,1213,660,None,Move,browsing
1569712033.343,1213,659,None,Move,browsing
1569712033.356,1213,659,None,Move,browsing
1569712033.371,1214,659,None,Move,browsing
1569712033.3820002,1214,658,None,Move,browsing
1569712033.3920002,1214,657,None,Move,browsing
1569712035.534,1208,664,None,Move,browsing
1569712035.548,1199,677,None,Move,browsing
1569712035.5579998,1191,689,None,Move,browsing
1569712035.57,1177,704,None,Move,browsing
1569712035.585,1164,719,None,Move,browsing
1569712035.599,1150,737,None,Move,browsing
1569712035.611,1138,751,None,Move,browsing
1569712035.6220002,1124,767,None,Move,browsing
1569712035.6339998,1112,780,None,Move,browsing
1569712035.645,1099,791,None,Move,browsing
1569712035.657,1091,801,None,Move,browsing
1569712035.668,1082,807,None,Move,browsing
1569712035.681,1075,815,None,Move,browsing
1569712035.6929998,1070,818,None,Move,browsing
1569712035.702,1066,822,None,Move,browsing
1569712035.716,1063,824,None,Move,browsing
1569712035.728,1059,826,None,Move,browsing
1569712035.7389998,1057,827,None,Move,browsing
1569712035.7489998,1055,829,None,Move,browsing
1569712035.7610002,1055,830,None,Move,browsing
1569712035.772,1053,831,None,Move,browsing
1569712035.782,1053,831,None,Move,browsing
1569712035.794,1052,831,None,Move,browsing
1569712035.804,1051,831,None,Move,browsing
1569712035.82,1051,832,None,Move,browsing
1569712035.855,1050,833,None,Move,browsing
1569712035.885,1049,833,None,Move,browsing
1569712035.915,1048,833,None,Move,browsing
1569712035.945,1047,833,None,Move,browsing
1569712035.956,1046,831,None,Move,browsing
1569712035.967,1045,827,None,Move,browsing
1569712035.978,1045,823,None,Move,browsing
1569712035.9889998,1045,818,None,Move,browsing
1569712035.9989998,1045,815,None,Move,browsing
1569712036.0110002,1045,811,None,Move,browsing
1569712036.021,1045,810,None,Move,browsing
1569712036.033,1045,808,None,Move,browsing
1569712036.046,1045,808,None,Move,browsing
1569712036.0570002,1045,807,None,Move,browsing
1569712036.0679998,1045,807,None,Move,browsing
1569712036.079,1045,806,None,Move,browsing
1569712036.3720002,1045,806,Left,Pressed,browsing
1569712036.587,1045,806,Left,Released,browsing
1569712036.9729998,1051,794,None,Move,browsing
1569712036.9829998,1065,771,None,Move,browsing
1569712036.9989998,1074,755,None,Move,browsing
1569712037.012,1089,728,None,Move,browsing
1569712037.0229998,1100,716,None,Move,browsing
1569712037.035,1114,700,None,Move,browsing
1569712037.046,1133,681,None,Move,browsing
1569712037.049,1152,664,None,Move,browsing
1569712037.06,1169,651,None,Move,browsing
1569712037.072,1186,640,None,Move,browsing
1569712037.082,1200,631,None,Move,browsing
1569712037.094,1215,622,None,Move,browsing
1569712037.105,1229,616,None,Move,browsing
1569712037.115,1243,609,None,Move,browsing
1569712037.127,1259,606,None,Move,browsing
1569712037.139,1273,604,None,Move,browsing
1569712037.149,1286,603,None,Move,browsing
1569712037.163,1300,603,None,Move,browsing
1569712037.176,1316,603,None,Move,browsing
1569712037.188,1333,607,None,Move,browsing
1569712037.198,1347,609,None,Move,browsing
1569712037.211,1362,613,None,Move,browsing
1569712037.222,1378,617,None,Move,browsing
1569712037.234,1393,621,None,Move,browsing
1569712037.246,1409,626,None,Move,browsing
1569712037.256,1422,633,None,Move,browsing
1569712037.268,1436,639,None,Move,browsing
1569712037.282,1447,643,None,Move,browsing
1569712037.295,1451,646,None,Move,browsing
1569712083.556,1454,649,None,Move,browsing
1569712083.566,1459,653,None,Move,browsing
1569712083.577,1467,661,None,Move,browsing
1569712083.587,1475,668,None,Move,browsing
1569712083.597,1484,675,None,Move,browsing
1569712083.609,1492,684,None,Move,browsing
1569712083.621,1505,696,None,Move,browsing
1569712083.6320002,1514,705,None,Move,browsing
1569712083.644,1525,715,None,Move,browsing
1569712083.655,1534,723,None,Move,browsing
1569712083.666,1543,729,None,Move,browsing
1569712083.676,1554,737,None,Move,browsing
1569712083.686,1565,744,None,Move,browsing
1569712083.699,1574,752,None,Move,browsing
1569712083.709,1584,759,None,Move,browsing
1569712083.72,1595,764,None,Move,browsing
1569712083.732,1604,769,None,Move,browsing
1569712083.742,1615,774,None,Move,browsing
1569712083.7529998,1622,779,None,Move,browsing
1569712083.765,1630,783,None,Move,browsing
1569712083.775,1638,785,None,Move,browsing
1569712083.785,1642,790,None,Move,browsing
1569712083.795,1648,792,None,Move,browsing
1569712083.805,1652,796,None,Move,browsing
1569712083.816,1654,797,None,Move,browsing
1569712083.827,1656,798,None,Move,browsing
1569712083.8379998,1658,799,None,Move,browsing
1569712083.8479998,1659,800,None,Move,browsing
1569712083.859,1660,802,None,Move,browsing
1569712083.87,1660,802,None,Move,browsing
1569712083.881,1661,803,None,Move,browsing
1569712083.895,1662,803,None,Move,browsing
1569712083.909,1662,803,None,Move,browsing
1569712083.92,1662,804,None,Move,browsing
1569712083.931,1663,804,None,Move,browsing
1569712083.95,1663,805,None,Move,browsing
1569712083.961,1663,806,None,Move,browsing
1569712083.971,1663,806,None,Move,browsing
1569712083.982,1663,807,None,Move,browsing
1569712083.992,1663,808,None,Move,browsing
1569712084.0029998,1663,809,None,Move,browsing
1569712084.015,1663,810,None,Move,browsing
1569712084.025,1662,812,None,Move,browsing
1569712084.036,1661,814,None,Move,browsing
1569712084.0470002,1660,816,None,Move,browsing
1569712084.0579998,1659,818,None,Move,browsing
1569712084.07,1657,820,None,Move,browsing
1569712084.081,1655,823,None,Move,browsing
1569712084.091,1654,824,None,Move,browsing
1569712084.1020002,1653,826,None,Move,browsing
1569712084.1139998,1652,828,None,Move,browsing
1569712084.1239998,1651,829,None,Move,browsing
1569712084.135,1650,832,None,Move,browsing
1569712084.146,1649,835,None,Move,browsing
1569712084.156,1648,837,None,Move,browsing
1569712084.166,1648,841,None,Move,browsing
1569712084.177,1648,843,None,Move,browsing
1569712084.188,1648,846,None,Move,browsing
1569712084.199,1648,850,None,Move,browsing
1569712084.21,1648,853,None,Move,browsing
1569712084.221,1648,856,None,Move,browsing
1569712084.232,1649,858,None,Move,browsing
1569712084.2429998,1649,860,None,Move,browsing
1569712084.2529998,1649,862,None,Move,browsing
1569712084.265,1649,863,None,Move,browsing
1569712084.276,1650,863,None,Move,browsing
1569712084.286,1650,864,None,Move,browsing
1569712084.295,1650,865,None,Move,browsing
1569712084.306,1651,865,None,Move,browsing
1569712084.319,1651,867,None,Move,browsing
1569712084.33,1652,868,None,Move,browsing
1569712084.341,1652,869,None,Move,browsing
1569712084.357,1652,869,None,Move,browsing
1569712084.375,1653,869,None,Move,browsing
1569712084.387,1653,870,None,Move,browsing
1569712084.436,1653,871,None,Move,browsing
1569712084.475,1653,872,None,Move,browsing
1569712084.486,1653,872,None,Move,browsing
1569712084.863,1653,872,Left,Pressed,browsing
1569712085.0779998,1653,872,Left,Released,browsing
1569712086.265,1653,867,None,Move,browsing
1569712086.2770002,1652,858,None,Move,browsing
1569712086.2870002,1648,848,None,Move,browsing
1569712086.2970002,1642,836,None,Move,browsing
1569712086.3079998,1638,824,None,Move,browsing
1569712086.3170002,1632,811,None,Move,browsing
1569712086.327,1627,799,None,Move,browsing
1569712086.337,1624,790,None,Move,browsing
1569712086.346,1618,780,None,Move,browsing
1569712086.357,1615,771,None,Move,browsing
1569712086.3660002,1609,762,None,Move,browsing
1569712086.375,1604,752,None,Move,browsing
1569712086.385,1600,740,None,Move,browsing
1569712086.395,1596,729,None,Move,browsing
1569712086.406,1589,719,None,Move,browsing
1569712086.416,1582,706,None,Move,browsing
1569712086.427,1578,696,None,Move,browsing
1569712086.437,1572,685,None,Move,browsing
1569712086.449,1567,676,None,Move,browsing
1569712086.46,1563,667,None,Move,browsing
1569712086.472,1558,660,None,Move,browsing
1569712086.482,1554,651,None,Move,browsing
1569712086.492,1551,645,None,Move,browsing
1569712086.502,1546,639,None,Move,browsing
1569712086.5129998,1544,635,None,Move,browsing
1569712086.5229998,1542,632,None,Move,browsing
1569712086.533,1541,629,None,Move,browsing
1569712086.544,1540,627,None,Move,browsing
1569712086.555,1539,624,None,Move,browsing
1569712086.566,1539,624,None,Move,browsing
1569712086.577,1537,622,None,Move,browsing
1569712086.587,1536,622,None,Move,browsing
1569712086.5979998,1534,621,None,Move,browsing
1569712086.609,1533,619,None,Move,browsing
1569712086.619,1532,619,None,Move,browsing
1569712086.629,1531,618,None,Move,browsing
1569712086.64,1530,617,None,Move,browsing
1569712086.651,1529,617,None,Move,browsing
1569712086.661,1528,617,None,Move,browsing
1569712086.6720002,1527,617,None,Move,browsing
1569712086.6829998,1525,617,None,Move,browsing
1569712086.694,1525,617,None,Move,browsing
1569712086.702,1524,617,None,Move,browsing
1569712086.715,1524,617,None,Move,browsing
1569712086.726,1523,617,None,Move,browsing
1569712086.736,1523,617,None,Move,browsing
1569712086.7470002,1520,619,None,Move,browsing
1569712086.758,1518,621,None,Move,browsing
1569712086.768,1517,627,None,Move,browsing
1569712086.778,1516,632,None,Move,browsing
1569712086.788,1516,639,None,Move,browsing
1569712086.8,1516,648,None,Move,browsing
1569712086.811,1519,660,None,Move,browsing
1569712086.821,1521,670,None,Move,browsing
1569712086.832,1526,679,None,Move,browsing
1569712086.843,1530,691,None,Move,browsing
1569712086.854,1535,699,None,Move,browsing
1569712086.865,1541,709,None,Move,browsing
1569712086.875,1547,722,None,Move,browsing
1569712086.89,1551,734,None,Move,browsing
1569712086.9,1556,743,None,Move,browsing
1569712086.91,1561,751,None,Move,browsing
1569712086.92,1567,760,None,Move,browsing
1569712086.931,1571,767,None,Move,browsing
1569712086.9420002,1573,774,None,Move,browsing
1569712086.951,1578,779,None,Move,browsing
1569712086.962,1580,783,None,Move,browsing
1569712086.972,1582,787,None,Move,browsing
1569712086.982,1587,792,None,Move,browsing
1569712086.9929998,1589,796,None,Move,browsing
1569712087.0029998,1590,798,None,Move,browsing
1569712087.014,1592,800,None,Move,browsing
1569712087.025,1593,802,None,Move,browsing
1569712087.036,1594,803,None,Move,browsing
1569712087.049,1594,803,None,Move,browsing
1569712087.063,1595,804,None,Move,browsing
1569712087.073,1595,804,None,Move,browsing
1569712087.083,1596,805,None,Move,browsing
1569712087.095,1596,807,None,Move,browsing
1569712087.111,1596,807,None,Move,browsing
1569712087.121,1596,807,None,Move,browsing
1569712087.139,1596,808,None,Move,browsing
1569712091.093,1597,806,None,Move,browsing
1569712091.105,1598,803,None,Move,browsing
1569712091.115,1599,799,None,Move,browsing
1569712091.1260002,1600,795,None,Move,browsing
1569712091.137,1601,792,None,Move,browsing
1569712091.161,1603,788,None,Move,browsing
1569712091.1720002,1604,786,None,Move,browsing
1569712091.181,1605,782,None,Move,browsing
1569712091.1920002,1606,779,None,Move,browsing
1569712091.2029998,1607,777,None,Move,browsing
1569712091.214,1608,774,None,Move,browsing
1569712091.226,1610,771,None,Move,browsing
1569712091.236,1611,768,None,Move,browsing
1569712091.2529998,1612,766,None,Move,browsing
1569712091.2629998,1613,765,None,Move,browsing
1569712091.276,1615,762,None,Move,browsing
1569712091.2870002,1616,760,None,Move,browsing
1569712091.298,1617,759,None,Move,browsing
1569712091.3070002,1619,757,None,Move,browsing
1569712091.3179998,1622,755,None,Move,browsing
1569712091.329,1624,751,None,Move,browsing
1569712091.34,1627,748,None,Move,browsing
1569712091.35,1629,745,None,Move,browsing
1569712091.3620002,1631,741,None,Move,browsing
1569712091.3720002,1634,738,None,Move,browsing
1569712091.383,1637,734,None,Move,browsing
1569712091.393,1639,732,None,Move,browsing
1569712091.404,1642,730,None,Move,browsing
1569712091.415,1643,728,None,Move,browsing
1569712091.425,1644,726,None,Move,browsing
1569712091.435,1645,725,None,Move,browsing
1569712091.445,1646,725,None,Move,browsing
1569712091.458,1647,724,None,Move,browsing
1569712091.466,1648,723,None,Move,browsing
1569712091.479,1649,722,None,Move,browsing
1569712091.4929998,1650,721,None,Move,browsing
1569712091.5070002,1650,720,None,Move,browsing
1569712091.5170002,1651,720,None,Move,browsing
1569712091.528,1652,719,None,Move,browsing
1569712091.539,1653,718,None,Move,browsing
1569712091.548,1654,718,None,Move,browsing
1569712091.559,1654,717,None,Move,browsing
1569712091.571,1655,716,None,Move,browsing
1569712091.583,1655,715,None,Move,browsing
1569712091.593,1656,714,None,Move,browsing
1569712091.603,1656,714,None,Move,browsing
1569712091.615,1657,713,None,Move,browsing
1569712091.627,1657,712,None,Move,browsing
1569712091.643,1657,712,None,Move,browsing
1569712091.657,1658,712,None,Move,browsing
1569712092.524,1658,712,Left,Pressed,browsing
1569712092.74,1658,712,Left,Released,browsing
1569712094.0879998,1658,708,None,Move,browsing
1569712094.101,1658,705,None,Move,browsing
1569712094.113,1658,703,None,Move,browsing
1569712094.1260002,1658,702,None,Move,browsing
1569712094.1379998,1658,699,None,Move,browsing
1569712094.149,1658,699,None,Move,browsing
1569712094.161,1658,698,None,Move,browsing
1569712094.1720002,1658,697,None,Move,browsing
1569712094.1820002,1658,697,None,Move,browsing
1569712094.1929998,1658,696,None,Move,browsing
1569712094.208,1658,695,None,Move,browsing
1569712094.2229998,1658,694,None,Move,browsing
1569712094.2370002,1658,693,None,Move,browsing
1569712094.252,1658,692,None,Move,browsing
1569712094.274,1658,692,None,Move,browsing
1569712095.788,1658,692,Left,Pressed,browsing
1569712096.004,1658,692,Left,Released,browsing
1569712097.948,1654,689,None,Move,browsing
1569712097.962,1648,685,None,Move,browsing
1569712097.972,1640,681,None,Move,browsing
1569712097.984,1632,675,None,Move,browsing
1569712097.995,1626,670,None,Move,browsing
1569712098.006,1617,662,None,Move,browsing
1569712098.0170002,1611,657,None,Move,browsing
1569712098.028,1603,651,None,Move,browsing
1569712098.038,1596,645,None,Move,browsing
1569712098.049,1591,640,None,Move,browsing
1569712098.059,1585,636,None,Move,browsing
1569712098.07,1577,631,None,Move,browsing
1569712098.079,1571,627,None,Move,browsing
1569712098.09,1565,623,None,Move,browsing
1569712098.1,1559,619,None,Move,browsing
1569712098.1079998,1555,615,None,Move,browsing
1569712098.12,1552,612,None,Move,browsing
1569712098.1320002,1549,609,None,Move,browsing
1569712098.1420002,1546,607,None,Move,browsing
1569712098.155,1541,603,None,Move,browsing
1569712098.167,1538,601,None,Move,browsing
1569712098.177,1533,597,None,Move,browsing
1569712098.189,1532,596,None,Move,browsing
1569712098.2,1529,593,None,Move,browsing
1569712098.211,1526,591,None,Move,browsing
1569712098.222,1522,585,None,Move,browsing
1569712098.2329998,1520,582,None,Move,browsing
1569712098.244,1518,579,None,Move,browsing
1569712098.254,1516,578,None,Move,browsing
1569712098.265,1513,576,None,Move,browsing
1569712098.276,1512,573,None,Move,browsing
1569712098.288,1511,572,None,Move,browsing
1569712098.299,1510,570,None,Move,browsing
1569712098.31,1509,568,None,Move,browsing
1569712098.325,1508,567,None,Move,browsing
1569712098.336,1507,567,None,Move,browsing
1569712098.347,1506,566,None,Move,browsing
1569712098.3579998,1506,565,None,Move,browsing
1569712098.369,1506,564,None,Move,browsing
1569712098.3820002,1506,563,None,Move,browsing
1569712098.395,1505,563,None,Move,browsing
1569712098.418,1505,562,None,Move,browsing
1569712098.4329998,1504,561,None,Move,browsing
1569712098.4629998,1504,560,None,Move,browsing
1569712098.478,1504,560,None,Move,browsing
1569712098.494,1504,560,None,Move,browsing
1569712098.529,1504,559,None,Move,browsing
1569712098.863,1504,559,Left,Pressed,browsing
1569712099.08,1504,559,Left,Released,browsing
1569712099.56,1511,555,None,Move,browsing
1569712099.574,1524,549,None,Move,browsing
1569712099.586,1537,545,None,Move,browsing
1569712099.597,1549,543,None,Move,browsing
1569712099.606,1561,539,None,Move,browsing
1569712099.6160002,1574,534,None,Move,browsing
1569712099.627,1586,533,None,Move,browsing
1569712099.64,1596,532,None,Move,browsing
1569712099.651,1607,530,None,Move,browsing
1569712099.66,1617,530,None,Move,browsing
1569712099.67,1624,530,None,Move,browsing
1569712099.68,1632,530,None,Move,browsing
1569712099.691,1642,530,None,Move,browsing
1569712099.7029998,1652,531,None,Move,browsing
1569712099.714,1664,532,None,Move,browsing
1569712099.725,1676,534,None,Move,browsing
1569712099.7370002,1686,535,None,Move,browsing
1569712099.748,1696,537,None,Move,browsing
1569712099.758,1707,539,None,Move,browsing
1569712099.769,1715,540,None,Move,browsing
1569712099.78,1724,541,None,Move,browsing
1569712099.791,1732,542,None,Move,browsing
1569712099.802,1739,543,None,Move,browsing
1569712099.814,1748,544,None,Move,browsing
1569712099.824,1755,547,None,Move,browsing
1569712099.836,1763,548,None,Move,browsing
1569712099.847,1769,551,None,Move,browsing
1569712099.857,1778,552,None,Move,browsing
1569712099.867,1783,554,None,Move,browsing
1569712099.877,1792,556,None,Move,browsing
1569712099.887,1798,558,None,Move,browsing
1569712099.899,1804,561,None,Move,browsing
1569712099.909,1811,564,None,Move,browsing
1569712099.92,1816,566,None,Move,browsing
1569712099.9320002,1821,569,None,Move,browsing
1569712099.9420002,1825,570,None,Move,browsing
1569712099.952,1828,572,None,Move,browsing
1569712099.9629998,1832,573,None,Move,browsing
1569712099.9729998,1834,575,None,Move,browsing
1569712099.985,1835,577,None,Move,browsing
1569712099.996,1837,578,None,Move,browsing
1569712100.006,1838,579,None,Move,browsing
1569712100.016,1839,579,None,Move,browsing
1569712100.0270002,1840,579,None,Move,browsing
1569712100.0370002,1841,580,None,Move,browsing
1569712206.1720002,1848,581,None,Move,browsing
1569712206.185,1858,581,None,Move,browsing
1569712206.2,1870,581,None,Move,browsing
1569712206.212,1879,579,None,Move,browsing
1569712206.221,1890,579,None,Move,browsing
1569712206.232,1902,578,None,Move,browsing
1569712206.242,1912,578,None,Move,browsing
1569712206.2529998,1924,576,None,Move,browsing
1569712206.264,1927,575,None,Move,browsing
1569712206.2770002,1929,575,None,Move,browsing
1569712206.288,1926,575,None,Move,browsing
1569712206.298,1927,577,None,Move,browsing
1569712206.31,1925,579,None,Move,browsing
1569712206.32,1928,583,None,Move,browsing
1569712206.333,1927,591,None,Move,browsing
1569712206.345,1929,602,None,Move,browsing
1569712206.3579998,1928,615,None,Move,browsing
1569712206.3720002,1928,625,None,Move,browsing
1569712206.3839998,1927,637,None,Move,browsing
1569712206.394,1927,645,None,Move,browsing
1569712206.406,1929,655,None,Move,browsing
1569712206.418,1925,662,None,Move,browsing
1569712206.429,1928,671,None,Move,browsing
1569712206.438,1925,677,None,Move,browsing
1569712206.45,1925,682,None,Move,browsing
1569712206.4629998,1926,688,None,Move,browsing
1569712206.474,1923,691,None,Move,browsing
1569712206.4870002,1922,693,None,Move,browsing
1569712206.5,1923,695,None,Move,browsing
1569712206.514,1922,696,None,Move,browsing
1569712206.5270002,1922,698,None,Move,browsing
1569712206.539,1921,698,None,Move,browsing
1569712206.553,1921,698,None,Move,browsing
1569712206.566,1920,698,None,Move,browsing
1569712206.5779998,1920,698,None,Move,browsing
1569712206.589,1920,698,None,Move,browsing
1569712206.601,1919,698,None,Move,browsing
1569712206.613,1920,698,None,Move,browsing
1569712206.623,1920,698,None,Move,browsing
1569712206.6339998,1920,698,None,Move,browsing
1569712206.644,1919,697,None,Move,browsing
1569712206.656,1919,695,None,Move,browsing
1569712206.669,1916,687,None,Move,browsing
1569712206.6820002,1910,682,None,Move,browsing
1569712206.694,1896,672,None,Move,browsing
1569712206.704,1882,665,None,Move,browsing
1569712206.716,1867,658,None,Move,browsing
1569712206.7270002,1851,651,None,Move,browsing
1569712206.7389998,1837,649,None,Move,browsing
1569712206.7529998,1823,646,None,Move,browsing
1569712206.768,1811,644,None,Move,browsing
1569712206.78,1800,643,None,Move,browsing
1569712206.793,1792,643,None,Move,browsing
1569712206.804,1786,643,None,Move,browsing
1569712206.8179998,1774,643,None,Move,browsing
1569712206.829,1763,643,None,Move,browsing
1569712206.841,1750,643,None,Move,browsing
1569712206.857,1743,644,None,Move,browsing
1569712206.87,1735,644,None,Move,browsing
1569712206.883,1730,645,None,Move,browsing
1569712206.896,1725,647,None,Move,browsing
1569712206.909,1722,648,None,Move,browsing
1569712206.925,1719,649,None,Move,browsing
1569712206.94,1717,650,None,Move,browsing
1569712206.9529998,1717,650,None,Move,browsing
1569712206.968,1715,651,None,Move,browsing
1569712206.981,1715,652,None,Move,browsing
1569712206.9929998,1713,656,None,Move,browsing
1569712207.005,1712,659,None,Move,browsing
1569712207.016,1711,663,None,Move,browsing
1569712207.0270002,1710,667,None,Move,browsing
1569712207.039,1709,671,None,Move,browsing
1569712207.05,1708,674,None,Move,browsing
1569712207.061,1707,678,None,Move,browsing
1569712207.071,1705,681,None,Move,browsing
1569712207.084,1704,684,None,Move,browsing
1569712207.096,1703,685,None,Move,browsing
1569712207.109,1703,686,None,Move,browsing
1569712207.123,1703,687,None,Move,browsing
1569712207.135,1703,689,None,Move,browsing
1569712207.15,1703,689,None,Move,browsing
1569712207.1620002,1703,690,None,Move,browsing
1569712207.177,1703,690,None,Move,browsing
1569712207.19,1702,690,None,Move,browsing
1569712207.214,1702,691,None,Move,browsing
1569712207.226,1700,691,None,Move,browsing
1569712207.2589998,1700,691,None,Move,browsing
1569712207.281,1699,691,None,Move,browsing
1569712207.2970002,1698,691,None,Move,browsing
1569712207.312,1698,691,None,Move,browsing
1569712207.323,1698,691,None,Move,browsing
1569712207.336,1698,690,None,Move,browsing
1569712207.347,1697,690,None,Move,browsing
1569712207.357,1697,688,None,Move,browsing
1569712207.369,1696,688,None,Move,browsing
1569712207.381,1696,687,None,Move,browsing
1569712207.3920002,1696,686,None,Move,browsing
1569712207.404,1696,685,None,Move,browsing
1569712207.416,1696,685,None,Move,browsing
1569712207.428,1696,684,None,Move,browsing
1569712207.438,1696,682,None,Move,browsing
1569712208.81,1696,682,Left,Pressed,browsing
1569712209.026,1696,682,Left,Released,browsing
1569712216.764,1696,682,Left,Pressed,browsing
1569712216.98,1696,682,Left,Released,browsing
1569712221.93,1682,675,None,Move,browsing
1569712221.9420002,1664,662,None,Move,browsing
1569712221.952,1643,644,None,Move,browsing
1569712221.9629998,1624,627,None,Move,browsing
1569712221.9729998,1605,608,None,Move,browsing
1569712221.986,1589,592,None,Move,browsing
1569712221.996,1581,582,None,Move,browsing
1569712222.006,1570,571,None,Move,browsing
1569712222.016,1562,564,None,Move,browsing
1569712222.025,1555,557,None,Move,browsing
1569712222.034,1545,549,None,Move,browsing
1569712222.046,1537,541,None,Move,browsing
1569712222.0570002,1529,535,None,Move,browsing
1569712222.0670002,1521,529,None,Move,browsing
1569712222.0779998,1516,521,None,Move,browsing
1569712222.09,1513,516,None,Move,browsing
1569712222.1020002,1511,513,None,Move,browsing
1569712222.113,1508,509,None,Move,browsing
1569712222.13,1506,503,None,Move,browsing
1569712222.14,1501,497,None,Move,browsing
1569712222.153,1499,494,None,Move,browsing
1569712222.164,1497,492,None,Move,browsing
1569712222.174,1496,490,None,Move,browsing
1569712222.185,1496,489,None,Move,browsing
1569712222.198,1496,488,None,Move,browsing
1569712222.209,1496,488,None,Move,browsing
1569712222.218,1496,487,None,Move,browsing
1569712222.2270002,1496,487,None,Move,browsing
1569712222.2389998,1495,486,None,Move,browsing
1569712222.25,1495,486,None,Move,browsing
1569712222.264,1494,485,None,Move,browsing
1569712222.274,1494,484,None,Move,browsing
1569712222.285,1494,484,None,Move,browsing
1569712222.296,1494,483,None,Move,browsing
1569712222.305,1494,481,None,Move,browsing
1569712222.316,1494,481,None,Move,browsing
1569712222.326,1494,480,None,Move,browsing
1569712222.337,1493,480,None,Move,browsing
1569712222.347,1493,479,None,Move,browsing
1569712222.399,1493,479,None,Move,browsing
1569712222.408,1493,480,None,Move,browsing
1569712222.419,1493,482,None,Move,browsing
1569712222.43,1493,484,None,Move,browsing
1569712222.44,1493,487,None,Move,browsing
1569712222.452,1493,491,None,Move,browsing
1569712222.464,1493,493,None,Move,browsing
1569712222.475,1493,496,None,Move,browsing
1569712222.4870002,1493,501,None,Move,browsing
1569712222.498,1493,504,None,Move,browsing
1569712222.508,1493,509,None,Move,browsing
1569712222.519,1493,513,None,Move,browsing
1569712222.529,1493,515,None,Move,browsing
1569712222.538,1493,518,None,Move,browsing
1569712222.5470002,1493,522,None,Move,browsing
1569712222.5579998,1493,525,None,Move,browsing
1569712222.569,1493,527,None,Move,browsing
1569712222.579,1493,529,None,Move,browsing
1569712222.59,1493,531,None,Move,browsing
1569712222.601,1493,534,None,Move,browsing
1569712222.6120002,1493,536,None,Move,browsing
1569712222.6220002,1493,537,None,Move,browsing
1569712222.63,1493,538,None,Move,browsing
1569712222.64,1493,539,None,Move,browsing
1569712222.65,1493,541,None,Move,browsing
1569712222.66,1493,541,None,Move,browsing
1569712222.6720002,1493,542,None,Move,browsing
1569712222.6820002,1493,542,None,Move,browsing
1569712222.6929998,1493,543,None,Move,browsing
1569712222.704,1493,544,None,Move,browsing
1569712222.716,1493,544,None,Move,browsing
1569712222.73,1493,546,None,Move,browsing
1569712222.765,1493,546,None,Move,browsing
1569712222.804,1493,547,None,Move,browsing
1569712222.825,1493,548,None,Move,browsing
1569712222.836,1492,548,None,Move,browsing
1569712223.19,1492,548,Left,Pressed,browsing
1569712223.404,1492,548,Left,Released,browsing
1569712223.792,1510,538,None,Move,browsing
1569712223.802,1533,524,None,Move,browsing
1569712223.811,1570,500,None,Move,browsing
1569712223.82,1597,483,None,Move,browsing
1569712223.832,1637,461,None,Move,browsing
1569712223.842,1670,442,None,Move,browsing
1569712223.8520002,1706,425,None,Move,browsing
1569712223.8620002,1752,402,None,Move,browsing
1569712223.8720002,1787,387,None,Move,browsing
1569712223.881,1819,373,None,Move,browsing
1569712223.891,1844,365,None,Move,browsing
1569712223.901,1876,359,None,Move,browsing
1569712223.909,1892,353,None,Move,browsing
1569712223.92,1907,351,None,Move,browsing
1569712223.93,1922,349,None,Move,browsing
1569712223.939,1934,348,None,Move,browsing
1569712223.95,1931,348,None,Move,browsing
1569712223.96,1931,350,None,Move,browsing
1569712223.97,1929,351,None,Move,browsing
1569712223.981,1926,353,None,Move,browsing
1569712223.988,1928,356,None,Move,browsing
1569712224.0,1924,359,None,Move,browsing
1569712224.0110002,1925,363,None,Move,browsing
1569712224.02,1925,367,None,Move,browsing
1569712224.031,1923,373,None,Move,browsing
1569712224.042,1926,379,None,Move,browsing
1569712224.052,1922,387,None,Move,browsing
1569712224.064,1922,395,None,Move,browsing
1569712224.074,1922,399,None,Move,browsing
1569712224.086,1920,401,None,Move,browsing
1569712224.097,1920,404,None,Move,browsing
1569712239.101,1936,411,None,Move,browsing
1569712239.111,1944,420,None,Move,browsing
1569712239.1220002,1945,425,None,Move,browsing
1569712239.133,1946,432,None,Move,browsing
1569712239.1420002,1941,434,None,Move,browsing
1569712239.154,1951,437,None,Move,browsing
1569712239.164,1950,438,None,Move,browsing
1569712239.174,1937,440,None,Move,browsing
1569712239.184,1943,445,None,Move,browsing
1569712239.194,1934,446,None,Move,browsing
1569712239.206,1931,449,None,Move,browsing
1569712239.215,1926,450,None,Move,browsing
1569712239.225,1928,452,None,Move,browsing
1569712239.236,1923,453,None,Move,browsing
1569712239.245,1921,454,None,Move,browsing
1569712239.254,1921,455,None,Move,browsing
1569712239.264,1920,455,None,Move,browsing
1569712239.274,1922,456,None,Move,browsing
1569712239.283,1920,457,None,Move,browsing
1569712239.293,1919,458,None,Move,browsing
1569712239.304,1920,459,None,Move,browsing
1569712239.315,1920,462,None,Move,browsing
1569712239.326,1919,468,None,Move,browsing
1569712239.335,1919,475,None,Move,browsing
1569712239.346,1916,482,None,Move,browsing
1569712239.356,1914,489,None,Move,browsing
1569712239.367,1911,496,None,Move,browsing
1569712239.377,1909,500,None,Move,browsing
1569712239.3879998,1907,504,None,Move,browsing
1569712239.399,1903,510,None,Move,browsing
1569712239.409,1901,514,None,Move,browsing
1569712239.42,1900,521,None,Move,browsing
1569712239.431,1899,528,None,Move,browsing
1569712239.447,1899,535,None,Move,browsing
1569712239.457,1899,540,None,Move,browsing
1569712239.468,1900,545,None,Move,browsing
1569712239.48,1902,548,None,Move,browsing
1569712239.492,1905,554,None,Move,browsing
1569712239.5010002,1907,558,None,Move,browsing
1569712239.51,1908,561,None,Move,browsing
1569712239.52,1910,564,None,Move,browsing
1569712239.531,1912,565,None,Move,browsing
1569712239.543,1913,566,None,Move,browsing
1569712239.554,1915,568,None,Move,browsing
1569712239.565,1917,570,None,Move,browsing
1569712239.575,1920,573,None,Move,browsing
1569712239.5879998,1921,576,None,Move,browsing
1569712239.599,1921,579,None,Move,browsing
1569712239.61,1922,583,None,Move,browsing
1569712239.6220002,1920,586,None,Move,browsing
1569712239.633,1920,587,None,Move,browsing
1569712239.644,1919,589,None,Move,browsing
1569712239.654,1920,590,None,Move,browsing
1569712239.664,1919,591,None,Move,browsing
1569712239.675,1921,591,None,Move,browsing
1569712239.691,1919,592,None,Move,browsing
1569712239.702,1919,593,None,Move,browsing
1569712239.712,1919,594,None,Move,browsing
1569712239.721,1919,595,None,Move,browsing
1569712239.73,1920,595,None,Move,browsing
1569712239.74,1919,595,None,Move,browsing
1569712239.7510002,1921,595,None,Move,browsing
1569712239.762,1921,591,None,Move,browsing
1569712239.772,1923,579,None,Move,browsing
1569712239.783,1923,565,None,Move,browsing
1569712239.795,1919,547,None,Move,browsing
1569712239.806,1913,522,None,Move,browsing
1569712239.8170002,1901,488,None,Move,browsing
1569712239.8279998,1890,462,None,Move,browsing
1569712239.839,1876,439,None,Move,browsing
1569712239.849,1864,424,None,Move,browsing
1569712239.8579998,1852,409,None,Move,browsing
1569712239.8679998,1842,401,None,Move,browsing
1569712239.8779998,1828,393,None,Move,browsing
1569712239.89,1819,389,None,Move,browsing
1569712239.901,1807,386,None,Move,browsing
1569712239.91,1797,386,None,Move,browsing
1569712239.921,1785,389,None,Move,browsing
1569712239.9329998,1776,392,None,Move,browsing
1569712239.944,1764,399,None,Move,browsing
1569712239.955,1755,403,None,Move,browsing
1569712239.965,1747,409,None,Move,browsing
1569712239.975,1738,416,None,Move,browsing
1569712239.985,1731,425,None,Move,browsing
1569712239.995,1726,433,None,Move,browsing
1569712240.006,1718,445,None,Move,browsing
1569712240.0170002,1714,453,None,Move,browsing
1569712240.028,1709,465,None,Move,browsing
1569712240.038,1706,474,None,Move,browsing
1569712240.049,1703,481,None,Move,browsing
1569712240.059,1700,490,None,Move,browsing
1569712240.069,1698,498,None,Move,browsing
1569712240.08,1696,512,None,Move,browsing
1569712240.09,1692,519,None,Move,browsing
1569712240.101,1689,531,None,Move,browsing
1569712240.1120002,1687,540,None,Move,browsing
1569712240.1220002,1683,552,None,Move,browsing
1569712240.133,1681,561,None,Move,browsing
1569712240.1420002,1680,568,None,Move,browsing
1569712240.1520002,1679,576,None,Move,browsing
1569712240.161,1676,580,None,Move,browsing
1569712240.171,1675,584,None,Move,browsing
1569712240.1829998,1674,587,None,Move,browsing
1569712240.194,1673,589,None,Move,browsing
1569712240.205,1673,590,None,Move,browsing
1569712240.216,1672,591,None,Move,browsing
1569712240.2270002,1672,592,None,Move,browsing
1569712240.2370002,1672,593,None,Move,browsing
1569712240.2489998,1672,594,None,Move,browsing
1569712240.6379998,1672,599,None,Move,browsing
1569712240.649,1675,608,None,Move,browsing
1569712240.659,1676,617,None,Move,browsing
1569712240.67,1679,624,None,Move,browsing
1569712240.681,1682,630,None,Move,browsing
1569712240.69,1683,634,None,Move,browsing
1569712240.701,1684,638,None,Move,browsing
1569712240.711,1685,642,None,Move,browsing
1569712240.722,1686,645,None,Move,browsing
1569712240.7329998,1687,648,None,Move,browsing
1569712240.744,1688,650,None,Move,browsing
1569712240.755,1689,651,None,Move,browsing
1569712240.766,1690,654,None,Move,browsing
1569712240.7770002,1690,656,None,Move,browsing
1569712240.7870002,1691,659,None,Move,browsing
1569712240.799,1692,660,None,Move,browsing
1569712240.811,1692,661,None,Move,browsing
1569712240.819,1692,662,None,Move,browsing
1569712240.8279998,1693,662,None,Move,browsing
1569712240.8379998,1694,663,None,Move,browsing
1569712240.85,1695,663,None,Move,browsing
1569712240.861,1695,665,None,Move,browsing
1569712240.8720002,1696,666,None,Move,browsing
1569712240.8839998,1696,668,None,Move,browsing
1569712240.895,1696,670,None,Move,browsing
1569712240.907,1696,671,None,Move,browsing
1569712240.918,1696,671,None,Move,browsing
1569712240.93,1696,672,None,Move,browsing
1569712240.938,1696,672,None,Move,browsing
1569712240.948,1696,674,None,Move,browsing
1569712240.958,1696,675,None,Move,browsing
1569712240.969,1696,676,None,Move,browsing
1569712240.98,1696,677,None,Move,browsing
1569712240.992,1696,678,None,Move,browsing
1569712241.0029998,1696,679,None,Move,browsing
1569712241.014,1696,680,None,Move,browsing
1569712241.025,1696,681,None,Move,browsing
1569712241.035,1696,681,None,Move,browsing
1569712241.045,1696,682,None,Move,browsing
1569712241.055,1696,682,None,Move,browsing
1569712241.065,1696,682,None,Move,browsing
1569712241.076,1696,683,None,Move,browsing
1569712241.087,1695,683,None,Move,browsing
1569712241.115,1694,683,None,Move,browsing
1569712241.419,1694,683,Left,Pressed,browsing
1569712241.635,1694,683,Left,Released,browsing
1569712248.6260002,1682,674,None,Move,browsing
1569712248.637,1660,656,None,Move,browsing
1569712248.65,1638,638,None,Move,browsing
1569712248.661,1613,617,None,Move,browsing
1569712248.671,1592,601,None,Move,browsing
1569712248.684,1571,585,None,Move,browsing
1569712248.6929998,1540,565,None,Move,browsing
1569712248.702,1512,545,None,Move,browsing
1569712248.714,1482,527,None,Move,browsing
1569712248.725,1462,514,None,Move,browsing
1569712248.734,1435,498,None,Move,browsing
1569712248.745,1412,484,None,Move,browsing
1569712248.755,1395,475,None,Move,browsing
1569712248.766,1376,464,None,Move,browsing
1569712248.7770002,1360,455,None,Move,browsing
1569712248.789,1346,446,None,Move,browsing
1569712248.801,1334,439,None,Move,browsing
1569712248.812,1325,434,None,Move,browsing
1569712248.823,1317,429,None,Move,browsing
1569712248.834,1305,426,None,Move,browsing
1569712248.844,1299,424,None,Move,browsing
1569712248.853,1294,422,None,Move,browsing
1569712248.863,1290,422,None,Move,browsing
1569712248.8739998,1287,420,None,Move,browsing
1569712248.885,1286,420,None,Move,browsing
1569712248.895,1285,420,None,Move,browsing
1569712248.905,1283,420,None,Move,browsing
1569712248.916,1282,420,None,Move,browsing
1569712248.927,1281,420,None,Move,browsing
1569712248.937,1280,420,None,Move,browsing
1569712248.948,1280,420,None,Move,browsing
1569712248.959,1279,420,None,Move,browsing
1569712248.969,1278,420,None,Move,browsing
1569712248.979,1277,420,None,Move,browsing
1569712248.99,1277,421,None,Move,browsing
1569712249.0010002,1277,421,None,Move,browsing
1569712249.089,1277,421,None,Move,browsing
1569712249.11,1278,421,None,Move,browsing
1569712249.1279998,1279,420,None,Move,browsing
1569712249.144,1281,420,None,Move,browsing
1569712249.156,1281,420,None,Move,browsing
1569712249.166,1282,420,None,Move,browsing
1569712249.175,1283,420,None,Move,browsing
1569712249.186,1284,420,None,Move,browsing
1569712249.197,1285,420,None,Move,browsing
1569712249.208,1286,420,None,Move,browsing
1569712249.219,1286,421,None,Move,browsing
1569712249.234,1287,422,None,Move,browsing
1569712249.566,1287,422,Left,Pressed,browsing
1569712249.782,1287,422,Left,Released,browsing
1569712250.155,1302,422,None,Move,browsing
1569712250.165,1328,420,None,Move,browsing
1569712250.174,1353,419,None,Move,browsing
1569712250.1820002,1384,419,None,Move,browsing
1569712250.191,1412,417,None,Move,browsing
1569712250.201,1440,415,None,Move,browsing
1569712250.211,1464,415,None,Move,browsing
1569712250.22,1495,413,None,Move,browsing
1569712250.23,1516,413,None,Move,browsing
1569712250.2410002,1541,412,None,Move,browsing
1569712250.2489998,1561,412,None,Move,browsing
1569712250.26,1579,411,None,Move,browsing
1569712250.272,1594,408,None,Move,browsing
1569712250.282,1615,406,None,Move,browsing
1569712250.293,1633,405,None,Move,browsing
1569712250.306,1646,403,None,Move,browsing
1569712250.3170002,1659,403,None,Move,browsing
1569712250.327,1672,402,None,Move,browsing
1569712250.339,1683,402,None,Move,browsing
1569712250.349,1697,401,None,Move,browsing
1569712250.36,1708,398,None,Move,browsing
1569712250.371,1717,397,None,Move,browsing
1569712250.381,1729,395,None,Move,browsing
1569712250.3920002,1737,395,None,Move,browsing
1569712250.403,1745,395,None,Move,browsing
1569712250.415,1752,395,None,Move,browsing
1569712250.424,1757,395,None,Move,browsing
1569712250.435,1761,395,None,Move,browsing
1569712250.447,1767,396,None,Move,browsing
1569712250.459,1770,398,None,Move,browsing
1569712250.469,1774,399,None,Move,browsing
1569712250.48,1776,400,None,Move,browsing
1569712250.49,1780,400,None,Move,browsing
1569712250.5010002,1783,400,None,Move,browsing
1569712250.5110002,1784,400,None,Move,browsing
1569712250.52,1788,401,None,Move,browsing
1569712250.53,1789,401,None,Move,browsing
1569712250.543,1791,401,None,Move,browsing
1569712250.554,1794,401,None,Move,browsing
1569712250.565,1796,401,None,Move,browsing
1569712250.576,1798,400,None,Move,browsing
1569712250.589,1802,399,None,Move,browsing
1569712250.5979998,1805,397,None,Move,browsing
1569712250.609,1806,397,None,Move,browsing
1569712250.6179998,1809,397,None,Move,browsing
1569712250.629,1809,397,None,Move,browsing
1569712250.6379998,1810,397,None,Move,browsing
1569712250.647,1811,397,None,Move,browsing
1569712250.657,1811,397,None,Move,browsing
1569712250.667,1812,397,None,Move,browsing
1569712250.688,1813,397,None,Move,browsing
1569712250.7029998,1814,397,None,Move,browsing
1569712250.734,1814,397,None,Move,browsing
1569712250.809,1814,397,None,Move,browsing
1569712250.83,1813,398,None,Move,browsing
1569712250.85,1810,399,None,Move,browsing
1569712250.865,1810,399,None,Move,browsing
1569712250.875,1808,399,None,Move,browsing
1569712250.885,1805,399,None,Move,browsing
1569712250.896,1803,399,None,Move,browsing
1569712250.908,1801,399,None,Move,browsing
1569712250.918,1799,399,None,Move,browsing
1569712250.93,1797,399,None,Move,browsing
1569712250.941,1796,399,None,Move,browsing
1569712250.949,1794,399,None,Move,browsing
1569712250.962,1793,399,None,Move,browsing
1569712250.972,1791,399,None,Move,browsing
1569712250.982,1791,399,None,Move,browsing
1569712250.994,1789,399,None,Move,browsing
1569712251.002,1788,399,None,Move,browsing
1569712251.012,1787,399,None,Move,browsing
1569712251.4020002,1787,399,Left,Pressed,browsing
1569712251.621,1787,399,Left,Released,browsing
1569712253.599,1779,402,None,Move,browsing
1569712253.61,1767,406,None,Move,browsing
1569712253.62,1755,410,None,Move,browsing
1569712253.63,1741,414,None,Move,browsing
1569712253.6420002,1726,421,None,Move,browsing
1569712253.6520002,1706,426,None,Move,browsing
1569712253.6620002,1688,432,None,Move,browsing
1569712253.673,1671,434,None,Move,browsing
1569712253.6820002,1648,437,None,Move,browsing
1569712253.694,1631,439,None,Move,browsing
1569712253.704,1614,442,None,Move,browsing
1569712253.7129998,1597,443,None,Move,browsing
1569712253.726,1581,443,None,Move,browsing
1569712253.7370002,1566,443,None,Move,browsing
1569712253.7470002,1551,443,None,Move,browsing
1569712253.7589998,1539,443,None,Move,browsing
1569712253.769,1531,443,None,Move,browsing
1569712253.78,1524,443,None,Move,browsing
1569712253.791,1516,443,None,Move,browsing
1569712253.802,1509,443,None,Move,browsing
1569712253.814,1502,440,None,Move,browsing
1569712253.825,1497,439,None,Move,browsing
1569712253.836,1491,437,None,Move,browsing
1569712253.846,1487,435,None,Move,browsing
1569712253.857,1482,430,None,Move,browsing
1569712253.869,1474,421,None,Move,browsing
1569712253.879,1469,413,None,Move,browsing
1569712253.89,1461,402,None,Move,browsing
1569712253.9020002,1455,393,None,Move,browsing
1569712253.917,1453,389,None,Move,browsing
1569712253.927,1450,385,None,Move,browsing
1569712253.939,1449,383,None,Move,browsing
1569712253.949,1448,381,None,Move,browsing
1569712253.96,1448,380,None,Move,browsing
1569712253.971,1447,380,None,Move,browsing
1569712253.981,1447,379,None,Move,browsing
1569712253.995,1447,378,None,Move,browsing
1569712254.006,1446,378,None,Move,browsing
1569712254.025,1446,376,None,Move,browsing
1569712254.035,1446,376,None,Move,browsing
1569712254.6620002,1440,380,None,Move,browsing
1569712254.685,1427,392,None,Move,browsing
1569712254.702,1410,411,None,Move,browsing
1569712254.7129998,1393,430,None,Move,browsing
1569712254.724,1375,451,None,Move,browsing
1569712254.735,1357,473,None,Move,browsing
1569712254.746,1333,507,None,Move,browsing
1569712254.756,1321,524,None,Move,browsing
1569712254.7670002,1303,546,None,Move,browsing
1569712254.778,1291,566,None,Move,browsing
1569712254.79,1284,580,None,Move,browsing
1569712254.8,1277,590,None,Move,browsing
1569712254.811,1273,599,None,Move,browsing
1569712254.822,1270,607,None,Move,browsing
1569712254.831,1267,614,None,Move,browsing
1569712254.842,1265,618,None,Move,browsing
1569712254.8520002,1264,621,None,Move,browsing
1569712254.861,1262,624,None,Move,browsing
1569712254.871,1261,627,None,Move,browsing
1569712254.8820002,1260,630,None,Move,browsing
1569712254.893,1260,633,None,Move,browsing
1569712254.905,1260,635,None,Move,browsing
1569712254.916,1259,636,None,Move,browsing
1569712254.926,1259,637,None,Move,browsing
1569712254.937,1259,638,None,Move,browsing
1569712254.947,1258,639,None,Move,browsing
1569712254.959,1258,639,None,Move,browsing
1569712254.97,1258,640,None,Move,browsing
1569712254.98,1256,641,None,Move,browsing
1569712254.99,1256,642,None,Move,browsing
1569712255.002,1255,642,None,Move,browsing
1569712255.012,1255,643,None,Move,browsing
1569712255.0229998,1255,643,None,Move,browsing
1569712255.033,1255,645,None,Move,browsing
1569712255.044,1255,645,None,Move,browsing
1569712255.055,1254,646,None,Move,browsing
1569712255.455,1250,646,None,Move,browsing
1569712255.466,1244,645,None,Move,browsing
1569712255.4770002,1240,644,None,Move,browsing
1569712255.4870002,1235,643,None,Move,browsing
1569712255.4970002,1232,642,None,Move,browsing
1569712255.508,1229,642,None,Move,browsing
1569712255.52,1227,642,None,Move,browsing
1569712255.531,1226,642,None,Move,browsing
1569712255.54,1224,642,None,Move,browsing
1569712255.551,1224,642,None,Move,browsing
1569712255.563,1223,642,None,Move,browsing
1569712255.572,1223,642,None,Move,browsing
1569712255.585,1222,640,None,Move,browsing
1569712255.596,1220,638,None,Move,browsing
1569712255.607,1219,636,None,Move,browsing
1569712255.617,1218,634,None,Move,browsing
1569712255.6260002,1217,633,None,Move,browsing
1569712255.6360002,1216,631,None,Move,browsing
1569712255.647,1216,630,None,Move,browsing
1569712255.657,1215,630,None,Move,browsing
1569712255.668,1215,629,None,Move,browsing
1569712255.679,1215,629,None,Move,browsing
1569712255.689,1215,628,None,Move,browsing
1569712255.7,1215,628,None,Move,browsing
1569712255.712,1215,627,None,Move,browsing
1569712255.7229998,1215,626,None,Move,browsing
1569712255.734,1215,626,None,Move,browsing
1569712255.744,1215,625,None,Move,browsing
1569712255.754,1215,624,None,Move,browsing
1569712255.764,1215,622,None,Move,browsing
1569712255.774,1215,621,None,Move,browsing
1569712255.783,1215,621,None,Move,browsing
1569712255.793,1215,620,None,Move,browsing
1569712255.803,1215,620,None,Move,browsing
1569712255.815,1215,619,None,Move,browsing
1569712255.83,1215,618,None,Move,browsing
1569712256.166,1215,618,Left,Pressed,browsing
1569712256.38,1215,618,Left,Released,browsing
1569712257.01,1226,620,None,Move,browsing
1569712257.02,1239,623,None,Move,browsing
1569712257.032,1253,624,None,Move,browsing
1569712257.041,1265,628,None,Move,browsing
1569712257.051,1277,631,None,Move,browsing
1569712257.062,1290,633,None,Move,browsing
1569712257.072,1302,636,None,Move,browsing
1569712257.085,1314,638,None,Move,browsing
1569712257.096,1326,641,None,Move,browsing
1569712257.107,1336,645,None,Move,browsing
1569712257.117,1346,649,None,Move,browsing
1569712257.127,1358,653,None,Move,browsing
1569712257.1360002,1369,659,None,Move,browsing
1569712257.1479998,1381,663,None,Move,browsing
1569712257.159,1392,668,None,Move,browsing
1569712257.17,1403,672,None,Move,browsing
1569712257.18,1413,679,None,Move,browsing
1569712257.191,1421,682,None,Move,browsing
1569712257.2029998,1431,688,None,Move,browsing
1569712257.214,1442,692,None,Move,browsing
1569712257.224,1450,697,None,Move,browsing
1569712257.235,1460,701,None,Move,browsing
1569712257.245,1467,706,None,Move,browsing
1569712257.2570002,1475,710,None,Move,browsing
1569712257.268,1481,713,None,Move,browsing
1569712257.278,1486,715,None,Move,browsing
1569712257.289,1492,718,None,Move,browsing
1569712257.3,1496,720,None,Move,browsing
1569712257.311,1499,721,None,Move,browsing
1569712257.322,1504,724,None,Move,browsing
1569712257.333,1507,725,None,Move,browsing
1569712257.344,1512,726,None,Move,browsing
1569712257.356,1513,727,None,Move,browsing
1569712257.3660002,1517,727,None,Move,browsing
1569712257.377,1519,729,None,Move,browsing
1569712257.387,1521,730,None,Move,browsing
1569712257.397,1522,730,None,Move,browsing
1569712257.409,1523,730,None,Move,browsing
1569712257.421,1524,730,None,Move,browsing
1569712257.4320002,1524,730,None,Move,browsing
1569712257.4420002,1525,730,None,Move,browsing
1569712257.776,1535,730,None,Move,browsing
1569712257.7970002,1549,730,None,Move,browsing
1569712257.814,1559,730,None,Move,browsing
1569712257.823,1567,730,None,Move,browsing
1569712257.832,1576,730,None,Move,browsing
1569712257.842,1584,730,None,Move,browsing
1569712257.853,1592,730,None,Move,browsing
1569712257.8660002,1597,730,None,Move,browsing
1569712257.877,1604,730,None,Move,browsing
1569712257.889,1609,731,None,Move,browsing
1569712257.9,1613,731,None,Move,browsing
1569712257.91,1616,732,None,Move,browsing
1569712257.923,1620,732,None,Move,browsing
1569712257.934,1625,732,None,Move,browsing
1569712257.945,1630,733,None,Move,browsing
1569712257.957,1637,733,None,Move,browsing
1569712257.97,1642,733,None,Move,browsing
1569712257.982,1646,734,None,Move,browsing
1569712257.9929998,1650,734,None,Move,browsing
1569712258.004,1654,735,None,Move,browsing
1569712258.015,1658,737,None,Move,browsing
1569712258.025,1663,737,None,Move,browsing
1569712258.0370002,1668,737,None,Move,browsing
1569712258.0470002,1671,737,None,Move,browsing
1569712258.0579998,1674,737,None,Move,browsing
1569712258.07,1677,737,None,Move,browsing
1569712258.08,1678,737,None,Move,browsing
1569712258.092,1680,737,None,Move,browsing
1569712258.104,1681,737,None,Move,browsing
1569712258.1160002,1682,737,None,Move,browsing
1569712258.125,1683,737,None,Move,browsing
1569712258.1360002,1683,737,None,Move,browsing
1569712258.146,1684,737,None,Move,browsing
1569712258.16,1684,737,None,Move,browsing
1569712258.17,1685,737,None,Move,browsing
1569712258.179,1686,736,None,Move,browsing
1569712258.189,1686,736,None,Move,browsing
1569712258.2,1688,736,None,Move,browsing
1569712258.21,1689,736,None,Move,browsing
1569712258.22,1689,735,None,Move,browsing
1569712258.2410002,1690,734,None,Move,browsing
1569712258.256,1691,734,None,Move,browsing
1569712258.2670002,1691,733,None,Move,browsing
1569712258.2770002,1691,733,None,Move,browsing
1569712258.29,1691,733,None,Move,browsing
1569712258.303,1692,733,None,Move,browsing
1569712258.313,1692,732,None,Move,browsing
1569712258.325,1692,731,None,Move,browsing
1569712258.337,1692,731,None,Move,browsing
1569712258.3479998,1692,730,None,Move,browsing
1569712258.3579998,1692,729,None,Move,browsing
1569712258.369,1692,728,None,Move,browsing
1569712258.38,1692,726,None,Move,browsing
1569712258.391,1692,724,None,Move,browsing
1569712258.4020002,1692,723,None,Move,browsing
1569712258.413,1692,722,None,Move,browsing
1569712258.424,1692,721,None,Move,browsing
1569712258.435,1692,721,None,Move,browsing
1569712258.445,1691,721,None,Move,browsing
1569712258.458,1691,720,None,Move,browsing
1569712258.472,1690,719,None,Move,browsing
1569712258.495,1690,718,None,Move,browsing
1569712258.508,1689,718,None,Move,browsing
1569712258.519,1689,718,None,Move,browsing
1569712258.529,1689,717,None,Move,browsing
1569712258.539,1687,717,None,Move,browsing
1569712258.549,1687,717,None,Move,browsing
1569712258.559,1686,717,None,Move,browsing
1569712258.569,1686,717,None,Move,browsing
1569712258.58,1685,717,None,Move,browsing
1569712258.59,1684,717,None,Move,browsing
1569712258.599,1682,717,None,Move,browsing
1569712258.609,1681,717,None,Move,browsing
1569712258.62,1681,717,None,Move,browsing
1569712258.63,1680,717,None,Move,browsing
1569712258.64,1680,717,None,Move,browsing
1569712258.651,1679,717,None,Move,browsing
1569712258.661,1678,717,None,Move,browsing
1569712258.6720002,1677,717,None,Move,browsing
1569712258.6820002,1676,716,None,Move,browsing
1569712258.6920002,1676,715,None,Move,browsing
1569712258.704,1675,715,None,Move,browsing
1569712258.714,1674,714,None,Move,browsing
1569712258.726,1672,712,None,Move,browsing
1569712258.7370002,1672,712,None,Move,browsing
1569712258.748,1671,711,None,Move,browsing
1569712258.7570002,1670,710,None,Move,browsing
1569712258.769,1669,709,None,Move,browsing
1569712258.779,1667,708,None,Move,browsing
1569712258.79,1667,708,None,Move,browsing
1569712258.802,1666,706,None,Move,browsing
1569712258.813,1666,706,None,Move,browsing
1569712258.823,1665,706,None,Move,browsing
1569712258.834,1664,706,None,Move,browsing
1569712258.846,1663,705,None,Move,browsing
1569712258.856,1662,705,None,Move,browsing
1569712258.871,1662,705,None,Move,browsing
1569712258.8820002,1661,705,None,Move,browsing
1569712258.901,1661,704,None,Move,browsing
1569712258.931,1661,703,None,Move,browsing
1569712258.94,1660,703,None,Move,browsing
1569712259.021,1660,703,None,Move,browsing
1569712259.04,1660,705,None,Move,browsing
1569712259.064,1660,709,None,Move,browsing
1569712259.077,1660,712,None,Move,browsing
1569712259.087,1660,716,None,Move,browsing
1569712259.097,1660,717,None,Move,browsing
1569712259.11,1660,719,None,Move,browsing
1569712259.123,1661,719,None,Move,browsing
1569712259.1339998,1661,720,None,Move,browsing
1569712259.144,1661,721,None,Move,browsing
1569712259.155,1661,722,None,Move,browsing
1569712259.167,1661,722,None,Move,browsing
1569712259.176,1662,723,None,Move,browsing
1569712259.187,1662,724,None,Move,browsing
1569712259.198,1663,724,None,Move,browsing
1569712259.208,1664,724,None,Move,browsing
1569712259.22,1664,724,None,Move,browsing
1569712259.231,1665,724,None,Move,browsing
1569712259.2410002,1667,724,None,Move,browsing
1569712259.252,1669,724,None,Move,browsing
1569712259.262,1672,724,None,Move,browsing
1569712259.272,1673,724,None,Move,browsing
1569712259.284,1675,724,None,Move,browsing
1569712259.294,1677,724,None,Move,browsing
1569712259.305,1679,723,None,Move,browsing
1569712259.3170002,1680,723,None,Move,browsing
1569712259.329,1682,723,None,Move,browsing
1569712259.339,1683,723,None,Move,browsing
1569712259.35,1684,723,None,Move,browsing
1569712259.359,1684,723,None,Move,browsing
1569712259.37,1685,723,None,Move,browsing
1569712259.38,1685,723,None,Move,browsing
1569712259.389,1686,723,None,Move,browsing
1569712259.399,1687,723,None,Move,browsing
1569712259.423,1687,723,None,Move,browsing
1569712263.968,1687,723,Left,Pressed,browsing
1569712264.1829998,1687,723,Left,Released,browsing
1569712267.564,1687,723,Left,Pressed,browsing
1569712267.78,1687,723,Left,Released,browsing
1569712271.019,1687,723,Left,Pressed,browsing
1569712271.235,1687,723,Left,Released,browsing
1569712271.833,1674,713,None,Move,browsing
1569712271.843,1647,696,None,Move,browsing
1569712271.855,1620,678,None,Move,browsing
1569712271.8660002,1587,660,None,Move,browsing
1569712271.8760002,1551,643,None,Move,browsing
1569712271.887,1503,627,None,Move,browsing
1569712271.899,1464,619,None,Move,browsing
1569712271.91,1425,613,None,Move,browsing
1569712271.9220002,1380,610,None,Move,browsing
1569712271.9320002,1341,608,None,Move,browsing
1569712271.9429998,1311,608,None,Move,browsing
1569712271.9529998,1276,606,None,Move,browsing
1569712271.964,1255,606,None,Move,browsing
1569712271.975,1232,604,None,Move,browsing
1569712271.986,1218,603,None,Move,browsing
1569712271.9970002,1211,602,None,Move,browsing
1569712272.0070002,1199,601,None,Move,browsing
1569712272.0170002,1191,601,None,Move,browsing
1569712272.0270002,1185,598,None,Move,browsing
1569712272.0370002,1180,598,None,Move,browsing
1569712272.049,1177,598,None,Move,browsing
1569712272.06,1176,598,None,Move,browsing
1569712272.069,1173,598,None,Move,browsing
1569712272.0779998,1172,598,None,Move,browsing
1569712272.0879998,1171,598,None,Move,browsing
1569712272.1,1170,598,None,Move,browsing
1569712272.11,1170,598,None,Move,browsing
1569712272.1220002,1169,598,None,Move,browsing
1569712272.1320002,1168,598,None,Move,browsing
1569712272.143,1167,598,None,Move,browsing
1569712272.155,1167,598,None,Move,browsing
1569712272.167,1166,598,None,Move,browsing
1569712272.176,1165,598,None,Move,browsing
1569712272.186,1164,598,None,Move,browsing
1569712272.197,1163,598,None,Move,browsing
1569712272.207,1162,598,None,Move,browsing
1569712272.217,1161,598,None,Move,browsing
1569712272.228,1160,598,None,Move,browsing
1569712272.238,1159,598,None,Move,browsing
1569712272.2489998,1158,599,None,Move,browsing
1569712272.2589998,1158,600,None,Move,browsing
1569712272.269,1158,603,None,Move,browsing
1569712272.278,1158,608,None,Move,browsing
1569712272.288,1158,613,None,Move,browsing
1569712272.299,1161,619,None,Move,browsing
1569712272.309,1163,625,None,Move,browsing
1569712272.32,1166,631,None,Move,browsing
1569712272.331,1169,634,None,Move,browsing
1569712272.343,1174,640,None,Move,browsing
1569712272.353,1180,644,None,Move,browsing
1569712272.363,1183,649,None,Move,browsing
1569712272.375,1187,651,None,Move,browsing
1569712272.3860002,1190,653,None,Move,browsing
1569712272.396,1194,655,None,Move,browsing
1569712272.41,1196,656,None,Move,browsing
1569712272.419,1200,657,None,Move,browsing
1569712272.429,1203,657,None,Move,browsing
1569712272.439,1205,657,None,Move,browsing
1569712272.449,1207,657,None,Move,browsing
1569712272.459,1209,657,None,Move,browsing
1569712272.469,1209,657,None,Move,browsing
1569712272.48,1210,657,None,Move,browsing
1569712272.49,1211,657,None,Move,browsing
1569712272.5010002,1212,657,None,Move,browsing
1569712272.512,1213,657,None,Move,browsing
1569712272.525,1214,657,None,Move,browsing
1569712272.54,1214,657,None,Move,browsing
1569712272.555,1215,657,None,Move,browsing
1569712272.585,1216,657,None,Move,browsing
1569712272.6160002,1217,657,None,Move,browsing
1569712272.675,1217,657,None,Move,browsing
1569712272.698,1218,657,None,Move,browsing
1569712272.718,1220,656,None,Move,browsing
1569712272.7329998,1220,654,None,Move,browsing
1569712272.745,1221,654,None,Move,browsing
1569712272.756,1221,653,None,Move,browsing
1569712272.7670002,1221,652,None,Move,browsing
1569712272.776,1221,652,None,Move,browsing
1569712272.7870002,1221,651,None,Move,browsing
1569712272.796,1221,651,None,Move,browsing
1569712272.811,1221,651,None,Move,browsing
1569712272.826,1221,649,None,Move,browsing
1569712272.836,1222,649,None,Move,browsing
1569712272.847,1222,648,None,Move,browsing
1569712272.865,1222,648,None,Move,browsing
1569712272.8760002,1223,648,None,Move,browsing
1569712272.894,1223,647,None,Move,browsing
1569712272.908,1224,647,None,Move,browsing
1569712272.925,1224,646,None,Move,browsing
1569712272.9529998,1224,646,None,Move,browsing
1569712272.962,1224,646,None,Move,browsing
1569712273.012,1224,645,None,Move,browsing
1569712273.342,1224,645,Left,Pressed,browsing
1569712273.5579998,1224,645,Left,Released,browsing
1569712274.151,1226,645,None,Move,browsing
1569712274.179,1230,646,None,Move,browsing
1569712274.202,1237,650,None,Move,browsing
1569712274.214,1243,652,None,Move,browsing
1569712274.224,1247,654,None,Move,browsing
1569712274.234,1253,659,None,Move,browsing
1569712274.245,1260,662,None,Move,browsing
1569712274.258,1266,667,None,Move,browsing
1569712274.269,1272,670,None,Move,browsing
1569712274.28,1281,675,None,Move,browsing
1569712274.29,1287,678,None,Move,browsing
1569712274.301,1296,681,None,Move,browsing
1569712274.311,1303,683,None,Move,browsing
1569712274.321,1312,686,None,Move,browsing
1569712274.332,1321,688,None,Move,browsing
1569712274.342,1331,691,None,Move,browsing
1569712274.3520002,1342,694,None,Move,browsing
1569712274.363,1351,696,None,Move,browsing
1569712274.3739998,1361,697,None,Move,browsing
1569712274.3839998,1371,697,None,Move,browsing
1569712274.395,1383,698,None,Move,browsing
1569712274.404,1393,700,None,Move,browsing
1569712274.413,1403,702,None,Move,browsing
1569712274.423,1412,703,None,Move,browsing
1569712274.434,1422,704,None,Move,browsing
1569712274.444,1427,705,None,Move,browsing
1569712274.458,1434,707,None,Move,browsing
1569712274.47,1443,710,None,Move,browsing
1569712274.481,1449,712,None,Move,browsing
1569712274.492,1454,715,None,Move,browsing
1569712274.5029998,1461,717,None,Move,browsing
1569712274.5129998,1467,720,None,Move,browsing
1569712274.524,1470,722,None,Move,browsing
1569712274.535,1473,723,None,Move,browsing
1569712274.545,1475,724,None,Move,browsing
1569712274.555,1476,726,None,Move,browsing
1569712274.91,1486,728,None,Move,browsing
1569712274.931,1500,730,None,Move,browsing
1569712274.945,1515,736,None,Move,browsing
1569712274.956,1529,740,None,Move,browsing
1569712274.966,1543,745,None,Move,browsing
1569712274.974,1555,750,None,Move,browsing
1569712274.985,1564,753,None,Move,browsing
1569712274.994,1572,756,None,Move,browsing
1569712275.004,1578,758,None,Move,browsing
1569712275.015,1585,760,None,Move,browsing
1569712275.026,1589,761,None,Move,browsing
1569712275.038,1593,763,None,Move,browsing
1569712275.048,1597,764,None,Move,browsing
1569712275.0579998,1598,765,None,Move,browsing
1569712275.069,1601,766,None,Move,browsing
1569712275.079,1604,766,None,Move,browsing
1569712275.09,1606,766,None,Move,browsing
1569712275.1,1609,766,None,Move,browsing
1569712275.111,1611,766,None,Move,browsing
1569712275.1260002,1614,766,None,Move,browsing
1569712275.137,1617,766,None,Move,browsing
1569712275.15,1619,766,None,Move,browsing
1569712275.159,1622,766,None,Move,browsing
1569712275.171,1625,766,None,Move,browsing
1569712275.181,1627,765,None,Move,browsing
1569712275.191,1630,765,None,Move,browsing
1569712275.201,1633,765,None,Move,browsing
1569712275.208,1635,765,None,Move,browsing
1569712275.22,1638,765,None,Move,browsing
1569712275.23,1641,765,None,Move,browsing
1569712275.2410002,1642,765,None,Move,browsing
1569712275.252,1643,765,None,Move,browsing
1569712275.262,1644,765,None,Move,browsing
1569712275.2729998,1645,765,None,Move,browsing
1569712275.288,1646,765,None,Move,browsing
1569712275.311,1647,764,None,Move,browsing
1569712275.322,1647,763,None,Move,browsing
1569712275.333,1647,762,None,Move,browsing
1569712275.344,1647,762,None,Move,browsing
1569712275.6179998,1647,762,Left,Pressed,browsing
1569712275.833,1647,762,Left,Released,browsing
1569712277.255,1648,759,None,Move,browsing
1569712277.266,1649,756,None,Move,browsing
1569712277.278,1650,752,None,Move,browsing
1569712277.29,1650,750,None,Move,browsing
1569712277.3,1650,748,None,Move,browsing
1569712277.313,1650,748,None,Move,browsing
1569712277.324,1650,747,None,Move,browsing
1569712277.3379998,1650,747,None,Move,browsing
1569712277.351,1650,746,None,Move,browsing
1569712277.363,1650,745,None,Move,browsing
1569712277.377,1650,744,None,Move,browsing
1569712277.389,1650,743,None,Move,browsing
1569712277.4,1650,743,None,Move,browsing
1569712277.4120002,1650,742,None,Move,browsing
1569712277.4220002,1650,741,None,Move,browsing
1569712277.435,1651,740,None,Move,browsing
1569712277.446,1651,740,None,Move,browsing
1569712277.456,1651,739,None,Move,browsing
1569712277.468,1651,738,None,Move,browsing
1569712277.478,1651,737,None,Move,browsing
1569712277.494,1651,736,None,Move,browsing
1569712277.505,1651,735,None,Move,browsing
1569712277.516,1651,734,None,Move,browsing
1569712277.526,1651,734,None,Move,browsing
1569712277.539,1651,733,None,Move,browsing
1569712277.553,1651,732,None,Move,browsing
1569712277.569,1651,731,None,Move,browsing
1569712277.59,1651,730,None,Move,browsing
1569712277.605,1651,729,None,Move,browsing
1569712277.6279998,1651,729,None,Move,browsing
1569712277.643,1651,728,None,Move,browsing
1569712277.653,1651,727,None,Move,browsing
1569712277.664,1651,727,None,Move,browsing
1569712277.674,1652,726,None,Move,browsing
1569712277.684,1653,725,None,Move,browsing
1569712277.6929998,1653,723,None,Move,browsing
1569712277.704,1653,722,None,Move,browsing
1569712277.717,1653,721,None,Move,browsing
1569712277.728,1653,719,None,Move,browsing
1569712277.74,1653,717,None,Move,browsing
1569712277.7510002,1654,716,None,Move,browsing
1569712277.7629998,1654,714,None,Move,browsing
1569712277.774,1654,713,None,Move,browsing
1569712277.785,1654,712,None,Move,browsing
1569712277.795,1654,709,None,Move,browsing
1569712277.806,1654,708,None,Move,browsing
1569712278.687,1654,708,Left,Pressed,browsing
1569712278.9020002,1654,708,Left,Released,browsing
1569712283.06,1654,708,Left,Pressed,browsing
1569712283.275,1654,708,Left,Released,browsing
1569712284.036,1654,709,None,Move,browsing
1569712284.054,1654,710,None,Move,browsing
1569712284.0670002,1655,711,None,Move,browsing
1569712284.08,1655,711,None,Move,browsing
1569712284.09,1655,713,None,Move,browsing
1569712284.099,1655,713,None,Move,browsing
1569712284.11,1656,714,None,Move,browsing
1569712284.121,1656,714,None,Move,browsing
1569712284.1320002,1656,715,None,Move,browsing
1569712284.141,1657,716,None,Move,browsing
1569712284.153,1658,719,None,Move,browsing
1569712284.164,1659,722,None,Move,browsing
1569712284.175,1660,723,None,Move,browsing
1569712284.185,1660,725,None,Move,browsing
1569712284.196,1661,726,None,Move,browsing
1569712284.207,1661,727,None,Move,browsing
1569712284.218,1661,728,None,Move,browsing
1569712284.23,1661,729,None,Move,browsing
1569712284.2389998,1661,729,None,Move,browsing
1569712284.2489998,1661,730,None,Move,browsing
1569712284.26,1661,730,None,Move,browsing
1569712284.271,1661,731,None,Move,browsing
1569712284.281,1661,732,None,Move,browsing
1569712284.292,1662,733,None,Move,browsing
1569712284.302,1662,734,None,Move,browsing
1569712284.314,1662,734,None,Move,browsing
1569712284.325,1662,735,None,Move,browsing
1569712284.335,1663,735,None,Move,browsing
1569712284.347,1663,736,None,Move,browsing
1569712284.356,1663,736,None,Move,browsing
1569712284.367,1663,737,None,Move,browsing
1569712284.379,1664,737,None,Move,browsing
1569712284.39,1664,737,None,Move,browsing
1569712284.401,1664,738,None,Move,browsing
1569712284.791,1664,738,Left,Pressed,browsing
1569712285.006,1664,738,Left,Released,browsing
1569712285.597,1657,733,None,Move,browsing
1569712285.61,1647,724,None,Move,browsing
1569712285.623,1634,717,None,Move,browsing
1569712285.6379998,1625,712,None,Move,browsing
1569712285.651,1616,707,None,Move,browsing
1569712285.665,1608,704,None,Move,browsing
1569712285.678,1596,703,None,Move,browsing
1569712285.6920002,1587,700,None,Move,browsing
1569712285.704,1575,699,None,Move,browsing
1569712285.714,1568,698,None,Move,browsing
1569712285.7229998,1556,696,None,Move,browsing
1569712285.7329998,1547,695,None,Move,browsing
1569712285.744,1532,693,None,Move,browsing
1569712285.7589998,1520,690,None,Move,browsing
1569712285.77,1508,688,None,Move,browsing
1569712285.781,1497,685,None,Move,browsing
1569712285.793,1485,681,None,Move,browsing
1569712285.803,1473,679,None,Move,browsing
1569712285.814,1461,676,None,Move,browsing
1569712285.821,1449,671,None,Move,browsing
1569712285.831,1442,668,None,Move,browsing
1569712285.841,1428,664,None,Move,browsing
1569712285.8520002,1419,659,None,Move,browsing
1569712285.863,1410,656,None,Move,browsing
1569712285.8739998,1403,652,None,Move,browsing
1569712285.8839998,1397,650,None,Move,browsing
1569712285.894,1391,648,None,Move,browsing
1569712285.906,1386,645,None,Move,browsing
1569712285.916,1381,641,None,Move,browsing
1569712285.927,1376,637,None,Move,browsing
1569712285.937,1371,634,None,Move,browsing
1569712285.948,1367,632,None,Move,browsing
1569712285.959,1363,630,None,Move,browsing
1569712285.97,1361,629,None,Move,browsing
1569712285.981,1357,628,None,Move,browsing
1569712285.992,1354,627,None,Move,browsing
1569712286.0029998,1351,626,None,Move,browsing
1569712286.014,1348,626,None,Move,browsing
1569712286.026,1343,625,None,Move,browsing
1569712286.036,1340,625,None,Move,browsing
1569712286.052,1336,625,None,Move,browsing
1569712286.061,1331,625,None,Move,browsing
1569712286.073,1325,626,None,Move,browsing
1569712286.081,1320,627,None,Move,browsing
1569712286.09,1314,628,None,Move,browsing
1569712286.0979998,1310,630,None,Move,browsing
1569712286.107,1305,631,None,Move,browsing
1569712286.129,1301,632,None,Move,browsing
1569712286.139,1297,634,None,Move,browsing
1569712286.149,1293,635,None,Move,browsing
1569712286.157,1289,638,None,Move,browsing
1569712286.167,1285,639,None,Move,browsing
1569712286.179,1283,640,None,Move,browsing
1569712286.19,1279,641,None,Move,browsing
1569712286.199,1276,642,None,Move,browsing
1569712286.207,1273,645,None,Move,browsing
1569712286.217,1270,646,None,Move,browsing
1569712286.228,1267,648,None,Move,browsing
1569712286.2389998,1263,650,None,Move,browsing
1569712286.25,1259,652,None,Move,browsing
1569712286.262,1255,654,None,Move,browsing
1569712286.2729998,1251,657,None,Move,browsing
1569712286.283,1247,659,None,Move,browsing
1569712286.295,1244,661,None,Move,browsing
1569712286.306,1240,663,None,Move,browsing
1569712286.316,1238,665,None,Move,browsing
1569712286.326,1234,666,None,Move,browsing
1569712286.337,1232,667,None,Move,browsing
1569712286.3479998,1231,667,None,Move,browsing
1569712286.359,1228,668,None,Move,browsing
1569712286.37,1228,669,None,Move,browsing
1569712286.38,1227,669,None,Move,browsing
1569712286.3920002,1226,670,None,Move,browsing
1569712286.403,1226,670,None,Move,browsing
1569712286.413,1225,671,None,Move,browsing
1569712286.424,1225,672,None,Move,browsing
1569712286.434,1224,672,None,Move,browsing
1569712286.445,1224,673,None,Move,browsing
1569712286.456,1223,673,None,Move,browsing
1569712286.467,1222,674,None,Move,browsing
1569712286.478,1222,674,None,Move,browsing
1569712286.488,1222,675,None,Move,browsing
1569712287.08,1226,676,None,Move,browsing
1569712287.09,1234,676,None,Move,browsing
1569712287.101,1241,676,None,Move,browsing
1569712287.1120002,1252,677,None,Move,browsing
1569712287.121,1263,677,None,Move,browsing
1569712287.1339998,1271,677,None,Move,browsing
1569712287.144,1283,679,None,Move,browsing
1569712287.154,1295,679,None,Move,browsing
1569712287.163,1306,679,None,Move,browsing
1569712287.174,1318,679,None,Move,browsing
1569712287.185,1332,679,None,Move,browsing
1569712287.194,1344,680,None,Move,browsing
1569712287.205,1357,680,None,Move,browsing
1569712287.216,1370,680,None,Move,browsing
1569712287.2270002,1383,681,None,Move,browsing
1569712287.238,1396,683,None,Move,browsing
1569712287.248,1406,683,None,Move,browsing
1569712287.26,1419,684,None,Move,browsing
1569712287.272,1432,684,None,Move,browsing
1569712287.282,1444,687,None,Move,browsing
1569712287.292,1454,688,None,Move,browsing
1569712287.302,1464,690,None,Move,browsing
1569712287.313,1471,691,None,Move,browsing
1569712287.322,1480,692,None,Move,browsing
1569712287.331,1488,692,None,Move,browsing
1569712287.342,1492,692,None,Move,browsing
1569712287.353,1496,692,None,Move,browsing
1569712287.363,1498,692,None,Move,browsing
1569712287.373,1501,692,None,Move,browsing
1569712287.3839998,1501,692,None,Move,browsing
1569712287.395,1502,692,None,Move,browsing
1569712287.408,1503,692,None,Move,browsing
1569712287.418,1504,692,None,Move,browsing
1569712287.4329998,1505,692,None,Move,browsing
1569712287.456,1505,692,None,Move,browsing
1569712287.478,1507,692,None,Move,browsing
1569712287.516,1508,692,None,Move,browsing
1569712287.546,1508,692,None,Move,browsing
1569712287.613,1508,692,None,Move,browsing
1569712287.631,1508,692,None,Move,browsing
1569712287.6479998,1504,690,None,Move,browsing
1569712287.659,1501,688,None,Move,browsing
1569712287.67,1497,686,None,Move,browsing
1569712287.681,1494,684,None,Move,browsing
1569712287.6920002,1490,682,None,Move,browsing
1569712287.702,1488,681,None,Move,browsing
1569712287.7129998,1485,680,None,Move,browsing
1569712287.725,1483,679,None,Move,browsing
1569712287.736,1482,679,None,Move,browsing
1569712287.746,1481,679,None,Move,browsing
1569712287.7570002,1480,679,None,Move,browsing
1569712287.7670002,1479,678,None,Move,browsing
1569712287.778,1479,677,None,Move,browsing
1569712287.7870002,1478,676,None,Move,browsing
1569712287.796,1477,676,None,Move,browsing
1569712287.8070002,1477,676,None,Move,browsing
1569712287.816,1475,675,None,Move,browsing
1569712287.829,1474,675,None,Move,browsing
1569712287.84,1473,674,None,Move,browsing
1569712287.85,1472,673,None,Move,browsing
1569712287.861,1471,672,None,Move,browsing
1569712287.873,1470,671,None,Move,browsing
1569712287.8860002,1468,670,None,Move,browsing
1569712287.897,1467,670,None,Move,browsing
1569712287.911,1467,669,None,Move,browsing
1569712287.9220002,1467,668,None,Move,browsing
1569712287.9320002,1466,668,None,Move,browsing
1569712287.9429998,1465,667,None,Move,browsing
1569712287.954,1465,666,None,Move,browsing
1569712287.964,1464,665,None,Move,browsing
1569712287.9729998,1464,664,None,Move,browsing
1569712287.9829998,1464,663,None,Move,browsing
1569712287.994,1464,663,None,Move,browsing
1569712288.0029998,1464,662,None,Move,browsing
1569712288.018,1464,661,None,Move,browsing
1569712288.028,1463,661,None,Move,browsing
1569712288.038,1463,660,None,Move,browsing
1569712288.053,1463,658,None,Move,browsing
1569712288.076,1463,658,None,Move,browsing
1569712288.086,1462,658,None,Move,browsing
1569712288.113,1462,657,None,Move,browsing
1569712288.1360002,1461,657,None,Move,browsing
1569712288.165,1460,657,None,Move,browsing
1569712288.18,1459,657,None,Move,browsing
1569712288.19,1459,657,None,Move,browsing
1569712288.202,1458,657,None,Move,browsing
1569712288.217,1457,657,None,Move,browsing
1569712288.742,1457,657,None,Move,browsing
1569712288.762,1456,657,None,Move,browsing
1569712288.774,1455,657,None,Move,browsing
1569712288.783,1455,658,None,Move,browsing
1569712288.803,1455,659,None,Move,browsing
1569712288.813,1454,659,None,Move,browsing
1569712288.833,1454,659,None,Move,browsing
1569712289.34,1454,659,Left,Pressed,browsing
1569712289.554,1454,659,Left,Released,browsing
1569712290.075,1435,666,None,Move,browsing
1569712290.095,1394,679,None,Move,browsing
1569712290.117,1344,693,None,Move,browsing
1569712290.13,1296,712,None,Move,browsing
1569712290.1420002,1241,733,None,Move,browsing
1569712290.154,1212,744,None,Move,browsing
1569712290.163,1171,757,None,Move,browsing
1569712290.174,1152,767,None,Move,browsing
1569712290.185,1124,776,None,Move,browsing
1569712290.195,1112,782,None,Move,browsing
1569712290.206,1105,785,None,Move,browsing
1569712290.217,1096,789,None,Move,browsing
1569712290.229,1090,790,None,Move,browsing
1569712290.24,1087,791,None,Move,browsing
1569712290.2510002,1086,791,None,Move,browsing
1569712290.262,1085,791,None,Move,browsing
1569712290.2729998,1084,791,None,Move,browsing
1569712290.283,1083,791,None,Move,browsing
1569712290.293,1083,791,None,Move,browsing
1569712290.305,1082,791,None,Move,browsing
1569712290.316,1081,791,None,Move,browsing
1569712290.3379998,1080,791,None,Move,browsing
1569712290.353,1080,791,None,Move,browsing
1569712290.365,1080,791,None,Move,browsing
1569712290.375,1079,790,None,Move,browsing
1569712290.385,1079,785,None,Move,browsing
1569712290.396,1079,781,None,Move,browsing
1569712290.407,1079,777,None,Move,browsing
1569712290.418,1079,775,None,Move,browsing
1569712290.428,1079,773,None,Move,browsing
1569712290.439,1080,771,None,Move,browsing
1569712290.451,1081,770,None,Move,browsing
1569712290.461,1082,767,None,Move,browsing
1569712290.472,1082,765,None,Move,browsing
1569712290.4829998,1082,763,None,Move,browsing
1569712290.4929998,1082,762,None,Move,browsing
1569712290.505,1082,762,None,Move,browsing
1569712290.515,1083,761,None,Move,browsing
1569712290.525,1083,761,None,Move,browsing
1569712290.536,1083,759,None,Move,browsing
1569712290.546,1083,758,None,Move,browsing
1569712290.559,1083,757,None,Move,browsing
1569712290.569,1083,756,None,Move,browsing
1569712290.581,1083,756,None,Move,browsing
1569712290.592,1083,755,None,Move,browsing
1569712290.601,1083,754,None,Move,browsing
1569712290.6220002,1083,753,None,Move,browsing
1569712290.6320002,1084,753,None,Move,browsing
1569712290.651,1084,752,None,Move,browsing
1569712290.972,1084,752,Left,Pressed,browsing
1569712291.186,1084,752,Left,Released,browsing
1569712291.552,1095,737,None,Move,browsing
1569712291.572,1112,713,None,Move,browsing
1569712291.584,1135,682,None,Move,browsing
1569712291.594,1154,657,None,Move,browsing
1569712291.605,1175,632,None,Move,browsing
1569712291.6160002,1196,610,None,Move,browsing
1569712291.6260002,1221,586,None,Move,browsing
1569712291.637,1240,567,None,Move,browsing
1569712291.653,1258,552,None,Move,browsing
1569712291.664,1282,538,None,Move,browsing
1569712291.674,1298,529,None,Move,browsing
1569712291.685,1328,511,None,Move,browsing
1569712291.696,1349,505,None,Move,browsing
1569712291.706,1363,498,None,Move,browsing
1569712291.717,1373,495,None,Move,browsing
1569712351.553,1394,496,None,Move,browsing
1569712351.564,1416,497,None,Move,browsing
1569712351.575,1436,497,None,Move,browsing
1569712351.586,1467,497,None,Move,browsing
1569712351.596,1485,497,None,Move,browsing
1569712351.605,1503,497,None,Move,browsing
1569712351.615,1524,497,None,Move,browsing
1569712351.6239998,1544,497,None,Move,browsing
1569712351.635,1559,497,None,Move,browsing
1569712351.644,1573,497,None,Move,browsing
1569712351.651,1586,498,None,Move,browsing
1569712351.661,1600,500,None,Move,browsing
1569712351.67,1612,502,None,Move,browsing
1569712351.681,1622,506,None,Move,browsing
1569712351.6920002,1631,508,None,Move,browsing
1569712351.7029998,1640,510,None,Move,browsing
1569712351.714,1646,515,None,Move,browsing
1569712351.725,1649,517,None,Move,browsing
1569712351.736,1652,520,None,Move,browsing
1569712351.7470002,1655,523,None,Move,browsing
1569712351.758,1659,528,None,Move,browsing
1569712351.769,1665,537,None,Move,browsing
1569712351.779,1668,549,None,Move,browsing
1569712351.79,1670,559,None,Move,browsing
1569712351.802,1673,573,None,Move,browsing
1569712351.813,1675,585,None,Move,browsing
1569712351.823,1676,599,None,Move,browsing
1569712351.836,1677,606,None,Move,browsing
1569712351.846,1678,615,None,Move,browsing
1569712351.8579998,1679,624,None,Move,browsing
1569712351.869,1680,629,None,Move,browsing
1569712351.881,1681,634,None,Move,browsing
1569712351.891,1682,640,None,Move,browsing
1569712351.9020002,1682,643,None,Move,browsing
1569712351.913,1682,647,None,Move,browsing
1569712351.925,1682,649,None,Move,browsing
1569712351.935,1682,653,None,Move,browsing
1569712351.945,1682,656,None,Move,browsing
1569712351.9529998,1682,658,None,Move,browsing
1569712351.964,1681,661,None,Move,browsing
1569712351.975,1680,664,None,Move,browsing
1569712351.986,1677,667,None,Move,browsing
1569712351.9970002,1675,669,None,Move,browsing
1569712352.008,1673,673,None,Move,browsing
1569712352.018,1669,677,None,Move,browsing
1569712352.03,1667,681,None,Move,browsing
1569712352.04,1665,683,None,Move,browsing
1569712352.051,1663,687,None,Move,browsing
1569712352.061,1661,690,None,Move,browsing
1569712352.071,1659,695,None,Move,browsing
1569712352.08,1657,698,None,Move,browsing
1569712352.091,1655,704,None,Move,browsing
1569712352.101,1653,708,None,Move,browsing
1569712352.113,1651,713,None,Move,browsing
1569712352.123,1646,721,None,Move,browsing
1569712352.1339998,1644,730,None,Move,browsing
1569712352.146,1640,738,None,Move,browsing
1569712352.156,1638,745,None,Move,browsing
1569712352.166,1634,751,None,Move,browsing
1569712352.177,1630,759,None,Move,browsing
1569712352.187,1628,764,None,Move,browsing
1569712352.196,1626,773,None,Move,browsing
1569712352.206,1624,780,None,Move,browsing
1569712352.216,1623,788,None,Move,browsing
1569712352.2270002,1622,795,None,Move,browsing
1569712352.2370002,1621,802,None,Move,browsing
1569712352.2470002,1621,807,None,Move,browsing
1569712352.258,1621,811,None,Move,browsing
1569712352.269,1621,815,None,Move,browsing
1569712352.279,1621,817,None,Move,browsing
1569712352.288,1621,820,None,Move,browsing
1569712352.299,1621,821,None,Move,browsing
1569712352.68,1622,826,None,Move,browsing
1569712352.699,1624,830,None,Move,browsing
1569712352.717,1625,833,None,Move,browsing
1569712352.736,1627,835,None,Move,browsing
1569712352.7529998,1628,837,None,Move,browsing
1569712352.764,1630,840,None,Move,browsing
1569712352.774,1631,841,None,Move,browsing
1569712352.785,1633,843,None,Move,browsing
1569712352.796,1636,846,None,Move,browsing
1569712352.806,1637,847,None,Move,browsing
1569712352.8170002,1639,848,None,Move,browsing
1569712352.829,1641,849,None,Move,browsing
1569712352.839,1642,850,None,Move,browsing
1569712352.849,1643,851,None,Move,browsing
1569712352.859,1645,852,None,Move,browsing
1569712352.867,1645,853,None,Move,browsing
1569712352.877,1646,854,None,Move,browsing
1569712352.887,1646,855,None,Move,browsing
1569712352.899,1647,856,None,Move,browsing
1569712352.91,1648,857,None,Move,browsing
1569712352.921,1648,858,None,Move,browsing
1569712352.9329998,1649,858,None,Move,browsing
1569712352.945,1650,859,None,Move,browsing
1569712352.955,1651,859,None,Move,browsing
1569712352.968,1652,860,None,Move,browsing
1569712352.9910002,1653,860,None,Move,browsing
1569712353.021,1654,860,None,Move,browsing
1569712353.033,1654,861,None,Move,browsing
1569712353.05,1654,861,None,Move,browsing
1569712353.061,1654,863,None,Move,browsing
1569712353.321,1654,863,Left,Pressed,browsing
1569712353.536,1654,863,Left,Released,browsing
1569712354.238,1655,848,None,Move,browsing
1569712354.256,1658,829,None,Move,browsing
1569712354.274,1661,807,None,Move,browsing
1569712354.293,1666,781,None,Move,browsing
1569712354.311,1670,757,None,Move,browsing
1569712354.329,1673,741,None,Move,browsing
1569712354.343,1676,726,None,Move,browsing
1569712354.353,1677,713,None,Move,browsing
1569712354.365,1679,701,None,Move,browsing
1569712354.38,1680,690,None,Move,browsing
1569712354.395,1680,685,None,Move,browsing
1569712354.406,1680,679,None,Move,browsing
1569712354.421,1680,676,None,Move,browsing
1569712354.436,1680,674,None,Move,browsing
1569712354.448,1680,671,None,Move,browsing
1569712354.459,1680,668,None,Move,browsing
1569712354.471,1679,667,None,Move,browsing
1569712354.482,1677,665,None,Move,browsing
1569712354.492,1673,661,None,Move,browsing
1569712354.5029998,1664,656,None,Move,browsing
1569712354.514,1652,651,None,Move,browsing
1569712354.526,1636,649,None,Move,browsing
1569712354.5370002,1623,646,None,Move,browsing
1569712354.548,1608,643,None,Move,browsing
1569712354.56,1591,642,None,Move,browsing
1569712354.571,1568,640,None,Move,browsing
1569712354.582,1551,639,None,Move,browsing
1569712354.593,1527,637,None,Move,browsing
1569712354.604,1510,637,None,Move,browsing
1569712354.615,1489,637,None,Move,browsing
1569712354.625,1473,638,None,Move,browsing
1569712354.6360002,1455,639,None,Move,browsing
1569712354.647,1441,642,None,Move,browsing
1569712354.657,1428,643,None,Move,browsing
1569712354.667,1417,645,None,Move,browsing
1569712354.679,1409,646,None,Move,browsing
1569712354.689,1405,647,None,Move,browsing
1569712354.699,1400,648,None,Move,browsing
1569712354.709,1398,649,None,Move,browsing
1569712354.717,1397,651,None,Move,browsing
1569712354.7270002,1395,651,None,Move,browsing
1569712354.735,1394,651,None,Move,browsing
1569712355.084,1378,648,None,Move,browsing
1569712355.095,1362,644,None,Move,browsing
1569712355.104,1347,637,None,Move,browsing
1569712355.1139998,1333,631,None,Move,browsing
1569712355.1239998,1319,623,None,Move,browsing
1569712355.1320002,1307,618,None,Move,browsing
1569712355.143,1294,611,None,Move,browsing
1569712355.157,1284,604,None,Move,browsing
1569712355.167,1275,602,None,Move,browsing
1569712355.178,1269,598,None,Move,browsing
1569712355.187,1264,597,None,Move,browsing
1569712355.198,1258,596,None,Move,browsing
1569712355.2029998,1255,595,None,Move,browsing
1569712355.2129998,1253,594,None,Move,browsing
1569712355.221,1249,593,None,Move,browsing
1569712355.232,1246,592,None,Move,browsing
1569712355.245,1243,592,None,Move,browsing
1569712355.2570002,1240,590,None,Move,browsing
1569712355.2670002,1236,589,None,Move,browsing
1569712355.278,1234,589,None,Move,browsing
1569712355.289,1230,589,None,Move,browsing
1569712355.299,1229,589,None,Move,browsing
1569712355.3079998,1226,589,None,Move,browsing
1569712355.319,1222,588,None,Move,browsing
1569712355.331,1221,588,None,Move,browsing
1569712355.34,1218,587,None,Move,browsing
1569712355.351,1217,587,None,Move,browsing
1569712355.373,1215,587,None,Move,browsing
1569712355.383,1212,587,None,Move,browsing
1569712355.3979998,1211,587,None,Move,browsing
1569712355.409,1211,587,None,Move,browsing
1569712355.42,1210,587,None,Move,browsing
1569712355.431,1209,587,None,Move,browsing
1569712355.441,1208,587,None,Move,browsing
1569712355.45,1207,587,None,Move,browsing
1569712355.461,1207,587,None,Move,browsing
1569712355.471,1206,587,None,Move,browsing
1569712355.48,1205,587,None,Move,browsing
1569712355.4889998,1205,588,None,Move,browsing
1569712355.4989998,1203,590,None,Move,browsing
1569712355.51,1202,593,None,Move,browsing
1569712355.52,1202,595,None,Move,browsing
1569712355.531,1202,598,None,Move,browsing
1569712355.542,1202,600,None,Move,browsing
1569712355.552,1202,602,None,Move,browsing
1569712355.563,1202,603,None,Move,browsing
1569712355.575,1202,605,None,Move,browsing
1569712355.585,1202,605,None,Move,browsing
1569712355.596,1202,606,None,Move,browsing
1569712355.605,1202,606,None,Move,browsing
1569712355.6139998,1203,607,None,Move,browsing
1569712355.6239998,1203,608,None,Move,browsing
1569712355.633,1204,610,None,Move,browsing
1569712355.643,1205,611,None,Move,browsing
1569712355.657,1205,612,None,Move,browsing
1569712355.667,1206,612,None,Move,browsing
1569712355.678,1206,612,None,Move,browsing
1569712355.688,1206,612,None,Move,browsing
1569712355.702,1207,613,None,Move,browsing
1569712355.725,1208,613,None,Move,browsing
1569712355.7470002,1208,613,None,Move,browsing
1569712355.771,1209,613,None,Move,browsing
1569712355.794,1211,613,None,Move,browsing
1569712355.8079998,1211,613,None,Move,browsing
1569712355.823,1212,613,None,Move,browsing
1569712355.8379998,1213,613,None,Move,browsing
1569712355.854,1213,613,None,Move,browsing
1569712355.865,1214,613,None,Move,browsing
1569712355.8760002,1215,613,None,Move,browsing
1569712355.8860002,1216,613,None,Move,browsing
1569712355.897,1216,613,None,Move,browsing
1569712357.231,1216,611,None,Move,browsing
1569712357.2410002,1217,609,None,Move,browsing
1569712357.2510002,1217,608,None,Move,browsing
1569712357.262,1217,607,None,Move,browsing
1569712357.272,1217,606,None,Move,browsing
1569712357.283,1217,606,None,Move,browsing
1569712357.293,1217,605,None,Move,browsing
1569712357.305,1217,604,None,Move,browsing
1569712357.32,1217,603,None,Move,browsing
1569712357.336,1217,603,None,Move,browsing
1569712357.351,1218,603,None,Move,browsing
1569712357.365,1218,602,None,Move,browsing
1569712357.38,1219,602,None,Move,browsing
1569712357.39,1219,600,None,Move,browsing
1569712357.7629998,1219,600,Left,Pressed,browsing
1569712357.978,1219,600,Left,Released,browsing
1569712358.354,1238,606,None,Move,browsing
1569712358.3660002,1263,615,None,Move,browsing
1569712358.377,1290,620,None,Move,browsing
1569712358.3879998,1324,630,None,Move,browsing
1569712358.396,1357,638,None,Move,browsing
1569712358.407,1393,644,None,Move,browsing
1569712358.417,1430,652,None,Move,browsing
1569712358.426,1467,661,None,Move,browsing
1569712358.437,1498,668,None,Move,browsing
1569712358.447,1532,678,None,Move,browsing
1569712358.458,1559,687,None,Move,browsing
1569712358.468,1581,695,None,Move,browsing
1569712358.478,1602,704,None,Move,browsing
1569712358.488,1616,709,None,Move,browsing
1569712358.4970002,1635,716,None,Move,browsing
1569712358.508,1648,723,None,Move,browsing
1569712358.526,1657,727,None,Move,browsing
1569712358.536,1660,730,None,Move,browsing
1569712358.546,1662,732,None,Move,browsing
1569712358.5579998,1662,732,None,Move,browsing
1569712358.911,1666,730,None,Move,browsing
1569712358.9320002,1668,728,None,Move,browsing
1569712358.951,1670,726,None,Move,browsing
1569712358.961,1670,725,None,Move,browsing
1569712358.972,1671,724,None,Move,browsing
1569712358.982,1671,724,None,Move,browsing
1569712358.995,1672,724,None,Move,browsing
1569712359.016,1672,723,None,Move,browsing
1569712359.046,1672,722,None,Move,browsing
1569712359.076,1672,721,None,Move,browsing
1569712359.0979998,1672,721,None,Move,browsing
1569712359.11,1672,721,None,Move,browsing
1569712359.419,1672,721,Left,Pressed,browsing
1569712359.635,1672,721,Left,Released,browsing
1569712360.024,1661,718,None,Move,browsing
1569712360.038,1644,712,None,Move,browsing
1569712360.048,1616,703,None,Move,browsing
1569712360.061,1591,690,None,Move,browsing
1569712360.072,1564,683,None,Move,browsing
1569712360.083,1529,669,None,Move,browsing
1569712360.095,1495,659,None,Move,browsing
1569712360.105,1465,654,None,Move,browsing
1569712360.12,1432,646,None,Move,browsing
1569712360.131,1396,642,None,Move,browsing
1569712360.141,1370,637,None,Move,browsing
1569712360.154,1344,634,None,Move,browsing
1569712360.164,1318,628,None,Move,browsing
1569712360.178,1303,622,None,Move,browsing
1569712360.189,1286,618,None,Move,browsing
1569712360.2,1273,612,None,Move,browsing
1569712360.211,1266,608,None,Move,browsing
1569712360.222,1260,604,None,Move,browsing
1569712360.2329998,1256,601,None,Move,browsing
1569712360.245,1250,595,None,Move,browsing
1569712360.258,1247,588,None,Move,browsing
1569712360.271,1244,585,None,Move,browsing
1569712360.283,1243,583,None,Move,browsing
1569712360.792,1260,588,None,Move,browsing
1569712360.803,1275,595,None,Move,browsing
1569712360.814,1290,601,None,Move,browsing
1569712360.8279998,1312,607,None,Move,browsing
1569712360.8479998,1326,612,None,Move,browsing
1569712360.86,1342,619,None,Move,browsing
1569712360.8720002,1361,624,None,Move,browsing
1569712360.8839998,1380,630,None,Move,browsing
1569712360.895,1394,636,None,Move,browsing
1569712360.906,1410,643,None,Move,browsing
1569712360.915,1425,649,None,Move,browsing
1569712360.928,1440,656,None,Move,browsing
1569712360.939,1456,665,None,Move,browsing
1569712360.95,1469,672,None,Move,browsing
1569712360.96,1483,679,None,Move,browsing
1569712360.969,1496,686,None,Move,browsing
1569712360.9770002,1508,691,None,Move,browsing
1569712360.988,1517,695,None,Move,browsing
1569712360.9989998,1524,699,None,Move,browsing
1569712361.0089998,1528,702,None,Move,browsing
1569712361.02,1531,704,None,Move,browsing
1569712361.03,1533,705,None,Move,browsing
1569712361.041,1533,706,None,Move,browsing
1569712361.053,1535,706,None,Move,browsing
1569712361.063,1536,707,None,Move,browsing
1569712361.073,1536,707,None,Move,browsing
1569712361.084,1536,708,None,Move,browsing
1569712361.094,1538,709,None,Move,browsing
1569712361.106,1538,710,None,Move,browsing
1569712361.117,1539,710,None,Move,browsing
1569712361.127,1539,711,None,Move,browsing
1569712361.5089998,1550,711,None,Move,browsing
1569712361.531,1560,708,None,Move,browsing
1569712361.545,1572,706,None,Move,browsing
1569712361.559,1581,702,None,Move,browsing
1569712361.57,1588,701,None,Move,browsing
1569712361.581,1593,699,None,Move,browsing
1569712361.592,1597,698,None,Move,browsing
1569712361.604,1603,697,None,Move,browsing
1569712361.613,1609,695,None,Move,browsing
1569712361.6260002,1615,693,None,Move,browsing
1569712361.637,1620,692,None,Move,browsing
1569712361.6479998,1627,691,None,Move,browsing
1569712361.66,1632,690,None,Move,browsing
1569712361.67,1637,690,None,Move,browsing
1569712361.68,1642,690,None,Move,browsing
1569712361.69,1645,689,None,Move,browsing
1569712361.701,1650,689,None,Move,browsing
1569712361.712,1652,689,None,Move,browsing
1569712361.725,1656,689,None,Move,browsing
1569712361.736,1659,688,None,Move,browsing
1569712361.746,1663,688,None,Move,browsing
1569712361.758,1664,688,None,Move,browsing
1569712361.771,1666,688,None,Move,browsing
1569712361.781,1667,688,None,Move,browsing
1569712361.793,1668,688,None,Move,browsing
1569712361.804,1668,688,None,Move,browsing
1569712361.816,1669,688,None,Move,browsing
1569712361.825,1670,688,None,Move,browsing
1569712361.836,1670,688,None,Move,browsing
1569712361.847,1671,688,None,Move,browsing
1569712361.8620002,1673,688,None,Move,browsing
1569712361.8839998,1673,688,None,Move,browsing
1569712361.907,1674,688,None,Move,browsing
1569712361.951,1675,688,None,Move,browsing
1569712362.23,1675,688,Left,Pressed,browsing
1569712362.446,1675,688,Left,Released,browsing
1569712363.55,1664,685,None,Move,browsing
1569712363.561,1642,679,None,Move,browsing
1569712363.573,1624,674,None,Move,browsing
1569712363.583,1603,665,None,Move,browsing
1569712363.592,1585,659,None,Move,browsing
1569712363.603,1561,653,None,Move,browsing
1569712363.613,1544,648,None,Move,browsing
1569712363.6239998,1527,644,None,Move,browsing
1569712363.635,1512,640,None,Move,browsing
1569712363.645,1493,635,None,Move,browsing
1569712363.656,1475,630,None,Move,browsing
1569712363.668,1459,623,None,Move,browsing
1569712363.679,1444,619,None,Move,browsing
1569712363.689,1426,613,None,Move,browsing
1569712363.7,1416,608,None,Move,browsing
1569712363.711,1398,597,None,Move,browsing
1569712363.722,1382,590,None,Move,browsing
1569712363.734,1368,580,None,Move,browsing
1569712363.746,1361,572,None,Move,browsing
1569712363.7570002,1351,565,None,Move,browsing
1569712363.769,1345,561,None,Move,browsing
1569712363.779,1342,557,None,Move,browsing
1569712363.789,1337,553,None,Move,browsing
1569712363.799,1335,551,None,Move,browsing
1569712363.81,1332,550,None,Move,browsing
1569712363.821,1331,549,None,Move,browsing
1569712363.832,1331,549,None,Move,browsing
1569712363.842,1330,549,None,Move,browsing
1569712363.853,1330,549,None,Move,browsing
1569712363.865,1328,549,None,Move,browsing
1569712363.875,1328,549,None,Move,browsing
1569712363.887,1327,549,None,Move,browsing
1569712363.8979998,1327,551,None,Move,browsing
1569712363.909,1326,554,None,Move,browsing
1569712363.92,1326,559,None,Move,browsing
1569712363.931,1326,563,None,Move,browsing
1569712363.941,1326,566,None,Move,browsing
1569712363.952,1326,568,None,Move,browsing
1569712363.962,1325,572,None,Move,browsing
1569712363.9729998,1325,573,None,Move,browsing
1569712363.984,1324,574,None,Move,browsing
1569712363.9929998,1323,575,None,Move,browsing
1569712364.002,1323,576,None,Move,browsing
1569712364.012,1323,577,None,Move,browsing
1569712364.0229998,1322,577,None,Move,browsing
1569712364.033,1322,578,None,Move,browsing
1569712364.043,1322,578,None,Move,browsing
1569712364.061,1321,578,None,Move,browsing
1569712364.083,1320,578,None,Move,browsing
1569712364.097,1319,578,None,Move,browsing
1569712364.1079998,1319,577,None,Move,browsing
1569712364.119,1318,574,None,Move,browsing
1569712364.13,1318,573,None,Move,browsing
1569712364.141,1318,571,None,Move,browsing
1569712364.1520002,1318,569,None,Move,browsing
1569712364.161,1318,568,None,Move,browsing
1569712364.171,1318,568,None,Move,browsing
1569712364.1820002,1318,567,None,Move,browsing
1569712364.48,1318,567,Left,Pressed,browsing
1569712364.697,1318,567,Left,Released,browsing
1569712365.012,1322,556,None,Move,browsing
1569712365.035,1328,535,None,Move,browsing
1569712365.06,1333,512,None,Move,browsing
1569712365.083,1335,481,None,Move,browsing
1569712365.106,1335,453,None,Move,browsing
1569712365.127,1335,439,None,Move,browsing
1569712365.1520002,1335,430,None,Move,browsing
1569712365.173,1335,427,None,Move,browsing
1569712365.196,1335,426,None,Move,browsing
1569712365.217,1335,424,None,Move,browsing
1569712365.238,1334,422,None,Move,browsing
1569712365.2610002,1334,421,None,Move,browsing
1569712490.127,1340,415,None,Move,browsing
1569712490.204,1356,406,None,Move,browsing
1569712490.224,1370,401,None,Move,browsing
1569712490.2429998,1384,397,None,Move,browsing
1569712490.2629998,1395,395,None,Move,browsing
1569712490.282,1401,395,None,Move,browsing
1569712490.3,1404,395,None,Move,browsing
1569712490.319,1406,395,None,Move,browsing
1569712490.336,1410,397,None,Move,browsing
1569712490.357,1413,400,None,Move,browsing
1569712490.375,1416,404,None,Move,browsing
1569712490.3920002,1420,413,None,Move,browsing
1569712490.41,1421,427,None,Move,browsing
1569712490.426,1422,442,None,Move,browsing
1569712490.445,1424,454,None,Move,browsing
1569712490.462,1427,470,None,Move,browsing
1569712490.48,1429,483,None,Move,browsing
1569712490.498,1429,497,None,Move,browsing
1569712490.5170002,1429,509,None,Move,browsing
1569712490.533,1429,517,None,Move,browsing
1569712490.55,1429,524,None,Move,browsing
1569712490.57,1429,528,None,Move,browsing
1569712490.59,1431,532,None,Move,browsing
1569712490.6079998,1434,536,None,Move,browsing
1569712490.625,1441,542,None,Move,browsing
1569712490.643,1453,550,None,Move,browsing
1569712490.66,1465,556,None,Move,browsing
1569712490.677,1479,560,None,Move,browsing
1569712490.694,1491,563,None,Move,browsing
1569712490.711,1502,565,None,Move,browsing
1569712490.7270002,1510,566,None,Move,browsing
1569712490.744,1516,568,None,Move,browsing
1569712490.7610002,1522,572,None,Move,browsing
1569712490.7770002,1525,573,None,Move,browsing
1569712490.799,1527,576,None,Move,browsing
1569712490.8179998,1529,577,None,Move,browsing
1569712491.17,1529,586,None,Move,browsing
1569712491.185,1529,598,None,Move,browsing
1569712491.2,1530,609,None,Move,browsing
1569712491.217,1532,623,None,Move,browsing
1569712491.2329998,1537,635,None,Move,browsing
1569712491.2489998,1541,644,None,Move,browsing
1569712491.266,1547,653,None,Move,browsing
1569712491.282,1554,660,None,Move,browsing
1569712491.299,1561,668,None,Move,browsing
1569712491.313,1568,676,None,Move,browsing
1569712491.3279998,1577,681,None,Move,browsing
1569712491.343,1586,688,None,Move,browsing
1569712491.359,1593,690,None,Move,browsing
1569712491.3739998,1601,691,None,Move,browsing
1569712491.393,1607,691,None,Move,browsing
1569712491.415,1610,691,None,Move,browsing
1569712491.4329998,1612,690,None,Move,browsing
1569712491.454,1614,689,None,Move,browsing
1569712491.476,1616,688,None,Move,browsing
1569712491.496,1617,687,None,Move,browsing
1569712491.514,1618,685,None,Move,browsing
1569712491.532,1619,682,None,Move,browsing
1569712491.549,1619,680,None,Move,browsing
1569712491.566,1620,677,None,Move,browsing
1569712491.585,1621,675,None,Move,browsing
1569712491.603,1621,674,None,Move,browsing
1569712491.621,1622,673,None,Move,browsing
1569712491.6379998,1623,672,None,Move,browsing
1569712491.654,1625,671,None,Move,browsing
1569712491.671,1627,670,None,Move,browsing
1569712491.688,1629,669,None,Move,browsing
1569712491.704,1631,668,None,Move,browsing
1569712491.721,1631,668,None,Move,browsing
1569712491.736,1632,668,None,Move,browsing
1569712491.7510002,1632,668,None,Move,browsing
1569712491.7670002,1633,668,None,Move,browsing
1569712491.781,1633,668,None,Move,browsing
1569712491.799,1635,668,None,Move,browsing
1569712492.121,1635,668,Left,Pressed,browsing
1569712492.3379998,1635,668,Left,Released,browsing
1569712494.57,1635,668,Left,Pressed,browsing
1569712494.785,1635,668,Left,Released,browsing
1569712496.323,1638,669,None,Move,browsing
1569712496.341,1642,671,None,Move,browsing
1569712496.3579998,1645,673,None,Move,browsing
1569712496.375,1649,675,None,Move,browsing
1569712496.3920002,1655,677,None,Move,browsing
1569712496.409,1659,680,None,Move,browsing
1569712496.426,1662,682,None,Move,browsing
1569712496.4429998,1666,683,None,Move,browsing
1569712496.461,1670,683,None,Move,browsing
1569712496.476,1673,685,None,Move,browsing
1569712496.495,1676,686,None,Move,browsing
1569712496.544,1681,686,None,Move,browsing
1569712496.563,1682,686,None,Move,browsing
1569712496.58,1685,686,None,Move,browsing
1569712496.597,1686,686,None,Move,browsing
1569712496.6160002,1687,686,None,Move,browsing
1569712496.633,1688,686,None,Move,browsing
1569712496.651,1689,686,None,Move,browsing
1569712496.668,1690,686,None,Move,browsing
1569712496.69,1691,686,None,Move,browsing
1569712497.045,1691,686,Left,Pressed,browsing
1569712497.2589998,1691,686,Left,Released,browsing
1569712499.44,1677,686,None,Move,browsing
1569712499.459,1648,683,None,Move,browsing
1569712499.479,1608,674,None,Move,browsing
1569712499.5010002,1555,667,None,Move,browsing
1569712499.521,1504,663,None,Move,browsing
1569712499.541,1451,656,None,Move,browsing
1569712499.561,1415,649,None,Move,browsing
1569712499.579,1386,643,None,Move,browsing
1569712499.601,1360,630,None,Move,browsing
1569712499.621,1341,615,None,Move,browsing
1569712499.641,1321,585,None,Move,browsing
1569712499.658,1312,560,None,Move,browsing
1569712499.677,1310,542,None,Move,browsing
1569712499.697,1310,527,None,Move,browsing
1569712499.718,1311,518,None,Move,browsing
1569712500.269,1295,506,None,Move,browsing
1569712500.289,1275,483,None,Move,browsing
1569712500.31,1253,462,None,Move,browsing
1569712500.331,1235,447,None,Move,browsing
1569712500.3520002,1224,439,None,Move,browsing
1569712500.373,1215,434,None,Move,browsing
1569712500.395,1205,427,None,Move,browsing
1569712500.416,1199,423,None,Move,browsing
1569712500.438,1193,421,None,Move,browsing
1569712500.459,1189,419,None,Move,browsing
1569712500.48,1187,419,None,Move,browsing
1569712500.5,1186,418,None,Move,browsing
1569712500.522,1185,418,None,Move,browsing
1569712500.544,1184,418,None,Move,browsing
1569712500.565,1183,418,None,Move,browsing
1569712500.5879998,1183,418,None,Move,browsing
1569712500.609,1182,418,None,Move,browsing
1569712500.629,1181,418,None,Move,browsing
1569712500.651,1180,418,None,Move,browsing
1569712500.675,1179,418,None,Move,browsing
1569712500.7,1178,418,None,Move,browsing
1569712500.726,1177,418,None,Move,browsing
1569712500.754,1177,419,None,Move,browsing
1569712500.7770002,1176,419,None,Move,browsing
1569712500.799,1175,419,None,Move,browsing
1569712500.821,1175,421,None,Move,browsing
1569712501.0670002,1175,421,Left,Pressed,browsing
1569712501.282,1175,421,Left,Released,browsing
1569712501.792,1197,419,None,Move,browsing
1569712501.815,1219,417,None,Move,browsing
1569712501.839,1253,417,None,Move,browsing
1569712501.863,1311,417,None,Move,browsing
1569712501.8860002,1336,417,None,Move,browsing
1569712501.909,1357,417,None,Move,browsing
1569712501.9320002,1366,417,None,Move,browsing
1569712501.956,1371,417,None,Move,browsing
1569712501.981,1379,417,None,Move,browsing
1569712501.9970002,1386,418,None,Move,browsing
1569712502.01,1393,419,None,Move,browsing
1569712502.0229998,1396,419,None,Move,browsing
1569712502.034,1400,419,None,Move,browsing
1569712502.039,1406,420,None,Move,browsing
1569712502.05,1413,421,None,Move,browsing
1569712502.06,1418,422,None,Move,browsing
1569712502.071,1425,423,None,Move,browsing
1569712502.081,1432,424,None,Move,browsing
1569712502.092,1437,425,None,Move,browsing
1569712502.103,1444,426,None,Move,browsing
1569712502.113,1450,427,None,Move,browsing
1569712502.1239998,1459,429,None,Move,browsing
1569712502.135,1466,430,None,Move,browsing
1569712502.146,1476,433,None,Move,browsing
1569712502.16,1487,436,None,Move,browsing
1569712502.1720002,1496,437,None,Move,browsing
1569712502.1829998,1506,437,None,Move,browsing
1569712502.196,1515,438,None,Move,browsing
1569712502.206,1525,438,None,Move,browsing
1569712502.217,1534,439,None,Move,browsing
1569712502.228,1543,439,None,Move,browsing
1569712502.2389998,1548,439,None,Move,browsing
1569712502.25,1554,439,None,Move,browsing
1569712502.26,1558,439,None,Move,browsing
1569712502.272,1561,439,None,Move,browsing
1569712502.283,1562,439,None,Move,browsing
1569712502.3,1562,439,None,Move,browsing
1569712502.323,1563,439,None,Move,browsing
1569712502.6479998,1575,436,None,Move,browsing
1569712502.668,1590,429,None,Move,browsing
1569712502.691,1609,424,None,Move,browsing
1569712502.711,1625,421,None,Move,browsing
1569712502.7329998,1638,419,None,Move,browsing
1569712502.755,1648,419,None,Move,browsing
1569712502.776,1657,419,None,Move,browsing
1569712502.798,1666,419,None,Move,browsing
1569712502.819,1673,421,None,Move,browsing
1569712502.842,1677,423,None,Move,browsing
1569712502.8639998,1679,424,None,Move,browsing
1569712502.8860002,1679,424,None,Move,browsing
1569712502.906,1679,424,None,Move,browsing
1569712502.927,1680,424,None,Move,browsing
1569712502.949,1681,424,None,Move,browsing
1569712502.972,1683,425,None,Move,browsing
1569712502.992,1686,425,None,Move,browsing
1569712503.015,1689,425,None,Move,browsing
1569712503.041,1692,425,None,Move,browsing
1569712503.064,1697,424,None,Move,browsing
1569712503.093,1702,423,None,Move,browsing
1569712503.1179998,1707,422,None,Move,browsing
1569712503.151,1711,422,None,Move,browsing
1569712503.1820002,1718,421,None,Move,browsing
1569712503.208,1725,419,None,Move,browsing
1569712503.2370002,1732,418,None,Move,browsing
1569712503.264,1736,417,None,Move,browsing
1569712503.292,1740,416,None,Move,browsing
1569712503.3179998,1743,415,None,Move,browsing
1569712503.343,1744,414,None,Move,browsing
1569712503.367,1745,413,None,Move,browsing
1569712503.857,1752,413,None,Move,browsing
1569712503.8879998,1762,413,None,Move,browsing
1569712503.917,1767,413,None,Move,browsing
1569712503.961,1770,413,None,Move,browsing
1569712504.0029998,1771,413,None,Move,browsing
1569712504.026,1772,413,None,Move,browsing
1569712504.048,1772,413,None,Move,browsing
1569712504.069,1772,413,None,Move,browsing
1569712504.091,1772,413,None,Move,browsing
1569712504.1120002,1773,413,None,Move,browsing
1569712504.133,1774,413,None,Move,browsing
1569712504.164,1776,413,None,Move,browsing
1569712504.188,1778,413,None,Move,browsing
1569712504.212,1779,413,None,Move,browsing
1569712504.587,1779,413,Left,Pressed,browsing
1569712504.801,1779,413,Left,Released,browsing
1569712505.4529998,1763,417,None,Move,browsing
1569712505.478,1737,422,None,Move,browsing
1569712505.512,1690,422,None,Move,browsing
1569712505.536,1640,422,None,Move,browsing
1569712505.564,1581,427,None,Move,browsing
1569712505.59,1545,431,None,Move,browsing
1569712505.6179998,1531,431,None,Move,browsing
1569712505.645,1517,430,None,Move,browsing
1569712505.668,1513,429,None,Move,browsing
1569712505.6929998,1510,423,None,Move,browsing
1569712505.719,1510,418,None,Move,browsing
1569712505.744,1510,414,None,Move,browsing
1569712507.905,1506,416,None,Move,browsing
1569712507.927,1500,419,None,Move,browsing
1569712507.946,1488,425,None,Move,browsing
1569712507.97,1474,432,None,Move,browsing
1569712507.9910002,1465,437,None,Move,browsing
1569712508.0110002,1457,443,None,Move,browsing
1569712508.032,1448,450,None,Move,browsing
1569712508.051,1442,456,None,Move,browsing
1569712508.069,1437,464,None,Move,browsing
1569712508.089,1431,470,None,Move,browsing
1569712508.107,1428,476,None,Move,browsing
1569712508.1279998,1426,482,None,Move,browsing
1569712508.149,1424,488,None,Move,browsing
1569712508.169,1423,493,None,Move,browsing
1569712508.187,1422,500,None,Move,browsing
1569712508.206,1422,507,None,Move,browsing
1569712508.2270002,1422,513,None,Move,browsing
1569712508.2489998,1422,517,None,Move,browsing
1569712508.268,1422,522,None,Move,browsing
1569712508.288,1422,524,None,Move,browsing
1569712508.306,1422,527,None,Move,browsing
1569712508.326,1422,530,None,Move,browsing
1569712508.344,1422,531,None,Move,browsing
1569712508.363,1422,534,None,Move,browsing
1569712508.381,1422,535,None,Move,browsing
1569712508.399,1423,536,None,Move,browsing
1569712508.418,1423,537,None,Move,browsing
1569712508.437,1424,538,None,Move,browsing
1569712508.455,1424,539,None,Move,browsing
1569712508.924,1404,552,None,Move,browsing
1569712508.948,1383,568,None,Move,browsing
1569712508.97,1363,580,None,Move,browsing
1569712508.992,1334,594,None,Move,browsing
1569712509.014,1318,603,None,Move,browsing
1569712509.035,1304,607,None,Move,browsing
1569712509.056,1297,609,None,Move,browsing
1569712509.077,1293,610,None,Move,browsing
1569712509.099,1292,610,None,Move,browsing
1569712509.12,1291,610,None,Move,browsing
1569712509.141,1290,610,None,Move,browsing
1569712509.167,1290,609,None,Move,browsing
1569712509.188,1290,609,None,Move,browsing
1569712509.208,1290,608,None,Move,browsing
1569712509.228,1290,607,None,Move,browsing
1569712510.186,1286,608,None,Move,browsing
1569712510.204,1282,609,None,Move,browsing
1569712510.224,1277,610,None,Move,browsing
1569712510.242,1270,611,None,Move,browsing
1569712510.262,1264,613,None,Move,browsing
1569712510.282,1258,614,None,Move,browsing
1569712510.304,1254,614,None,Move,browsing
1569712510.324,1251,614,None,Move,browsing
1569712510.345,1250,615,None,Move,browsing
1569712510.363,1248,615,None,Move,browsing
1569712510.385,1244,615,None,Move,browsing
1569712510.405,1241,616,None,Move,browsing
1569712510.4220002,1239,616,None,Move,browsing
1569712510.441,1235,616,None,Move,browsing
1569712510.461,1231,616,None,Move,browsing
1569712510.479,1229,616,None,Move,browsing
1569712510.5010002,1227,616,None,Move,browsing
1569712510.519,1226,616,None,Move,browsing
1569712510.538,1224,616,None,Move,browsing
1569712510.5579998,1223,616,None,Move,browsing
1569712510.577,1222,616,None,Move,browsing
1569712510.595,1221,616,None,Move,browsing
1569712510.6139998,1220,616,None,Move,browsing
1569712510.633,1220,616,None,Move,browsing
1569712510.651,1220,616,None,Move,browsing
1569712510.669,1219,616,None,Move,browsing
1569712510.69,1218,616,None,Move,browsing
1569712510.728,1218,616,None,Move,browsing
1569712510.7510002,1218,614,None,Move,browsing
1569712511.1320002,1218,614,None,Move,browsing
1569712511.153,1217,614,None,Move,browsing
1569712511.173,1217,614,None,Move,browsing
1569712511.1929998,1217,615,None,Move,browsing
1569712511.21,1217,615,None,Move,browsing
1569712511.231,1217,617,None,Move,browsing
1569712511.2489998,1216,618,None,Move,browsing
1569712511.268,1216,619,None,Move,browsing
1569712511.286,1215,619,None,Move,browsing
1569712511.305,1215,620,None,Move,browsing
1569712511.323,1215,620,None,Move,browsing
1569712511.341,1215,620,None,Move,browsing
1569712511.359,1213,620,None,Move,browsing
1569712511.3879998,1213,621,None,Move,browsing
1569712514.799,1213,621,Left,Pressed,browsing
1569712515.015,1213,621,Left,Released,browsing
1569712515.423,1226,624,None,Move,browsing
1569712515.448,1259,630,None,Move,browsing
1569712515.472,1282,635,None,Move,browsing
1569712515.494,1316,643,None,Move,browsing
1569712515.515,1343,648,None,Move,browsing
1569712515.5370002,1363,653,None,Move,browsing
1569712515.562,1375,656,None,Move,browsing
1569712515.583,1387,660,None,Move,browsing
1569712515.604,1394,664,None,Move,browsing
1569712515.6239998,1396,665,None,Move,browsing
1569712515.644,1398,666,None,Move,browsing
1569712515.6620002,1400,667,None,Move,browsing
1569712515.68,1403,668,None,Move,browsing
1569712515.7,1410,670,None,Move,browsing
1569712515.721,1419,673,None,Move,browsing
1569712515.74,1428,677,None,Move,browsing
1569712515.7629998,1433,679,None,Move,browsing
1569712515.784,1439,681,None,Move,browsing
1569712515.805,1443,681,None,Move,browsing
1569712515.827,1447,683,None,Move,browsing
1569712515.849,1454,684,None,Move,browsing
1569712515.871,1464,687,None,Move,browsing
1569712515.893,1476,690,None,Move,browsing
1569712515.916,1488,694,None,Move,browsing
1569712515.944,1494,694,None,Move,browsing
1569712515.972,1498,694,None,Move,browsing
1569712516.373,1511,699,None,Move,browsing
1569712516.397,1523,703,None,Move,browsing
1569712516.4220002,1535,707,None,Move,browsing
1569712516.448,1542,709,None,Move,browsing
1569712516.4729998,1550,711,None,Move,browsing
1569712516.4970002,1554,712,None,Move,browsing
1569712516.518,1558,713,None,Move,browsing
1569712516.538,1561,714,None,Move,browsing
1569712516.56,1564,715,None,Move,browsing
1569712516.582,1565,715,None,Move,browsing
1569712516.6020002,1566,716,None,Move,browsing
1569712516.625,1567,716,None,Move,browsing
1569712516.647,1568,716,None,Move,browsing
1569712516.668,1569,716,None,Move,browsing
1569712516.689,1570,716,None,Move,browsing
1569712516.71,1571,716,None,Move,browsing
1569712516.735,1572,715,None,Move,browsing
1569712516.756,1579,714,None,Move,browsing
1569712516.7770002,1584,714,None,Move,browsing
1569712516.7970002,1591,714,None,Move,browsing
1569712516.8179998,1598,716,None,Move,browsing
1569712516.843,1602,717,None,Move,browsing
1569712516.869,1606,719,None,Move,browsing
1569712516.894,1608,719,None,Move,browsing
1569712516.917,1611,720,None,Move,browsing
1569712516.944,1612,721,None,Move,browsing
1569712516.968,1613,721,None,Move,browsing
1569712516.992,1613,721,None,Move,browsing
1569712517.343,1613,721,Left,Pressed,browsing
1569712517.5579998,1613,721,Left,Released,browsing
1569712518.035,1606,721,None,Move,browsing
1569712518.0670002,1593,719,None,Move,browsing
1569712518.097,1573,714,None,Move,browsing
1569712518.125,1557,710,None,Move,browsing
1569712518.1620002,1538,701,None,Move,browsing
1569712518.188,1524,694,None,Move,browsing
1569712518.215,1515,687,None,Move,browsing
1569712518.242,1512,684,None,Move,browsing
1569712518.264,1511,684,None,Move,browsing
1569712518.285,1510,684,None,Move,browsing
1569712518.3070002,1510,682,None,Move,browsing
1569712518.327,1510,682,None,Move,browsing
1569712518.3479998,1518,679,None,Move,browsing
1569712518.369,1533,681,None,Move,browsing
1569712518.391,1548,685,None,Move,browsing
1569712518.4120002,1570,691,None,Move,browsing
1569712518.4329998,1586,698,None,Move,browsing
1569712518.454,1600,705,None,Move,browsing
1569712518.478,1620,716,None,Move,browsing
1569712518.502,1637,727,None,Move,browsing
1569712518.528,1653,734,None,Move,browsing
1569712518.55,1664,741,None,Move,browsing
1569712518.572,1673,746,None,Move,browsing
1569712518.594,1676,750,None,Move,browsing
1569712519.069,1680,745,None,Move,browsing
1569712519.09,1686,738,None,Move,browsing
1569712519.1120002,1690,732,None,Move,browsing
1569712519.137,1693,729,None,Move,browsing
1569712519.1620002,1694,727,None,Move,browsing
1569712519.1829998,1695,726,None,Move,browsing
1569712519.205,1696,725,None,Move,browsing
1569712519.2270002,1696,724,None,Move,browsing
1569712519.252,1696,723,None,Move,browsing
1569712519.289,1696,723,None,Move,browsing
1569712519.329,1696,722,None,Move,browsing
1569712519.359,1696,722,None,Move,browsing
1569712519.383,1696,721,None,Move,browsing
1569712519.406,1693,721,None,Move,browsing
1569712519.429,1691,721,None,Move,browsing
1569712519.451,1689,722,None,Move,browsing
1569712519.475,1687,724,None,Move,browsing
1569712519.4970002,1685,728,None,Move,browsing
1569712519.519,1684,731,None,Move,browsing
1569712519.541,1683,733,None,Move,browsing
1569712519.565,1683,738,None,Move,browsing
1569712519.5879998,1683,743,None,Move,browsing
1569712519.609,1684,748,None,Move,browsing
1569712519.629,1685,751,None,Move,browsing
1569712519.65,1686,754,None,Move,browsing
1569712519.67,1687,756,None,Move,browsing
1569712519.6929998,1689,757,None,Move,browsing
1569712519.7129998,1690,758,None,Move,browsing
1569712519.735,1691,758,None,Move,browsing
1569712519.7570002,1691,758,None,Move,browsing
1569712519.7770002,1691,760,None,Move,browsing
1569712520.15,1691,754,None,Move,browsing
1569712520.174,1691,747,None,Move,browsing
1569712520.195,1691,742,None,Move,browsing
1569712520.22,1691,737,None,Move,browsing
1569712520.2429998,1691,736,None,Move,browsing
1569712520.269,1691,734,None,Move,browsing
1569712520.293,1691,733,None,Move,browsing
1569712520.315,1691,731,None,Move,browsing
1569712520.34,1691,730,None,Move,browsing
1569712520.363,1691,729,None,Move,browsing
1569712520.385,1690,728,None,Move,browsing
1569712520.406,1689,727,None,Move,browsing
1569712520.426,1688,727,None,Move,browsing
1569712520.449,1687,727,None,Move,browsing
1569712520.4729998,1685,727,None,Move,browsing
1569712520.4970002,1683,727,None,Move,browsing
1569712520.52,1683,727,None,Move,browsing
1569712520.54,1683,728,None,Move,browsing
1569712520.562,1683,729,None,Move,browsing
1569712520.584,1682,729,None,Move,browsing
1569712520.605,1681,729,None,Move,browsing
1569712520.625,1680,729,None,Move,browsing
1569712520.646,1680,729,None,Move,browsing
1569712520.669,1679,729,None,Move,browsing
1569712520.69,1678,727,None,Move,browsing
1569712520.711,1677,724,None,Move,browsing
1569712520.7329998,1677,722,None,Move,browsing
1569712520.758,1677,721,None,Move,browsing
1569712520.78,1677,721,None,Move,browsing
1569712520.803,1678,720,None,Move,browsing
1569712520.826,1678,720,None,Move,browsing
1569712520.849,1678,720,None,Move,browsing
1569712520.8720002,1679,720,None,Move,browsing
1569712520.894,1679,720,None,Move,browsing
1569712520.92,1679,719,None,Move,browsing
1569712520.945,1680,719,None,Move,browsing
1569712522.519,1680,719,Left,Pressed,browsing
1569712522.7370002,1680,719,Left,Released,browsing
1569712524.786,1680,719,Left,Pressed,browsing
1569712525.0010002,1680,719,Left,Released,browsing
1569712525.756,1675,717,None,Move,browsing
1569712525.7770002,1658,713,None,Move,browsing
1569712525.799,1628,707,None,Move,browsing
1569712525.82,1606,706,None,Move,browsing
1569712525.841,1589,706,None,Move,browsing
1569712525.8620002,1572,705,None,Move,browsing
1569712525.883,1557,703,None,Move,browsing
1569712525.906,1542,701,None,Move,browsing
1569712525.927,1528,695,None,Move,browsing
1569712525.95,1514,690,None,Move,browsing
1569712525.971,1501,685,None,Move,browsing
1569712525.9929998,1489,678,None,Move,browsing
1569712526.015,1475,671,None,Move,browsing
1569712526.0370002,1466,667,None,Move,browsing
1569712526.0579998,1460,663,None,Move,browsing
1569712526.081,1453,661,None,Move,browsing
1569712526.1020002,1449,659,None,Move,browsing
1569712526.127,1444,656,None,Move,browsing
1569712526.1520002,1442,654,None,Move,browsing
1569712526.174,1440,652,None,Move,browsing
1569712526.196,1437,650,None,Move,browsing
1569712526.215,1434,648,None,Move,browsing
1569712526.235,1431,647,None,Move,browsing
1569712526.2570002,1429,646,None,Move,browsing
1569712526.278,1429,645,None,Move,browsing
1569712526.299,1428,645,None,Move,browsing
1569712526.319,1427,645,None,Move,browsing
1569712526.676,1414,647,None,Move,browsing
1569712526.695,1392,650,None,Move,browsing
1569712526.716,1357,654,None,Move,browsing
1569712526.7370002,1312,658,None,Move,browsing
1569712526.758,1278,658,None,Move,browsing
1569712526.7770002,1250,660,None,Move,browsing
1569712526.802,1234,660,None,Move,browsing
1569712526.825,1222,660,None,Move,browsing
1569712526.847,1220,660,None,Move,browsing
1569712526.8679998,1219,659,None,Move,browsing
1569712526.889,1219,659,None,Move,browsing
1569712526.909,1218,658,None,Move,browsing
1569712526.931,1218,657,None,Move,browsing
1569712526.9529998,1218,655,None,Move,browsing
1569712526.974,1218,653,None,Move,browsing
1569712526.996,1219,651,None,Move,browsing
1569712527.019,1222,647,None,Move,browsing
1569712527.04,1224,646,None,Move,browsing
1569712527.062,1225,644,None,Move,browsing
1569712527.083,1225,643,None,Move,browsing
1569712527.105,1226,643,None,Move,browsing
1569712527.1260002,1226,642,None,Move,browsing
1569712527.1479998,1227,642,None,Move,browsing
1569712527.171,1227,642,None,Move,browsing
1569712527.1920002,1228,642,None,Move,browsing
1569712527.245,1228,642,None,Move,browsing
1569712527.269,1226,642,None,Move,browsing
1569712527.289,1224,642,None,Move,browsing
1569712527.31,1223,642,None,Move,browsing
1569712527.332,1222,642,None,Move,browsing
1569712527.353,1221,642,None,Move,browsing
1569712527.373,1220,642,None,Move,browsing
1569712527.4910002,1220,642,None,Move,browsing
1569712527.9320002,1220,642,Left,Pressed,browsing
1569712528.147,1220,642,Left,Released,browsing
1569712528.633,1236,645,None,Move,browsing
1569712528.654,1261,648,None,Move,browsing
1569712528.676,1284,651,None,Move,browsing
1569712528.696,1303,652,None,Move,browsing
1569712528.72,1339,656,None,Move,browsing
1569712528.7410002,1371,660,None,Move,browsing
1569712528.7629998,1392,666,None,Move,browsing
1569712528.784,1408,672,None,Move,browsing
1569712528.804,1422,678,None,Move,browsing
1569712528.826,1434,681,None,Move,browsing
1569712528.8479998,1443,683,None,Move,browsing
1569712528.87,1455,687,None,Move,browsing
1569712528.8920002,1465,692,None,Move,browsing
1569712528.914,1472,697,None,Move,browsing
1569712528.936,1474,698,None,Move,browsing
1569712529.3079998,1490,700,None,Move,browsing
1569712529.33,1507,703,None,Move,browsing
1569712529.3520002,1522,706,None,Move,browsing
1569712529.373,1541,709,None,Move,browsing
1569712529.396,1554,712,None,Move,browsing
1569712529.417,1564,715,None,Move,browsing
1569712529.439,1571,716,None,Move,browsing
1569712529.464,1574,717,None,Move,browsing
1569712529.486,1578,718,None,Move,browsing
1569712529.506,1582,719,None,Move,browsing
1569712529.532,1586,720,None,Move,browsing
1569712529.554,1591,724,None,Move,browsing
1569712529.576,1594,726,None,Move,browsing
1569712529.5979998,1596,729,None,Move,browsing
1569712529.6179998,1598,730,None,Move,browsing
1569712529.64,1599,731,None,Move,browsing
1569712529.663,1599,733,None,Move,browsing
1569712529.685,1599,734,None,Move,browsing
1569712529.708,1600,735,None,Move,browsing
1569712529.731,1603,737,None,Move,browsing
1569712529.758,1609,741,None,Move,browsing
1569712529.78,1611,742,None,Move,browsing
1569712529.802,1614,743,None,Move,browsing
1569712529.825,1614,743,None,Move,browsing
1569712529.8479998,1614,744,None,Move,browsing
1569712529.871,1614,744,None,Move,browsing
1569712529.893,1615,745,None,Move,browsing
1569712530.189,1615,745,Left,Pressed,browsing
1569712530.405,1615,745,Left,Released,browsing
1569712540.143,1604,744,None,Move,browsing
1569712540.159,1591,740,None,Move,browsing
1569712540.173,1579,736,None,Move,browsing
1569712540.19,1567,730,None,Move,browsing
1569712540.235,1558,725,None,Move,browsing
1569712540.2489998,1545,720,None,Move,browsing
1569712540.262,1536,714,None,Move,browsing
1569712540.276,1529,708,None,Move,browsing
1569712540.289,1523,700,None,Move,browsing
1569712540.303,1516,693,None,Move,browsing
1569712540.3170002,1510,684,None,Move,browsing
1569712540.33,1504,678,None,Move,browsing
1569712540.344,1500,672,None,Move,browsing
1569712540.357,1498,668,None,Move,browsing
1569712540.371,1496,663,None,Move,browsing
1569712540.385,1494,658,None,Move,browsing
1569712540.3979998,1492,654,None,Move,browsing
1569712540.4120002,1491,649,None,Move,browsing
1569712540.426,1489,643,None,Move,browsing
1569712540.439,1489,640,None,Move,browsing
1569712540.4529998,1488,638,None,Move,browsing
1569712540.465,1488,636,None,Move,browsing
1569712540.476,1488,635,None,Move,browsing
1569712540.49,1488,634,None,Move,browsing
1569712540.5010002,1488,633,None,Move,browsing
1569712540.512,1487,632,None,Move,browsing
1569712540.525,1487,631,None,Move,browsing
1569712540.5370002,1487,631,None,Move,browsing
1569712540.5470002,1486,630,None,Move,browsing
1569712540.5570002,1486,630,None,Move,browsing
1569712540.57,1485,629,None,Move,browsing
1569712540.579,1485,628,None,Move,browsing
1569712540.591,1484,627,None,Move,browsing
1569712540.6020002,1483,626,None,Move,browsing
1569712540.613,1483,626,None,Move,browsing
1569712540.623,1482,625,None,Move,browsing
1569712540.635,1482,625,None,Move,browsing
1569712540.644,1481,623,None,Move,browsing
1569712540.659,1480,621,None,Move,browsing
1569712540.671,1480,620,None,Move,browsing
1569712540.686,1478,619,None,Move,browsing
1569712540.699,1475,616,None,Move,browsing
1569712540.712,1474,615,None,Move,browsing
1569712540.726,1472,613,None,Move,browsing
1569712540.74,1470,612,None,Move,browsing
1569712540.7529998,1467,611,None,Move,browsing
1569712540.7670002,1465,610,None,Move,browsing
1569712540.78,1464,610,None,Move,browsing
1569712540.795,1463,610,None,Move,browsing
1569712540.8079998,1463,610,None,Move,browsing
1569712540.822,1462,610,None,Move,browsing
1569712540.834,1461,610,None,Move,browsing
1569712540.8479998,1461,609,None,Move,browsing
1569712540.863,1460,609,None,Move,browsing
1569712540.877,1459,609,None,Move,browsing
1569712540.9120002,1459,609,None,Move,browsing
1569712541.399,1459,609,Left,Pressed,browsing
1569712541.615,1459,609,Left,Released,browsing
1569712542.342,1459,614,None,Move,browsing
1569712542.355,1460,627,None,Move,browsing
1569712542.367,1459,640,None,Move,browsing
1569712542.3779998,1458,647,None,Move,browsing
1569712542.389,1454,659,None,Move,browsing
1569712542.4,1449,671,None,Move,browsing
1569712542.41,1443,685,None,Move,browsing
1569712542.421,1436,700,None,Move,browsing
1569712542.4329998,1429,716,None,Move,browsing
1569712542.4429998,1420,730,None,Move,browsing
1569712542.454,1408,746,None,Move,browsing
1569712542.465,1398,758,None,Move,browsing
1569712542.475,1387,771,None,Move,browsing
1569712542.486,1375,784,None,Move,browsing
1569712542.496,1363,796,None,Move,browsing
1569712542.5070002,1350,806,None,Move,browsing
1569712542.519,1340,814,None,Move,browsing
1569712542.53,1326,823,None,Move,browsing
1569712542.542,1314,828,None,Move,browsing
1569712542.553,1302,832,None,Move,browsing
1569712542.563,1295,833,None,Move,browsing
1569712542.573,1288,835,None,Move,browsing
1569712542.584,1283,835,None,Move,browsing
1569712542.596,1280,835,None,Move,browsing
1569712542.606,1279,835,None,Move,browsing
1569712542.617,1277,835,None,Move,browsing
1569712542.6279998,1276,832,None,Move,browsing
1569712542.6379998,1271,828,None,Move,browsing
1569712542.651,1271,824,None,Move,browsing
1569712542.6620002,1270,821,None,Move,browsing
1569712542.673,1270,820,None,Move,browsing
1569712543.093,1268,807,None,Move,browsing
1569712543.1139998,1268,794,None,Move,browsing
1569712543.137,1268,787,None,Move,browsing
1569712543.169,1267,775,None,Move,browsing
1569712543.195,1267,773,None,Move,browsing
1569712543.22,1267,773,None,Move,browsing
1569712543.2389998,1267,772,None,Move,browsing
1569712543.26,1266,771,None,Move,browsing
1569712543.265,1266,770,None,Move,browsing
1569712543.286,1266,770,None,Move,browsing
1569712543.316,1264,766,None,Move,browsing
1569712543.336,1262,762,None,Move,browsing
1569712543.357,1261,759,None,Move,browsing
1569712543.381,1261,758,None,Move,browsing
1569712543.4020002,1261,756,None,Move,browsing
1569712543.423,1261,755,None,Move,browsing
1569712543.445,1261,754,None,Move,browsing
1569712543.467,1261,752,None,Move,browsing
1569712543.488,1261,748,None,Move,browsing
1569712543.508,1261,746,None,Move,browsing
1569712543.869,1261,746,Left,Pressed,browsing
1569712544.084,1261,746,Left,Released,browsing
1569712544.294,1269,728,None,Move,browsing
1569712544.313,1288,703,None,Move,browsing
1569712544.335,1302,687,None,Move,browsing
1569712544.356,1331,660,None,Move,browsing
1569712544.3760002,1359,638,None,Move,browsing
1569712544.4,1387,616,None,Move,browsing
1569712544.42,1418,593,None,Move,browsing
1569712544.441,1441,581,None,Move,browsing
1569712544.464,1452,578,None,Move,browsing
1569712578.188,1454,584,None,Move,browsing
1569712578.201,1457,598,None,Move,browsing
1569712578.212,1462,610,None,Move,browsing
1569712578.2229998,1465,622,None,Move,browsing
1569712578.234,1472,636,None,Move,browsing
1569712578.245,1475,643,None,Move,browsing
1569712578.2570002,1481,652,None,Move,browsing
1569712578.268,1487,661,None,Move,browsing
1569712578.279,1494,669,None,Move,browsing
1569712578.291,1505,677,None,Move,browsing
1569712578.303,1522,683,None,Move,browsing
1569712578.315,1543,689,None,Move,browsing
1569712578.325,1564,691,None,Move,browsing
1569712578.339,1581,692,None,Move,browsing
1569712578.355,1604,692,None,Move,browsing
1569712578.373,1624,692,None,Move,browsing
1569712578.39,1642,691,None,Move,browsing
1569712578.409,1657,688,None,Move,browsing
1569712578.428,1670,685,None,Move,browsing
1569712578.449,1682,683,None,Move,browsing
1569712578.468,1693,681,None,Move,browsing
1569712578.486,1703,680,None,Move,browsing
1569712578.505,1710,680,None,Move,browsing
1569712578.5229998,1716,680,None,Move,browsing
1569712578.541,1719,680,None,Move,browsing
1569712578.56,1725,682,None,Move,browsing
1569712578.579,1731,686,None,Move,browsing
1569712578.597,1738,701,None,Move,browsing
1569712578.615,1742,716,None,Move,browsing
1569712578.6339998,1741,729,None,Move,browsing
1569712578.6520002,1740,736,None,Move,browsing
1569712578.671,1738,744,None,Move,browsing
1569712578.689,1736,749,None,Move,browsing
1569712578.707,1734,756,None,Move,browsing
1569712578.725,1733,764,None,Move,browsing
1569712578.745,1733,769,None,Move,browsing
1569712578.7629998,1733,776,None,Move,browsing
1569712578.781,1733,779,None,Move,browsing
1569712578.8,1732,781,None,Move,browsing
1569712578.82,1728,783,None,Move,browsing
1569712578.8379998,1726,784,None,Move,browsing
1569712579.32,1722,788,None,Move,browsing
1569712579.337,1717,794,None,Move,browsing
1569712579.357,1711,799,None,Move,browsing
1569712579.375,1708,802,None,Move,browsing
1569712579.395,1705,804,None,Move,browsing
1569712579.419,1704,804,None,Move,browsing
1569712579.437,1703,806,None,Move,browsing
1569712579.456,1702,806,None,Move,browsing
1569712579.474,1702,807,None,Move,browsing
1569712579.492,1701,807,None,Move,browsing
1569712579.5110002,1701,808,None,Move,browsing
1569712579.5370002,1701,808,None,Move,browsing
1569712579.837,1701,808,Left,Pressed,browsing
1569712580.055,1701,808,Left,Released,browsing
1569712582.033,1695,804,None,Move,browsing
1569712582.046,1682,796,None,Move,browsing
1569712582.06,1670,786,None,Move,browsing
1569712582.074,1659,778,None,Move,browsing
1569712582.0879998,1648,767,None,Move,browsing
1569712582.1020002,1636,756,None,Move,browsing
1569712582.117,1621,742,None,Move,browsing
1569712582.131,1603,730,None,Move,browsing
1569712582.149,1585,713,None,Move,browsing
1569712582.164,1569,697,None,Move,browsing
1569712582.179,1554,685,None,Move,browsing
1569712582.191,1540,675,None,Move,browsing
1569712582.205,1526,664,None,Move,browsing
1569712582.218,1512,656,None,Move,browsing
1569712582.231,1502,651,None,Move,browsing
1569712582.25,1495,649,None,Move,browsing
1569712582.266,1488,647,None,Move,browsing
1569712582.281,1485,646,None,Move,browsing
1569712582.294,1484,645,None,Move,browsing
1569712582.306,1482,645,None,Move,browsing
1569712582.322,1482,645,None,Move,browsing
1569712582.793,1471,645,None,Move,browsing
1569712582.813,1457,645,None,Move,browsing
1569712582.834,1443,645,None,Move,browsing
1569712582.855,1428,645,None,Move,browsing
1569712582.877,1414,645,None,Move,browsing
1569712582.904,1402,645,None,Move,browsing
1569712582.926,1393,645,None,Move,browsing
1569712582.948,1389,645,None,Move,browsing
1569712582.97,1385,646,None,Move,browsing
1569712582.9910002,1381,647,None,Move,browsing
1569712583.015,1375,648,None,Move,browsing
1569712583.0370002,1370,649,None,Move,browsing
1569712583.061,1365,649,None,Move,browsing
1569712583.083,1359,649,None,Move,browsing
1569712583.103,1352,649,None,Move,browsing
1569712583.1260002,1347,649,None,Move,browsing
1569712583.151,1343,649,None,Move,browsing
1569712583.174,1339,649,None,Move,browsing
1569712583.196,1335,649,None,Move,browsing
1569712583.216,1333,648,None,Move,browsing
1569712583.2410002,1330,647,None,Move,browsing
1569712583.2629998,1327,647,None,Move,browsing
1569712583.285,1323,646,None,Move,browsing
1569712583.306,1316,646,None,Move,browsing
1569712583.327,1312,646,None,Move,browsing
1569712583.3479998,1308,646,None,Move,browsing
1569712583.369,1303,647,None,Move,browsing
1569712583.389,1300,648,None,Move,browsing
1569712583.41,1297,649,None,Move,browsing
1569712583.429,1295,650,None,Move,browsing
1569712583.448,1294,650,None,Move,browsing
1569712583.947,1283,651,None,Move,browsing
1569712583.967,1269,652,None,Move,browsing
1569712583.985,1259,653,None,Move,browsing
1569712584.004,1250,654,None,Move,browsing
1569712584.024,1243,655,None,Move,browsing
1569712584.041,1239,656,None,Move,browsing
1569712584.06,1237,656,None,Move,browsing
1569712584.079,1236,656,None,Move,browsing
1569712584.097,1236,656,None,Move,browsing
1569712584.115,1235,656,None,Move,browsing
1569712584.1320002,1234,656,None,Move,browsing
1569712584.151,1233,656,None,Move,browsing
1569712584.169,1232,656,None,Move,browsing
1569712584.2029998,1231,656,None,Move,browsing
1569712584.24,1231,656,None,Move,browsing
1569712584.27,1230,656,None,Move,browsing
1569712584.3070002,1230,656,None,Move,browsing
1569712584.329,1230,656,None,Move,browsing
1569712584.3479998,1230,655,None,Move,browsing
1569712584.369,1229,655,None,Move,browsing
1569712584.39,1229,654,None,Move,browsing
1569712584.411,1229,653,None,Move,browsing
1569712584.434,1229,652,None,Move,browsing
1569712584.456,1229,652,None,Move,browsing
1569712584.4770002,1229,650,None,Move,browsing
1569712584.4970002,1228,650,None,Move,browsing
1569712584.518,1227,650,None,Move,browsing
1569712584.541,1226,650,None,Move,browsing
1569712584.563,1225,649,None,Move,browsing
1569712584.584,1225,649,None,Move,browsing
1569712584.605,1225,648,None,Move,browsing
1569712584.625,1225,648,None,Move,browsing
1569712584.645,1225,648,None,Move,browsing
1569712584.665,1224,648,None,Move,browsing
1569712584.685,1224,648,None,Move,browsing
1569712585.093,1224,648,Left,Pressed,browsing
1569712585.31,1224,648,Left,Released,browsing
1569712585.549,1234,651,None,Move,browsing
1569712585.569,1249,652,None,Move,browsing
1569712585.589,1276,652,None,Move,browsing
1569712585.61,1295,655,None,Move,browsing
1569712585.6320002,1324,659,None,Move,browsing
1569712585.653,1347,662,None,Move,browsing
1569712585.673,1370,667,None,Move,browsing
1569712585.695,1385,673,None,Move,browsing
1569712585.716,1399,680,None,Move,browsing
1569712585.7370002,1411,686,None,Move,browsing
1569712585.7610002,1421,691,None,Move,browsing
1569712585.783,1427,696,None,Move,browsing
1569712585.804,1434,698,None,Move,browsing
1569712585.826,1440,699,None,Move,browsing
1569712585.846,1445,702,None,Move,browsing
1569712585.867,1449,705,None,Move,browsing
1569712585.8879998,1452,706,None,Move,browsing
1569712585.911,1457,709,None,Move,browsing
1569712585.9329998,1466,714,None,Move,browsing
1569712585.956,1475,718,None,Move,browsing
1569712585.985,1484,722,None,Move,browsing
1569712586.0070002,1496,726,None,Move,browsing
1569712586.03,1510,728,None,Move,browsing
1569712586.052,1522,728,None,Move,browsing
1569712586.072,1530,727,None,Move,browsing
1569712586.095,1536,727,None,Move,browsing
1569712586.498,1549,729,None,Move,browsing
1569712586.519,1560,731,None,Move,browsing
1569712586.541,1567,734,None,Move,browsing
1569712586.563,1574,736,None,Move,browsing
1569712586.584,1578,738,None,Move,browsing
1569712586.605,1580,739,None,Move,browsing
1569712586.627,1583,740,None,Move,browsing
1569712586.65,1587,740,None,Move,browsing
1569712586.671,1590,741,None,Move,browsing
1569712586.6929998,1594,743,None,Move,browsing
1569712586.7129998,1601,744,None,Move,browsing
1569712586.734,1604,745,None,Move,browsing
1569712586.758,1607,745,None,Move,browsing
1569712586.78,1609,746,None,Move,browsing
1569712586.802,1610,746,None,Move,browsing
1569712586.826,1610,746,None,Move,browsing
1569712586.85,1610,746,None,Move,browsing
1569712586.8720002,1611,746,None,Move,browsing
1569712586.896,1613,746,None,Move,browsing
1569712586.918,1614,746,None,Move,browsing
1569712586.9429998,1617,746,None,Move,browsing
1569712586.968,1617,746,None,Move,browsing
1569712587.219,1617,746,Left,Pressed,browsing
1569712587.435,1617,746,Left,Released,browsing
1569712587.992,1612,739,None,Move,browsing
1569712588.0170002,1602,727,None,Move,browsing
1569712588.044,1593,717,None,Move,browsing
1569712588.065,1585,706,None,Move,browsing
1569712588.086,1579,697,None,Move,browsing
1569712588.1079998,1571,691,None,Move,browsing
1569712588.129,1561,686,None,Move,browsing
1569712588.155,1555,682,None,Move,browsing
1569712588.176,1548,680,None,Move,browsing
1569712588.196,1544,677,None,Move,browsing
1569712588.217,1541,676,None,Move,browsing
1569712588.24,1540,676,None,Move,browsing
1569712588.2610002,1539,676,None,Move,browsing
1569712588.282,1537,676,None,Move,browsing
1569712588.303,1536,676,None,Move,browsing
1569712588.323,1534,676,None,Move,browsing
1569712588.347,1530,677,None,Move,browsing
1569712588.37,1525,677,None,Move,browsing
1569712588.393,1522,677,None,Move,browsing
1569712588.415,1519,677,None,Move,browsing
1569712588.437,1513,677,None,Move,browsing
1569712588.459,1509,676,None,Move,browsing
1569712588.4829998,1504,675,None,Move,browsing
1569712588.5110002,1499,672,None,Move,browsing
1569712588.532,1493,669,None,Move,browsing
1569712588.553,1489,668,None,Move,browsing
1569712588.577,1486,667,None,Move,browsing
1569712588.5979998,1484,666,None,Move,browsing
1569712588.619,1482,665,None,Move,browsing
1569712588.64,1479,664,None,Move,browsing
1569712588.6620002,1477,664,None,Move,browsing
1569712588.6829998,1475,664,None,Move,browsing
1569712588.704,1473,664,None,Move,browsing
1569712588.725,1472,664,None,Move,browsing
1569712588.746,1471,664,None,Move,browsing
1569712588.766,1470,664,None,Move,browsing
1569712588.788,1469,664,None,Move,browsing
1569712588.809,1467,664,None,Move,browsing
1569712588.829,1465,664,None,Move,browsing
1569712588.847,1462,664,None,Move,browsing
1569712588.865,1461,664,None,Move,browsing
1569712588.8839998,1461,664,None,Move,browsing
1569712588.901,1461,664,None,Move,browsing
1569712588.92,1459,664,None,Move,browsing
1569712588.937,1458,664,None,Move,browsing
1569712588.956,1457,664,None,Move,browsing
1569712588.975,1456,664,None,Move,browsing
1569712589.464,1456,664,Left,Pressed,browsing
1569712589.68,1456,664,Left,Released,browsing
1569712590.022,1462,671,None,Move,browsing
1569712590.043,1473,678,None,Move,browsing
1569712590.063,1484,686,None,Move,browsing
1569712590.083,1494,697,None,Move,browsing
1569712590.107,1507,709,None,Move,browsing
1569712590.127,1518,722,None,Move,browsing
1569712590.151,1525,730,None,Move,browsing
1569712590.173,1534,739,None,Move,browsing
1569712590.196,1539,748,None,Move,browsing
1569712590.219,1543,755,None,Move,browsing
1569712590.24,1545,758,None,Move,browsing
1569712590.26,1546,760,None,Move,browsing
1569712590.282,1546,760,None,Move,browsing
1569712590.302,1547,761,None,Move,browsing
1569712590.323,1547,763,None,Move,browsing
1569712590.347,1547,764,None,Move,browsing
1569712590.3679998,1546,765,None,Move,browsing
1569712590.39,1545,765,None,Move,browsing
1569712590.411,1544,766,None,Move,browsing
1569712590.742,1534,766,None,Move,browsing
1569712590.7629998,1519,765,None,Move,browsing
1569712590.784,1505,764,None,Move,browsing
1569712590.805,1487,763,None,Move,browsing
1569712590.826,1469,762,None,Move,browsing
1569712590.846,1454,762,None,Move,browsing
1569712590.867,1437,762,None,Move,browsing
1569712590.889,1426,762,None,Move,browsing
1569712590.911,1418,762,None,Move,browsing
1569712590.9320002,1412,762,None,Move,browsing
1569712590.959,1410,762,None,Move,browsing
1569712590.9889998,1409,762,None,Move,browsing
1569712591.0110002,1405,763,None,Move,browsing
1569712591.032,1402,763,None,Move,browsing
1569712591.054,1400,764,None,Move,browsing
1569712591.076,1399,765,None,Move,browsing
1569712591.097,1397,768,None,Move,browsing
1569712591.12,1396,769,None,Move,browsing
1569712591.1420002,1395,770,None,Move,browsing
1569712591.169,1394,771,None,Move,browsing
1569712591.191,1394,771,None,Move,browsing
1569712591.214,1393,771,None,Move,browsing
1569712591.47,1393,771,Left,Pressed,browsing
1569712591.686,1393,771,Left,Released,browsing
1569712592.0089998,1401,759,None,Move,browsing
1569712592.029,1416,741,None,Move,browsing
1569712592.051,1432,725,None,Move,browsing
1569712592.072,1457,706,None,Move,browsing
1569712592.094,1474,695,None,Move,browsing
1569712592.1160002,1491,684,None,Move,browsing
1569712592.137,1507,679,None,Move,browsing
1569712592.1620002,1528,678,None,Move,browsing
1569712592.1820002,1543,678,None,Move,browsing
1569712592.205,1557,681,None,Move,browsing
1569712592.226,1569,684,None,Move,browsing
1569712592.2470002,1579,688,None,Move,browsing
1569712592.268,1586,692,None,Move,browsing
1569712592.288,1592,697,None,Move,browsing
1569712592.309,1601,703,None,Move,browsing
1569712592.329,1608,707,None,Move,browsing
1569712592.3520002,1616,713,None,Move,browsing
1569712592.373,1622,719,None,Move,browsing
1569712592.394,1628,722,None,Move,browsing
1569712592.415,1633,726,None,Move,browsing
1569712619.2570002,1640,734,None,Move,browsing
1569712619.2729998,1651,745,None,Move,browsing
1569712619.289,1664,756,None,Move,browsing
1569712619.306,1681,767,None,Move,browsing
1569712619.324,1702,774,None,Move,browsing
1569712619.339,1729,781,None,Move,browsing
1569712619.354,1755,786,None,Move,browsing
1569712619.369,1774,789,None,Move,browsing
1569712619.3839998,1797,790,None,Move,browsing
1569712619.4,1812,792,None,Move,browsing
1569712619.415,1826,793,None,Move,browsing
1569712619.4329998,1838,793,None,Move,browsing
1569712619.444,1846,793,None,Move,browsing
1569712619.452,1853,793,None,Move,browsing
1569712619.462,1858,793,None,Move,browsing
1569712619.472,1862,793,None,Move,browsing
1569712619.4829998,1863,793,None,Move,browsing
1569712619.492,1865,793,None,Move,browsing
1569712619.502,1866,793,None,Move,browsing
1569712619.512,1868,793,None,Move,browsing
1569712619.522,1869,793,None,Move,browsing
1569712619.535,1870,793,None,Move,browsing
1569712619.549,1872,793,None,Move,browsing
1569712619.563,1872,793,None,Move,browsing
1569712619.577,1873,793,None,Move,browsing
1569712619.59,1875,793,None,Move,browsing
1569712619.603,1877,794,None,Move,browsing
1569712619.617,1879,796,None,Move,browsing
1569712619.63,1883,799,None,Move,browsing
1569712619.644,1887,802,None,Move,browsing
1569712619.657,1891,806,None,Move,browsing
1569712619.671,1897,809,None,Move,browsing
1569712619.685,1906,811,None,Move,browsing
1569712619.702,1915,812,None,Move,browsing
1569712619.7229998,1924,812,None,Move,browsing
1569712619.7370002,1924,812,None,Move,browsing
1569712619.7510002,1923,812,None,Move,browsing
1569712619.764,1924,812,None,Move,browsing
1569712619.778,1923,811,None,Move,browsing
1569712619.79,1921,811,None,Move,browsing
1569712619.804,1920,809,None,Move,browsing
1569712619.8170002,1921,809,None,Move,browsing
1569712619.831,1920,808,None,Move,browsing
1569712619.843,1919,808,None,Move,browsing
1569712619.857,1919,808,None,Move,browsing
1569712619.87,1919,807,None,Move,browsing
1569712619.883,1920,807,None,Move,browsing
1569712619.896,1920,807,None,Move,browsing
1569712619.91,1919,806,None,Move,browsing
1569712619.923,1919,805,None,Move,browsing
1569712619.936,1919,804,None,Move,browsing
1569712619.95,1919,802,None,Move,browsing
1569712619.9629998,1919,802,None,Move,browsing
1569712619.978,1917,800,None,Move,browsing
1569712619.9929998,1904,794,None,Move,browsing
1569712620.0110002,1886,787,None,Move,browsing
1569712620.028,1871,787,None,Move,browsing
1569712620.043,1857,791,None,Move,browsing
1569712620.059,1843,795,None,Move,browsing
1569712620.073,1831,802,None,Move,browsing
1569712620.086,1822,807,None,Move,browsing
1569712620.101,1813,814,None,Move,browsing
1569712620.117,1806,822,None,Move,browsing
1569712620.131,1796,831,None,Move,browsing
1569712620.146,1788,839,None,Move,browsing
1569712620.161,1779,847,None,Move,browsing
1569712620.174,1770,853,None,Move,browsing
1569712620.187,1763,860,None,Move,browsing
1569712620.201,1751,865,None,Move,browsing
1569712620.214,1737,871,None,Move,browsing
1569712620.228,1724,877,None,Move,browsing
1569712620.242,1710,883,None,Move,browsing
1569712620.256,1702,886,None,Move,browsing
1569712620.27,1695,888,None,Move,browsing
1569712620.285,1689,889,None,Move,browsing
1569712620.2970002,1687,890,None,Move,browsing
1569712620.312,1685,891,None,Move,browsing
1569712620.326,1684,891,None,Move,browsing
1569712620.339,1684,891,None,Move,browsing
1569712620.3520002,1683,891,None,Move,browsing
1569712620.3660002,1683,891,None,Move,browsing
1569712620.38,1681,891,None,Move,browsing
1569712620.393,1680,891,None,Move,browsing
1569712620.406,1680,892,None,Move,browsing
1569712620.42,1679,892,None,Move,browsing
1569712620.434,1679,892,None,Move,browsing
1569712620.448,1678,892,None,Move,browsing
1569712620.461,1677,892,None,Move,browsing
1569712620.475,1676,892,None,Move,browsing
1569712620.4889998,1675,892,None,Move,browsing
1569712620.5029998,1674,891,None,Move,browsing
1569712620.516,1671,887,None,Move,browsing
1569712620.53,1669,883,None,Move,browsing
1569712620.544,1668,879,None,Move,browsing
1569712620.5570002,1667,876,None,Move,browsing
1569712620.572,1667,874,None,Move,browsing
1569712620.586,1667,870,None,Move,browsing
1569712620.601,1668,868,None,Move,browsing
1569712620.6160002,1669,865,None,Move,browsing
1569712620.629,1669,863,None,Move,browsing
1569712620.646,1670,863,None,Move,browsing
1569712620.66,1670,862,None,Move,browsing
1569712620.673,1670,861,None,Move,browsing
1569712620.689,1672,860,None,Move,browsing
1569712621.04,1672,860,Left,Pressed,browsing
1569712621.2529998,1672,860,Left,Released,browsing
1569712621.9910002,1652,856,None,Move,browsing
1569712622.012,1628,851,None,Move,browsing
1569712622.032,1599,837,None,Move,browsing
1569712622.051,1555,809,None,Move,browsing
1569712622.072,1513,771,None,Move,browsing
1569712622.094,1467,728,None,Move,browsing
1569712622.1160002,1445,708,None,Move,browsing
1569712622.137,1435,698,None,Move,browsing
1569712622.16,1427,691,None,Move,browsing
1569712622.1820002,1424,686,None,Move,browsing
1569712622.202,1421,684,None,Move,browsing
1569712622.597,1403,683,None,Move,browsing
1569712622.6179998,1386,678,None,Move,browsing
1569712622.643,1370,669,None,Move,browsing
1569712622.666,1357,662,None,Move,browsing
1569712622.687,1346,655,None,Move,browsing
1569712622.708,1340,652,None,Move,browsing
1569712622.731,1336,650,None,Move,browsing
1569712622.752,1333,647,None,Move,browsing
1569712622.7729998,1330,646,None,Move,browsing
1569712622.792,1327,645,None,Move,browsing
1569712622.81,1326,643,None,Move,browsing
1569712622.832,1325,643,None,Move,browsing
1569712622.851,1323,643,None,Move,browsing
1569712622.869,1321,643,None,Move,browsing
1569712622.889,1318,642,None,Move,browsing
1569712622.915,1315,641,None,Move,browsing
1569712622.935,1309,641,None,Move,browsing
1569712622.954,1302,641,None,Move,browsing
1569712622.975,1295,641,None,Move,browsing
1569712622.9970002,1286,640,None,Move,browsing
1569712623.015,1275,640,None,Move,browsing
1569712623.033,1268,639,None,Move,browsing
1569712623.052,1263,639,None,Move,browsing
1569712623.071,1260,637,None,Move,browsing
1569712623.091,1257,637,None,Move,browsing
1569712623.11,1255,637,None,Move,browsing
1569712623.131,1254,637,None,Move,browsing
1569712623.151,1254,636,None,Move,browsing
1569712623.174,1254,635,None,Move,browsing
1569712623.1920002,1253,635,None,Move,browsing
1569712623.21,1252,635,None,Move,browsing
1569712623.228,1251,635,None,Move,browsing
1569712623.245,1251,635,None,Move,browsing
1569712623.264,1251,635,None,Move,browsing
1569712623.282,1251,634,None,Move,browsing
1569712623.794,1248,634,None,Move,browsing
1569712623.815,1245,634,None,Move,browsing
1569712623.834,1244,633,None,Move,browsing
1569712623.853,1241,632,None,Move,browsing
1569712623.8720002,1239,632,None,Move,browsing
1569712623.891,1238,631,None,Move,browsing
1569712623.909,1237,630,None,Move,browsing
1569712623.934,1235,629,None,Move,browsing
1569712623.9629998,1235,628,None,Move,browsing
1569712623.9889998,1235,627,None,Move,browsing
1569712624.0089998,1235,627,None,Move,browsing
1569712624.029,1235,626,None,Move,browsing
1569712624.046,1235,626,None,Move,browsing
1569712624.065,1233,626,None,Move,browsing
1569712624.083,1233,625,None,Move,browsing
1569712624.103,1232,624,None,Move,browsing
1569712624.123,1232,623,None,Move,browsing
1569712624.146,1232,622,None,Move,browsing
1569712624.17,1231,620,None,Move,browsing
1569712624.191,1230,617,None,Move,browsing
1569712624.212,1230,615,None,Move,browsing
1569712624.2329998,1230,615,None,Move,browsing
1569712624.664,1230,615,Left,Pressed,browsing
1569712624.88,1230,615,Left,Released,browsing
1569712625.1020002,1229,615,None,Move,browsing
1569712625.1260002,1229,614,None,Move,browsing
1569712625.157,1229,614,None,Move,browsing
1569712625.1820002,1235,614,None,Move,browsing
1569712625.2029998,1244,616,None,Move,browsing
1569712625.2229998,1258,618,None,Move,browsing
1569712625.246,1272,618,None,Move,browsing
1569712625.268,1287,618,None,Move,browsing
1569712625.275,1308,618,None,Move,browsing
1569712625.298,1331,618,None,Move,browsing
1569712625.32,1350,618,None,Move,browsing
1569712625.343,1369,621,None,Move,browsing
1569712625.3639998,1385,624,None,Move,browsing
1569712625.385,1400,631,None,Move,browsing
1569712625.406,1414,637,None,Move,browsing
1569712625.427,1431,648,None,Move,browsing
1569712625.448,1445,658,None,Move,browsing
1569712625.47,1457,666,None,Move,browsing
1569712625.492,1465,672,None,Move,browsing
1569712625.5170002,1466,673,None,Move,browsing
1569712625.539,1466,674,None,Move,browsing
1569712625.836,1478,675,None,Move,browsing
1569712625.8579998,1503,679,None,Move,browsing
1569712625.8779998,1518,682,None,Move,browsing
1569712625.899,1534,685,None,Move,browsing
1569712625.9220002,1546,687,None,Move,browsing
1569712625.9429998,1554,687,None,Move,browsing
1569712625.9629998,1557,688,None,Move,browsing
1569712625.986,1562,689,None,Move,browsing
1569712626.008,1568,690,None,Move,browsing
1569712626.029,1573,690,None,Move,browsing
1569712626.051,1578,690,None,Move,browsing
1569712626.072,1581,690,None,Move,browsing
1569712626.093,1585,690,None,Move,browsing
1569712626.115,1589,690,None,Move,browsing
1569712626.1379998,1591,690,None,Move,browsing
1569712626.1620002,1593,690,None,Move,browsing
1569712626.184,1596,691,None,Move,browsing
1569712626.204,1598,692,None,Move,browsing
1569712626.226,1603,693,None,Move,browsing
1569712626.248,1607,695,None,Move,browsing
1569712626.252,1612,697,None,Move,browsing
1569712626.276,1614,699,None,Move,browsing
1569712626.3,1616,699,None,Move,browsing
1569712626.324,1617,700,None,Move,browsing
1569712626.6220002,1617,700,Left,Pressed,browsing
1569712626.8379998,1617,700,Left,Released,browsing
1569712627.541,1602,699,None,Move,browsing
1569712627.565,1579,696,None,Move,browsing
1569712627.591,1543,690,None,Move,browsing
1569712627.6160002,1506,682,None,Move,browsing
1569712627.64,1478,675,None,Move,browsing
1569712627.661,1450,666,None,Move,browsing
1569712627.6820002,1412,648,None,Move,browsing
1569712627.706,1400,641,None,Move,browsing
1569712627.728,1390,634,None,Move,browsing
1569712627.7489998,1384,629,None,Move,browsing
1569712627.771,1380,626,None,Move,browsing
1569712627.794,1380,625,None,Move,browsing
1569712627.815,1380,625,None,Move,browsing
1569712627.836,1380,624,None,Move,browsing
1569712627.857,1379,624,None,Move,browsing
1569712627.8820002,1378,622,None,Move,browsing
1569712627.907,1377,622,None,Move,browsing
1569712627.928,1377,622,None,Move,browsing
1569712627.948,1377,621,None,Move,browsing
1569712627.969,1373,620,None,Move,browsing
1569712627.9929998,1368,619,None,Move,browsing
1569712628.014,1344,612,None,Move,browsing
1569712628.0370002,1318,608,None,Move,browsing
1569712628.059,1303,605,None,Move,browsing
1569712628.082,1285,602,None,Move,browsing
1569712628.104,1270,601,None,Move,browsing
1569712628.125,1263,600,None,Move,browsing
1569712628.145,1260,600,None,Move,browsing
1569712628.17,1259,600,None,Move,browsing
1569712628.1920002,1259,598,None,Move,browsing
1569712628.2129998,1258,597,None,Move,browsing
1569712628.6520002,1253,597,None,Move,browsing
1569712628.673,1244,597,None,Move,browsing
1569712628.695,1236,597,None,Move,browsing
1569712628.718,1229,596,None,Move,browsing
1569712628.742,1226,595,None,Move,browsing
1569712628.7670002,1225,595,None,Move,browsing
1569712628.789,1224,595,None,Move,browsing
1569712628.811,1223,595,None,Move,browsing
1569712628.834,1223,595,None,Move,browsing
1569712628.856,1222,595,None,Move,browsing
1569712628.877,1222,595,None,Move,browsing
1569712628.8979998,1222,594,None,Move,browsing
1569712628.919,1221,594,None,Move,browsing
1569712628.939,1220,594,None,Move,browsing
1569712628.962,1220,593,None,Move,browsing
1569712628.986,1220,592,None,Move,browsing
1569712629.008,1220,592,None,Move,browsing
1569712629.028,1220,591,None,Move,browsing
1569712629.048,1219,591,None,Move,browsing
1569712629.074,1219,590,None,Move,browsing
1569712629.3070002,1219,590,None,Move,browsing
1569712629.329,1220,590,None,Move,browsing
1569712629.349,1221,590,None,Move,browsing
1569712629.375,1222,590,None,Move,browsing
1569712629.891,1222,590,Left,Pressed,browsing
1569712630.106,1222,590,Left,Released,browsing
1569712630.2970002,1236,593,None,Move,browsing
1569712630.321,1268,597,None,Move,browsing
1569712630.342,1305,605,None,Move,browsing
1569712630.363,1338,611,None,Move,browsing
1569712630.385,1368,616,None,Move,browsing
1569712630.407,1395,621,None,Move,browsing
1569712630.428,1410,625,None,Move,browsing
1569712630.449,1423,628,None,Move,browsing
1569712630.47,1437,631,None,Move,browsing
1569712630.492,1450,635,None,Move,browsing
1569712630.5129998,1464,640,None,Move,browsing
1569712630.535,1478,645,None,Move,browsing
1569712630.556,1492,651,None,Move,browsing
1569712630.5779998,1506,655,None,Move,browsing
1569712630.603,1515,657,None,Move,browsing
1569712630.6239998,1518,658,None,Move,browsing
1569712630.645,1520,659,None,Move,browsing
1569712630.666,1523,660,None,Move,browsing
1569712630.687,1528,662,None,Move,browsing
1569712630.708,1530,665,None,Move,browsing
1569712631.014,1547,668,None,Move,browsing
1569712631.0370002,1570,673,None,Move,browsing
1569712631.056,1590,677,None,Move,browsing
1569712631.0779998,1605,681,None,Move,browsing
1569712631.096,1617,685,None,Move,browsing
1569712631.1160002,1621,686,None,Move,browsing
1569712631.139,1625,687,None,Move,browsing
1569712631.163,1627,687,None,Move,browsing
1569712631.184,1628,687,None,Move,browsing
1569712631.205,1629,687,None,Move,browsing
1569712631.225,1629,687,None,Move,browsing
1569712631.246,1630,687,None,Move,browsing
1569712631.269,1632,687,None,Move,browsing
1569712631.291,1633,687,None,Move,browsing
1569712631.316,1634,687,None,Move,browsing
1569712631.34,1635,687,None,Move,browsing
1569712631.3620002,1635,687,None,Move,browsing
1569712631.3839998,1636,687,None,Move,browsing
1569712631.639,1636,687,Left,Pressed,browsing
1569712631.853,1636,687,Left,Released,browsing
1569712633.561,1633,687,None,Move,browsing
1569712633.574,1626,687,None,Move,browsing
1569712633.585,1617,687,None,Move,browsing
1569712633.595,1609,686,None,Move,browsing
1569712633.609,1597,684,None,Move,browsing
1569712633.62,1585,678,None,Move,browsing
1569712633.631,1572,672,None,Move,browsing
1569712633.641,1559,665,None,Move,browsing
1569712633.6520002,1547,658,None,Move,browsing
1569712633.664,1535,652,None,Move,browsing
1569712633.674,1526,645,None,Move,browsing
1569712633.685,1514,637,None,Move,browsing
1569712633.696,1507,629,None,Move,browsing
1569712633.707,1496,618,None,Move,browsing
1569712633.718,1487,607,None,Move,browsing
1569712633.728,1479,598,None,Move,browsing
1569712633.738,1471,590,None,Move,browsing
1569712633.75,1465,582,None,Move,browsing
1569712633.7610002,1460,576,None,Move,browsing
1569712633.774,1456,568,None,Move,browsing
1569712633.786,1454,563,None,Move,browsing
1569712633.7970002,1453,560,None,Move,browsing
1569712633.8079998,1453,556,None,Move,browsing
1569712633.819,1453,554,None,Move,browsing
1569712633.83,1453,550,None,Move,browsing
1569712633.84,1453,548,None,Move,browsing
1569712633.851,1453,547,None,Move,browsing
1569712633.8620002,1453,546,None,Move,browsing
1569712633.873,1453,545,None,Move,browsing
1569712633.883,1453,545,None,Move,browsing
1569712633.894,1453,544,None,Move,browsing
1569712633.904,1453,543,None,Move,browsing
1569712633.915,1454,543,None,Move,browsing
1569712633.925,1454,542,None,Move,browsing
1569712633.936,1457,541,None,Move,browsing
1569712633.948,1459,539,None,Move,browsing
1569712633.958,1465,537,None,Move,browsing
1569712633.969,1468,537,None,Move,browsing
1569712633.981,1472,537,None,Move,browsing
1569712633.9929998,1478,540,None,Move,browsing
1569712634.0029998,1485,544,None,Move,browsing
1569712634.014,1494,548,None,Move,browsing
1569712634.024,1504,555,None,Move,browsing
1569712634.035,1514,561,None,Move,browsing
1569712634.0470002,1525,569,None,Move,browsing
1569712634.0570002,1534,576,None,Move,browsing
1569712634.0679998,1546,586,None,Move,browsing
1569712634.079,1555,593,None,Move,browsing
1569712634.09,1566,603,None,Move,browsing
1569712634.1020002,1577,611,None,Move,browsing
1569712634.113,1587,617,None,Move,browsing
1569712634.1239998,1597,627,None,Move,browsing
1569712634.135,1606,633,None,Move,browsing
1569712634.146,1615,640,None,Move,browsing
1569712634.16,1624,645,None,Move,browsing
1569712634.171,1632,652,None,Move,browsing
1569712634.1820002,1641,659,None,Move,browsing
1569712634.1920002,1647,662,None,Move,browsing
1569712634.204,1652,667,None,Move,browsing
1569712634.216,1658,670,None,Move,browsing
1569712634.226,1659,672,None,Move,browsing
1569712634.238,1662,674,None,Move,browsing
1569712634.2489998,1663,675,None,Move,browsing
1569712635.385,1663,675,Left,Pressed,browsing
1569712635.601,1663,675,Left,Released,browsing
1569712637.7629998,1663,675,Left,Pressed,browsing
1569712637.979,1663,675,Left,Released,browsing
1569712639.821,1667,677,None,Move,browsing
1569712639.833,1676,679,None,Move,browsing
1569712639.846,1683,681,None,Move,browsing
1569712639.859,1690,681,None,Move,browsing
1569712639.87,1693,681,None,Move,browsing
1569712639.883,1697,681,None,Move,browsing
1569712639.894,1701,681,None,Move,browsing
1569712639.904,1704,681,None,Move,browsing
1569712639.915,1708,681,None,Move,browsing
1569712639.927,1710,681,None,Move,browsing
1569712639.937,1713,681,None,Move,browsing
1569712639.949,1716,683,None,Move,browsing
1569712639.961,1719,683,None,Move,browsing
1569712639.97,1721,683,None,Move,browsing
1569712639.982,1726,683,None,Move,browsing
1569712639.992,1727,684,None,Move,browsing
1569712640.002,1730,684,None,Move,browsing
1569712640.012,1732,685,None,Move,browsing
1569712640.022,1735,685,None,Move,browsing
1569712640.031,1739,686,None,Move,browsing
1569712640.044,1740,686,None,Move,browsing
1569712640.052,1742,686,None,Move,browsing
1569712640.063,1745,686,None,Move,browsing
1569712640.074,1747,687,None,Move,browsing
1569712640.084,1748,687,None,Move,browsing
1569712640.094,1750,687,None,Move,browsing
1569712640.105,1751,687,None,Move,browsing
1569712640.1139998,1752,687,None,Move,browsing
1569712640.1239998,1752,687,None,Move,browsing
1569712640.1339998,1753,687,None,Move,browsing
1569712640.145,1754,688,None,Move,browsing
1569712640.159,1754,688,None,Move,browsing
1569712640.169,1755,688,None,Move,browsing
1569712640.577,1752,688,None,Move,browsing
1569712640.597,1746,686,None,Move,browsing
1569712640.6160002,1742,682,None,Move,browsing
1569712640.639,1739,682,None,Move,browsing
1569712640.663,1737,681,None,Move,browsing
1569712640.685,1735,679,None,Move,browsing
1569712640.708,1734,678,None,Move,browsing
1569712640.712,1732,677,None,Move,browsing
1569712640.734,1731,677,None,Move,browsing
1569712640.7570002,1731,677,None,Move,browsing
1569712641.208,1731,677,Left,Pressed,browsing
1569712641.424,1731,677,Left,Released,browsing
1569712643.805,1727,678,None,Move,browsing
1569712643.8179998,1718,680,None,Move,browsing
1569712643.829,1711,682,None,Move,browsing
1569712643.841,1703,686,None,Move,browsing
1569712643.8520002,1686,687,None,Move,browsing
1569712643.863,1666,687,None,Move,browsing
1569712643.8739998,1650,687,None,Move,browsing
1569712643.8839998,1637,687,None,Move,browsing
1569712643.895,1622,687,None,Move,browsing
1569712643.906,1609,686,None,Move,browsing
1569712643.916,1595,684,None,Move,browsing
1569712643.927,1583,682,None,Move,browsing
1569712643.937,1576,680,None,Move,browsing
1569712643.947,1564,679,None,Move,browsing
1569712643.959,1555,678,None,Move,browsing
1569712643.97,1546,675,None,Move,browsing
1569712643.98,1539,673,None,Move,browsing
1569712643.994,1532,669,None,Move,browsing
1569712644.004,1524,663,None,Move,browsing
1569712644.015,1519,654,None,Move,browsing
1569712644.026,1514,645,None,Move,browsing
1569712644.039,1507,635,None,Move,browsing
1569712644.049,1503,624,None,Move,browsing
1569712644.061,1501,611,None,Move,browsing
1569712644.073,1499,600,None,Move,browsing
1569712644.083,1499,586,None,Move,browsing
1569712644.094,1499,574,None,Move,browsing
1569712644.106,1499,563,None,Move,browsing
1569712644.1160002,1501,554,None,Move,browsing
1569712644.127,1501,550,None,Move,browsing
1569712644.137,1501,549,None,Move,browsing
1569712644.717,1519,536,None,Move,browsing
1569712644.7370002,1543,519,None,Move,browsing
1569712644.7570002,1557,510,None,Move,browsing
1569712644.778,1573,501,None,Move,browsing
1569712644.8,1587,496,None,Move,browsing
1569712644.824,1599,493,None,Move,browsing
1569712644.846,1608,490,None,Move,browsing
1569712644.867,1615,490,None,Move,browsing
1569712644.8879998,1623,490,None,Move,browsing
1569712644.909,1631,490,None,Move,browsing
1569712644.931,1639,490,None,Move,browsing
1569712644.9529998,1646,490,None,Move,browsing
1569712644.975,1654,493,None,Move,browsing
1569712644.998,1658,494,None,Move,browsing
1569712645.019,1660,495,None,Move,browsing
1569712645.041,1662,495,None,Move,browsing
1569712645.062,1663,495,None,Move,browsing
1569712645.084,1666,495,None,Move,browsing
1569712645.107,1670,495,None,Move,browsing
1569712645.131,1673,494,None,Move,browsing
1569712645.156,1678,492,None,Move,browsing
1569712645.178,1682,489,None,Move,browsing
1569712645.199,1687,487,None,Move,browsing
1569712645.221,1692,485,None,Move,browsing
1569712645.2410002,1696,483,None,Move,browsing
1569712645.2629998,1703,480,None,Move,browsing
1569712645.2870002,1712,477,None,Move,browsing
1569712645.31,1716,476,None,Move,browsing
1569712645.335,1720,475,None,Move,browsing
1569712645.7670002,1734,468,None,Move,browsing
1569712645.791,1745,463,None,Move,browsing
1569712645.811,1757,459,None,Move,browsing
1569712645.831,1764,457,None,Move,browsing
1569712645.85,1768,456,None,Move,browsing
1569712645.87,1771,456,None,Move,browsing
1569712645.889,1772,456,None,Move,browsing
1569712645.908,1773,456,None,Move,browsing
1569712645.927,1775,456,None,Move,browsing
1569712645.945,1775,456,None,Move,browsing
1569712645.965,1776,456,None,Move,browsing
1569712645.9829998,1776,455,None,Move,browsing
1569712646.004,1777,455,None,Move,browsing
1569712646.022,1778,455,None,Move,browsing
1569712646.043,1778,454,None,Move,browsing
1569712646.061,1778,454,None,Move,browsing
1569712646.08,1779,453,None,Move,browsing
1569712646.097,1779,453,None,Move,browsing
1569712646.1160002,1781,452,None,Move,browsing
1569712646.1339998,1782,452,None,Move,browsing
1569712646.158,1782,451,None,Move,browsing
1569712646.178,1782,451,None,Move,browsing
1569712646.197,1783,449,None,Move,browsing
1569712646.215,1783,447,None,Move,browsing
1569712646.234,1783,445,None,Move,browsing
1569712646.252,1783,443,None,Move,browsing
1569712646.271,1783,443,None,Move,browsing
1569712646.288,1783,442,None,Move,browsing
1569712646.3070002,1783,441,None,Move,browsing
1569712646.325,1783,440,None,Move,browsing
1569712646.343,1783,440,None,Move,browsing
1569712646.363,1782,437,None,Move,browsing
1569712646.38,1781,432,None,Move,browsing
1569712646.399,1780,427,None,Move,browsing
1569712646.418,1780,425,None,Move,browsing
1569712647.046,1784,419,None,Move,browsing
1569712647.062,1789,415,None,Move,browsing
1569712647.08,1792,410,None,Move,browsing
1569712647.099,1794,406,None,Move,browsing
1569712647.121,1795,405,None,Move,browsing
1569712647.139,1796,405,None,Move,browsing
1569712647.16,1796,405,None,Move,browsing
1569712647.178,1796,404,None,Move,browsing
1569712647.196,1796,403,None,Move,browsing
1569712647.214,1797,403,None,Move,browsing
1569712647.234,1797,402,None,Move,browsing
1569712647.2510002,1797,401,None,Move,browsing
1569712647.27,1797,400,None,Move,browsing
1569712647.286,1797,399,None,Move,browsing
1569712647.304,1797,398,None,Move,browsing
1569712647.326,1797,397,None,Move,browsing
1569712647.66,1797,397,Left,Pressed,browsing
1569712647.875,1797,397,Left,Released,browsing
1569712648.452,1785,405,None,Move,browsing
1569712648.478,1752,424,None,Move,browsing
1569712648.51,1700,443,None,Move,browsing
1569712648.543,1646,460,None,Move,browsing
1569712648.569,1606,466,None,Move,browsing
1569712648.592,1575,467,None,Move,browsing
1569712648.62,1560,463,None,Move,browsing
1569712648.641,1551,455,None,Move,browsing
1569712648.661,1532,419,None,Move,browsing
1569712648.685,1526,398,None,Move,browsing
1569712648.704,1524,386,None,Move,browsing
1569712649.437,1513,393,None,Move,browsing
1569712649.456,1492,406,None,Move,browsing
1569712649.475,1464,415,None,Move,browsing
1569712649.496,1434,423,None,Move,browsing
1569712649.516,1397,434,None,Move,browsing
1569712649.536,1367,442,None,Move,browsing
1569712649.554,1351,447,None,Move,browsing
1569712649.573,1342,450,None,Move,browsing
1569712649.592,1339,452,None,Move,browsing
1569712649.61,1338,452,None,Move,browsing
1569712649.63,1337,452,None,Move,browsing
1569712649.649,1336,453,None,Move,browsing
1569712649.668,1336,453,None,Move,browsing
1569712649.686,1339,455,None,Move,browsing
1569712649.7029998,1350,461,None,Move,browsing
1569712649.72,1362,467,None,Move,browsing
1569712649.7389998,1376,475,None,Move,browsing
1569712649.758,1392,485,None,Move,browsing
1569712649.7770002,1406,494,None,Move,browsing
1569712649.796,1417,500,None,Move,browsing
1569712649.814,1423,505,None,Move,browsing
1569712649.833,1426,508,None,Move,browsing
1569712649.8520002,1427,510,None,Move,browsing
1569712649.87,1429,510,None,Move,browsing
1569712650.944,1441,519,None,Move,browsing
1569712650.967,1461,529,None,Move,browsing
1569712650.996,1478,538,None,Move,browsing
1569712651.021,1503,547,None,Move,browsing
1569712651.048,1517,555,None,Move,browsing
1569712651.073,1531,567,None,Move,browsing
1569712651.099,1543,578,None,Move,browsing
1569712651.121,1553,591,None,Move,browsing
1569712651.1479998,1565,605,None,Move,browsing
1569712651.173,1570,613,None,Move,browsing
1569712651.195,1572,619,None,Move,browsing
1569712651.217,1575,622,None,Move,browsing
1569712651.2389998,1576,623,None,Move,browsing
1569712651.2610002,1576,624,None,Move,browsing
1569712651.282,1576,625,None,Move,browsing
1569712651.67,1578,633,None,Move,browsing
1569712651.6929998,1584,642,None,Move,browsing
1569712651.721,1587,651,None,Move,browsing
1569712651.752,1591,660,None,Move,browsing
1569712651.772,1595,665,None,Move,browsing
1569712651.795,1598,671,None,Move,browsing
1569712651.816,1600,675,None,Move,browsing
1569712651.836,1606,681,None,Move,browsing
1569712651.857,1612,684,None,Move,browsing
1569712651.8839998,1619,685,None,Move,browsing
1569712651.906,1626,685,None,Move,browsing
1569712651.9320002,1631,685,None,Move,browsing
1569712651.9529998,1634,685,None,Move,browsing
1569712651.975,1636,685,None,Move,browsing
1569712651.98,1639,686,None,Move,browsing
1569712652.002,1641,688,None,Move,browsing
1569712652.026,1644,689,None,Move,browsing
1569712652.0470002,1647,692,None,Move,browsing
1569712652.069,1650,694,None,Move,browsing
1569712652.09,1652,697,None,Move,browsing
1569712652.113,1653,698,None,Move,browsing
1569712652.139,1654,699,None,Move,browsing
1569712652.167,1655,700,None,Move,browsing
1569712652.191,1656,702,None,Move,browsing
1569712652.2129998,1656,703,None,Move,browsing
1569712652.2329998,1656,704,None,Move,browsing
1569712652.255,1656,705,None,Move,browsing
1569712652.2770002,1656,706,None,Move,browsing
1569712652.298,1656,707,None,Move,browsing
1569712652.319,1656,708,None,Move,browsing
1569712652.339,1656,709,None,Move,browsing
1569712652.3620002,1656,709,None,Move,browsing
1569712652.383,1656,710,None,Move,browsing
1569712652.404,1656,710,None,Move,browsing
1569712652.424,1656,711,None,Move,browsing
1569712652.87,1656,713,None,Move,browsing
1569712652.8920002,1656,714,None,Move,browsing
1569712652.918,1656,715,None,Move,browsing
1569712652.94,1656,716,None,Move,browsing
1569712652.964,1656,716,None,Move,browsing
1569712652.988,1657,716,None,Move,browsing
1569712653.014,1657,717,None,Move,browsing
1569712653.0370002,1657,717,None,Move,browsing
1569712653.059,1657,717,None,Move,browsing
1569712653.396,1657,717,Left,Pressed,browsing
1569712653.611,1657,717,Left,Released,browsing
1569712655.365,1657,717,Left,Pressed,browsing
1569712655.581,1657,717,Left,Released,browsing
1569712657.968,1648,713,None,Move,browsing
1569712657.982,1634,704,None,Move,browsing
1569712658.0010002,1620,696,None,Move,browsing
1569712658.016,1600,683,None,Move,browsing
1569712658.032,1570,665,None,Move,browsing
1569712658.049,1530,640,None,Move,browsing
1569712658.06,1489,608,None,Move,browsing
1569712658.071,1445,578,None,Move,browsing
1569712658.081,1410,552,None,Move,browsing
1569712658.092,1372,526,None,Move,browsing
1569712658.103,1341,503,None,Move,browsing
1569712658.1139998,1311,485,None,Move,browsing
1569712658.125,1290,471,None,Move,browsing
1569712658.1360002,1268,461,None,Move,browsing
1569712658.149,1255,454,None,Move,browsing
1569712658.16,1245,446,None,Move,browsing
1569712658.17,1233,439,None,Move,browsing
1569712658.181,1226,434,None,Move,browsing
1569712658.1929998,1220,430,None,Move,browsing
1569712658.204,1215,425,None,Move,browsing
1569712658.215,1210,418,None,Move,browsing
1569712658.228,1207,412,None,Move,browsing
1569712658.24,1204,409,None,Move,browsing
1569712659.6,1197,423,None,Move,browsing
1569712659.6279998,1188,439,None,Move,browsing
1569712659.657,1174,459,None,Move,browsing
1569712659.698,1170,468,None,Move,browsing
1569712659.728,1168,472,None,Move,browsing
1569712659.7470002,1167,477,None,Move,browsing
1569712659.76,1167,483,None,Move,browsing
1569712659.775,1167,488,None,Move,browsing
1569712659.791,1167,492,None,Move,browsing
1569712659.8070002,1168,496,None,Move,browsing
1569712659.82,1170,499,None,Move,browsing
1569712659.834,1174,503,None,Move,browsing
1569712659.851,1176,505,None,Move,browsing
1569712659.8660002,1181,509,None,Move,browsing
1569712659.8760002,1183,511,None,Move,browsing
1569712659.887,1185,514,None,Move,browsing
1569712659.897,1187,516,None,Move,browsing
1569712659.908,1188,517,None,Move,browsing
1569712659.918,1190,518,None,Move,browsing
1569712659.93,1192,519,None,Move,browsing
1569712659.9420002,1193,520,None,Move,browsing
1569712660.343,1193,526,None,Move,browsing
1569712660.365,1195,533,None,Move,browsing
1569712660.3879998,1197,540,None,Move,browsing
1569712660.408,1200,548,None,Move,browsing
1569712660.429,1202,552,None,Move,browsing
1569712660.452,1208,557,None,Move,browsing
1569712660.475,1212,561,None,Move,browsing
1569712660.5,1218,563,None,Move,browsing
1569712660.522,1225,565,None,Move,browsing
1569712660.545,1233,566,None,Move,browsing
1569712660.57,1239,567,None,Move,browsing
1569712660.5979998,1243,567,None,Move,browsing
1569712660.627,1244,567,None,Move,browsing
1569712660.6520002,1245,567,None,Move,browsing
1569712660.676,1246,567,None,Move,browsing
1569712660.7,1246,568,None,Move,browsing
1569712660.726,1246,571,None,Move,browsing
1569712660.75,1245,574,None,Move,browsing
1569712660.776,1243,576,None,Move,browsing
1569712660.799,1237,581,None,Move,browsing
1569712660.806,1231,586,None,Move,browsing
1569712660.829,1227,590,None,Move,browsing
1569712660.8520002,1225,591,None,Move,browsing
1569712660.8760002,1223,592,None,Move,browsing
1569712660.897,1222,592,None,Move,browsing
1569712660.917,1222,593,None,Move,browsing
1569712660.938,1222,593,None,Move,browsing
1569712660.957,1222,594,None,Move,browsing
1569712660.975,1221,594,None,Move,browsing
1569712660.998,1220,594,None,Move,browsing
1569712661.019,1219,594,None,Move,browsing
1569712661.04,1218,594,None,Move,browsing
1569712661.063,1217,594,None,Move,browsing
1569712661.081,1217,594,None,Move,browsing
1569712661.101,1216,594,None,Move,browsing
1569712661.129,1215,594,None,Move,browsing
1569712661.151,1215,594,None,Move,browsing
1569712661.637,1215,597,None,Move,browsing
1569712661.659,1216,601,None,Move,browsing
1569712661.68,1216,604,None,Move,browsing
1569712661.702,1216,606,None,Move,browsing
1569712661.724,1216,608,None,Move,browsing
1569712661.744,1216,608,None,Move,browsing
1569712661.764,1216,609,None,Move,browsing
1569712662.178,1216,609,Left,Pressed,browsing
1569712662.394,1216,609,Left,Released,browsing
1569712672.505,1222,613,None,Move,browsing
1569712672.521,1232,620,None,Move,browsing
1569712672.536,1258,633,None,Move,browsing
1569712672.551,1265,638,None,Move,browsing
1569712672.5670002,1281,649,None,Move,browsing
1569712672.586,1291,654,None,Move,browsing
1569712672.601,1300,659,None,Move,browsing
1569712672.6160002,1307,663,None,Move,browsing
1569712672.631,1321,667,None,Move,browsing
1569712672.645,1335,673,None,Move,browsing
1569712672.66,1346,677,None,Move,browsing
1569712672.675,1357,681,None,Move,browsing
1569712672.689,1372,684,None,Move,browsing
1569712672.704,1383,686,None,Move,browsing
1569712672.72,1394,688,None,Move,browsing
1569712672.735,1406,692,None,Move,browsing
1569712672.7510002,1416,693,None,Move,browsing
1569712672.765,1423,694,None,Move,browsing
1569712672.781,1432,697,None,Move,browsing
1569712672.796,1444,701,None,Move,browsing
1569712672.811,1454,704,None,Move,browsing
1569712672.826,1465,708,None,Move,browsing
1569712672.84,1478,714,None,Move,browsing
1569712672.855,1491,718,None,Move,browsing
1569712672.87,1498,722,None,Move,browsing
1569712672.8839998,1503,724,None,Move,browsing
1569712672.899,1515,731,None,Move,browsing
1569712672.914,1529,737,None,Move,browsing
1569712672.929,1540,740,None,Move,browsing
1569712672.944,1551,748,None,Move,browsing
1569712672.96,1560,754,None,Move,browsing
1569712672.975,1566,757,None,Move,browsing
1569712672.9889998,1567,758,None,Move,browsing
1569712673.005,1567,758,None,Move,browsing
1569712673.428,1575,756,None,Move,browsing
1569712673.449,1584,752,None,Move,browsing
1569712673.47,1591,750,None,Move,browsing
1569712673.4910002,1595,748,None,Move,browsing
1569712673.5110002,1601,744,None,Move,browsing
1569712673.53,1605,740,None,Move,browsing
1569712673.5470002,1608,735,None,Move,browsing
1569712673.569,1611,729,None,Move,browsing
1569712673.589,1614,722,None,Move,browsing
1569712673.6079998,1615,718,None,Move,browsing
1569712673.633,1616,715,None,Move,browsing
1569712673.6520002,1617,712,None,Move,browsing
1569712673.674,1618,709,None,Move,browsing
1569712673.695,1618,707,None,Move,browsing
1569712673.715,1618,704,None,Move,browsing
1569712673.734,1618,704,None,Move,browsing
1569712673.7529998,1618,704,None,Move,browsing
1569712673.7729998,1618,703,None,Move,browsing
1569712673.795,1618,702,None,Move,browsing
1569712673.815,1618,701,None,Move,browsing
1569712673.835,1618,701,None,Move,browsing
1569712673.856,1617,700,None,Move,browsing
1569712673.8779998,1616,700,None,Move,browsing
1569712673.901,1615,700,None,Move,browsing
1569712673.923,1614,698,None,Move,browsing
1569712673.946,1614,698,None,Move,browsing
1569712673.975,1615,698,None,Move,browsing
1569712673.9989998,1618,698,None,Move,browsing
1569712674.028,1619,699,None,Move,browsing
1569712674.051,1621,700,None,Move,browsing
1569712674.079,1622,700,None,Move,browsing
1569712674.101,1623,700,None,Move,browsing
1569712674.125,1624,701,None,Move,browsing
1569712674.1479998,1625,701,None,Move,browsing
1569712674.44,1625,701,Left,Pressed,browsing
1569712674.657,1625,701,Left,Released,browsing
1569712676.393,1628,707,None,Move,browsing
1569712676.403,1632,716,None,Move,browsing
1569712676.416,1636,723,None,Move,browsing
1569712676.426,1637,727,None,Move,browsing
1569712676.435,1638,733,None,Move,browsing
1569712676.445,1639,737,None,Move,browsing
1569712676.455,1641,740,None,Move,browsing
1569712676.466,1642,743,None,Move,browsing
1569712676.478,1643,746,None,Move,browsing
1569712676.488,1645,749,None,Move,browsing
1569712676.5,1647,752,None,Move,browsing
1569712676.5110002,1651,756,None,Move,browsing
1569712676.5229998,1657,761,None,Move,browsing
1569712676.534,1663,767,None,Move,browsing
1569712676.545,1667,770,None,Move,browsing
1569712676.556,1672,774,None,Move,browsing
1569712676.5679998,1676,776,None,Move,browsing
1569712676.58,1681,779,None,Move,browsing
1569712676.59,1688,780,None,Move,browsing
1569712676.601,1692,781,None,Move,browsing
1569712676.6120002,1696,782,None,Move,browsing
1569712676.623,1700,783,None,Move,browsing
1569712676.6360002,1702,783,None,Move,browsing
1569712676.647,1706,783,None,Move,browsing
1569712676.658,1707,783,None,Move,browsing
1569712676.668,1709,783,None,Move,browsing
1569712676.68,1712,783,None,Move,browsing
1569712676.691,1714,783,None,Move,browsing
1569712676.701,1716,783,None,Move,browsing
1569712676.712,1718,783,None,Move,browsing
1569712676.7229998,1721,783,None,Move,browsing
1569712676.734,1723,783,None,Move,browsing
1569712676.744,1725,782,None,Move,browsing
1569712676.755,1727,781,None,Move,browsing
1569712676.766,1729,780,None,Move,browsing
1569712676.7770002,1732,779,None,Move,browsing
1569712676.788,1734,778,None,Move,browsing
1569712676.799,1735,777,None,Move,browsing
1569712676.811,1738,776,None,Move,browsing
1569712676.822,1738,775,None,Move,browsing
1569712676.832,1740,775,None,Move,browsing
1569712676.843,1741,774,None,Move,browsing
1569712676.854,1741,773,None,Move,browsing
1569712676.8639998,1742,772,None,Move,browsing
1569712676.875,1742,771,None,Move,browsing
1569712676.887,1743,770,None,Move,browsing
1569712676.9020002,1744,770,None,Move,browsing
1569712676.917,1744,769,None,Move,browsing
1569712676.93,1744,769,None,Move,browsing
1569712676.9429998,1744,768,None,Move,browsing
1569712676.956,1745,768,None,Move,browsing
1569712676.969,1745,767,None,Move,browsing
1569712676.9910002,1745,766,None,Move,browsing
1569712677.006,1745,765,None,Move,browsing
1569712677.022,1745,765,None,Move,browsing
1569712677.0370002,1745,764,None,Move,browsing
1569712677.053,1744,764,None,Move,browsing
1569712677.0670002,1741,762,None,Move,browsing
1569712677.081,1738,760,None,Move,browsing
1569712677.094,1736,759,None,Move,browsing
1569712677.1079998,1733,758,None,Move,browsing
1569712677.1239998,1729,754,None,Move,browsing
1569712677.1379998,1728,752,None,Move,browsing
1569712677.154,1725,750,None,Move,browsing
1569712677.168,1721,748,None,Move,browsing
1569712677.184,1718,747,None,Move,browsing
1569712677.199,1715,746,None,Move,browsing
1569712677.2129998,1713,745,None,Move,browsing
1569712677.2270002,1711,745,None,Move,browsing
1569712677.2410002,1710,743,None,Move,browsing
1569712677.255,1710,743,None,Move,browsing
1569712677.269,1709,743,None,Move,browsing
1569712677.284,1709,742,None,Move,browsing
1569712677.3,1709,741,None,Move,browsing
1569712677.315,1708,741,None,Move,browsing
1569712677.334,1707,741,None,Move,browsing
1569712677.664,1707,741,Left,Pressed,browsing
1569712677.88,1707,741,Left,Released,browsing
1569712678.735,1690,736,None,Move,browsing
1569712678.756,1656,724,None,Move,browsing
1569712678.774,1601,702,None,Move,browsing
1569712678.794,1561,692,None,Move,browsing
1569712678.814,1521,683,None,Move,browsing
1569712678.839,1494,676,None,Move,browsing
1569712678.8579998,1465,673,None,Move,browsing
1569712678.8779998,1429,664,None,Move,browsing
1569712678.897,1412,658,None,Move,browsing
1569712678.916,1398,654,None,Move,browsing
1569712678.936,1384,649,None,Move,browsing
1569712678.954,1372,643,None,Move,browsing
1569712678.9729998,1364,638,None,Move,browsing
1569712678.994,1360,634,None,Move,browsing
1569712679.0170002,1359,632,None,Move,browsing
1569712679.043,1358,631,None,Move,browsing
1569712679.065,1357,630,None,Move,browsing
1569712679.0879998,1356,630,None,Move,browsing
1569712679.109,1355,630,None,Move,browsing
1569712679.13,1354,630,None,Move,browsing
1569712679.156,1352,630,None,Move,browsing
1569712679.177,1349,632,None,Move,browsing
1569712679.199,1346,634,None,Move,browsing
1569712679.22,1345,635,None,Move,browsing
1569712679.242,1344,635,None,Move,browsing
1569712679.621,1336,635,None,Move,browsing
1569712679.643,1325,634,None,Move,browsing
1569712679.668,1316,630,None,Move,browsing
1569712679.6920002,1310,629,None,Move,browsing
1569712679.697,1302,627,None,Move,browsing
1569712679.719,1293,623,None,Move,browsing
1569712679.7410002,1288,622,None,Move,browsing
1569712679.7629998,1285,621,None,Move,browsing
1569712679.784,1282,619,None,Move,browsing
1569712679.804,1279,616,None,Move,browsing
1569712679.826,1276,614,None,Move,browsing
1569712679.847,1274,612,None,Move,browsing
1569712679.869,1273,611,None,Move,browsing
1569712679.89,1271,610,None,Move,browsing
1569712679.911,1269,609,None,Move,browsing
1569712679.934,1267,608,None,Move,browsing
1569712679.954,1265,608,None,Move,browsing
1569712679.976,1263,608,None,Move,browsing
1569712679.9989998,1261,607,None,Move,browsing
1569712680.031,1259,607,None,Move,browsing
1569712680.054,1256,607,None,Move,browsing
1569712680.076,1254,607,None,Move,browsing
1569712680.1020002,1253,607,None,Move,browsing
1569712680.125,1253,607,None,Move,browsing
1569712680.149,1252,607,None,Move,browsing
1569712680.173,1250,608,None,Move,browsing
1569712680.195,1248,608,None,Move,browsing
1569712680.216,1246,608,None,Move,browsing
1569712680.2370002,1243,608,None,Move,browsing
1569712680.2589998,1242,608,None,Move,browsing
1569712680.279,1241,608,None,Move,browsing
1569712680.301,1240,608,None,Move,browsing
1569712680.7670002,1238,608,None,Move,browsing
1569712680.79,1235,608,None,Move,browsing
1569712680.816,1234,608,None,Move,browsing
1569712680.8379998,1233,608,None,Move,browsing
1569712680.86,1232,608,None,Move,browsing
1569712680.8860002,1231,608,None,Move,browsing
1569712680.911,1229,608,None,Move,browsing
1569712680.9320002,1227,608,None,Move,browsing
1569712680.956,1224,607,None,Move,browsing
1569712680.978,1222,607,None,Move,browsing
1569712681.0,1220,606,None,Move,browsing
1569712681.0229998,1219,606,None,Move,browsing
1569712681.4889998,1219,606,Left,Pressed,browsing
1569712681.704,1219,606,Left,Released,browsing
1569712682.028,1233,606,None,Move,browsing
1569712682.048,1251,608,None,Move,browsing
1569712682.071,1269,609,None,Move,browsing
1569712682.096,1288,612,None,Move,browsing
1569712682.12,1311,617,None,Move,browsing
1569712682.141,1332,626,None,Move,browsing
1569712682.171,1354,632,None,Move,browsing
1569712682.195,1369,637,None,Move,browsing
1569712682.217,1382,644,None,Move,browsing
1569712682.2389998,1391,649,None,Move,browsing
1569712682.26,1402,653,None,Move,browsing
1569712682.282,1409,655,None,Move,browsing
1569712682.3079998,1415,657,None,Move,browsing
1569712682.329,1420,660,None,Move,browsing
1569712682.351,1425,662,None,Move,browsing
1569712682.373,1429,665,None,Move,browsing
1569712682.394,1433,670,None,Move,browsing
1569712682.415,1434,674,None,Move,browsing
1569712682.437,1434,676,None,Move,browsing
1569712682.788,1447,679,None,Move,browsing
1569712682.8079998,1461,682,None,Move,browsing
1569712682.829,1472,685,None,Move,browsing
1569712682.85,1482,689,None,Move,browsing
1569712682.8720002,1490,690,None,Move,browsing
1569712682.893,1501,694,None,Move,browsing
1569712682.919,1510,696,None,Move,browsing
1569712682.944,1522,698,None,Move,browsing
1569712682.967,1532,698,None,Move,browsing
1569712682.9889998,1542,698,None,Move,browsing
1569712683.0129998,1551,698,None,Move,browsing
1569712683.035,1558,698,None,Move,browsing
1569712683.056,1562,698,None,Move,browsing
1569712683.077,1566,698,None,Move,browsing
1569712683.0979998,1569,698,None,Move,browsing
1569712683.121,1572,698,None,Move,browsing
1569712683.1420002,1574,698,None,Move,browsing
1569712683.169,1577,698,None,Move,browsing
1569712683.19,1580,698,None,Move,browsing
1569712683.211,1587,698,None,Move,browsing
1569712683.2329998,1594,698,None,Move,browsing
1569712683.254,1601,698,None,Move,browsing
1569712683.276,1609,699,None,Move,browsing
1569712683.298,1618,700,None,Move,browsing
1569712683.321,1623,702,None,Move,browsing
1569712683.344,1624,703,None,Move,browsing
1569712683.3660002,1627,703,None,Move,browsing
1569712683.39,1628,704,None,Move,browsing
1569712683.415,1629,705,None,Move,browsing
1569712683.439,1630,706,None,Move,browsing
1569712683.4629998,1631,707,None,Move,browsing
1569712683.4870002,1633,708,None,Move,browsing
1569712683.51,1635,710,None,Move,browsing
1569712683.536,1635,711,None,Move,browsing
1569712683.5579998,1636,711,None,Move,browsing
1569712683.815,1636,711,Left,Pressed,browsing
1569712684.029,1636,711,Left,Released,browsing
1569712687.129,1638,717,None,Move,browsing
1569712687.147,1640,726,None,Move,browsing
1569712687.164,1644,733,None,Move,browsing
1569712687.179,1645,738,None,Move,browsing
1569712687.195,1647,744,None,Move,browsing
1569712687.209,1650,750,None,Move,browsing
1569712687.224,1652,757,None,Move,browsing
1569712687.236,1657,762,None,Move,browsing
1569712687.2470002,1660,767,None,Move,browsing
1569712687.2570002,1667,773,None,Move,browsing
1569712687.2670002,1673,778,None,Move,browsing
1569712687.276,1682,783,None,Move,browsing
1569712687.2870002,1687,785,None,Move,browsing
1569712687.298,1694,787,None,Move,browsing
1569712687.3079998,1700,788,None,Move,browsing
1569712687.319,1704,791,None,Move,browsing
1569712687.331,1707,791,None,Move,browsing
1569712687.341,1710,791,None,Move,browsing
1569712687.354,1713,791,None,Move,browsing
1569712687.365,1715,791,None,Move,browsing
1569712687.375,1716,791,None,Move,browsing
1569712687.3860002,1719,791,None,Move,browsing
1569712687.3979998,1721,791,None,Move,browsing
1569712687.408,1723,791,None,Move,browsing
1569712687.419,1723,791,None,Move,browsing
1569712687.43,1724,790,None,Move,browsing
1569712687.44,1724,790,None,Move,browsing
1569712687.451,1725,789,None,Move,browsing
1569712687.462,1726,789,None,Move,browsing
1569712687.475,1727,789,None,Move,browsing
1569712687.484,1728,789,None,Move,browsing
1569712687.495,1730,787,None,Move,browsing
1569712687.505,1732,785,None,Move,browsing
1569712687.516,1734,783,None,Move,browsing
1569712687.5270002,1737,777,None,Move,browsing
1569712687.538,1738,774,None,Move,browsing
1569712687.549,1739,770,None,Move,browsing
1569712687.56,1740,767,None,Move,browsing
1569712687.571,1740,765,None,Move,browsing
1569712687.582,1740,762,None,Move,browsing
1569712687.592,1740,760,None,Move,browsing
1569712687.603,1740,758,None,Move,browsing
1569712687.6139998,1740,756,None,Move,browsing
1569712687.6239998,1740,755,None,Move,browsing
1569712687.6360002,1740,754,None,Move,browsing
1569712687.647,1740,753,None,Move,browsing
1569712687.657,1740,753,None,Move,browsing
1569712687.668,1740,752,None,Move,browsing
1569712687.68,1740,751,None,Move,browsing
1569712687.69,1739,750,None,Move,browsing
1569712687.701,1739,749,None,Move,browsing
1569712687.7129998,1737,747,None,Move,browsing
1569712687.7229998,1737,747,None,Move,browsing
1569712687.735,1735,745,None,Move,browsing
1569712687.746,1733,743,None,Move,browsing
1569712687.756,1730,742,None,Move,browsing
1569712687.768,1727,741,None,Move,browsing
1569712687.779,1725,740,None,Move,browsing
1569712687.79,1723,739,None,Move,browsing
1569712687.8,1720,739,None,Move,browsing
1569712687.811,1719,739,None,Move,browsing
1569712687.82,1717,739,None,Move,browsing
1569712687.831,1715,739,None,Move,browsing
1569712687.842,1712,739,None,Move,browsing
1569712687.856,1711,739,None,Move,browsing
1569712687.8679998,1711,739,None,Move,browsing
1569712687.879,1710,739,None,Move,browsing
1569712687.889,1709,739,None,Move,browsing
1569712687.903,1707,739,None,Move,browsing
1569712687.913,1707,739,None,Move,browsing
1569712687.9220002,1706,739,None,Move,browsing
1569712687.9329998,1705,740,None,Move,browsing
1569712688.25,1705,740,Left,Pressed,browsing
1569712688.464,1705,740,Left,Released,browsing
1569712689.54,1705,740,Left,Pressed,browsing
1569712689.7570002,1705,740,Left,Released,browsing
1569712690.2370002,1705,742,None,Move,browsing
1569712690.2570002,1705,744,None,Move,browsing
1569712690.278,1705,745,None,Move,browsing
1569712690.298,1705,746,None,Move,browsing
1569712690.32,1705,747,None,Move,browsing
1569712690.34,1705,749,None,Move,browsing
1569712690.3639998,1705,749,None,Move,browsing
1569712690.3839998,1705,750,None,Move,browsing
1569712690.413,1705,751,None,Move,browsing
1569712690.438,1705,751,None,Move,browsing
1569712690.464,1705,752,None,Move,browsing
1569712690.488,1705,753,None,Move,browsing
1569712690.512,1705,753,None,Move,browsing
1569712690.536,1705,754,None,Move,browsing
1569712690.944,1705,754,Left,Pressed,browsing
1569712691.161,1705,754,Left,Released,browsing
1569712693.837,1703,753,None,Move,browsing
1569712693.849,1702,751,None,Move,browsing
1569712693.8620002,1700,747,None,Move,browsing
1569712693.8739998,1697,744,None,Move,browsing
1569712693.885,1695,742,None,Move,browsing
1569712693.895,1694,740,None,Move,browsing
1569712693.908,1693,738,None,Move,browsing
1569712693.919,1691,737,None,Move,browsing
1569712693.93,1689,735,None,Move,browsing
1569712693.9420002,1688,734,None,Move,browsing
1569712693.952,1687,731,None,Move,browsing
1569712693.9629998,1686,729,None,Move,browsing
1569712693.974,1685,729,None,Move,browsing
1569712693.986,1685,728,None,Move,browsing
1569712693.996,1685,727,None,Move,browsing
1569712694.0070002,1684,726,None,Move,browsing
1569712694.018,1684,725,None,Move,browsing
1569712694.031,1684,725,None,Move,browsing
1569712694.0470002,1684,724,None,Move,browsing
1569712694.06,1683,724,None,Move,browsing
1569712694.071,1682,723,None,Move,browsing
1569712694.083,1681,723,None,Move,browsing
1569712694.095,1681,721,None,Move,browsing
1569712694.106,1680,720,None,Move,browsing
1569712694.1179998,1680,718,None,Move,browsing
1569712694.131,1679,718,None,Move,browsing
1569712694.14,1679,715,None,Move,browsing
1569712694.15,1678,715,None,Move,browsing
1569712694.161,1677,713,None,Move,browsing
1569712694.1720002,1677,713,None,Move,browsing
1569712694.1829998,1677,712,None,Move,browsing
1569712694.195,1676,711,None,Move,browsing
1569712694.206,1676,710,None,Move,browsing
1569712694.217,1676,709,None,Move,browsing
1569712694.229,1676,707,None,Move,browsing
1569712694.242,1676,707,None,Move,browsing
1569712694.2529998,1676,706,None,Move,browsing
1569712694.264,1676,704,None,Move,browsing
1569712694.276,1676,703,None,Move,browsing
1569712694.2870002,1675,702,None,Move,browsing
1569712694.298,1675,701,None,Move,browsing
1569712694.309,1675,700,None,Move,browsing
1569712694.32,1675,699,None,Move,browsing
1569712694.33,1675,698,None,Move,browsing
1569712694.717,1675,698,Left,Pressed,browsing
1569712694.9329998,1675,698,Left,Released,browsing
1569712696.585,1675,698,Left,Pressed,browsing
1569712696.801,1675,698,Left,Released,browsing
1569712711.798,1675,693,None,Move,browsing
1569712711.8179998,1676,683,None,Move,browsing
1569712711.834,1676,676,None,Move,browsing
1569712711.856,1677,670,None,Move,browsing
1569712711.8760002,1679,665,None,Move,browsing
1569712711.896,1681,659,None,Move,browsing
1569712711.913,1682,655,None,Move,browsing
1569712711.931,1682,652,None,Move,browsing
1569712711.948,1682,649,None,Move,browsing
1569712711.967,1682,647,None,Move,browsing
1569712711.984,1682,644,None,Move,browsing
1569712712.0010002,1682,642,None,Move,browsing
1569712712.018,1682,641,None,Move,browsing
1569712712.035,1682,640,None,Move,browsing
1569712712.053,1682,639,None,Move,browsing
1569712712.07,1682,639,None,Move,browsing
1569712712.087,1682,638,None,Move,browsing
1569712712.1020002,1682,638,None,Move,browsing
1569712712.12,1682,638,None,Move,browsing
1569712712.14,1682,638,None,Move,browsing
1569712712.16,1681,638,None,Move,browsing
1569712712.177,1680,639,None,Move,browsing
1569712712.1929998,1678,643,None,Move,browsing
1569712712.211,1677,646,None,Move,browsing
1569712712.231,1676,649,None,Move,browsing
1569712712.248,1675,652,None,Move,browsing
1569712712.264,1675,655,None,Move,browsing
1569712712.281,1675,657,None,Move,browsing
1569712712.2970002,1675,659,None,Move,browsing
1569712712.314,1675,660,None,Move,browsing
1569712712.331,1675,662,None,Move,browsing
1569712712.3479998,1675,663,None,Move,browsing
1569712712.367,1675,663,None,Move,browsing
1569712712.385,1675,664,None,Move,browsing
1569712712.404,1675,664,None,Move,browsing
1569712712.423,1675,665,None,Move,browsing
1569712712.441,1675,666,None,Move,browsing
1569712712.458,1675,668,None,Move,browsing
1569712712.476,1675,669,None,Move,browsing
1569712712.4929998,1675,670,None,Move,browsing
1569712712.5129998,1675,671,None,Move,browsing
1569712712.53,1675,672,None,Move,browsing
1569712714.1279998,1675,672,Left,Pressed,browsing
1569712714.344,1675,672,Left,Released,browsing
1569712719.393,1675,672,Left,Pressed,browsing
1569712719.609,1675,672,Left,Released,browsing
1569712720.186,1667,671,None,Move,browsing
1569712720.209,1651,667,None,Move,browsing
1569712720.236,1614,656,None,Move,browsing
1569712720.2629998,1586,645,None,Move,browsing
1569712720.2870002,1568,640,None,Move,browsing
1569712720.3079998,1556,633,None,Move,browsing
1569712720.331,1547,628,None,Move,browsing
1569712720.353,1542,622,None,Move,browsing
1569712720.375,1539,616,None,Move,browsing
1569712720.396,1537,610,None,Move,browsing
1569712720.416,1534,606,None,Move,browsing
1569712720.436,1532,603,None,Move,browsing
1569712720.455,1531,600,None,Move,browsing
1569712720.474,1530,600,None,Move,browsing
1569712720.498,1529,599,None,Move,browsing
1569712720.5170002,1529,598,None,Move,browsing
1569712720.536,1529,597,None,Move,browsing
1569712720.5579998,1528,596,None,Move,browsing
1569712720.5779998,1527,596,None,Move,browsing
1569712720.5979998,1526,596,None,Move,browsing
1569712720.6179998,1526,596,None,Move,browsing
1569712720.6379998,1525,596,None,Move,browsing
1569712720.657,1524,596,None,Move,browsing
1569712720.678,1523,596,None,Move,browsing
1569712720.706,1523,596,None,Move,browsing
1569712720.732,1523,596,None,Move,browsing
1569712720.972,1523,596,Left,Pressed,browsing
1569712721.187,1523,596,Left,Released,browsing
1569712777.8579998,1523,600,None,Move,browsing
1569712777.8739998,1525,612,None,Move,browsing
1569712777.8879998,1530,626,None,Move,browsing
1569712777.9020002,1534,639,None,Move,browsing
1569712777.915,1539,651,None,Move,browsing
1569712777.928,1543,659,None,Move,browsing
1569712777.941,1547,667,None,Move,browsing
1569712777.955,1553,675,None,Move,browsing
1569712777.969,1560,684,None,Move,browsing
1569712777.985,1567,691,None,Move,browsing
1569712778.0,1573,697,None,Move,browsing
1569712778.014,1579,703,None,Move,browsing
1569712778.0270002,1583,706,None,Move,browsing
1569712778.04,1586,709,None,Move,browsing
1569712778.055,1592,712,None,Move,browsing
1569712778.07,1596,714,None,Move,browsing
1569712778.085,1597,715,None,Move,browsing
1569712778.099,1598,716,None,Move,browsing
1569712778.1120002,1599,717,None,Move,browsing
1569712778.1239998,1600,717,None,Move,browsing
1569712778.137,1601,717,None,Move,browsing
1569712778.15,1601,717,None,Move,browsing
1569712778.164,1602,717,None,Move,browsing
1569712778.179,1603,717,None,Move,browsing
1569712778.1920002,1603,717,None,Move,browsing
1569712778.207,1604,717,None,Move,browsing
1569712778.248,1604,717,None,Move,browsing
1569712778.2610002,1600,714,None,Move,browsing
1569712778.276,1567,698,None,Move,browsing
1569712778.288,1527,674,None,Move,browsing
1569712778.299,1483,649,None,Move,browsing
1569712778.31,1433,620,None,Move,browsing
1569712778.32,1402,600,None,Move,browsing
1569712778.332,1369,581,None,Move,browsing
1569712778.35,1338,560,None,Move,browsing
1569712778.363,1310,536,None,Move,browsing
1569712778.3760002,1273,497,None,Move,browsing
1569712778.393,1240,461,None,Move,browsing
1569712778.409,1205,422,None,Move,browsing
1569712778.4220002,1181,393,None,Move,browsing
1569712778.437,1167,378,None,Move,browsing
1569712778.452,1161,367,None,Move,browsing
1569712778.466,1156,361,None,Move,browsing
1569712778.486,1155,359,None,Move,browsing
1569712778.885,1136,356,None,Move,browsing
1569712778.896,1119,354,None,Move,browsing
1569712778.906,1096,350,None,Move,browsing
1569712778.917,1079,346,None,Move,browsing
1569712778.927,1064,343,None,Move,browsing
1569712778.938,1050,341,None,Move,browsing
1569712778.949,1038,339,None,Move,browsing
1569712778.962,1031,338,None,Move,browsing
1569712778.976,1024,335,None,Move,browsing
1569712778.9870002,1020,335,None,Move,browsing
1569712778.998,1017,335,None,Move,browsing
1569712779.0129998,1015,335,None,Move,browsing
1569712779.024,1013,335,None,Move,browsing
1569712779.036,1011,335,None,Move,browsing
1569712779.051,1010,335,None,Move,browsing
1569712779.065,1008,335,None,Move,browsing
1569712779.077,1007,335,None,Move,browsing
1569712779.092,1005,335,None,Move,browsing
1569712779.105,1003,335,None,Move,browsing
1569712779.12,1002,334,None,Move,browsing
1569712779.1320002,1000,334,None,Move,browsing
1569712779.144,1000,334,None,Move,browsing
1569712779.16,1000,333,None,Move,browsing
1569712779.175,999,333,None,Move,browsing
1569712779.187,998,333,None,Move,browsing
1569712779.199,997,333,None,Move,browsing
1569712779.211,996,333,None,Move,browsing
1569712779.2229998,995,333,None,Move,browsing
1569712779.252,995,332,None,Move,browsing
1569712780.041,994,343,None,Move,browsing
1569712780.056,995,356,None,Move,browsing
1569712780.077,996,370,None,Move,browsing
1569712780.093,997,382,None,Move,browsing
1569712780.1120002,998,393,None,Move,browsing
1569712780.127,1000,405,None,Move,browsing
1569712780.141,1000,412,None,Move,browsing
1569712780.158,1000,421,None,Move,browsing
1569712780.1720002,1000,429,None,Move,browsing
1569712780.186,999,434,None,Move,browsing
1569712780.197,997,441,None,Move,browsing
1569712780.209,996,445,None,Move,browsing
1569712780.2229998,995,447,None,Move,browsing
1569712780.236,994,451,None,Move,browsing
1569712780.248,994,454,None,Move,browsing
1569712780.26,994,456,None,Move,browsing
1569712780.2729998,994,458,None,Move,browsing
1569712780.2870002,993,461,None,Move,browsing
1569712780.301,993,462,None,Move,browsing
1569712780.315,993,464,None,Move,browsing
1569712780.329,992,465,None,Move,browsing
1569712780.349,991,465,None,Move,browsing
1569712780.3620002,991,467,None,Move,browsing
1569712780.3760002,991,470,None,Move,browsing
1569712780.391,990,471,None,Move,browsing
1569712780.4020002,989,475,None,Move,browsing
1569712780.414,988,478,None,Move,browsing
1569712780.424,987,483,None,Move,browsing
1569712780.436,987,489,None,Move,browsing
1569712780.452,987,497,None,Move,browsing
1569712780.467,987,505,None,Move,browsing
1569712780.485,987,517,None,Move,browsing
1569712780.4989998,984,526,None,Move,browsing
1569712780.5129998,983,534,None,Move,browsing
1569712780.525,981,539,None,Move,browsing
1569712780.535,980,546,None,Move,browsing
1569712780.546,979,550,None,Move,browsing
1569712780.556,978,553,None,Move,browsing
1569712780.565,978,555,None,Move,browsing
1569712780.583,978,556,None,Move,browsing
1569712780.594,977,556,None,Move,browsing
1569712780.605,977,557,None,Move,browsing
1569712780.619,976,557,None,Move,browsing
1569712780.6320002,976,558,None,Move,browsing
1569712781.1920002,976,558,Left,Pressed,browsing
1569712781.381,976,558,Left,Released,browsing
1569712781.399,976,558,Left,Pressed,browsing
1569712781.57,976,558,Left,Released,browsing
1569712781.6020002,976,558,Left,Pressed,browsing
1569712781.785,976,558,Left,Released,browsing
1569712783.256,980,544,None,Move,browsing
1569712783.28,987,528,None,Move,browsing
1569712783.306,994,508,None,Move,browsing
1569712783.331,1003,491,None,Move,browsing
1569712783.36,1012,469,None,Move,browsing
1569712783.379,1020,453,None,Move,browsing
1569712783.3920002,1029,433,None,Move,browsing
1569712783.403,1035,419,None,Move,browsing
1569712783.416,1041,403,None,Move,browsing
1569712783.429,1045,391,None,Move,browsing
1569712783.4429998,1050,382,None,Move,browsing
1569712783.46,1052,376,None,Move,browsing
1569712783.475,1054,373,None,Move,browsing
1569712783.492,1055,372,None,Move,browsing
1569712783.506,1056,371,None,Move,browsing
1569712783.52,1056,371,None,Move,browsing
1569712783.533,1056,369,None,Move,browsing
1569712783.5470002,1056,369,None,Move,browsing
1569712783.562,1056,368,None,Move,browsing
1569712783.574,1056,367,None,Move,browsing
1569712783.587,1056,367,None,Move,browsing
1569712783.599,1056,366,None,Move,browsing
1569712783.6120002,1055,366,None,Move,browsing
1569712784.032,1055,363,None,Move,browsing
1569712784.05,1056,358,None,Move,browsing
1569712784.074,1057,356,None,Move,browsing
1569712784.0979998,1057,354,None,Move,browsing
1569712784.12,1057,352,None,Move,browsing
1569712784.139,1057,351,None,Move,browsing
1569712784.167,1057,350,None,Move,browsing
1569712784.5270002,1057,350,Left,Pressed,browsing
1569712784.742,1057,350,Left,Released,browsing
1569712786.033,1063,358,None,Move,browsing
1569712786.045,1072,367,None,Move,browsing
1569712786.0570002,1080,377,None,Move,browsing
1569712786.0679998,1089,388,None,Move,browsing
1569712786.081,1100,402,None,Move,browsing
1569712786.092,1112,417,None,Move,browsing
1569712786.104,1123,429,None,Move,browsing
1569712786.1139998,1134,440,None,Move,browsing
1569712786.1260002,1143,449,None,Move,browsing
1569712786.137,1150,459,None,Move,browsing
1569712786.15,1158,472,None,Move,browsing
1569712786.166,1166,480,None,Move,browsing
1569712786.177,1171,489,None,Move,browsing
1569712786.189,1178,501,None,Move,browsing
1569712786.2,1186,514,None,Move,browsing
1569712786.211,1193,526,None,Move,browsing
1569712786.222,1203,543,None,Move,browsing
1569712786.236,1216,560,None,Move,browsing
1569712786.252,1228,578,None,Move,browsing
1569712786.264,1241,595,None,Move,browsing
1569712786.275,1249,604,None,Move,browsing
1569712786.286,1254,611,None,Move,browsing
1569712786.2970002,1255,613,None,Move,browsing
1569712786.3079998,1256,615,None,Move,browsing
1569712786.3179998,1257,615,None,Move,browsing
1569712786.6339998,1273,617,None,Move,browsing
1569712786.654,1291,619,None,Move,browsing
1569712786.676,1309,621,None,Move,browsing
1569712786.699,1324,623,None,Move,browsing
1569712786.717,1333,624,None,Move,browsing
1569712786.735,1340,625,None,Move,browsing
1569712786.7570002,1343,625,None,Move,browsing
1569712786.7770002,1345,625,None,Move,browsing
1569712786.796,1347,625,None,Move,browsing
1569712786.814,1350,625,None,Move,browsing
1569712786.833,1356,624,None,Move,browsing
1569712786.851,1360,624,None,Move,browsing
1569712786.8679998,1363,624,None,Move,browsing
1569712786.887,1367,624,None,Move,browsing
1569712786.905,1368,624,None,Move,browsing
1569712786.924,1369,624,None,Move,browsing
1569712786.944,1369,624,None,Move,browsing
1569712786.962,1369,624,None,Move,browsing
1569712786.98,1370,624,None,Move,browsing
1569712786.998,1370,624,None,Move,browsing
1569712787.0170002,1372,623,None,Move,browsing
1569712787.034,1377,622,None,Move,browsing
1569712787.053,1386,619,None,Move,browsing
1569712787.073,1393,616,None,Move,browsing
1569712787.093,1401,614,None,Move,browsing
1569712787.113,1408,613,None,Move,browsing
1569712787.131,1413,611,None,Move,browsing
1569712787.154,1415,610,None,Move,browsing
1569712787.1720002,1417,609,None,Move,browsing
1569712787.191,1421,609,None,Move,browsing
1569712787.209,1426,609,None,Move,browsing
1569712787.2270002,1430,609,None,Move,browsing
1569712787.246,1435,609,None,Move,browsing
1569712787.265,1440,609,None,Move,browsing
1569712787.284,1443,609,None,Move,browsing
1569712787.303,1448,609,None,Move,browsing
1569712787.325,1450,609,None,Move,browsing
1569712787.361,1450,609,None,Move,browsing
1569712787.935,1453,609,None,Move,browsing
1569712787.956,1456,609,None,Move,browsing
1569712787.976,1457,609,None,Move,browsing
1569712787.996,1457,609,None,Move,browsing
1569712788.015,1458,609,None,Move,browsing
1569712788.0370002,1459,609,None,Move,browsing
1569712788.06,1459,609,None,Move,browsing
1569712788.083,1460,609,None,Move,browsing
1569712788.103,1461,609,None,Move,browsing
1569712788.137,1462,609,None,Move,browsing
1569712788.174,1463,609,None,Move,browsing
1569712788.4529998,1463,609,Left,Pressed,browsing
1569712788.669,1463,609,Left,Released,browsing
1569712789.106,1462,609,None,Move,browsing
1569712789.125,1460,609,None,Move,browsing
1569712789.149,1459,609,None,Move,browsing
1569712789.174,1459,609,None,Move,browsing
1569712789.2,1459,609,None,Move,browsing
1569712789.222,1458,609,None,Move,browsing
1569712789.242,1458,609,None,Move,browsing
1569712789.27,1457,609,None,Move,browsing
1569712789.659,1457,609,Left,Pressed,browsing
1569712789.875,1457,609,Left,Released,browsing
1569712790.315,1444,613,None,Move,browsing
1569712790.35,1415,616,None,Move,browsing
1569712790.3779998,1369,623,None,Move,browsing
1569712790.407,1331,633,None,Move,browsing
1569712790.427,1278,640,None,Move,browsing
1569712790.44,1252,645,None,Move,browsing
1569712790.455,1229,650,None,Move,browsing
1569712790.47,1212,654,None,Move,browsing
1569712790.485,1196,655,None,Move,browsing
1569712790.4989998,1181,656,None,Move,browsing
1569712790.5129998,1169,658,None,Move,browsing
1569712790.5270002,1162,658,None,Move,browsing
1569712790.546,1159,658,None,Move,browsing
1569712790.575,1156,658,None,Move,browsing
1569712790.603,1155,658,None,Move,browsing
1569712790.623,1154,658,None,Move,browsing
1569712790.644,1154,658,None,Move,browsing
1569712790.67,1153,658,None,Move,browsing
1569712790.697,1151,659,None,Move,browsing
1569712790.724,1148,660,None,Move,browsing
1569712790.756,1144,663,None,Move,browsing
1569712790.786,1141,666,None,Move,browsing
1569712790.8179998,1138,668,None,Move,browsing
1569712790.85,1134,670,None,Move,browsing
1569712790.863,1132,672,None,Move,browsing
1569712790.8739998,1131,674,None,Move,browsing
1569712790.887,1129,676,None,Move,browsing
1569712790.8979998,1128,677,None,Move,browsing
1569712790.908,1128,678,None,Move,browsing
1569712790.919,1127,679,None,Move,browsing
1569712791.332,1122,687,None,Move,browsing
1569712791.355,1118,695,None,Move,browsing
1569712791.379,1116,702,None,Move,browsing
1569712791.403,1115,705,None,Move,browsing
1569712791.4320002,1114,707,None,Move,browsing
1569712791.458,1114,708,None,Move,browsing
1569712791.482,1114,709,None,Move,browsing
1569712791.5029998,1114,710,None,Move,browsing
1569712791.524,1114,712,None,Move,browsing
1569712791.546,1114,712,None,Move,browsing
1569712791.5679998,1114,713,None,Move,browsing
1569712791.592,1114,714,None,Move,browsing
1569712791.619,1114,714,None,Move,browsing
1569712791.8579998,1114,714,Left,Pressed,browsing
1569712792.073,1114,714,Left,Released,browsing
1569712792.207,1128,696,None,Move,browsing
1569712792.23,1153,667,None,Move,browsing
1569712792.252,1179,641,None,Move,browsing
1569712792.275,1204,620,None,Move,browsing
1569712792.2970002,1221,607,None,Move,browsing
1569712792.3179998,1248,590,None,Move,browsing
1569712792.342,1262,583,None,Move,browsing
1569712792.3639998,1285,573,None,Move,browsing
1569712792.387,1300,567,None,Move,browsing
1569712792.408,1316,562,None,Move,browsing
1569712792.43,1327,560,None,Move,browsing
1569712792.452,1334,557,None,Move,browsing
1569712832.062,1339,567,None,Move,browsing
1569712832.077,1346,581,None,Move,browsing
1569712832.087,1354,594,None,Move,browsing
1569712832.1,1363,607,None,Move,browsing
1569712832.111,1371,614,None,Move,browsing
1569712832.1220002,1379,627,None,Move,browsing
1569712832.1339998,1386,639,None,Move,browsing
1569712832.147,1394,647,None,Move,browsing
1569712832.159,1403,657,None,Move,browsing
1569712832.169,1415,668,None,Move,browsing
1569712832.181,1424,674,None,Move,browsing
1569712832.1920002,1438,683,None,Move,browsing
1569712832.204,1452,688,None,Move,browsing
1569712832.217,1473,693,None,Move,browsing
1569712832.228,1494,694,None,Move,browsing
1569712832.2389998,1507,694,None,Move,browsing
1569712832.2510002,1522,694,None,Move,browsing
1569712832.262,1537,694,None,Move,browsing
1569712832.2729998,1552,691,None,Move,browsing
1569712832.284,1567,687,None,Move,browsing
1569712832.295,1582,681,None,Move,browsing
1569712832.3070002,1596,676,None,Move,browsing
1569712832.3170002,1610,670,None,Move,browsing
1569712832.329,1621,664,None,Move,browsing
1569712832.339,1631,657,None,Move,browsing
1569712832.349,1641,652,None,Move,browsing
1569712832.361,1651,648,None,Move,browsing
1569712832.37,1660,643,None,Move,browsing
1569712832.381,1668,638,None,Move,browsing
1569712832.3920002,1677,634,None,Move,browsing
1569712832.4020002,1685,631,None,Move,browsing
1569712832.411,1692,628,None,Move,browsing
1569712832.427,1695,627,None,Move,browsing
1569712832.438,1698,626,None,Move,browsing
1569712832.448,1700,625,None,Move,browsing
1569712832.459,1700,624,None,Move,browsing
1569712832.47,1701,624,None,Move,browsing
1569712832.481,1701,624,None,Move,browsing
1569712832.49,1702,624,None,Move,browsing
1569712832.5,1702,624,None,Move,browsing
1569712832.512,1702,622,None,Move,browsing
1569712832.521,1703,622,None,Move,browsing
1569712832.55,1703,623,None,Move,browsing
1569712832.5679998,1697,626,None,Move,browsing
1569712832.585,1681,635,None,Move,browsing
1569712832.605,1657,640,None,Move,browsing
1569712832.6239998,1626,642,None,Move,browsing
1569712832.643,1592,642,None,Move,browsing
1569712832.663,1563,638,None,Move,browsing
1569712832.68,1546,636,None,Move,browsing
1569712832.698,1533,634,None,Move,browsing
1569712832.717,1526,633,None,Move,browsing
1569712832.736,1517,631,None,Move,browsing
1569712832.755,1513,630,None,Move,browsing
1569712832.7729998,1510,627,None,Move,browsing
1569712832.792,1507,625,None,Move,browsing
1569712832.812,1503,621,None,Move,browsing
1569712832.833,1500,618,None,Move,browsing
1569712832.8520002,1499,617,None,Move,browsing
1569712832.8720002,1498,614,None,Move,browsing
1569712832.893,1498,613,None,Move,browsing
1569712832.9120002,1498,611,None,Move,browsing
1569712832.931,1498,610,None,Move,browsing
1569712832.951,1498,609,None,Move,browsing
1569712832.972,1499,609,None,Move,browsing
1569712832.992,1500,609,None,Move,browsing
1569712833.0110002,1500,608,None,Move,browsing
1569712834.01,1503,619,None,Move,browsing
1569712834.025,1508,634,None,Move,browsing
1569712834.039,1513,648,None,Move,browsing
1569712834.056,1520,663,None,Move,browsing
1569712834.071,1525,675,None,Move,browsing
1569712834.085,1530,688,None,Move,browsing
1569712834.1020002,1534,696,None,Move,browsing
1569712834.1179998,1537,701,None,Move,browsing
1569712834.1339998,1543,708,None,Move,browsing
1569712834.149,1551,718,None,Move,browsing
1569712834.164,1557,725,None,Move,browsing
1569712834.178,1562,731,None,Move,browsing
1569712834.1929998,1566,734,None,Move,browsing
1569712834.205,1572,739,None,Move,browsing
1569712834.219,1580,744,None,Move,browsing
1569712834.232,1587,746,None,Move,browsing
1569712834.254,1592,746,None,Move,browsing
1569712834.268,1595,746,None,Move,browsing
1569712834.281,1601,746,None,Move,browsing
1569712834.295,1605,746,None,Move,browsing
1569712834.3079998,1611,745,None,Move,browsing
1569712834.322,1616,744,None,Move,browsing
1569712834.335,1621,744,None,Move,browsing
1569712834.349,1626,744,None,Move,browsing
1569712834.363,1632,744,None,Move,browsing
1569712834.3760002,1637,745,None,Move,browsing
1569712834.389,1639,747,None,Move,browsing
1569712834.403,1641,748,None,Move,browsing
1569712834.417,1644,750,None,Move,browsing
1569712834.431,1646,753,None,Move,browsing
1569712834.444,1648,756,None,Move,browsing
1569712834.457,1650,759,None,Move,browsing
1569712834.469,1651,764,None,Move,browsing
1569712834.478,1652,767,None,Move,browsing
1569712834.4870002,1652,772,None,Move,browsing
1569712834.4970002,1652,776,None,Move,browsing
1569712834.5070002,1652,780,None,Move,browsing
1569712834.5170002,1652,783,None,Move,browsing
1569712834.528,1652,788,None,Move,browsing
1569712834.539,1652,792,None,Move,browsing
1569712834.549,1652,795,None,Move,browsing
1569712834.561,1652,799,None,Move,browsing
1569712834.571,1651,801,None,Move,browsing
1569712834.581,1651,803,None,Move,browsing
1569712834.593,1651,804,None,Move,browsing
1569712834.603,1650,806,None,Move,browsing
1569712834.615,1650,807,None,Move,browsing
1569712834.6260002,1650,808,None,Move,browsing
1569712834.637,1649,809,None,Move,browsing
1569712834.649,1649,811,None,Move,browsing
1569712834.661,1649,811,None,Move,browsing
1569712834.671,1648,813,None,Move,browsing
1569712834.6829998,1648,814,None,Move,browsing
1569712834.694,1648,815,None,Move,browsing
1569712834.705,1647,815,None,Move,browsing
1569712834.717,1647,816,None,Move,browsing
1569712834.728,1647,816,None,Move,browsing
1569712834.7389998,1646,817,None,Move,browsing
1569712834.75,1646,819,None,Move,browsing
1569712834.762,1645,819,None,Move,browsing
1569712834.7729998,1644,819,None,Move,browsing
1569712834.784,1644,819,None,Move,browsing
1569712834.796,1642,818,None,Move,browsing
1569712835.659,1642,818,Left,Pressed,browsing
1569712835.875,1642,818,Left,Released,browsing
1569712837.526,1643,810,None,Move,browsing
1569712837.536,1647,801,None,Move,browsing
1569712837.5470002,1651,792,None,Move,browsing
1569712837.5579998,1655,783,None,Move,browsing
1569712837.569,1659,777,None,Move,browsing
1569712837.58,1661,772,None,Move,browsing
1569712837.592,1663,767,None,Move,browsing
1569712837.6020002,1665,764,None,Move,browsing
1569712837.6139998,1667,760,None,Move,browsing
1569712837.6260002,1668,757,None,Move,browsing
1569712837.637,1669,753,None,Move,browsing
1569712837.6479998,1670,750,None,Move,browsing
1569712837.658,1671,747,None,Move,browsing
1569712837.669,1672,745,None,Move,browsing
1569712837.678,1674,742,None,Move,browsing
1569712837.6920002,1675,741,None,Move,browsing
1569712837.702,1675,739,None,Move,browsing
1569712837.714,1676,736,None,Move,browsing
1569712837.725,1676,735,None,Move,browsing
1569712837.736,1676,735,None,Move,browsing
1569712837.746,1676,734,None,Move,browsing
1569712837.755,1677,733,None,Move,browsing
1569712837.765,1678,732,None,Move,browsing
1569712837.775,1678,731,None,Move,browsing
1569712837.785,1678,730,None,Move,browsing
1569712837.795,1678,729,None,Move,browsing
1569712837.809,1678,728,None,Move,browsing
1569712837.82,1678,728,None,Move,browsing
1569712837.832,1678,727,None,Move,browsing
1569712837.8620002,1678,726,None,Move,browsing
1569712838.268,1678,728,None,Move,browsing
1569712838.286,1678,731,None,Move,browsing
1569712838.305,1677,734,None,Move,browsing
1569712838.323,1677,737,None,Move,browsing
1569712838.342,1676,740,None,Move,browsing
1569712838.361,1676,743,None,Move,browsing
1569712838.379,1676,745,None,Move,browsing
1569712838.4020002,1676,746,None,Move,browsing
1569712838.424,1676,747,None,Move,browsing
1569712838.4429998,1676,748,None,Move,browsing
1569712838.4629998,1676,749,None,Move,browsing
1569712838.4829998,1676,751,None,Move,browsing
1569712838.502,1675,751,None,Move,browsing
1569712838.524,1675,751,None,Move,browsing
1569712838.865,1675,751,Left,Pressed,browsing
1569712839.08,1675,751,Left,Released,browsing
1569712840.0670002,1675,755,None,Move,browsing
1569712840.086,1675,759,None,Move,browsing
1569712840.111,1675,761,None,Move,browsing
1569712840.1360002,1675,762,None,Move,browsing
1569712840.167,1675,762,None,Move,browsing
1569712840.191,1675,762,None,Move,browsing
1569712840.216,1675,763,None,Move,browsing
1569712840.2389998,1676,763,None,Move,browsing
1569712840.266,1678,763,None,Move,browsing
1569712840.29,1679,763,None,Move,browsing
1569712840.313,1682,763,None,Move,browsing
1569712840.336,1684,762,None,Move,browsing
1569712840.359,1685,761,None,Move,browsing
1569712840.381,1687,760,None,Move,browsing
1569712840.404,1688,759,None,Move,browsing
1569712840.426,1689,759,None,Move,browsing
1569712840.448,1689,759,None,Move,browsing
1569712840.47,1690,758,None,Move,browsing
1569712840.495,1690,757,None,Move,browsing
1569712840.5170002,1692,757,None,Move,browsing
1569712840.538,1692,757,None,Move,browsing
1569712840.569,1692,755,None,Move,browsing
1569712840.589,1691,755,None,Move,browsing
1569712840.609,1689,755,None,Move,browsing
1569712840.631,1687,755,None,Move,browsing
1569712840.653,1685,755,None,Move,browsing
1569712840.674,1684,755,None,Move,browsing
1569712840.694,1683,755,None,Move,browsing
1569712840.716,1682,755,None,Move,browsing
1569712840.7370002,1681,755,None,Move,browsing
1569712841.0570002,1681,755,Left,Pressed,browsing
1569712841.2729998,1681,755,Left,Released,browsing
1569712842.377,1681,753,None,Move,browsing
1569712842.395,1681,750,None,Move,browsing
1569712842.414,1681,748,None,Move,browsing
1569712842.4320002,1681,746,None,Move,browsing
1569712842.452,1681,745,None,Move,browsing
1569712842.4729998,1681,744,None,Move,browsing
1569712842.492,1681,743,None,Move,browsing
1569712842.512,1681,742,None,Move,browsing
1569712842.534,1681,741,None,Move,browsing
1569712842.5570002,1681,741,None,Move,browsing
1569712842.639,1681,741,None,Move,browsing
1569712842.657,1680,741,None,Move,browsing
1569712842.676,1679,742,None,Move,browsing
1569712842.696,1678,743,None,Move,browsing
1569712842.714,1677,744,None,Move,browsing
1569712842.732,1675,745,None,Move,browsing
1569712842.75,1675,746,None,Move,browsing
1569712842.768,1674,746,None,Move,browsing
1569712842.786,1674,747,None,Move,browsing
1569712842.804,1674,748,None,Move,browsing
1569712842.823,1673,748,None,Move,browsing
1569712842.841,1672,748,None,Move,browsing
1569712842.859,1671,748,None,Move,browsing
1569712842.877,1671,748,None,Move,browsing
1569712842.896,1671,748,None,Move,browsing
1569712842.913,1671,746,None,Move,browsing
1569712842.931,1671,742,None,Move,browsing
1569712842.949,1671,739,None,Move,browsing
1569712842.968,1671,737,None,Move,browsing
1569712842.9870002,1671,735,None,Move,browsing
1569712843.006,1671,733,None,Move,browsing
1569712843.0229998,1671,731,None,Move,browsing
1569712843.042,1671,730,None,Move,browsing
1569712843.061,1671,729,None,Move,browsing
1569712843.079,1671,728,None,Move,browsing
1569712843.107,1671,727,None,Move,browsing
1569712843.129,1671,726,None,Move,browsing
1569712843.154,1671,725,None,Move,browsing
1569712843.174,1671,723,None,Move,browsing
1569712843.1929998,1671,723,None,Move,browsing
1569712843.2129998,1671,722,None,Move,browsing
1569712843.2370002,1671,722,None,Move,browsing
1569712843.258,1671,721,None,Move,browsing
1569712843.279,1671,720,None,Move,browsing
1569712843.3,1671,719,None,Move,browsing
1569712843.666,1671,719,Left,Pressed,browsing
1569712843.883,1671,719,Left,Released,browsing
1569712845.071,1671,719,Left,Pressed,browsing
1569712845.285,1671,719,Left,Released,browsing
1569712846.756,1671,717,None,Move,browsing
1569712846.774,1671,713,None,Move,browsing
1569712846.7870002,1671,710,None,Move,browsing
1569712846.8,1671,708,None,Move,browsing
1569712846.816,1672,706,None,Move,browsing
1569712846.826,1672,705,None,Move,browsing
1569712846.8379998,1673,703,None,Move,browsing
1569712846.85,1673,702,None,Move,browsing
1569712846.863,1673,699,None,Move,browsing
1569712846.8739998,1673,698,None,Move,browsing
1569712846.885,1673,697,None,Move,browsing
1569712846.896,1673,696,None,Move,browsing
1569712846.906,1673,694,None,Move,browsing
1569712846.918,1673,693,None,Move,browsing
1569712846.93,1673,693,None,Move,browsing
1569712846.941,1673,692,None,Move,browsing
1569712846.9529998,1673,691,None,Move,browsing
1569712846.964,1674,691,None,Move,browsing
1569712846.975,1674,690,None,Move,browsing
1569712846.9870002,1674,689,None,Move,browsing
1569712847.3179998,1674,689,Left,Pressed,browsing
1569712847.533,1674,689,Left,Released,browsing
1569712848.781,1674,684,None,Move,browsing
1569712848.795,1673,679,None,Move,browsing
1569712848.804,1672,676,None,Move,browsing
1569712848.816,1671,672,None,Move,browsing
1569712848.826,1670,670,None,Move,browsing
1569712848.8379998,1669,668,None,Move,browsing
1569712848.8479998,1668,667,None,Move,browsing
1569712848.859,1668,665,None,Move,browsing
1569712848.87,1668,665,None,Move,browsing
1569712848.88,1668,664,None,Move,browsing
1569712848.891,1667,663,None,Move,browsing
1569712848.9020002,1667,663,None,Move,browsing
1569712848.9120002,1667,661,None,Move,browsing
1569712848.9220002,1666,660,None,Move,browsing
1569712848.945,1666,660,None,Move,browsing
1569712848.967,1666,659,None,Move,browsing
1569712848.998,1666,658,None,Move,browsing
1569712849.019,1666,658,None,Move,browsing
1569712849.041,1666,657,None,Move,browsing
1569712849.063,1666,656,None,Move,browsing
1569712849.0879998,1666,655,None,Move,browsing
1569712849.133,1666,654,None,Move,browsing
1569712849.516,1666,656,None,Move,browsing
1569712849.5370002,1666,658,None,Move,browsing
1569712849.5579998,1666,660,None,Move,browsing
1569712849.58,1666,662,None,Move,browsing
1569712849.601,1666,663,None,Move,browsing
1569712849.625,1666,664,None,Move,browsing
1569712849.649,1666,664,None,Move,browsing
1569712849.67,1666,664,None,Move,browsing
1569712849.6920002,1666,664,None,Move,browsing
1569712849.715,1666,665,None,Move,browsing
1569712849.738,1665,665,None,Move,browsing
1569712849.762,1665,666,None,Move,browsing
1569712850.117,1665,666,Left,Pressed,browsing
1569712850.332,1665,666,Left,Released,browsing
1569712851.353,1665,669,None,Move,browsing
1569712851.377,1666,673,None,Move,browsing
1569712851.395,1666,676,None,Move,browsing
1569712851.414,1666,678,None,Move,browsing
1569712851.435,1666,682,None,Move,browsing
1569712851.454,1666,684,None,Move,browsing
1569712851.4729998,1666,685,None,Move,browsing
1569712851.492,1666,686,None,Move,browsing
1569712851.51,1666,687,None,Move,browsing
1569712851.528,1666,688,None,Move,browsing
1569712851.546,1667,689,None,Move,browsing
1569712851.5670002,1669,689,None,Move,browsing
1569712851.585,1670,689,None,Move,browsing
1569712851.604,1672,689,None,Move,browsing
1569712851.623,1673,689,None,Move,browsing
1569712851.641,1675,689,None,Move,browsing
1569712851.659,1677,689,None,Move,browsing
1569712851.677,1678,688,None,Move,browsing
1569712851.696,1680,687,None,Move,browsing
1569712851.714,1681,685,None,Move,browsing
1569712851.732,1683,682,None,Move,browsing
1569712851.7510002,1683,682,None,Move,browsing
1569712851.769,1683,682,None,Move,browsing
1569712851.7870002,1683,682,None,Move,browsing
1569712851.806,1683,681,None,Move,browsing
1569712851.823,1683,679,None,Move,browsing
1569712851.841,1683,678,None,Move,browsing
1569712851.86,1683,678,None,Move,browsing
1569712851.88,1682,676,None,Move,browsing
1569712851.897,1681,675,None,Move,browsing
1569712851.915,1681,674,None,Move,browsing
1569712851.9329998,1680,674,None,Move,browsing
1569712851.9529998,1680,674,None,Move,browsing
1569712851.971,1680,674,None,Move,browsing
1569712851.9889998,1679,674,None,Move,browsing
1569712852.008,1678,674,None,Move,browsing
1569712852.026,1678,674,None,Move,browsing
1569712852.044,1678,674,None,Move,browsing
1569712852.062,1676,674,None,Move,browsing
1569712852.08,1676,675,None,Move,browsing
1569712852.103,1676,675,None,Move,browsing
1569712852.125,1675,676,None,Move,browsing
1569712852.145,1674,677,None,Move,browsing
1569712852.166,1673,677,None,Move,browsing
1569712852.186,1673,677,None,Move,browsing
1569712852.206,1673,677,None,Move,browsing
1569712852.225,1672,677,None,Move,browsing
1569712852.2529998,1671,677,None,Move,browsing
1569712852.718,1671,677,Left,Pressed,browsing
1569712852.934,1671,677,Left,Released,browsing
1569712853.39,1668,677,None,Move,browsing
1569712853.416,1661,675,None,Move,browsing
1569712853.445,1653,673,None,Move,browsing
1569712853.474,1644,669,None,Move,browsing
1569712853.498,1637,665,None,Move,browsing
1569712853.525,1630,663,None,Move,browsing
1569712853.548,1624,660,None,Move,browsing
1569712853.573,1616,657,None,Move,browsing
1569712853.595,1609,654,None,Move,browsing
1569712853.6160002,1605,652,None,Move,browsing
1569712853.6379998,1598,650,None,Move,browsing
1569712853.66,1592,646,None,Move,browsing
1569712853.68,1587,645,None,Move,browsing
1569712853.7,1583,644,None,Move,browsing
1569712853.724,1579,643,None,Move,browsing
1569712853.745,1577,642,None,Move,browsing
1569712853.766,1574,641,None,Move,browsing
1569712853.7870002,1572,641,None,Move,browsing
1569712853.8070002,1569,640,None,Move,browsing
1569712853.829,1568,639,None,Move,browsing
1569712853.851,1566,638,None,Move,browsing
1569712853.8739998,1566,637,None,Move,browsing
1569712853.894,1565,637,None,Move,browsing
1569712853.915,1564,637,None,Move,browsing
1569712853.935,1562,634,None,Move,browsing
1569712853.957,1559,630,None,Move,browsing
1569712853.978,1559,627,None,Move,browsing
1569712854.0,1558,624,None,Move,browsing
1569712854.025,1558,623,None,Move,browsing
1569712854.0470002,1558,622,None,Move,browsing
1569712854.069,1558,620,None,Move,browsing
1569712854.09,1558,619,None,Move,browsing
1569712854.1120002,1559,616,None,Move,browsing
1569712854.1339998,1560,615,None,Move,browsing
1569712854.571,1560,607,None,Move,browsing
1569712854.592,1561,597,None,Move,browsing
1569712854.6139998,1563,590,None,Move,browsing
1569712854.635,1563,586,None,Move,browsing
1569712854.661,1563,583,None,Move,browsing
1569712854.6829998,1563,580,None,Move,browsing
1569712854.704,1563,579,None,Move,browsing
1569712854.726,1563,577,None,Move,browsing
1569712854.7510002,1563,576,None,Move,browsing
1569712854.7589998,1563,575,None,Move,browsing
1569712854.779,1563,575,None,Move,browsing
1569712854.801,1563,573,None,Move,browsing
1569712855.13,1563,573,Left,Pressed,browsing
1569712855.345,1563,573,Left,Released,browsing
1569712859.351,1563,574,None,Move,browsing
1569712859.3620002,1561,578,None,Move,browsing
1569712859.373,1558,590,None,Move,browsing
1569712859.385,1554,605,None,Move,browsing
1569712859.3979998,1549,622,None,Move,browsing
1569712859.41,1545,641,None,Move,browsing
1569712859.4220002,1542,657,None,Move,browsing
1569712859.434,1539,676,None,Move,browsing
1569712859.445,1537,691,None,Move,browsing
1569712859.457,1537,704,None,Move,browsing
1569712859.469,1537,716,None,Move,browsing
1569712859.48,1538,729,None,Move,browsing
1569712859.4910002,1540,738,None,Move,browsing
1569712859.5029998,1546,748,None,Move,browsing
1569712859.515,1551,757,None,Move,browsing
1569712859.526,1560,763,None,Move,browsing
1569712859.538,1572,771,None,Move,browsing
1569712859.55,1583,778,None,Move,browsing
1569712859.561,1595,782,None,Move,browsing
1569712859.573,1607,786,None,Move,browsing
1569712859.584,1618,789,None,Move,browsing
1569712859.595,1629,790,None,Move,browsing
1569712859.607,1638,790,None,Move,browsing
1569712859.62,1642,790,None,Move,browsing
1569712859.631,1646,790,None,Move,browsing
1569712859.643,1649,789,None,Move,browsing
1569712859.655,1652,789,None,Move,browsing
1569712859.667,1655,788,None,Move,browsing
1569712859.679,1660,786,None,Move,browsing
1569712859.691,1664,784,None,Move,browsing
1569712859.701,1668,782,None,Move,browsing
1569712859.712,1673,778,None,Move,browsing
1569712859.724,1677,776,None,Move,browsing
1569712859.736,1683,774,None,Move,browsing
1569712859.7470002,1689,771,None,Move,browsing
1569712859.7589998,1693,769,None,Move,browsing
1569712859.771,1696,766,None,Move,browsing
1569712859.782,1700,764,None,Move,browsing
1569712859.793,1704,762,None,Move,browsing
1569712859.806,1707,760,None,Move,browsing
1569712859.8170002,1709,758,None,Move,browsing
1569712859.8279998,1713,756,None,Move,browsing
1569712859.839,1716,753,None,Move,browsing
1569712859.849,1720,750,None,Move,browsing
1569712859.86,1723,746,None,Move,browsing
1569712859.8720002,1727,742,None,Move,browsing
1569712859.883,1730,738,None,Move,browsing
1569712859.894,1734,733,None,Move,browsing
1569712859.905,1737,729,None,Move,browsing
1569712859.916,1741,724,None,Move,browsing
1569712859.926,1742,721,None,Move,browsing
1569712859.937,1745,718,None,Move,browsing
1569712859.948,1747,714,None,Move,browsing
1569712859.959,1749,711,None,Move,browsing
1569712859.97,1751,710,None,Move,browsing
1569712859.98,1752,708,None,Move,browsing
1569712859.9910002,1752,706,None,Move,browsing
1569712860.004,1753,705,None,Move,browsing
1569712860.0170002,1753,704,None,Move,browsing
1569712860.0270002,1753,703,None,Move,browsing
1569712860.039,1753,703,None,Move,browsing
1569712860.05,1753,702,None,Move,browsing
1569712860.069,1753,701,None,Move,browsing
1569712860.091,1753,700,None,Move,browsing
1569712860.106,1753,700,None,Move,browsing
1569712860.1179998,1753,699,None,Move,browsing
1569712860.1279998,1753,698,None,Move,browsing
1569712860.14,1750,696,None,Move,browsing
1569712860.1520002,1747,694,None,Move,browsing
1569712860.163,1744,693,None,Move,browsing
1569712860.175,1742,692,None,Move,browsing
1569712860.186,1740,692,None,Move,browsing
1569712860.196,1737,691,None,Move,browsing
1569712860.207,1735,690,None,Move,browsing
1569712860.218,1732,690,None,Move,browsing
1569712860.229,1731,689,None,Move,browsing
1569712860.24,1730,689,None,Move,browsing
1569712860.252,1729,689,None,Move,browsing
1569712860.264,1728,688,None,Move,browsing
1569712860.276,1727,688,None,Move,browsing
1569712860.288,1726,688,None,Move,browsing
1569712860.299,1725,688,None,Move,browsing
1569712860.311,1725,688,None,Move,browsing
1569712860.323,1724,688,None,Move,browsing
1569712860.335,1724,688,None,Move,browsing
1569712860.346,1723,688,None,Move,browsing
1569712860.3579998,1722,688,None,Move,browsing
1569712860.369,1721,687,None,Move,browsing
1569712860.379,1719,687,None,Move,browsing
1569712860.391,1718,686,None,Move,browsing
1569712860.4020002,1717,686,None,Move,browsing
1569712860.414,1716,685,None,Move,browsing
1569712860.425,1714,685,None,Move,browsing
1569712860.437,1713,685,None,Move,browsing
1569712860.7429998,1713,685,Left,Pressed,browsing
1569712860.958,1713,685,Left,Released,browsing
1569712875.4910002,1718,673,None,Move,browsing
1569712875.5029998,1726,659,None,Move,browsing
1569712875.518,1736,645,None,Move,browsing
1569712875.529,1755,625,None,Move,browsing
1569712875.541,1775,606,None,Move,browsing
1569712875.554,1807,581,None,Move,browsing
1569712875.565,1835,557,None,Move,browsing
1569712875.5779998,1873,528,None,Move,browsing
1569712875.59,1908,500,None,Move,browsing
1569712875.6,1946,476,None,Move,browsing
1569712875.6120002,1956,452,None,Move,browsing
1569712875.623,1946,437,None,Move,browsing
1569712875.633,1953,411,None,Move,browsing
1569712875.644,1946,396,None,Move,browsing
1569712875.655,1942,381,None,Move,browsing
1569712875.666,1936,370,None,Move,browsing
1569712875.677,1933,361,None,Move,browsing
1569712875.688,1930,356,None,Move,browsing
1569712875.697,1928,351,None,Move,browsing
1569712875.708,1925,347,None,Move,browsing
1569712875.72,1921,346,None,Move,browsing
1569712875.73,1922,345,None,Move,browsing
1569712875.7410002,1920,344,None,Move,browsing
1569712875.752,1919,344,None,Move,browsing
1569712875.7629998,1920,344,None,Move,browsing
1569712875.7770002,1919,344,None,Move,browsing
1569712875.8070002,1919,344,None,Move,browsing
1569712875.8170002,1918,344,None,Move,browsing
1569712875.827,1914,344,None,Move,browsing
1569712875.843,1906,345,None,Move,browsing
1569712875.854,1899,348,None,Move,browsing
1569712875.865,1888,348,None,Move,browsing
1569712875.8760002,1876,348,None,Move,browsing
1569712875.8860002,1868,348,None,Move,browsing
1569712875.897,1856,346,None,Move,browsing
1569712875.908,1848,346,None,Move,browsing
1569712875.921,1839,344,None,Move,browsing
1569712875.931,1832,344,None,Move,browsing
1569712875.9420002,1827,344,None,Move,browsing
1569712875.954,1820,344,None,Move,browsing
1569712875.964,1813,344,None,Move,browsing
1569712875.975,1806,344,None,Move,browsing
1569712875.986,1800,344,None,Move,browsing
1569712875.9970002,1791,345,None,Move,browsing
1569712876.01,1783,348,None,Move,browsing
1569712876.025,1774,352,None,Move,browsing
1569712876.039,1767,357,None,Move,browsing
1569712876.052,1758,365,None,Move,browsing
1569712876.064,1749,373,None,Move,browsing
1569712876.079,1743,377,None,Move,browsing
1569712876.093,1739,383,None,Move,browsing
1569712876.1079998,1735,389,None,Move,browsing
1569712876.123,1732,393,None,Move,browsing
1569712876.137,1730,397,None,Move,browsing
1569712876.154,1729,402,None,Move,browsing
1569712876.168,1728,407,None,Move,browsing
1569712876.181,1728,411,None,Move,browsing
1569712876.194,1728,416,None,Move,browsing
1569712876.207,1728,421,None,Move,browsing
1569712876.222,1729,424,None,Move,browsing
1569712876.2370002,1730,426,None,Move,browsing
1569712876.25,1731,429,None,Move,browsing
1569712876.264,1732,432,None,Move,browsing
1569712876.278,1734,434,None,Move,browsing
1569712876.291,1736,436,None,Move,browsing
1569712876.304,1738,437,None,Move,browsing
1569712876.3170002,1740,439,None,Move,browsing
1569712876.33,1741,440,None,Move,browsing
1569712877.0110002,1745,438,None,Move,browsing
1569712877.035,1749,433,None,Move,browsing
1569712877.0570002,1755,428,None,Move,browsing
1569712877.081,1757,426,None,Move,browsing
1569712877.107,1758,424,None,Move,browsing
1569712877.1320002,1759,424,None,Move,browsing
1569712877.157,1760,424,None,Move,browsing
1569712877.178,1760,424,None,Move,browsing
1569712877.2,1760,423,None,Move,browsing
1569712877.221,1761,423,None,Move,browsing
1569712877.242,1761,423,None,Move,browsing
1569712877.264,1762,422,None,Move,browsing
1569712877.286,1764,421,None,Move,browsing
1569712877.305,1766,419,None,Move,browsing
1569712877.327,1769,418,None,Move,browsing
1569712877.353,1770,418,None,Move,browsing
1569712877.38,1772,418,None,Move,browsing
1569712877.408,1773,418,None,Move,browsing
1569712877.436,1773,418,None,Move,browsing
1569712877.476,1775,418,None,Move,browsing
1569712877.506,1779,418,None,Move,browsing
1569712877.536,1783,417,None,Move,browsing
1569712877.553,1785,417,None,Move,browsing
1569712877.5679998,1787,417,None,Move,browsing
1569712877.579,1788,417,None,Move,browsing
1569712877.59,1788,417,None,Move,browsing
1569712877.603,1789,417,None,Move,browsing
1569712877.935,1789,417,Left,Pressed,browsing
1569712878.151,1789,417,Left,Released,browsing
1569712879.056,1756,419,None,Move,browsing
1569712879.074,1694,422,None,Move,browsing
1569712879.094,1643,424,None,Move,browsing
1569712879.1179998,1604,429,None,Move,browsing
1569712879.1420002,1577,429,None,Move,browsing
1569712879.171,1562,429,None,Move,browsing
1569712879.198,1555,429,None,Move,browsing
1569712879.231,1554,429,None,Move,browsing
1569712879.2570002,1553,429,None,Move,browsing
1569712879.2729998,1552,429,None,Move,browsing
1569712879.286,1552,429,None,Move,browsing
1569712879.95,1548,429,None,Move,browsing
1569712879.971,1544,432,None,Move,browsing
1569712879.9929998,1536,440,None,Move,browsing
1569712880.015,1526,454,None,Move,browsing
1569712880.036,1519,468,None,Move,browsing
1569712880.0570002,1512,483,None,Move,browsing
1569712880.079,1507,497,None,Move,browsing
1569712880.1,1504,511,None,Move,browsing
1569712880.123,1503,520,None,Move,browsing
1569712880.147,1503,532,None,Move,browsing
1569712880.173,1503,538,None,Move,browsing
1569712880.195,1504,543,None,Move,browsing
1569712880.218,1505,545,None,Move,browsing
1569712880.238,1506,548,None,Move,browsing
1569712880.2610002,1508,549,None,Move,browsing
1569712880.284,1509,551,None,Move,browsing
1569712880.305,1510,553,None,Move,browsing
1569712880.33,1511,554,None,Move,browsing
1569712880.353,1513,555,None,Move,browsing
1569712880.3739998,1513,556,None,Move,browsing
1569712880.399,1514,556,None,Move,browsing
1569712880.428,1515,556,None,Move,browsing
1569712893.238,1505,561,None,Move,browsing
1569712893.255,1491,569,None,Move,browsing
1569712893.27,1471,581,None,Move,browsing
1569712893.2870002,1441,597,None,Move,browsing
1569712893.301,1402,617,None,Move,browsing
1569712893.315,1363,634,None,Move,browsing
1569712893.33,1326,647,None,Move,browsing
1569712893.3479998,1297,661,None,Move,browsing
1569712893.3620002,1269,673,None,Move,browsing
1569712893.3760002,1253,682,None,Move,browsing
1569712893.39,1238,690,None,Move,browsing
1569712893.4020002,1226,694,None,Move,browsing
1569712893.416,1217,697,None,Move,browsing
1569712893.43,1208,699,None,Move,browsing
1569712893.444,1202,701,None,Move,browsing
1569712893.459,1198,703,None,Move,browsing
1569712893.472,1194,703,None,Move,browsing
1569712893.486,1191,703,None,Move,browsing
1569712893.4989998,1187,703,None,Move,browsing
1569712893.512,1185,702,None,Move,browsing
1569712893.526,1180,694,None,Move,browsing
1569712893.54,1176,687,None,Move,browsing
1569712893.556,1173,679,None,Move,browsing
1569712893.57,1172,675,None,Move,browsing
1569712893.583,1171,671,None,Move,browsing
1569712893.597,1171,666,None,Move,browsing
1569712893.611,1171,659,None,Move,browsing
1569712893.625,1172,652,None,Move,browsing
1569712893.64,1173,647,None,Move,browsing
1569712893.654,1174,643,None,Move,browsing
1569712893.668,1176,640,None,Move,browsing
1569712893.681,1179,636,None,Move,browsing
1569712893.694,1182,633,None,Move,browsing
1569712893.708,1188,630,None,Move,browsing
1569712893.721,1194,625,None,Move,browsing
1569712893.734,1200,620,None,Move,browsing
1569712893.7470002,1203,617,None,Move,browsing
1569712893.7610002,1207,615,None,Move,browsing
1569712893.775,1209,613,None,Move,browsing
1569712893.789,1212,613,None,Move,browsing
1569712893.803,1214,612,None,Move,browsing
1569712893.816,1214,612,None,Move,browsing
1569712893.83,1216,611,None,Move,browsing
1569712893.843,1216,611,None,Move,browsing
1569712893.857,1217,611,None,Move,browsing
1569712893.8720002,1217,611,None,Move,browsing
1569712893.8860002,1218,611,None,Move,browsing
1569712893.904,1219,611,None,Move,browsing
1569712893.927,1220,611,None,Move,browsing
1569712893.964,1220,611,None,Move,browsing
1569712894.024,1220,611,None,Move,browsing
1569712894.042,1220,612,None,Move,browsing
1569712894.059,1220,613,None,Move,browsing
1569712894.077,1220,614,None,Move,browsing
1569712894.408,1220,615,None,Move,browsing
1569712894.426,1220,616,None,Move,browsing
1569712894.445,1219,616,None,Move,browsing
1569712894.464,1219,617,None,Move,browsing
1569712894.482,1218,618,None,Move,browsing
1569712894.502,1217,619,None,Move,browsing
1569712894.52,1217,620,None,Move,browsing
1569712894.994,1217,620,Left,Pressed,browsing
1569712895.209,1217,620,Left,Released,browsing
1569712895.691,1223,626,None,Move,browsing
1569712895.715,1233,633,None,Move,browsing
1569712895.736,1243,638,None,Move,browsing
1569712895.7570002,1255,644,None,Move,browsing
1569712895.776,1266,648,None,Move,browsing
1569712895.7970002,1280,652,None,Move,browsing
1569712895.822,1294,656,None,Move,browsing
1569712895.843,1307,662,None,Move,browsing
1569712895.869,1318,669,None,Move,browsing
1569712895.893,1327,674,None,Move,browsing
1569712895.917,1333,682,None,Move,browsing
1569712895.939,1339,690,None,Move,browsing
1569712895.946,1346,699,None,Move,browsing
1569712895.968,1352,708,None,Move,browsing
1569712895.9889998,1359,715,None,Move,browsing
1569712896.01,1365,723,None,Move,browsing
1569712896.03,1370,732,None,Move,browsing
1569712896.053,1376,741,None,Move,browsing
1569712896.074,1381,750,None,Move,browsing
1569712896.094,1386,756,None,Move,browsing
1569712896.1160002,1390,760,None,Move,browsing
1569712896.137,1391,762,None,Move,browsing
1569712896.175,1392,763,None,Move,browsing
1569712896.199,1392,764,None,Move,browsing
1569712896.221,1392,764,None,Move,browsing
1569712897.496,1379,760,None,Move,browsing
1569712897.514,1361,752,None,Move,browsing
1569712897.535,1319,736,None,Move,browsing
1569712897.556,1270,713,None,Move,browsing
1569712897.576,1220,689,None,Move,browsing
1569712897.596,1170,661,None,Move,browsing
1569712897.6139998,1127,636,None,Move,browsing
1569712897.637,1099,616,None,Move,browsing
1569712897.656,1081,603,None,Move,browsing
1569712897.674,1068,590,None,Move,browsing
1569712897.6929998,1063,583,None,Move,browsing
1569712897.7129998,1058,577,None,Move,browsing
1569712897.732,1056,573,None,Move,browsing
1569712898.224,1050,575,None,Move,browsing
1569712898.244,1044,580,None,Move,browsing
1569712898.265,1036,587,None,Move,browsing
1569712898.2870002,1029,592,None,Move,browsing
1569712898.3079998,1025,595,None,Move,browsing
1569712898.329,1022,598,None,Move,browsing
1569712898.365,1020,600,None,Move,browsing
1569712898.3920002,1019,601,None,Move,browsing
1569712898.416,1018,602,None,Move,browsing
1569712898.437,1017,602,None,Move,browsing
1569712898.459,1016,602,None,Move,browsing
1569712898.481,1016,602,None,Move,browsing
1569712898.502,1016,602,None,Move,browsing
1569712898.521,1015,602,None,Move,browsing
1569712898.54,1014,602,None,Move,browsing
1569712898.565,1013,603,None,Move,browsing
1569712898.586,1012,603,None,Move,browsing
1569712898.6079998,1011,603,None,Move,browsing
1569712898.631,1009,604,None,Move,browsing
1569712898.6520002,1007,604,None,Move,browsing
1569712898.673,1005,606,None,Move,browsing
1569712898.694,1003,607,None,Move,browsing
1569712898.715,1001,609,None,Move,browsing
1569712898.735,1000,610,None,Move,browsing
1569712898.756,999,611,None,Move,browsing
1569712898.7770002,998,612,None,Move,browsing
1569712898.798,998,614,None,Move,browsing
1569712898.819,997,614,None,Move,browsing
1569712898.84,996,614,None,Move,browsing
1569712898.8620002,996,615,None,Move,browsing
1569712898.885,996,616,None,Move,browsing
1569712899.351,995,616,None,Move,browsing
1569712899.371,994,617,None,Move,browsing
1569712899.3920002,993,618,None,Move,browsing
1569712899.418,991,618,None,Move,browsing
1569712899.439,991,619,None,Move,browsing
1569712899.979,989,620,None,Move,browsing
1569712899.9929998,987,622,None,Move,browsing
1569712900.004,985,623,None,Move,browsing
1569712900.015,982,624,None,Move,browsing
1569712900.026,981,625,None,Move,browsing
1569712900.041,980,626,None,Move,browsing
1569712900.052,980,626,None,Move,browsing
1569712900.063,978,627,None,Move,browsing
1569712900.074,978,627,None,Move,browsing
1569712900.085,977,628,None,Move,browsing
1569712900.101,977,629,None,Move,browsing
1569712900.115,977,630,None,Move,browsing
1569712900.127,976,630,None,Move,browsing
1569712900.14,976,631,None,Move,browsing
1569712900.1520002,976,632,None,Move,browsing
1569712900.167,976,632,None,Move,browsing
1569712900.5670002,976,632,None,Move,browsing
1569712900.587,978,631,None,Move,browsing
1569712900.606,979,630,None,Move,browsing
1569712900.6260002,979,630,None,Move,browsing
1569712900.647,979,630,None,Move,browsing
1569712900.667,981,630,None,Move,browsing
1569712900.687,981,629,None,Move,browsing
1569712900.709,982,629,None,Move,browsing
1569712900.731,983,627,None,Move,browsing
1569712900.752,983,627,None,Move,browsing
1569712900.778,983,627,None,Move,browsing
1569712900.802,984,626,None,Move,browsing
1569712900.826,985,626,None,Move,browsing
1569712900.849,985,626,None,Move,browsing
1569712900.87,985,626,None,Move,browsing
1569712900.875,985,625,None,Move,browsing
1569712900.896,986,625,None,Move,browsing
1569712900.919,987,625,None,Move,browsing
1569712900.939,987,624,None,Move,browsing
1569712901.296,987,624,Left,Pressed,browsing
1569712901.512,987,624,Left,Released,browsing
1569712901.73,999,624,None,Move,browsing
1569712901.752,1028,626,None,Move,browsing
1569712901.774,1046,628,None,Move,browsing
1569712901.7970002,1078,630,None,Move,browsing
1569712901.8179998,1111,635,None,Move,browsing
1569712901.839,1144,639,None,Move,browsing
1569712901.86,1177,645,None,Move,browsing
1569712901.8820002,1212,658,None,Move,browsing
1569712901.9020002,1250,670,None,Move,browsing
1569712901.923,1288,685,None,Move,browsing
1569712901.945,1311,697,None,Move,browsing
1569712901.968,1328,707,None,Move,browsing
1569712901.9910002,1336,712,None,Move,browsing
1569712902.312,1364,713,None,Move,browsing
1569712902.333,1399,715,None,Move,browsing
1569712902.36,1433,715,None,Move,browsing
1569712902.3820002,1468,714,None,Move,browsing
1569712902.404,1491,711,None,Move,browsing
1569712902.425,1514,707,None,Move,browsing
1569712902.447,1527,707,None,Move,browsing
1569712902.468,1539,707,None,Move,browsing
1569712902.4929998,1547,707,None,Move,browsing
1569712902.516,1551,707,None,Move,browsing
1569712902.5370002,1552,707,None,Move,browsing
1569712902.5579998,1554,708,None,Move,browsing
1569712902.579,1554,709,None,Move,browsing
1569712902.601,1554,710,None,Move,browsing
1569712902.964,1566,713,None,Move,browsing
1569712902.985,1581,719,None,Move,browsing
1569712903.006,1591,723,None,Move,browsing
1569712903.031,1598,724,None,Move,browsing
1569712903.053,1604,725,None,Move,browsing
1569712903.099,1608,725,None,Move,browsing
1569712903.125,1611,725,None,Move,browsing
1569712903.156,1616,725,None,Move,browsing
1569712903.184,1620,723,None,Move,browsing
1569712903.207,1625,723,None,Move,browsing
1569712903.236,1629,723,None,Move,browsing
1569712903.2629998,1633,723,None,Move,browsing
1569712903.288,1635,723,None,Move,browsing
1569712903.313,1639,724,None,Move,browsing
1569712903.337,1641,725,None,Move,browsing
1569712903.359,1642,726,None,Move,browsing
1569712903.3820002,1643,726,None,Move,browsing
1569712903.66,1643,726,Left,Pressed,browsing
1569712903.877,1643,726,Left,Released,browsing
1569712904.438,1638,724,None,Move,browsing
1569712904.467,1618,713,None,Move,browsing
1569712904.494,1590,701,None,Move,browsing
1569712904.52,1554,695,None,Move,browsing
1569712904.543,1502,693,None,Move,browsing
1569712904.565,1437,688,None,Move,browsing
1569712904.5879998,1372,686,None,Move,browsing
1569712904.611,1320,682,None,Move,browsing
1569712904.633,1279,669,None,Move,browsing
1569712904.655,1261,663,None,Move,browsing
1569712904.677,1252,660,None,Move,browsing
1569712904.699,1248,655,None,Move,browsing
1569712904.72,1246,649,None,Move,browsing
1569712904.7429998,1245,645,None,Move,browsing
1569712905.269,1242,638,None,Move,browsing
1569712905.289,1238,629,None,Move,browsing
1569712905.312,1235,625,None,Move,browsing
1569712905.332,1233,622,None,Move,browsing
1569712905.355,1230,620,None,Move,browsing
1569712905.3760002,1228,619,None,Move,browsing
1569712905.397,1227,617,None,Move,browsing
1569712905.418,1225,614,None,Move,browsing
1569712905.439,1224,612,None,Move,browsing
1569712905.46,1223,611,None,Move,browsing
1569712905.481,1223,610,None,Move,browsing
1569712905.5029998,1223,609,None,Move,browsing
1569712905.524,1222,608,None,Move,browsing
1569712905.544,1222,607,None,Move,browsing
1569712905.5670002,1222,606,None,Move,browsing
1569712905.5879998,1222,606,None,Move,browsing
1569712905.61,1221,604,None,Move,browsing
1569712905.631,1220,604,None,Move,browsing
1569712905.698,1220,604,None,Move,browsing
1569712905.803,1219,604,None,Move,browsing
1569712906.1239998,1219,604,Left,Pressed,browsing
1569712906.34,1219,604,Left,Released,browsing
1569712906.704,1230,609,None,Move,browsing
1569712906.725,1245,616,None,Move,browsing
1569712906.746,1260,621,None,Move,browsing
1569712906.7670002,1282,628,None,Move,browsing
1569712906.789,1306,635,None,Move,browsing
1569712906.811,1331,644,None,Move,browsing
1569712906.831,1355,651,None,Move,browsing
1569712906.853,1371,658,None,Move,browsing
1569712906.875,1386,664,None,Move,browsing
1569712906.896,1409,674,None,Move,browsing
1569712906.917,1421,678,None,Move,browsing
1569712906.94,1429,682,None,Move,browsing
1569712906.961,1433,684,None,Move,browsing
1569712906.984,1435,684,None,Move,browsing
1569712907.0089998,1435,685,None,Move,browsing
1569712907.311,1448,685,None,Move,browsing
1569712907.339,1466,685,None,Move,browsing
1569712907.375,1481,685,None,Move,browsing
1569712907.408,1496,687,None,Move,browsing
1569712907.438,1506,688,None,Move,browsing
1569712907.462,1517,691,None,Move,browsing
1569712907.476,1527,693,None,Move,browsing
1569712907.4870002,1536,694,None,Move,browsing
1569712907.498,1546,695,None,Move,browsing
1569712907.5089998,1556,698,None,Move,browsing
1569712907.521,1563,699,None,Move,browsing
1569712907.532,1572,702,None,Move,browsing
1569712907.542,1578,703,None,Move,browsing
1569712907.553,1584,705,None,Move,browsing
1569712907.564,1589,707,None,Move,browsing
1569712907.576,1593,709,None,Move,browsing
1569712907.593,1598,710,None,Move,browsing
1569712907.611,1600,711,None,Move,browsing
1569712907.637,1601,711,None,Move,browsing
1569712907.6620002,1602,711,None,Move,browsing
1569712907.686,1602,711,None,Move,browsing
1569712907.711,1604,711,None,Move,browsing
1569712907.734,1605,712,None,Move,browsing
1569712907.758,1607,713,None,Move,browsing
1569712907.781,1609,715,None,Move,browsing
1569712907.804,1612,718,None,Move,browsing
1569712907.8279998,1614,720,None,Move,browsing
1569712907.853,1615,720,None,Move,browsing
1569712907.881,1616,721,None,Move,browsing
1569712907.905,1617,721,None,Move,browsing
1569712908.296,1617,721,Left,Pressed,browsing
1569712908.512,1617,721,Left,Released,browsing
1569712908.811,1602,719,None,Move,browsing
1569712908.833,1564,707,None,Move,browsing
1569712908.861,1521,684,None,Move,browsing
1569712908.8860002,1482,667,None,Move,browsing
1569712908.91,1458,658,None,Move,browsing
1569712908.9329998,1435,648,None,Move,browsing
1569712908.9629998,1422,640,None,Move,browsing
1569712908.99,1413,632,None,Move,browsing
1569712909.015,1408,625,None,Move,browsing
1569712909.043,1406,622,None,Move,browsing
1569712909.0670002,1405,621,None,Move,browsing
1569712909.462,1390,621,None,Move,browsing
1569712909.4829998,1373,621,None,Move,browsing
1569712909.5070002,1345,623,None,Move,browsing
1569712909.5270002,1318,623,None,Move,browsing
1569712909.532,1286,622,None,Move,browsing
1569712909.5370002,1268,621,None,Move,browsing
1569712909.559,1245,617,None,Move,browsing
1569712909.58,1230,614,None,Move,browsing
1569712909.6020002,1221,610,None,Move,browsing
1569712909.6239998,1215,607,None,Move,browsing
1569712909.645,1211,606,None,Move,browsing
1569712909.668,1210,606,None,Move,browsing
1569712909.688,1209,605,None,Move,browsing
1569712909.7129998,1208,605,None,Move,browsing
1569712910.8279998,1209,604,None,Move,browsing
1569712910.851,1210,604,None,Move,browsing
1569712910.8760002,1211,604,None,Move,browsing
1569712910.897,1212,604,None,Move,browsing
1569712910.918,1213,604,None,Move,browsing
1569712910.938,1213,604,None,Move,browsing
1569712910.9629998,1214,604,None,Move,browsing
1569712910.995,1215,604,None,Move,browsing
1569712911.015,1216,604,None,Move,browsing
1569712911.0370002,1217,604,None,Move,browsing
1569712911.0579998,1217,604,None,Move,browsing
1569712911.08,1218,604,None,Move,browsing
1569712911.103,1218,604,None,Move,browsing
1569712911.492,1218,604,Left,Pressed,browsing
1569712911.708,1218,604,Left,Released,browsing
1569712912.245,1234,602,None,Move,browsing
1569712912.2629998,1256,599,None,Move,browsing
1569712912.283,1287,599,None,Move,browsing
1569712912.303,1310,599,None,Move,browsing
1569712912.323,1329,602,None,Move,browsing
1569712912.343,1350,606,None,Move,browsing
1569712912.365,1363,608,None,Move,browsing
1569712912.3839998,1378,612,None,Move,browsing
1569712912.405,1390,616,None,Move,browsing
1569712912.423,1403,623,None,Move,browsing
1569712912.441,1415,629,None,Move,browsing
1569712912.461,1426,634,None,Move,browsing
1569712912.479,1437,638,None,Move,browsing
1569712912.498,1450,643,None,Move,browsing
1569712912.5170002,1460,650,None,Move,browsing
1569712912.536,1471,657,None,Move,browsing
1569712912.554,1483,662,None,Move,browsing
1569712912.575,1493,668,None,Move,browsing
1569712912.593,1505,673,None,Move,browsing
1569712912.611,1514,678,None,Move,browsing
1569712912.63,1518,681,None,Move,browsing
1569712912.955,1540,684,None,Move,browsing
1569712912.972,1565,688,None,Move,browsing
1569712912.9929998,1589,695,None,Move,browsing
1569712913.012,1603,698,None,Move,browsing
1569712913.031,1615,701,None,Move,browsing
1569712913.052,1626,704,None,Move,browsing
1569712913.073,1635,705,None,Move,browsing
1569712913.096,1642,706,None,Move,browsing
1569712913.123,1646,707,None,Move,browsing
1569712913.147,1649,708,None,Move,browsing
1569712913.178,1653,710,None,Move,browsing
1569712913.199,1657,710,None,Move,browsing
1569712913.219,1658,711,None,Move,browsing
1569712913.2410002,1662,712,None,Move,browsing
1569712913.264,1666,715,None,Move,browsing
1569712913.285,1668,716,None,Move,browsing
1569712913.321,1668,716,None,Move,browsing
1569712913.351,1668,716,None,Move,browsing
1569712913.3760002,1668,716,None,Move,browsing
1569712913.73,1668,716,Left,Pressed,browsing
1569712913.946,1668,716,Left,Released,browsing
1569712914.217,1649,715,None,Move,browsing
1569712914.244,1612,707,None,Move,browsing
1569712914.2729998,1548,690,None,Move,browsing
1569712914.298,1498,676,None,Move,browsing
1569712914.326,1461,666,None,Move,browsing
1569712914.35,1434,659,None,Move,browsing
1569712914.375,1421,652,None,Move,browsing
1569712914.397,1413,648,None,Move,browsing
1569712914.423,1409,645,None,Move,browsing
1569712914.446,1408,644,None,Move,browsing
1569712914.471,1408,642,None,Move,browsing
1569712916.576,1423,643,None,Move,browsing
1569712916.597,1437,646,None,Move,browsing
1569712916.617,1453,650,None,Move,browsing
1569712916.635,1469,657,None,Move,browsing
1569712916.6520002,1482,661,None,Move,browsing
1569712916.6720002,1496,668,None,Move,browsing
1569712916.689,1505,673,None,Move,browsing
1569712916.705,1516,679,None,Move,browsing
1569712916.721,1524,685,None,Move,browsing
1569712916.7370002,1533,692,None,Move,browsing
1569712916.7529998,1541,697,None,Move,browsing
1569712916.77,1549,701,None,Move,browsing
1569712916.786,1556,706,None,Move,browsing
1569712916.802,1565,711,None,Move,browsing
1569712916.82,1572,715,None,Move,browsing
1569712916.837,1580,719,None,Move,browsing
1569712916.853,1588,722,None,Move,browsing
1569712916.871,1596,727,None,Move,browsing
1569712916.887,1600,730,None,Move,browsing
1569712916.9020002,1603,731,None,Move,browsing
1569712916.918,1606,732,None,Move,browsing
1569712916.938,1607,733,None,Move,browsing
1569712916.955,1608,735,None,Move,browsing
1569712916.972,1610,736,None,Move,browsing
1569712916.9910002,1612,737,None,Move,browsing
1569712917.0089998,1615,740,None,Move,browsing
1569712917.026,1620,743,None,Move,browsing
1569712917.043,1626,746,None,Move,browsing
1569712917.062,1630,747,None,Move,browsing
1569712917.079,1634,748,None,Move,browsing
1569712917.096,1637,748,None,Move,browsing
1569712917.113,1641,749,None,Move,browsing
1569712917.1360002,1644,749,None,Move,browsing
1569712917.159,1648,750,None,Move,browsing
1569712917.177,1649,750,None,Move,browsing
1569712917.196,1651,751,None,Move,browsing
1569712917.2129998,1653,751,None,Move,browsing
1569712917.23,1655,751,None,Move,browsing
1569712917.248,1656,751,None,Move,browsing
1569712917.5579998,1656,751,Left,Pressed,browsing
1569712917.7729998,1656,751,Left,Released,browsing
1569713227.474,1644,757,None,Move,browsing
1569713227.4989998,1614,775,None,Move,browsing
1569713227.5229998,1576,807,None,Move,browsing
1569713227.544,1513,867,None,Move,browsing
1569713227.566,1472,913,None,Move,browsing
1569713227.587,1428,974,None,Move,browsing
1569713227.609,1405,1005,None,Move,browsing
1569713227.63,1385,1035,None,Move,browsing
1569713227.65,1375,1054,None,Move,browsing
1569713227.675,1368,1066,None,Move,browsing
1569713227.696,1366,1071,None,Move,browsing
1569713227.717,1365,1072,None,Move,browsing
1569713227.7370002,1365,1072,None,Move,browsing
1569713228.048,1326,1083,None,Move,browsing
1569713228.072,1270,1103,None,Move,browsing
1569713228.093,1205,1101,None,Move,browsing
1569713228.115,1139,1089,None,Move,browsing
1569713228.135,1092,1079,None,Move,browsing
1569713228.161,1072,1067,None,Move,browsing
1569713228.1820002,1059,1053,None,Move,browsing
1569713228.2029998,1052,1044,None,Move,browsing
1569713228.225,1050,1040,None,Move,browsing
1569713228.603,1012,1041,None,Move,browsing
1569713228.6239998,957,1044,None,Move,browsing
1569713228.649,909,1046,None,Move,browsing
1569713228.6720002,880,1050,None,Move,browsing
1569713228.694,865,1051,None,Move,browsing
1569713228.716,858,1051,None,Move,browsing
1569713228.7370002,857,1051,None,Move,browsing
1569713228.758,856,1051,None,Move,browsing
1569713228.778,855,1051,None,Move,browsing
1569713229.1520002,833,1050,None,Move,browsing
1569713229.179,808,1048,None,Move,browsing
1569713229.204,787,1048,None,Move,browsing
1569713229.23,774,1048,None,Move,browsing
1569713229.252,767,1049,None,Move,browsing
1569713229.274,761,1050,None,Move,browsing
1569713229.296,758,1051,None,Move,browsing
1569713229.3170002,757,1052,None,Move,browsing
1569713229.343,755,1055,None,Move,browsing
1569713229.3639998,752,1059,None,Move,browsing
1569713229.385,751,1063,None,Move,browsing
1569713229.406,750,1067,None,Move,browsing
1569713229.429,749,1071,None,Move,browsing
1569713229.451,748,1075,None,Move,browsing
1569713229.474,747,1077,None,Move,browsing
1569713229.4970002,747,1078,None,Move,browsing
1569713229.518,746,1079,None,Move,browsing
1569713229.541,745,1081,None,Move,browsing
1569713229.561,742,1079,None,Move,browsing
1569713229.582,737,1078,None,Move,browsing
1569713229.603,730,1077,None,Move,browsing
1569713229.6239998,719,1074,None,Move,browsing
1569713229.646,711,1071,None,Move,browsing
1569713229.669,707,1070,None,Move,browsing
1569713229.69,703,1069,None,Move,browsing
1569713229.71,697,1068,None,Move,browsing
1569713229.731,693,1068,None,Move,browsing
1569713229.754,692,1068,None,Move,browsing
1569713229.7729998,691,1068,None,Move,browsing
1569713229.7970002,690,1068,None,Move,browsing
1569713229.8179998,690,1067,None,Move,browsing
1569713229.84,690,1066,None,Move,browsing
1569713229.8620002,690,1066,None,Move,browsing
1569713230.27,690,1066,Left,Pressed,browsing
1569713230.484,690,1066,Left,Released,browsing
1569713231.5,709,1035,None,Move,entertainment
1569713231.525,746,981,None,Move,entertainment
1569713231.5570002,814,909,None,Move,entertainment
1569713231.587,890,847,None,Move,entertainment
1569713231.6179998,954,806,None,Move,entertainment
1569713231.651,983,792,None,Move,entertainment
1569713231.68,987,791,None,Move,entertainment
1569713231.706,990,791,None,Move,entertainment
1569713232.054,1001,758,None,Move,entertainment
1569713232.0779998,1019,713,None,Move,entertainment
1569713232.1020002,1029,676,None,Move,entertainment
1569713232.127,1034,656,None,Move,entertainment
1569713232.154,1034,646,None,Move,entertainment
1569713232.19,1029,640,None,Move,entertainment
1569713232.224,1020,636,None,Move,entertainment
1569713232.2489998,1014,635,None,Move,entertainment
1569713232.28,1012,635,None,Move,entertainment
1569713232.3070002,1009,635,None,Move,entertainment
1569713232.643,1009,614,None,Move,entertainment
1569713232.667,1025,563,None,Move,entertainment
1569713232.6920002,1037,529,None,Move,entertainment
1569713232.718,1042,514,None,Move,entertainment
1569713232.7429998,1043,502,None,Move,entertainment
1569713232.77,1043,499,None,Move,entertainment
1569713232.8,1043,498,None,Move,entertainment
1569713232.83,1043,498,None,Move,entertainment
1569713232.86,1042,496,None,Move,entertainment
1569713232.889,1041,494,None,Move,entertainment
1569713232.9220002,1039,490,None,Move,entertainment
1569713232.948,1038,485,None,Move,entertainment
1569713232.9770002,1038,481,None,Move,entertainment
1569713233.008,1038,477,None,Move,entertainment
1569713233.04,1038,474,None,Move,entertainment
1569713233.077,1038,472,None,Move,entertainment
1569713233.105,1038,471,None,Move,entertainment
1569713233.133,1038,468,None,Move,entertainment
1569713233.14,1038,464,None,Move,entertainment
1569713233.176,1038,459,None,Move,entertainment
1569713233.202,1038,458,None,Move,entertainment
1569713233.232,1038,457,None,Move,entertainment
1569713233.6339998,1038,447,None,Move,entertainment
1569713233.658,1038,435,None,Move,entertainment
1569713233.688,1039,430,None,Move,entertainment
1569713233.719,1040,428,None,Move,entertainment
1569713233.748,1040,428,None,Move,entertainment
1569713233.775,1040,428,None,Move,entertainment
1569713233.804,1040,427,None,Move,entertainment
1569713233.829,1040,426,None,Move,entertainment
1569713233.856,1040,425,None,Move,entertainment
1569713233.881,1040,424,None,Move,entertainment
1569713233.9120002,1041,423,None,Move,entertainment
1569713233.936,1041,423,None,Move,entertainment
1569713234.199,1041,423,Left,Pressed,entertainment
1569713234.416,1041,423,Left,Released,entertainment
1569713236.466,1052,426,None,Move,entertainment
1569713236.4870002,1073,432,None,Move,entertainment
1569713236.5129998,1117,441,None,Move,entertainment
1569713236.539,1180,453,None,Move,entertainment
1569713236.564,1247,468,None,Move,entertainment
1569713236.59,1298,482,None,Move,entertainment
1569713236.619,1312,485,None,Move,entertainment
1569713236.643,1327,491,None,Move,entertainment
1569713236.668,1352,504,None,Move,entertainment
1569713236.696,1355,508,None,Move,entertainment
1569713236.721,1356,511,None,Move,entertainment
1569713237.056,1381,510,None,Move,entertainment
1569713237.0779998,1411,510,None,Move,entertainment
1569713237.099,1447,516,None,Move,entertainment
1569713237.121,1473,521,None,Move,entertainment
1569713237.143,1496,526,None,Move,entertainment
1569713237.158,1517,531,None,Move,entertainment
1569713237.171,1529,537,None,Move,entertainment
1569713237.185,1538,541,None,Move,entertainment
1569713237.2,1544,546,None,Move,entertainment
1569713237.215,1548,551,None,Move,entertainment
1569713237.2329998,1553,557,None,Move,entertainment
1569713237.2510002,1558,565,None,Move,entertainment
1569713237.2729998,1561,569,None,Move,entertainment
1569713237.293,1564,575,None,Move,entertainment
1569713239.155,1551,576,None,Move,entertainment
1569713239.177,1538,576,None,Move,entertainment
1569713239.196,1526,577,None,Move,entertainment
1569713239.216,1514,577,None,Move,entertainment
1569713239.235,1506,577,None,Move,entertainment
1569713239.255,1500,577,None,Move,entertainment
1569713239.274,1492,577,None,Move,entertainment
1569713239.293,1488,577,None,Move,entertainment
1569713239.311,1486,577,None,Move,entertainment
1569713239.33,1484,576,None,Move,entertainment
1569713239.35,1481,575,None,Move,entertainment
1569713239.371,1479,573,None,Move,entertainment
1569713239.39,1478,572,None,Move,entertainment
1569713239.409,1477,571,None,Move,entertainment
1569713239.43,1477,570,None,Move,entertainment
1569713239.447,1477,570,None,Move,entertainment
1569713239.466,1476,570,None,Move,entertainment
1569713239.73,1476,570,Left,Pressed,entertainment
1569713239.946,1476,570,Left,Released,entertainment
1569713242.343,1493,562,None,Move,entertainment
1569713242.357,1514,554,None,Move,entertainment
1569713242.371,1539,545,None,Move,entertainment
1569713242.385,1562,540,None,Move,entertainment
1569713242.399,1592,533,None,Move,entertainment
1569713242.413,1626,525,None,Move,entertainment
1569713242.429,1660,512,None,Move,entertainment
1569713242.444,1685,503,None,Move,entertainment
1569713242.457,1700,496,None,Move,entertainment
1569713242.47,1712,492,None,Move,entertainment
1569713242.484,1726,487,None,Move,entertainment
1569713242.498,1736,484,None,Move,entertainment
1569713242.512,1741,481,None,Move,entertainment
1569713242.525,1744,480,None,Move,entertainment
1569713242.534,1747,479,None,Move,entertainment
1569713242.545,1748,478,None,Move,entertainment
1569713242.556,1749,478,None,Move,entertainment
1569713242.57,1749,477,None,Move,entertainment
1569713242.927,1759,464,None,Move,entertainment
1569713242.949,1772,447,None,Move,entertainment
1569713242.97,1784,430,None,Move,entertainment
1569713242.9910002,1791,416,None,Move,entertainment
1569713243.0110002,1795,406,None,Move,entertainment
1569713243.03,1797,397,None,Move,entertainment
1569713243.0470002,1798,393,None,Move,entertainment
1569713243.065,1799,390,None,Move,entertainment
1569713243.084,1799,387,None,Move,entertainment
1569713243.103,1800,385,None,Move,entertainment
1569713243.121,1800,383,None,Move,entertainment
1569713243.14,1801,378,None,Move,entertainment
1569713243.166,1802,372,None,Move,entertainment
1569713243.1920002,1803,368,None,Move,entertainment
1569713243.219,1804,366,None,Move,entertainment
1569713243.245,1805,362,None,Move,entertainment
1569713243.265,1806,360,None,Move,entertainment
1569713243.283,1807,357,None,Move,entertainment
1569713243.301,1807,356,None,Move,entertainment
1569713243.32,1807,355,None,Move,entertainment
1569713243.675,1809,349,None,Move,entertainment
1569713243.696,1812,339,None,Move,entertainment
1569713243.718,1815,330,None,Move,entertainment
1569713243.7410002,1816,324,None,Move,entertainment
1569713243.765,1817,319,None,Move,entertainment
1569713243.786,1818,316,None,Move,entertainment
1569713243.811,1818,314,None,Move,entertainment
1569713243.833,1818,313,None,Move,entertainment
1569713243.856,1818,311,None,Move,entertainment
1569713243.8779998,1818,310,None,Move,entertainment
1569713243.899,1818,309,None,Move,entertainment
1569713243.921,1819,308,None,Move,entertainment
1569713243.946,1819,307,None,Move,entertainment
1569713243.97,1819,306,None,Move,entertainment
1569713243.998,1819,306,None,Move,entertainment
1569713244.454,1819,305,None,Move,entertainment
1569713244.725,1819,305,Left,Pressed,entertainment
1569713244.941,1819,305,Left,Released,entertainment
1569713247.295,1803,310,None,Move,entertainment
1569713247.313,1771,324,None,Move,entertainment
1569713247.334,1744,341,None,Move,entertainment
1569713247.353,1713,366,None,Move,entertainment
1569713247.3639998,1678,395,None,Move,entertainment
1569713247.3760002,1655,418,None,Move,entertainment
1569713247.39,1636,437,None,Move,entertainment
1569713247.404,1611,469,None,Move,entertainment
1569713247.417,1594,487,None,Move,entertainment
1569713247.427,1581,505,None,Move,entertainment
1569713247.437,1571,519,None,Move,entertainment
1569713247.446,1561,531,None,Move,entertainment
1569713247.456,1555,539,None,Move,entertainment
1569713247.467,1547,548,None,Move,entertainment
1569713247.481,1540,556,None,Move,entertainment
1569713247.494,1536,563,None,Move,entertainment
1569713247.505,1533,568,None,Move,entertainment
1569713247.515,1530,574,None,Move,entertainment
1569713247.528,1529,576,None,Move,entertainment
1569713247.539,1529,578,None,Move,entertainment
1569713247.549,1529,579,None,Move,entertainment
1569713247.561,1529,580,None,Move,entertainment
1569713247.573,1529,581,None,Move,entertainment
1569713247.585,1529,581,None,Move,entertainment
1569713247.596,1530,581,None,Move,entertainment
1569713247.6079998,1531,581,None,Move,entertainment
1569713248.81,1506,580,None,Move,entertainment
1569713248.831,1444,578,None,Move,entertainment
1569713248.856,1363,578,None,Move,entertainment
1569713248.879,1281,581,None,Move,entertainment
1569713248.901,1220,583,None,Move,entertainment
1569713248.925,1182,585,None,Move,entertainment
1569713248.947,1168,585,None,Move,entertainment
1569713248.97,1158,582,None,Move,entertainment
1569713248.9970002,1152,578,None,Move,entertainment
1569713249.028,1152,571,None,Move,entertainment
1569713249.059,1155,566,None,Move,entertainment
1569713249.091,1159,563,None,Move,entertainment
1569713249.464,1153,558,None,Move,entertainment
1569713249.496,1144,551,None,Move,entertainment
1569713249.522,1138,547,None,Move,entertainment
1569713249.546,1136,545,None,Move,entertainment
1569713249.574,1135,542,None,Move,entertainment
1569713249.597,1133,540,None,Move,entertainment
1569713249.6220002,1132,537,None,Move,entertainment
1569713249.646,1131,535,None,Move,entertainment
1569713249.6720002,1130,533,None,Move,entertainment
1569713249.6929998,1130,528,None,Move,entertainment
1569713249.715,1129,524,None,Move,entertainment
1569713249.7410002,1128,522,None,Move,entertainment
1569713249.764,1128,521,None,Move,entertainment
1569713249.785,1126,520,None,Move,entertainment
1569713249.806,1126,520,None,Move,entertainment
1569713249.8279998,1125,518,None,Move,entertainment
1569713249.8520002,1125,517,None,Move,entertainment
1569713249.88,1125,515,None,Move,entertainment
1569713249.903,1125,513,None,Move,entertainment
1569713249.927,1125,513,None,Move,entertainment
1569713250.3070002,1125,513,Left,Pressed,entertainment
1569713250.521,1125,513,Left,Released,entertainment
1569713251.67,1146,513,None,Move,entertainment
1569713251.684,1197,511,None,Move,entertainment
1569713251.698,1245,511,None,Move,entertainment
1569713251.711,1300,512,None,Move,entertainment
1569713251.729,1362,519,None,Move,entertainment
1569713251.744,1430,542,None,Move,entertainment
1569713251.7610002,1489,563,None,Move,entertainment
1569713251.779,1535,583,None,Move,entertainment
1569713251.7970002,1562,601,None,Move,entertainment
1569713251.813,1581,610,None,Move,entertainment
1569713251.8279998,1592,619,None,Move,entertainment
1569713251.846,1597,627,None,Move,entertainment
1569713251.861,1601,630,None,Move,entertainment
1569713294.545,1602,624,None,Move,entertainment
1569713294.559,1604,614,None,Move,entertainment
1569713294.572,1605,605,None,Move,entertainment
1569713294.586,1607,595,None,Move,entertainment
1569713294.601,1610,587,None,Move,entertainment
1569713294.615,1611,580,None,Move,entertainment
1569713294.629,1612,576,None,Move,entertainment
1569713294.644,1612,574,None,Move,entertainment
1569713294.658,1612,573,None,Move,entertainment
1569713294.669,1612,571,None,Move,entertainment
1569713294.681,1612,570,None,Move,entertainment
1569713294.696,1612,569,None,Move,entertainment
1569713340.885,1602,577,None,Move,entertainment
1569713340.904,1583,593,None,Move,entertainment
1569713340.919,1552,615,None,Move,entertainment
1569713340.934,1508,648,None,Move,entertainment
1569713340.9529998,1447,691,None,Move,entertainment
1569713340.969,1383,737,None,Move,entertainment
1569713340.985,1332,771,None,Move,entertainment
1569713341.0,1293,791,None,Move,entertainment
1569713341.014,1260,805,None,Move,entertainment
1569713341.024,1233,822,None,Move,entertainment
1569713341.034,1214,834,None,Move,entertainment
1569713341.045,1200,840,None,Move,entertainment
1569713341.0579998,1191,844,None,Move,entertainment
1569713341.07,1183,846,None,Move,entertainment
1569713341.084,1176,847,None,Move,entertainment
1569713341.097,1170,847,None,Move,entertainment
1569713341.11,1166,847,None,Move,entertainment
1569713341.1239998,1163,847,None,Move,entertainment
1569713341.135,1160,846,None,Move,entertainment
1569713341.149,1156,840,None,Move,entertainment
1569713341.161,1153,833,None,Move,entertainment
1569713341.171,1151,822,None,Move,entertainment
1569713341.1829998,1151,815,None,Move,entertainment
1569713341.196,1152,805,None,Move,entertainment
1569713341.208,1153,798,None,Move,entertainment
1569713341.221,1154,790,None,Move,entertainment
1569713341.236,1154,784,None,Move,entertainment
1569713341.252,1154,781,None,Move,entertainment
1569713341.271,1154,779,None,Move,entertainment
1569713341.293,1154,778,None,Move,entertainment
1569713341.3170002,1154,777,None,Move,entertainment
1569713341.3379998,1154,777,None,Move,entertainment
1569713341.3620002,1154,777,None,Move,entertainment
1569713341.3839998,1152,776,None,Move,entertainment
1569713341.405,1143,779,None,Move,entertainment
1569713341.423,1132,790,None,Move,entertainment
1569713341.4429998,1117,817,None,Move,entertainment
1569713341.464,1106,842,None,Move,entertainment
1569713341.484,1101,860,None,Move,entertainment
1569713341.502,1098,872,None,Move,entertainment
1569713341.529,1098,882,None,Move,entertainment
1569713341.555,1098,890,None,Move,entertainment
1569713341.584,1099,897,None,Move,entertainment
1569713341.609,1101,900,None,Move,entertainment
1569713341.637,1105,902,None,Move,entertainment
1569713341.66,1106,903,None,Move,entertainment
1569713342.2329998,1106,903,Left,Pressed,entertainment
1569713342.449,1106,903,Left,Released,browsing
1569713342.871,1129,882,None,Move,browsing
1569713342.89,1165,849,None,Move,browsing
1569713342.909,1219,812,None,Move,browsing
1569713342.931,1279,776,None,Move,browsing
1569713342.951,1315,759,None,Move,browsing
1569713342.969,1346,747,None,Move,browsing
1569713342.988,1369,742,None,Move,browsing
1569713343.008,1383,742,None,Move,browsing
1569713343.0270002,1391,747,None,Move,browsing
1569713343.045,1394,753,None,Move,browsing
1569713343.373,1423,736,None,Move,browsing
1569713343.397,1456,722,None,Move,browsing
1569713343.418,1485,718,None,Move,browsing
1569713343.439,1512,718,None,Move,browsing
1569713343.46,1525,721,None,Move,browsing
1569713343.481,1534,723,None,Move,browsing
1569713343.502,1540,725,None,Move,browsing
1569713343.5229998,1543,727,None,Move,browsing
1569713343.543,1545,727,None,Move,browsing
1569713343.566,1545,727,None,Move,browsing
1569713343.587,1545,727,None,Move,browsing
1569713343.6079998,1546,727,None,Move,browsing
1569713343.63,1547,727,None,Move,browsing
1569713343.651,1549,726,None,Move,browsing
1569713343.67,1550,726,None,Move,browsing
1569713343.691,1553,724,None,Move,browsing
1569713343.711,1555,722,None,Move,browsing
1569713343.732,1557,722,None,Move,browsing
1569713343.7529998,1559,720,None,Move,browsing
1569713343.776,1561,718,None,Move,browsing
1569713343.7970002,1564,716,None,Move,browsing
1569713343.821,1568,712,None,Move,browsing
1569713343.844,1571,709,None,Move,browsing
1569713343.867,1573,707,None,Move,browsing
1569713343.8879998,1576,706,None,Move,browsing
1569713343.911,1578,705,None,Move,browsing
1569713343.935,1578,704,None,Move,browsing
1569713343.962,1579,704,None,Move,browsing
1569713343.985,1581,704,None,Move,browsing
1569713344.006,1583,705,None,Move,browsing
1569713344.031,1587,707,None,Move,browsing
1569713344.052,1596,709,None,Move,browsing
1569713344.073,1605,714,None,Move,browsing
1569713344.094,1614,716,None,Move,browsing
1569713344.1160002,1621,716,None,Move,browsing
1569713344.1379998,1624,716,None,Move,browsing
1569713344.17,1627,715,None,Move,browsing
1569713348.104,1627,715,Left,Pressed,browsing
1569713348.319,1627,715,Left,Released,browsing
1569713350.215,1628,719,None,Move,browsing
1569713350.2329998,1629,722,None,Move,browsing
1569713350.2529998,1630,726,None,Move,browsing
1569713350.274,1631,730,None,Move,browsing
1569713350.294,1632,733,None,Move,browsing
1569713350.313,1634,735,None,Move,browsing
1569713350.334,1636,737,None,Move,browsing
1569713350.354,1639,739,None,Move,browsing
1569713350.3739998,1641,741,None,Move,browsing
1569713350.399,1643,742,None,Move,browsing
1569713350.42,1645,742,None,Move,browsing
1569713350.441,1646,742,None,Move,browsing
1569713350.461,1648,742,None,Move,browsing
1569713350.4829998,1649,742,None,Move,browsing
1569713350.506,1650,743,None,Move,browsing
1569713350.5270002,1651,743,None,Move,browsing
1569713350.5470002,1652,743,None,Move,browsing
1569713350.569,1653,743,None,Move,browsing
1569713350.59,1653,743,None,Move,browsing
1569713350.613,1654,743,None,Move,browsing
1569713350.6339998,1654,743,None,Move,browsing
1569713350.653,1655,743,None,Move,browsing
1569713350.6720002,1656,743,None,Move,browsing
1569713350.701,1657,743,None,Move,browsing
1569713464.842,1665,740,None,Move,browsing
1569713464.871,1680,735,None,Move,browsing
1569713464.887,1701,725,None,Move,browsing
1569713464.905,1722,720,None,Move,browsing
1569713464.9220002,1737,717,None,Move,browsing
1569713464.941,1746,714,None,Move,browsing
1569713464.957,1751,714,None,Move,browsing
1569713464.971,1753,715,None,Move,browsing
1569713464.9870002,1756,716,None,Move,browsing
1569713465.0029998,1757,717,None,Move,browsing
1569713465.019,1759,724,None,Move,browsing
1569713465.0370002,1757,738,None,Move,browsing
1569713465.053,1753,752,None,Move,browsing
1569713465.07,1749,767,None,Move,browsing
1569713465.089,1745,783,None,Move,browsing
1569713465.103,1743,797,None,Move,browsing
1569713465.119,1741,805,None,Move,browsing
1569713465.1339998,1740,812,None,Move,browsing
1569713465.1520002,1740,817,None,Move,browsing
1569713465.17,1740,821,None,Move,browsing
1569713465.186,1740,823,None,Move,browsing
1569713465.204,1740,825,None,Move,browsing
1569713465.222,1740,826,None,Move,browsing
1569713465.2410002,1739,826,None,Move,browsing
1569713465.2629998,1738,826,None,Move,browsing
1569713465.283,1736,813,None,Move,browsing
1569713465.302,1736,801,None,Move,browsing
1569713465.32,1736,793,None,Move,browsing
1569713465.341,1736,784,None,Move,browsing
1569713465.36,1735,774,None,Move,browsing
1569713465.379,1731,763,None,Move,browsing
1569713465.3979998,1729,756,None,Move,browsing
1569713465.417,1726,752,None,Move,browsing
1569713465.437,1723,748,None,Move,browsing
1569713465.459,1721,745,None,Move,browsing
1569713465.481,1717,743,None,Move,browsing
1569713465.502,1712,739,None,Move,browsing
1569713465.5229998,1709,739,None,Move,browsing
1569713465.542,1706,739,None,Move,browsing
1569713465.564,1705,739,None,Move,browsing
1569713465.584,1704,739,None,Move,browsing
1569713465.604,1704,740,None,Move,browsing
1569713466.342,1702,740,None,Move,browsing
1569713466.361,1697,742,None,Move,browsing
1569713466.381,1693,743,None,Move,browsing
1569713466.401,1690,744,None,Move,browsing
1569713466.421,1688,745,None,Move,browsing
1569713466.441,1686,746,None,Move,browsing
1569713466.4629998,1685,746,None,Move,browsing
1569713466.482,1684,746,None,Move,browsing
1569713466.5029998,1684,746,None,Move,browsing
1569713466.525,1683,746,None,Move,browsing
1569713466.545,1683,746,None,Move,browsing
1569713466.8170002,1683,746,Left,Pressed,browsing
1569713467.032,1683,746,Left,Released,browsing
1569713468.31,1657,730,None,Move,browsing
1569713468.333,1583,680,None,Move,browsing
1569713468.355,1506,629,None,Move,browsing
1569713468.377,1432,585,None,Move,browsing
1569713468.3979998,1382,551,None,Move,browsing
1569713468.419,1341,526,None,Move,browsing
1569713468.439,1328,515,None,Move,browsing
1569713468.46,1320,505,None,Move,browsing
1569713468.482,1316,501,None,Move,browsing
1569713468.5010002,1315,499,None,Move,browsing
1569713468.521,1314,497,None,Move,browsing
1569713468.54,1314,496,None,Move,browsing
1569713468.904,1291,490,None,Move,browsing
1569713468.923,1248,470,None,Move,browsing
1569713468.946,1205,445,None,Move,browsing
1569713468.968,1164,420,None,Move,browsing
1569713468.99,1143,404,None,Move,browsing
1569713469.01,1130,396,None,Move,browsing
1569713469.033,1124,392,None,Move,browsing
1569713469.055,1120,390,None,Move,browsing
1569713469.081,1118,387,None,Move,browsing
1569713469.105,1118,386,None,Move,browsing
1569713469.125,1118,385,None,Move,browsing
1569713469.147,1117,384,None,Move,browsing
1569713469.173,1112,380,None,Move,browsing
1569713469.195,1104,373,None,Move,browsing
1569713469.22,1100,371,None,Move,browsing
1569713469.242,1096,368,None,Move,browsing
1569713469.264,1092,366,None,Move,browsing
1569713469.286,1087,363,None,Move,browsing
1569713469.3070002,1085,361,None,Move,browsing
1569713469.326,1083,359,None,Move,browsing
1569713469.349,1082,358,None,Move,browsing
1569713469.37,1081,357,None,Move,browsing
1569713469.391,1080,356,None,Move,browsing
1569713470.67,1094,356,None,Move,browsing
1569713470.694,1113,358,None,Move,browsing
1569713470.717,1132,361,None,Move,browsing
1569713470.7370002,1151,364,None,Move,browsing
1569713470.7570002,1166,368,None,Move,browsing
1569713470.778,1180,371,None,Move,browsing
1569713470.798,1194,375,None,Move,browsing
1569713470.8179998,1208,379,None,Move,browsing
1569713470.8379998,1217,383,None,Move,browsing
1569713470.857,1226,388,None,Move,browsing
1569713470.8760002,1233,394,None,Move,browsing
1569713470.894,1240,401,None,Move,browsing
1569713470.9120002,1245,407,None,Move,browsing
1569713470.931,1250,416,None,Move,browsing
1569713470.949,1254,425,None,Move,browsing
1569713470.968,1258,434,None,Move,browsing
1569713470.9870002,1262,442,None,Move,browsing
1569713471.005,1265,451,None,Move,browsing
1569713471.026,1267,455,None,Move,browsing
1569713471.044,1267,459,None,Move,browsing
1569713471.063,1267,462,None,Move,browsing
1569713471.082,1267,465,None,Move,browsing
1569713474.4989998,1225,460,None,Move,browsing
1569713474.5110002,1152,450,None,Move,browsing
1569713474.522,1066,437,None,Move,browsing
1569713474.534,979,421,None,Move,browsing
1569713474.546,890,408,None,Move,browsing
1569713474.559,800,397,None,Move,browsing
1569713474.572,721,389,None,Move,browsing
1569713474.587,653,387,None,Move,browsing
1569713474.5979998,602,387,None,Move,browsing
1569713474.609,555,387,None,Move,browsing
1569713474.62,531,387,None,Move,browsing
1569713474.633,504,387,None,Move,browsing
1569713474.643,489,387,None,Move,browsing
1569713474.653,480,387,None,Move,browsing
1569713474.664,473,387,None,Move,browsing
1569713474.676,470,386,None,Move,browsing
1569713474.686,469,385,None,Move,browsing
1569713474.697,468,383,None,Move,browsing
1569713474.708,467,383,None,Move,browsing
1569713475.092,467,380,None,Move,browsing
1569713475.113,467,377,None,Move,browsing
1569713475.1339998,469,375,None,Move,browsing
1569713475.163,472,371,None,Move,browsing
1569713475.185,475,370,None,Move,browsing
1569713475.207,477,369,None,Move,browsing
1569713475.229,481,368,None,Move,browsing
1569713475.2510002,486,366,None,Move,browsing
1569713475.272,489,366,None,Move,browsing
1569713475.294,492,365,None,Move,browsing
1569713475.314,495,364,None,Move,browsing
1569713475.333,497,364,None,Move,browsing
1569713475.351,497,364,None,Move,browsing
1569713475.647,497,364,Left,Pressed,browsing
1569713475.863,497,364,Left,Released,browsing
1569713476.25,491,364,None,Move,browsing
1569713476.268,478,364,None,Move,browsing
1569713476.289,463,364,None,Move,browsing
1569713476.3079998,448,364,None,Move,browsing
1569713476.329,434,362,None,Move,browsing
1569713476.3479998,427,360,None,Move,browsing
1569713476.367,418,358,None,Move,browsing
1569713476.387,407,357,None,Move,browsing
1569713476.407,400,356,None,Move,browsing
1569713476.425,396,355,None,Move,browsing
1569713476.444,394,354,None,Move,browsing
1569713476.466,393,354,None,Move,browsing
1569713476.485,392,354,None,Move,browsing
1569713476.506,392,354,None,Move,browsing
1569713476.5270002,391,354,None,Move,browsing
1569713476.548,391,354,None,Move,browsing
1569713476.57,394,354,None,Move,browsing
1569713476.591,404,356,None,Move,browsing
1569713476.613,413,358,None,Move,browsing
1569713476.6339998,422,361,None,Move,browsing
1569713476.66,430,365,None,Move,browsing
1569713476.681,436,369,None,Move,browsing
1569713476.702,439,370,None,Move,browsing
1569713476.725,442,372,None,Move,browsing
1569713476.746,446,372,None,Move,browsing
1569713476.765,451,372,None,Move,browsing
1569713476.775,461,368,None,Move,browsing
1569713476.785,470,365,None,Move,browsing
1569713476.7970002,482,359,None,Move,browsing
1569713476.816,497,354,None,Move,browsing
1569713476.839,516,349,None,Move,browsing
1569713476.8579998,535,346,None,Move,browsing
1569713476.879,549,344,None,Move,browsing
1569713476.9,559,343,None,Move,browsing
1569713476.92,565,343,None,Move,browsing
1569713476.9420002,566,343,None,Move,browsing
1569713476.965,567,343,None,Move,browsing
1569713477.2970002,550,342,None,Move,browsing
1569713477.3179998,526,342,None,Move,browsing
1569713477.346,504,342,None,Move,browsing
1569713477.371,489,342,None,Move,browsing
1569713477.394,477,342,None,Move,browsing
1569713477.416,469,342,None,Move,browsing
1569713477.439,463,342,None,Move,browsing
1569713477.4629998,456,341,None,Move,browsing
1569713477.4870002,451,339,None,Move,browsing
1569713477.508,444,339,None,Move,browsing
1569713477.535,440,339,None,Move,browsing
1569713477.5570002,433,338,None,Move,browsing
1569713477.58,430,338,None,Move,browsing
1569713477.6020002,426,338,None,Move,browsing
1569713477.6239998,420,338,None,Move,browsing
1569713477.646,412,338,None,Move,browsing
1569713477.667,403,338,None,Move,browsing
1569713477.689,395,338,None,Move,browsing
1569713477.71,387,338,None,Move,browsing
1569713477.731,379,338,None,Move,browsing
1569713477.752,375,338,None,Move,browsing
1569713477.774,371,338,None,Move,browsing
1569713477.794,366,338,None,Move,browsing
1569713477.815,362,338,None,Move,browsing
1569713477.8379998,360,338,None,Move,browsing
1569713477.859,360,337,None,Move,browsing
1569713477.88,360,336,None,Move,browsing
1569713477.901,360,336,None,Move,browsing
1569713478.282,360,336,Left,Pressed,browsing
1569713478.4970002,360,336,Left,Released,browsing
1569713478.893,368,337,None,Move,browsing
1569713478.9120002,381,338,None,Move,browsing
1569713478.936,400,338,None,Move,browsing
1569713478.958,420,338,None,Move,browsing
1569713478.98,452,337,None,Move,browsing
1569713479.002,476,337,None,Move,browsing
1569713479.025,507,337,None,Move,browsing
1569713479.0470002,531,337,None,Move,browsing
1569713479.0679998,552,339,None,Move,browsing
1569713479.091,564,341,None,Move,browsing
1569713479.1120002,572,344,None,Move,browsing
1569713479.133,579,345,None,Move,browsing
1569713479.159,582,346,None,Move,browsing
1569713479.18,585,347,None,Move,browsing
1569713479.201,586,349,None,Move,browsing
1569713479.221,588,353,None,Move,browsing
1569713479.242,591,356,None,Move,browsing
1569713479.264,593,358,None,Move,browsing
1569713479.6479998,602,358,None,Move,browsing
1569713479.671,611,358,None,Move,browsing
1569713479.6929998,621,358,None,Move,browsing
1569713479.719,628,358,None,Move,browsing
1569713479.742,633,358,None,Move,browsing
1569713479.764,640,358,None,Move,browsing
1569713479.789,643,358,None,Move,browsing
1569713479.81,645,358,None,Move,browsing
1569713479.833,646,358,None,Move,browsing
1569713479.854,646,358,None,Move,browsing
1569713479.8760002,646,358,None,Move,browsing
1569713479.896,647,358,None,Move,browsing
1569713479.916,648,358,None,Move,browsing
1569713479.938,649,358,None,Move,browsing
1569713480.1479998,649,358,Left,Pressed,browsing
1569713480.363,649,358,Left,Released,browsing
1569713480.823,664,356,None,Move,browsing
1569713480.841,699,354,None,Move,browsing
1569713480.86,734,352,None,Move,browsing
1569713480.879,766,350,None,Move,browsing
1569713480.904,788,349,None,Move,browsing
1569713480.924,816,349,None,Move,browsing
1569713480.946,829,349,None,Move,browsing
1569713480.965,842,350,None,Move,browsing
1569713480.9870002,852,351,None,Move,browsing
1569713481.006,856,354,None,Move,browsing
1569713481.0229998,859,356,None,Move,browsing
1569713481.043,861,356,None,Move,browsing
1569713481.064,862,358,None,Move,browsing
1569713481.087,863,359,None,Move,browsing
1569713481.475,863,359,Left,Pressed,browsing
1569713481.69,863,359,Left,Released,browsing
1569713483.5670002,870,359,None,Move,browsing
1569713483.586,881,359,None,Move,browsing
1569713483.607,889,359,None,Move,browsing
1569713483.6260002,898,359,None,Move,browsing
1569713483.647,907,360,None,Move,browsing
1569713483.667,917,361,None,Move,browsing
1569713483.687,924,363,None,Move,browsing
1569713483.704,931,364,None,Move,browsing
1569713483.724,940,367,None,Move,browsing
1569713483.7410002,949,370,None,Move,browsing
1569713483.76,958,374,None,Move,browsing
1569713483.778,967,378,None,Move,browsing
1569713483.7970002,977,383,None,Move,browsing
1569713483.816,984,390,None,Move,browsing
1569713483.8379998,990,395,None,Move,browsing
1569713483.856,996,400,None,Move,browsing
1569713483.8739998,1002,405,None,Move,browsing
1569713483.8920002,1007,410,None,Move,browsing
1569713483.91,1009,412,None,Move,browsing
1569713483.9320002,1011,414,None,Move,browsing
1569713483.951,1012,414,None,Move,browsing
1569713484.34,1024,408,None,Move,browsing
1569713484.36,1040,397,None,Move,browsing
1569713484.383,1049,391,None,Move,browsing
1569713484.404,1058,386,None,Move,browsing
1569713484.425,1062,384,None,Move,browsing
1569713484.446,1064,382,None,Move,browsing
1569713484.469,1065,381,None,Move,browsing
1569713484.492,1066,381,None,Move,browsing
1569713484.514,1067,380,None,Move,browsing
1569713484.536,1067,379,None,Move,browsing
1569713484.559,1068,378,None,Move,browsing
1569713484.581,1068,377,None,Move,browsing
1569713484.603,1068,375,None,Move,browsing
1569713484.938,1068,375,Left,Pressed,browsing
1569713485.154,1068,375,Left,Released,browsing
1569713485.867,1085,372,None,Move,browsing
1569713485.8860002,1113,362,None,Move,browsing
1569713485.907,1140,355,None,Move,browsing
1569713485.925,1162,352,None,Move,browsing
1569713485.951,1177,351,None,Move,browsing
1569713485.972,1191,350,None,Move,browsing
1569713485.995,1202,350,None,Move,browsing
1569713486.015,1209,352,None,Move,browsing
1569713486.0370002,1214,353,None,Move,browsing
1569713486.055,1215,353,None,Move,browsing
1569713486.074,1217,354,None,Move,browsing
1569713486.093,1218,357,None,Move,browsing
1569713486.1120002,1219,358,None,Move,browsing
1569713487.434,1227,359,None,Move,browsing
1569713487.445,1238,361,None,Move,browsing
1569713487.456,1248,361,None,Move,browsing
1569713487.467,1255,362,None,Move,browsing
1569713487.48,1264,363,None,Move,browsing
1569713487.49,1269,363,None,Move,browsing
1569713487.502,1274,365,None,Move,browsing
1569713487.5129998,1281,365,None,Move,browsing
1569713487.524,1286,365,None,Move,browsing
1569713487.535,1291,366,None,Move,browsing
1569713487.548,1295,366,None,Move,browsing
1569713487.561,1299,368,None,Move,browsing
1569713487.572,1301,368,None,Move,browsing
1569713487.583,1303,368,None,Move,browsing
1569713487.593,1304,368,None,Move,browsing
1569713487.604,1305,368,None,Move,browsing
1569713487.615,1305,368,None,Move,browsing
1569713487.625,1306,368,None,Move,browsing
1569713487.6360002,1306,368,None,Move,browsing
1569713487.647,1308,368,None,Move,browsing
1569713487.658,1309,368,None,Move,browsing
1569713487.673,1309,368,None,Move,browsing
1569713488.0779998,1309,368,Left,Pressed,browsing
1569713488.295,1309,368,Left,Released,browsing
1569713490.5110002,1321,368,None,Move,browsing
1569713490.528,1334,368,None,Move,browsing
1569713490.545,1348,368,None,Move,browsing
1569713490.565,1357,368,None,Move,browsing
1569713490.585,1367,368,None,Move,browsing
1569713490.603,1376,368,None,Move,browsing
1569713490.621,1382,368,None,Move,browsing
1569713490.6379998,1387,367,None,Move,browsing
1569713490.654,1392,367,None,Move,browsing
1569713490.671,1396,366,None,Move,browsing
1569713490.687,1400,365,None,Move,browsing
1569713490.704,1404,364,None,Move,browsing
1569713490.722,1406,364,None,Move,browsing
1569713490.738,1409,363,None,Move,browsing
1569713490.754,1411,362,None,Move,browsing
1569713490.77,1415,361,None,Move,browsing
1569713490.7870002,1418,360,None,Move,browsing
1569713490.803,1420,359,None,Move,browsing
1569713490.819,1423,358,None,Move,browsing
1569713490.836,1425,357,None,Move,browsing
1569713490.853,1426,356,None,Move,browsing
1569713490.87,1426,356,None,Move,browsing
1569713490.8860002,1427,356,None,Move,browsing
1569713490.9020002,1427,355,None,Move,browsing
1569713490.919,1428,355,None,Move,browsing
1569713508.91,1423,357,None,Move,browsing
1569713508.927,1414,364,None,Move,browsing
1569713508.94,1405,372,None,Move,browsing
1569713508.956,1397,381,None,Move,browsing
1569713508.97,1388,389,None,Move,browsing
1569713508.985,1380,398,None,Move,browsing
1569713509.0,1372,410,None,Move,browsing
1569713509.015,1365,419,None,Move,browsing
1569713509.029,1357,431,None,Move,browsing
1569713509.043,1350,444,None,Move,browsing
1569713509.056,1346,451,None,Move,browsing
1569713509.07,1342,458,None,Move,browsing
1569713509.087,1337,467,None,Move,browsing
1569713509.104,1335,476,None,Move,browsing
1569713509.119,1334,480,None,Move,browsing
1569713509.1320002,1331,486,None,Move,browsing
1569713509.147,1331,491,None,Move,browsing
1569713509.1620002,1331,494,None,Move,browsing
1569713509.175,1331,496,None,Move,browsing
1569713509.189,1331,497,None,Move,browsing
1569713509.2029998,1331,498,None,Move,browsing
1569713509.217,1331,498,None,Move,browsing
1569713509.231,1331,499,None,Move,browsing
1569713509.245,1333,501,None,Move,browsing
1569713509.258,1335,502,None,Move,browsing
1569713509.272,1338,503,None,Move,browsing
1569713509.285,1340,503,None,Move,browsing
1569713509.2970002,1344,503,None,Move,browsing
1569713509.312,1347,503,None,Move,browsing
1569713509.326,1350,503,None,Move,browsing
1569713509.339,1352,502,None,Move,browsing
1569713509.353,1353,501,None,Move,browsing
1569713510.284,1360,488,None,Move,browsing
1569713510.3070002,1368,472,None,Move,browsing
1569713510.326,1376,452,None,Move,browsing
1569713510.344,1383,428,None,Move,browsing
1569713510.3620002,1388,412,None,Move,browsing
1569713510.38,1397,398,None,Move,browsing
1569713510.403,1403,384,None,Move,browsing
1569713510.429,1407,372,None,Move,browsing
1569713510.45,1408,365,None,Move,browsing
1569713510.47,1409,363,None,Move,browsing
1569713510.492,1410,361,None,Move,browsing
1569713510.512,1410,360,None,Move,browsing
1569713510.532,1410,359,None,Move,browsing
1569713510.551,1410,358,None,Move,browsing
1569713510.573,1410,357,None,Move,browsing
1569713511.105,1410,357,Left,Pressed,browsing
1569713511.32,1410,357,Left,Released,browsing
1569713513.335,1406,362,None,Move,browsing
1569713513.354,1401,369,None,Move,browsing
1569713513.375,1393,376,None,Move,browsing
1569713513.3979998,1386,384,None,Move,browsing
1569713513.4220002,1380,392,None,Move,browsing
1569713513.4429998,1373,405,None,Move,browsing
1569713513.462,1365,418,None,Move,browsing
1569713513.482,1359,425,None,Move,browsing
1569713513.502,1354,434,None,Move,browsing
1569713513.52,1350,443,None,Move,browsing
1569713513.539,1347,449,None,Move,browsing
1569713513.5570002,1346,456,None,Move,browsing
1569713513.576,1345,461,None,Move,browsing
1569713513.594,1344,465,None,Move,browsing
1569713513.613,1344,467,None,Move,browsing
1569713513.6320002,1344,470,None,Move,browsing
1569713513.651,1344,471,None,Move,browsing
1569713513.669,1344,471,None,Move,browsing
1569713514.7270002,1362,459,None,Move,browsing
1569713514.748,1389,440,None,Move,browsing
1569713514.769,1426,418,None,Move,browsing
1569713514.792,1463,399,None,Move,browsing
1569713514.816,1503,377,None,Move,browsing
1569713514.839,1520,367,None,Move,browsing
1569713514.861,1530,360,None,Move,browsing
1569713514.8860002,1535,355,None,Move,browsing
1569713514.891,1539,353,None,Move,browsing
1569713514.895,1541,351,None,Move,browsing
1569713514.917,1543,350,None,Move,browsing
1569713514.94,1544,350,None,Move,browsing
1569713514.961,1545,349,None,Move,browsing
1569713514.982,1546,349,None,Move,browsing
1569713515.004,1546,349,None,Move,browsing
1569713515.026,1546,348,None,Move,browsing
1569713515.045,1547,347,None,Move,browsing
1569713515.065,1555,342,None,Move,browsing
1569713515.087,1564,338,None,Move,browsing
1569713515.1079998,1571,336,None,Move,browsing
1569713515.129,1575,335,None,Move,browsing
1569713515.156,1575,335,None,Move,browsing
1569713515.176,1576,335,None,Move,browsing
1569713515.197,1576,335,None,Move,browsing
1569713515.22,1576,336,None,Move,browsing
1569713515.4910002,1576,336,Left,Pressed,browsing
1569713515.707,1576,336,Left,Released,browsing
1569713517.8,1574,340,None,Move,browsing
1569713517.819,1569,346,None,Move,browsing
1569713517.84,1567,350,None,Move,browsing
1569713517.86,1565,354,None,Move,browsing
1569713517.8779998,1562,358,None,Move,browsing
1569713517.899,1560,361,None,Move,browsing
1569713517.918,1558,365,None,Move,browsing
1569713517.936,1556,371,None,Move,browsing
1569713517.955,1555,375,None,Move,browsing
1569713517.976,1554,379,None,Move,browsing
1569713517.995,1553,382,None,Move,browsing
1569713518.0129998,1551,385,None,Move,browsing
1569713518.033,1550,389,None,Move,browsing
1569713518.05,1549,391,None,Move,browsing
1569713518.069,1548,393,None,Move,browsing
1569713518.087,1548,394,None,Move,browsing
1569713518.106,1548,394,None,Move,browsing
1569713518.1239998,1548,395,None,Move,browsing
1569713518.594,1543,398,None,Move,browsing
1569713518.6160002,1531,402,None,Move,browsing
1569713518.639,1519,408,None,Move,browsing
1569713518.66,1505,410,None,Move,browsing
1569713518.6820002,1493,412,None,Move,browsing
1569713518.706,1484,412,None,Move,browsing
1569713518.732,1477,412,None,Move,browsing
1569713518.756,1474,412,None,Move,browsing
1569713518.778,1472,411,None,Move,browsing
1569713518.801,1470,405,None,Move,browsing
1569713518.825,1468,398,None,Move,browsing
1569713518.846,1468,393,None,Move,browsing
1569713518.863,1469,389,None,Move,browsing
1569713518.8739998,1470,385,None,Move,browsing
1569713518.887,1471,383,None,Move,browsing
1569713518.906,1472,382,None,Move,browsing
1569713519.393,1463,382,None,Move,browsing
1569713519.4120002,1451,381,None,Move,browsing
1569713519.434,1444,380,None,Move,browsing
1569713519.454,1435,377,None,Move,browsing
1569713519.476,1426,371,None,Move,browsing
1569713519.5010002,1421,369,None,Move,browsing
1569713519.525,1416,366,None,Move,browsing
1569713519.548,1413,360,None,Move,browsing
1569713519.572,1413,352,None,Move,browsing
1569713519.593,1413,342,None,Move,browsing
1569713519.615,1417,331,None,Move,browsing
1569713519.6360002,1423,322,None,Move,browsing
1569713519.659,1430,317,None,Move,browsing
1569713519.681,1433,314,None,Move,browsing
1569713519.701,1436,313,None,Move,browsing
1569713519.724,1438,312,None,Move,browsing
1569713519.745,1438,312,None,Move,browsing
1569713519.766,1438,312,None,Move,browsing
1569713519.786,1439,312,None,Move,browsing
1569713519.8070002,1440,312,None,Move,browsing
1569713520.156,1435,312,None,Move,browsing
1569713520.177,1424,313,None,Move,browsing
1569713520.198,1412,314,None,Move,browsing
1569713520.219,1400,315,None,Move,browsing
1569713520.238,1388,315,None,Move,browsing
1569713520.26,1377,316,None,Move,browsing
1569713520.281,1369,317,None,Move,browsing
1569713520.302,1362,319,None,Move,browsing
1569713520.324,1354,321,None,Move,browsing
1569713520.345,1342,321,None,Move,browsing
1569713520.3739998,1334,321,None,Move,browsing
1569713520.396,1325,322,None,Move,browsing
1569713520.42,1318,322,None,Move,browsing
1569713520.441,1312,323,None,Move,browsing
1569713520.465,1307,324,None,Move,browsing
1569713520.4870002,1303,325,None,Move,browsing
1569713520.5110002,1298,326,None,Move,browsing
1569713520.533,1294,327,None,Move,browsing
1569713520.554,1291,328,None,Move,browsing
1569713520.5779998,1289,329,None,Move,browsing
1569713520.6,1288,330,None,Move,browsing
1569713520.6220002,1288,330,None,Move,browsing
1569713520.644,1287,330,None,Move,browsing
1569713520.9829998,1287,330,Left,Pressed,browsing
1569713521.199,1287,330,Left,Released,browsing
1569713521.485,1291,344,None,Move,browsing
1569713521.521,1300,358,None,Move,browsing
1569713521.555,1315,376,None,Move,browsing
1569713521.592,1322,389,None,Move,browsing
1569713521.6220002,1330,398,None,Move,browsing
1569713521.6520002,1338,407,None,Move,browsing
1569713521.684,1346,415,None,Move,browsing
1569713521.721,1351,420,None,Move,browsing
1569713521.7489998,1358,428,None,Move,browsing
1569713521.78,1363,434,None,Move,browsing
1569713521.8079998,1366,437,None,Move,browsing
1569713521.832,1367,437,None,Move,browsing
1569713522.234,1383,447,None,Move,browsing
1569713522.254,1413,465,None,Move,browsing
1569713522.275,1444,488,None,Move,browsing
1569713522.296,1464,507,None,Move,browsing
1569713522.3170002,1477,524,None,Move,browsing
1569713522.339,1489,539,None,Move,browsing
1569713522.36,1498,552,None,Move,browsing
1569713522.396,1503,560,None,Move,browsing
1569713522.418,1505,562,None,Move,browsing
1569713522.705,1506,574,None,Move,browsing
1569713522.7270002,1510,589,None,Move,browsing
1569713522.748,1522,609,None,Move,browsing
1569713522.77,1528,623,None,Move,browsing
1569713522.79,1537,636,None,Move,browsing
1569713522.811,1547,650,None,Move,browsing
1569713522.833,1553,660,None,Move,browsing
1569713522.853,1561,668,None,Move,browsing
1569713522.875,1568,680,None,Move,browsing
1569713522.8979998,1576,689,None,Move,browsing
1569713522.92,1583,698,None,Move,browsing
1569713522.941,1585,700,None,Move,browsing
1569713522.962,1585,701,None,Move,browsing
1569713522.984,1586,701,None,Move,browsing
1569713523.284,1593,707,None,Move,browsing
1569713523.3079998,1604,715,None,Move,browsing
1569713523.335,1614,721,None,Move,browsing
1569713523.3620002,1621,726,None,Move,browsing
1569713523.387,1628,730,None,Move,browsing
1569713523.41,1634,734,None,Move,browsing
1569713523.435,1640,736,None,Move,browsing
1569713523.458,1644,738,None,Move,browsing
1569713523.482,1645,740,None,Move,browsing
1569713523.5089998,1646,741,None,Move,browsing
1569713523.5370002,1646,741,None,Move,browsing
1569713523.5670002,1646,741,None,Move,browsing
1569713523.915,1646,741,Left,Pressed,browsing
1569713524.13,1646,741,Left,Released,browsing
1569713526.812,1646,743,None,Move,browsing
1569713526.831,1646,747,None,Move,browsing
1569713526.851,1647,751,None,Move,browsing
1569713526.869,1648,754,None,Move,browsing
1569713526.8879998,1649,755,None,Move,browsing
1569713526.914,1650,757,None,Move,browsing
1569713526.935,1651,758,None,Move,browsing
1569713526.955,1652,759,None,Move,browsing
1569713526.976,1652,759,None,Move,browsing
1569713526.996,1653,759,None,Move,browsing
1569713527.0229998,1654,759,None,Move,browsing
1569713527.044,1654,760,None,Move,browsing
1569713527.064,1655,761,None,Move,browsing
1569713527.085,1656,761,None,Move,browsing
1569713527.107,1657,762,None,Move,browsing
1569713527.135,1658,762,None,Move,browsing
1569713527.164,1659,762,None,Move,browsing
1569713527.421,1659,762,Left,Pressed,browsing
1569713527.637,1659,762,Left,Released,browsing
1569713528.482,1637,757,None,Move,browsing
1569713528.508,1588,736,None,Move,browsing
1569713528.53,1546,718,None,Move,browsing
1569713528.551,1507,701,None,Move,browsing
1569713528.576,1465,686,None,Move,browsing
1569713528.6020002,1447,681,None,Move,browsing
1569713528.6260002,1438,679,None,Move,browsing
1569713528.649,1436,678,None,Move,browsing
1569713528.671,1435,678,None,Move,browsing
1569713528.694,1434,677,None,Move,browsing
1569713528.716,1434,674,None,Move,browsing
1569713529.061,1437,665,None,Move,browsing
1569713529.081,1442,653,None,Move,browsing
1569713529.107,1446,646,None,Move,browsing
1569713529.13,1449,641,None,Move,browsing
1569713529.157,1452,636,None,Move,browsing
1569713529.1820002,1453,634,None,Move,browsing
1569713529.205,1455,632,None,Move,browsing
1569713529.228,1456,631,None,Move,browsing
1569713529.254,1456,629,None,Move,browsing
1569713529.276,1456,628,None,Move,browsing
1569713529.296,1456,627,None,Move,browsing
1569713529.3170002,1456,627,None,Move,browsing
1569713529.3379998,1456,626,None,Move,browsing
1569713529.3579998,1456,625,None,Move,browsing
1569713529.383,1456,624,None,Move,browsing
1569713529.41,1456,624,None,Move,browsing
1569713529.434,1456,623,None,Move,browsing
1569713529.454,1457,622,None,Move,browsing
1569713529.476,1457,622,None,Move,browsing
1569713529.4989998,1457,622,None,Move,browsing
1569713529.522,1457,622,None,Move,browsing
1569713529.543,1457,621,None,Move,browsing
1569713529.563,1457,620,None,Move,browsing
1569713529.585,1457,619,None,Move,browsing
1569713529.6079998,1457,618,None,Move,browsing
1569713529.629,1458,618,None,Move,browsing
1569713529.6520002,1458,618,None,Move,browsing
1569713529.674,1458,617,None,Move,browsing
1569713529.699,1458,616,None,Move,browsing
1569713529.72,1458,615,None,Move,browsing
1569713529.7410002,1458,615,None,Move,browsing
1569713529.762,1458,614,None,Move,browsing
1569713529.783,1458,613,None,Move,browsing
1569713529.804,1458,612,None,Move,browsing
1569713529.826,1458,611,None,Move,browsing
1569713529.847,1458,609,None,Move,browsing
1569713529.8679998,1458,608,None,Move,browsing
1569713529.89,1458,607,None,Move,browsing
1569713530.258,1458,607,Left,Pressed,browsing
1569713530.4729998,1458,607,Left,Released,browsing
1569713531.025,1445,615,None,Move,browsing
1569713531.045,1427,628,None,Move,browsing
1569713531.066,1407,640,None,Move,browsing
1569713531.089,1380,655,None,Move,browsing
1569713531.11,1352,667,None,Move,browsing
1569713531.1320002,1334,673,None,Move,browsing
1569713531.158,1320,677,None,Move,browsing
1569713531.178,1311,680,None,Move,browsing
1569713531.201,1307,682,None,Move,browsing
1569713531.224,1304,683,None,Move,browsing
1569713531.245,1302,685,None,Move,browsing
1569713531.2670002,1301,687,None,Move,browsing
1569713531.291,1300,689,None,Move,browsing
1569713531.312,1299,690,None,Move,browsing
1569713531.333,1299,691,None,Move,browsing
1569713531.354,1299,692,None,Move,browsing
1569713531.375,1299,693,None,Move,browsing
1569713531.397,1299,693,None,Move,browsing
1569713531.42,1299,695,None,Move,browsing
1569713531.4429998,1299,696,None,Move,browsing
1569713531.465,1299,697,None,Move,browsing
1569713531.4910002,1299,699,None,Move,browsing
1569713531.519,1299,701,None,Move,browsing
1569713531.545,1299,703,None,Move,browsing
1569713531.572,1299,704,None,Move,browsing
1569713531.865,1299,704,Left,Pressed,browsing
1569713532.081,1299,704,Left,Released,browsing
1569713532.707,1310,686,None,Move,browsing
1569713532.7270002,1331,653,None,Move,browsing
1569713532.7470002,1351,617,None,Move,browsing
1569713532.77,1370,593,None,Move,browsing
1569713532.791,1383,581,None,Move,browsing
1569713532.812,1394,574,None,Move,browsing
1569713532.834,1398,569,None,Move,browsing
1569713532.856,1400,567,None,Move,browsing
1569713532.8779998,1402,565,None,Move,browsing
1569713532.899,1403,565,None,Move,browsing
1569713612.619,1418,568,None,Move,browsing
1569713612.644,1442,573,None,Move,browsing
1569713612.664,1464,583,None,Move,browsing
1569713612.684,1480,590,None,Move,browsing
1569713612.705,1497,599,None,Move,browsing
1569713612.724,1511,606,None,Move,browsing
1569713612.7410002,1523,612,None,Move,browsing
1569713612.758,1532,618,None,Move,browsing
1569713612.7770002,1541,623,None,Move,browsing
1569713612.794,1550,631,None,Move,browsing
1569713612.81,1556,639,None,Move,browsing
1569713612.827,1561,646,None,Move,browsing
1569713612.843,1566,653,None,Move,browsing
1569713612.859,1568,660,None,Move,browsing
1569713612.875,1570,667,None,Move,browsing
1569713612.895,1571,671,None,Move,browsing
1569713612.9120002,1572,675,None,Move,browsing
1569713612.93,1573,679,None,Move,browsing
1569713612.946,1576,685,None,Move,browsing
1569713612.9629998,1580,693,None,Move,browsing
1569713612.98,1582,699,None,Move,browsing
1569713612.998,1584,703,None,Move,browsing
1569713613.015,1587,709,None,Move,browsing
1569713613.031,1591,717,None,Move,browsing
1569713613.048,1593,726,None,Move,browsing
1569713613.066,1597,734,None,Move,browsing
1569713613.082,1600,742,None,Move,browsing
1569713613.0979998,1606,751,None,Move,browsing
1569713613.1160002,1611,760,None,Move,browsing
1569713613.1320002,1618,766,None,Move,browsing
1569713613.151,1624,771,None,Move,browsing
1569713613.168,1627,774,None,Move,browsing
1569713614.775,1634,781,None,Move,browsing
1569713614.795,1639,788,None,Move,browsing
1569713614.815,1642,794,None,Move,browsing
1569713614.833,1645,798,None,Move,browsing
1569713614.853,1647,802,None,Move,browsing
1569713614.8760002,1648,804,None,Move,browsing
1569713614.896,1648,804,None,Move,browsing
1569713614.916,1649,805,None,Move,browsing
1569713614.938,1650,806,None,Move,browsing
1569713614.958,1650,807,None,Move,browsing
1569713614.978,1650,808,None,Move,browsing
1569713614.998,1650,808,None,Move,browsing
1569713615.0170002,1651,809,None,Move,browsing
1569713615.036,1651,809,None,Move,browsing
1569713615.0579998,1652,809,None,Move,browsing
1569713615.0779998,1654,809,None,Move,browsing
1569713615.099,1654,810,None,Move,browsing
1569713615.117,1655,810,None,Move,browsing
1569713615.137,1655,811,None,Move,browsing
1569713615.166,1656,811,None,Move,browsing
1569713615.188,1656,812,None,Move,browsing
1569713615.404,1656,812,Left,Pressed,browsing
1569713615.62,1656,812,Left,Released,browsing
1569713616.461,1660,803,None,Move,browsing
1569713616.475,1665,791,None,Move,browsing
1569713616.486,1671,779,None,Move,browsing
1569713616.498,1679,765,None,Move,browsing
1569713616.5089998,1687,753,None,Move,browsing
1569713616.519,1692,741,None,Move,browsing
1569713616.532,1698,731,None,Move,browsing
1569713616.544,1705,722,None,Move,browsing
1569713616.555,1713,714,None,Move,browsing
1569713616.566,1718,706,None,Move,browsing
1569713616.577,1722,700,None,Move,browsing
1569713616.587,1728,697,None,Move,browsing
1569713616.5979998,1731,694,None,Move,browsing
1569713616.611,1733,692,None,Move,browsing
1569713616.6220002,1735,690,None,Move,browsing
1569713616.6339998,1736,689,None,Move,browsing
1569713616.646,1738,688,None,Move,browsing
1569713616.657,1738,688,None,Move,browsing
1569713616.668,1739,687,None,Move,browsing
1569713616.68,1739,686,None,Move,browsing
1569713616.7029998,1740,685,None,Move,browsing
1569713616.725,1741,685,None,Move,browsing
1569713616.735,1741,684,None,Move,browsing
1569713616.769,1741,684,None,Move,browsing
1569713616.788,1738,684,None,Move,browsing
1569713616.8070002,1732,684,None,Move,browsing
1569713616.831,1727,685,None,Move,browsing
1569713616.854,1724,686,None,Move,browsing
1569713616.8779998,1720,687,None,Move,browsing
1569713616.901,1716,688,None,Move,browsing
1569713616.9220002,1713,689,None,Move,browsing
1569713616.947,1711,690,None,Move,browsing
1569713616.969,1708,691,None,Move,browsing
1569713616.992,1705,694,None,Move,browsing
1569713617.015,1698,694,None,Move,browsing
1569713617.0370002,1694,694,None,Move,browsing
1569713617.062,1691,693,None,Move,browsing
1569713617.085,1688,692,None,Move,browsing
1569713617.1079998,1687,690,None,Move,browsing
1569713617.129,1687,689,None,Move,browsing
1569713617.1620002,1686,688,None,Move,browsing
1569713617.906,1686,688,Left,Pressed,browsing
1569713618.123,1686,688,Left,Released,browsing
1569713619.775,1675,687,None,Move,browsing
1569713619.794,1660,683,None,Move,browsing
1569713619.813,1643,679,None,Move,browsing
1569713619.832,1607,673,None,Move,browsing
1569713619.851,1577,668,None,Move,browsing
1569713619.87,1545,662,None,Move,browsing
1569713619.893,1529,661,None,Move,browsing
1569713619.9120002,1515,660,None,Move,browsing
1569713619.9320002,1503,658,None,Move,browsing
1569713619.951,1499,658,None,Move,browsing
1569713619.969,1497,657,None,Move,browsing
1569713619.988,1495,656,None,Move,browsing
1569713620.008,1493,654,None,Move,browsing
1569713620.0270002,1491,652,None,Move,browsing
1569713620.045,1491,650,None,Move,browsing
1569713620.063,1493,648,None,Move,browsing
1569713627.502,1476,648,None,Move,browsing
1569713627.519,1445,647,None,Move,browsing
1569713627.542,1406,643,None,Move,browsing
1569713627.5670002,1361,638,None,Move,browsing
1569713627.587,1333,636,None,Move,browsing
1569713627.6079998,1320,636,None,Move,browsing
1569713627.629,1309,635,None,Move,browsing
1569713627.649,1300,632,None,Move,browsing
1569713627.67,1293,629,None,Move,browsing
1569713627.689,1291,627,None,Move,browsing
1569713627.708,1287,621,None,Move,browsing
1569713627.726,1284,614,None,Move,browsing
1569713627.745,1284,610,None,Move,browsing
1569713627.765,1284,606,None,Move,browsing
1569713627.784,1284,602,None,Move,browsing
1569713627.803,1285,599,None,Move,browsing
1569713627.821,1285,596,None,Move,browsing
1569713627.839,1285,594,None,Move,browsing
1569713627.857,1285,593,None,Move,browsing
1569713627.8760002,1286,592,None,Move,browsing
1569713627.896,1288,591,None,Move,browsing
1569713627.919,1292,590,None,Move,browsing
1569713628.2370002,1292,590,Left,Pressed,browsing
1569713628.451,1292,590,Left,Released,browsing
1569713710.387,1292,590,Left,Pressed,browsing
1569713710.577,1292,590,Left,Released,browsing
1569713717.1520002,1276,587,None,Move,browsing
1569713717.1720002,1250,582,None,Move,browsing
1569713717.191,1212,568,None,Move,browsing
1569713717.21,1171,555,None,Move,browsing
1569713717.232,1123,536,None,Move,browsing
1569713717.2510002,1093,529,None,Move,browsing
1569713717.268,1067,523,None,Move,browsing
1569713717.284,1050,521,None,Move,browsing
1569713717.302,1038,521,None,Move,browsing
1569713717.321,1032,521,None,Move,browsing
1569713717.337,1029,521,None,Move,browsing
1569713717.356,1027,521,None,Move,browsing
1569713717.373,1027,520,None,Move,browsing
1569713717.391,1027,513,None,Move,browsing
1569713717.409,1037,499,None,Move,browsing
1569713717.419,1049,485,None,Move,browsing
1569713717.43,1068,466,None,Move,browsing
1569713717.441,1097,442,None,Move,browsing
1569713717.4529998,1124,424,None,Move,browsing
1569713717.464,1152,407,None,Move,browsing
1569713717.475,1167,400,None,Move,browsing
1569713717.4870002,1178,396,None,Move,browsing
1569713717.498,1188,393,None,Move,browsing
1569713717.5089998,1192,392,None,Move,browsing
1569713717.521,1196,391,None,Move,browsing
1569713717.531,1198,391,None,Move,browsing
1569713717.542,1199,391,None,Move,browsing
1569713717.554,1199,392,None,Move,browsing
1569713717.565,1193,399,None,Move,browsing
1569713717.574,1161,426,None,Move,browsing
1569713717.585,1119,459,None,Move,browsing
1569713717.596,1078,494,None,Move,browsing
1569713717.6079998,1036,529,None,Move,browsing
1569713717.619,995,558,None,Move,browsing
1569713717.63,954,585,None,Move,browsing
1569713717.641,913,617,None,Move,browsing
1569713717.6520002,880,639,None,Move,browsing
1569713717.664,846,660,None,Move,browsing
1569713717.674,827,670,None,Move,browsing
1569713717.684,811,678,None,Move,browsing
1569713717.694,802,683,None,Move,browsing
1569713717.706,793,687,None,Move,browsing
1569713717.717,788,689,None,Move,browsing
1569713717.728,786,690,None,Move,browsing
1569713717.7389998,784,691,None,Move,browsing
1569713717.75,784,691,None,Move,browsing
1569713717.76,783,691,None,Move,browsing
1569713718.091,759,691,None,Move,browsing
1569713718.109,714,690,None,Move,browsing
1569713718.1320002,655,683,None,Move,browsing
1569713718.154,609,677,None,Move,browsing
1569713718.178,569,671,None,Move,browsing
1569713718.195,554,669,None,Move,browsing
1569713718.216,542,668,None,Move,browsing
1569713718.235,537,668,None,Move,browsing
1569713718.2529998,534,667,None,Move,browsing
1569713718.272,532,665,None,Move,browsing
1569713718.29,533,655,None,Move,browsing
1569713718.3079998,546,634,None,Move,browsing
1569713718.326,569,608,None,Move,browsing
1569713718.345,589,588,None,Move,browsing
1569713718.363,617,568,None,Move,browsing
1569713718.383,640,554,None,Move,browsing
1569713718.4020002,654,551,None,Move,browsing
1569713718.421,661,550,None,Move,browsing
1569713718.441,665,550,None,Move,browsing
1569713718.46,667,550,None,Move,browsing
1569713718.479,668,557,None,Move,browsing
1569713718.498,657,578,None,Move,browsing
1569713718.516,637,605,None,Move,browsing
1569713718.534,605,646,None,Move,browsing
1569713718.553,566,685,None,Move,browsing
1569713718.574,527,724,None,Move,browsing
1569713718.592,500,753,None,Move,browsing
1569713718.6120002,490,766,None,Move,browsing
1569713718.6320002,484,774,None,Move,browsing
1569713718.655,481,777,None,Move,browsing
1569713718.673,481,778,None,Move,browsing
1569713718.6929998,481,778,None,Move,browsing
1569713719.022,478,772,None,Move,browsing
1569713719.043,472,756,None,Move,browsing
1569713719.063,472,741,None,Move,browsing
1569713719.081,475,726,None,Move,browsing
1569713719.101,479,706,None,Move,browsing
1569713719.12,486,682,None,Move,browsing
1569713719.14,491,667,None,Move,browsing
1569713719.165,495,645,None,Move,browsing
1569713719.185,496,633,None,Move,browsing
1569713719.2029998,496,625,None,Move,browsing
1569713719.22,496,620,None,Move,browsing
1569713719.242,495,618,None,Move,browsing
1569713719.2629998,492,614,None,Move,browsing
1569713719.28,490,612,None,Move,browsing
1569713719.298,489,611,None,Move,browsing
1569713719.6239998,488,597,None,Move,browsing
1569713719.645,485,583,None,Move,browsing
1569713719.667,483,573,None,Move,browsing
1569713719.688,482,570,None,Move,browsing
1569713719.71,481,568,None,Move,browsing
1569713719.732,481,567,None,Move,browsing
1569713719.754,480,566,None,Move,browsing
1569713719.776,480,565,None,Move,browsing
1569713719.798,478,565,None,Move,browsing
1569713719.8179998,477,564,None,Move,browsing
1569713719.839,474,564,None,Move,browsing
1569713719.861,472,564,None,Move,browsing
1569713719.8820002,471,564,None,Move,browsing
1569713719.904,470,564,None,Move,browsing
1569713719.93,469,564,None,Move,browsing
1569713719.954,468,564,None,Move,browsing
1569713719.979,468,564,None,Move,browsing
1569713720.218,468,564,Left,Pressed,browsing
1569713720.427,468,564,Left,Released,browsing
1569713720.449,468,564,Left,Pressed,browsing
1569713720.6139998,468,564,Left,Released,browsing
1569713720.637,468,564,Left,Pressed,browsing
1569713720.831,468,564,Left,Released,browsing
1569713720.8520002,468,564,Left,Pressed,browsing
1569713721.046,468,564,Left,Released,browsing
1569713793.444,468,564,None,Move,browsing
1569713793.458,467,564,None,Move,browsing
1569713793.468,466,565,None,Move,browsing
1569713793.478,466,567,None,Move,browsing
1569713793.4889998,461,571,None,Move,browsing
1569713793.4989998,457,579,None,Move,browsing
1569713793.5110002,452,587,None,Move,browsing
1569713793.521,448,592,None,Move,browsing
1569713793.532,445,600,None,Move,browsing
1569713793.543,443,607,None,Move,browsing
1569713793.554,440,614,None,Move,browsing
1569713793.564,438,622,None,Move,browsing
1569713793.576,437,634,None,Move,browsing
1569713793.587,437,644,None,Move,browsing
1569713793.597,439,658,None,Move,browsing
1569713793.6079998,441,671,None,Move,browsing
1569713793.619,446,683,None,Move,browsing
1569713793.63,452,695,None,Move,browsing
1569713793.641,457,703,None,Move,browsing
1569713793.653,464,712,None,Move,browsing
1569713793.665,468,717,None,Move,browsing
1569713793.677,473,722,None,Move,browsing
1569713793.687,480,727,None,Move,browsing
1569713793.698,485,731,None,Move,browsing
1569713793.71,493,733,None,Move,browsing
1569713793.72,500,736,None,Move,browsing
1569713793.731,510,738,None,Move,browsing
1569713793.742,519,741,None,Move,browsing
1569713793.752,529,742,None,Move,browsing
1569713793.7629998,541,742,None,Move,browsing
1569713793.7729998,554,744,None,Move,browsing
1569713793.783,569,744,None,Move,browsing
1569713793.795,588,747,None,Move,browsing
1569713793.805,609,747,None,Move,browsing
1569713793.816,627,747,None,Move,browsing
1569713793.8279998,649,745,None,Move,browsing
1569713793.839,668,742,None,Move,browsing
1569713793.849,691,737,None,Move,browsing
1569713793.8620002,706,731,None,Move,browsing
1569713793.873,726,725,None,Move,browsing
1569713793.8839998,740,718,None,Move,browsing
1569713793.895,752,711,None,Move,browsing
1569713793.904,761,704,None,Move,browsing
1569713793.914,770,697,None,Move,browsing
1569713793.924,780,689,None,Move,browsing
1569713793.934,787,683,None,Move,browsing
1569713793.945,795,676,None,Move,browsing
1569713793.956,804,670,None,Move,browsing
1569713793.967,813,665,None,Move,browsing
1569713793.9770002,819,661,None,Move,browsing
1569713793.988,827,658,None,Move,browsing
1569713793.9989998,830,657,None,Move,browsing
1569713794.0110002,834,656,None,Move,browsing
1569713794.021,836,655,None,Move,browsing
1569713794.033,837,655,None,Move,browsing
1569714353.819,843,650,None,Move,development
1569714353.8379998,857,640,None,Move,development
1569714353.843,871,630,None,Move,development
1569714353.849,887,621,None,Move,development
1569714353.8620002,904,611,None,Move,development
1569714353.867,927,598,None,Move,development
1569714353.871,941,593,None,Move,development
1569714353.8779998,963,585,None,Move,development
1569714353.8860002,979,579,None,Move,development
1569714353.893,994,575,None,Move,development
1569714353.901,1014,569,None,Move,development
1569714353.908,1027,566,None,Move,development
1569714353.916,1042,564,None,Move,development
1569714353.924,1057,561,None,Move,development
1569714353.9320002,1073,558,None,Move,development
1569714353.939,1086,557,None,Move,development
1569714353.947,1099,557,None,Move,development
1569714353.954,1111,557,None,Move,development
1569714353.961,1123,557,None,Move,development
1569714353.969,1134,557,None,Move,development
1569714353.976,1148,557,None,Move,development
1569714353.984,1160,561,None,Move,development
1569714353.9910002,1172,562,None,Move,development
1569714353.9989998,1183,565,None,Move,development
1569714354.008,1195,568,None,Move,development
1569714354.0129998,1207,570,None,Move,development
1569714354.021,1218,574,None,Move,development
1569714354.029,1228,577,None,Move,development
1569714354.036,1239,579,None,Move,development
1569714354.044,1249,583,None,Move,development
1569714354.052,1256,587,None,Move,development
1569714354.0570002,1265,590,None,Move,development
1569714354.066,1274,592,None,Move,development
1569714354.074,1280,596,None,Move,development
1569714354.081,1289,601,None,Move,development
1569714354.0879998,1298,603,None,Move,development
1569714354.096,1305,606,None,Move,development
1569714354.103,1312,611,None,Move,development
1569714354.11,1321,613,None,Move,development
1569714354.1179998,1327,615,None,Move,development
1569714354.1260002,1334,618,None,Move,development
1569714354.133,1340,620,None,Move,development
1569714354.141,1346,625,None,Move,development
1569714354.147,1351,627,None,Move,development
1569714354.155,1359,630,None,Move,development
1569714354.1620002,1364,632,None,Move,development
1569714354.17,1373,637,None,Move,development
1569714354.178,1381,639,None,Move,development
1569714354.186,1388,643,None,Move,development
1569714354.1929998,1395,646,None,Move,development
1569714354.2,1401,650,None,Move,development
1569714354.208,1408,653,None,Move,development
1569714354.215,1414,655,None,Move,development
1569714354.2229998,1420,657,None,Move,development
1569714354.23,1422,659,None,Move,development
1569714354.238,1425,661,None,Move,development
1569714354.246,1429,662,None,Move,development
1569714354.2529998,1431,663,None,Move,development
1569714354.2610002,1432,664,None,Move,development
1569714354.2670002,1433,664,None,Move,development
1569714354.276,1434,665,None,Move,development
1569714354.282,1435,665,None,Move,development
1569714354.29,1436,667,None,Move,development
1569714354.298,1437,667,None,Move,development
1569714354.305,1438,667,None,Move,development
1569714354.32,1438,667,None,Move,development
1569714354.335,1439,667,None,Move,development
1569714354.357,1440,667,None,Move,development
1569714524.1220002,1438,662,None,Move,development
1569714524.1320002,1433,651,None,Move,development
1569714524.137,1426,641,None,Move,development
1569714524.146,1418,630,None,Move,development
1569714524.153,1409,617,None,Move,development
1569714524.161,1398,603,None,Move,development
1569714524.168,1387,586,None,Move,development
1569714524.175,1373,566,None,Move,development
1569714524.1829998,1361,548,None,Move,development
1569714524.191,1346,524,None,Move,development
1569714524.199,1338,512,None,Move,development
1569714524.206,1326,498,None,Move,development
1569714524.2129998,1315,483,None,Move,development
1569714524.221,1303,468,None,Move,development
1569714524.228,1295,456,None,Move,development
1569714524.236,1285,445,None,Move,development
1569714524.2429998,1275,432,None,Move,development
1569714524.25,1267,421,None,Move,development
1569714524.258,1256,409,None,Move,development
1569714524.266,1246,398,None,Move,development
1569714524.2729998,1238,389,None,Move,development
1569714524.28,1229,379,None,Move,development
1569714524.289,1220,368,None,Move,development
1569714524.296,1208,357,None,Move,development
1569714524.304,1201,348,None,Move,development
1569714524.31,1191,339,None,Move,development
1569714524.3179998,1180,328,None,Move,development
1569714524.325,1172,321,None,Move,development
1569714524.333,1163,313,None,Move,development
1569714524.34,1156,308,None,Move,development
1569714524.3479998,1149,302,None,Move,development
1569714524.355,1142,298,None,Move,development
1569714524.363,1136,295,None,Move,development
1569714524.37,1129,290,None,Move,development
1569714524.3779998,1125,288,None,Move,development
1569714524.385,1117,285,None,Move,development
1569714524.393,1114,284,None,Move,development
1569714524.4,1108,283,None,Move,development
1569714524.407,1104,281,None,Move,development
1569714524.415,1099,280,None,Move,development
1569714524.423,1096,280,None,Move,development
1569714524.43,1092,280,None,Move,development
1569714524.438,1088,280,None,Move,development
1569714524.445,1084,282,None,Move,development
1569714524.4529998,1081,284,None,Move,development
1569714524.46,1077,286,None,Move,development
1569714524.468,1073,289,None,Move,development
1569714524.475,1065,299,None,Move,development
1569714524.4829998,1060,308,None,Move,development
1569714524.488,1054,315,None,Move,development
1569714524.498,1048,328,None,Move,development
1569714524.506,1044,337,None,Move,development
1569714524.5110002,1039,350,None,Move,development
1569714524.5229998,1035,364,None,Move,development
1569714524.529,1032,376,None,Move,development
1569714524.534,1028,390,None,Move,development
1569714524.544,1025,403,None,Move,development
1569714524.552,1024,410,None,Move,development
1569714524.559,1023,424,None,Move,development
1569714524.566,1021,432,None,Move,development
1569714524.574,1021,444,None,Move,development
1569714524.581,1021,455,None,Move,development
1569714524.5879998,1021,462,None,Move,development
1569714524.596,1021,471,None,Move,development
1569714524.603,1021,479,None,Move,development
1569714524.611,1021,483,None,Move,development
1569714524.6179998,1021,489,None,Move,development
1569714524.6260002,1021,493,None,Move,development
1569714524.633,1021,497,None,Move,development
1569714524.641,1021,502,None,Move,development
1569714524.6479998,1023,507,None,Move,development
1569714524.656,1024,514,None,Move,development
1569714524.663,1025,520,None,Move,development
1569714524.671,1026,527,None,Move,development
1569714524.678,1028,534,None,Move,development
1569714524.686,1028,538,None,Move,development
1569714524.6929998,1029,542,None,Move,development
1569714524.701,1030,547,None,Move,development
1569714524.708,1031,551,None,Move,development
1569714524.716,1032,556,None,Move,development
1569714524.7229998,1032,560,None,Move,development
1569714524.731,1033,565,None,Move,development
1569714524.74,1035,571,None,Move,development
1569714524.746,1036,576,None,Move,development
1569714524.7529998,1036,580,None,Move,development
1569714524.7610002,1037,584,None,Move,development
1569714524.768,1037,589,None,Move,development
1569714524.776,1038,592,None,Move,development
1569714524.783,1038,594,None,Move,development
1569714524.791,1039,598,None,Move,development
1569714524.799,1039,601,None,Move,development
1569714524.806,1039,602,None,Move,development
1569714524.814,1039,604,None,Move,development
1569714524.821,1039,605,None,Move,development
1569714524.8279998,1039,607,None,Move,development
1569714524.836,1039,608,None,Move,development
1569714524.843,1040,609,None,Move,development
1569714524.853,1040,609,None,Move,development
1569714524.8579998,1040,611,None,Move,development
1569714524.8639998,1040,611,None,Move,development
1569714524.875,1040,612,None,Move,development
1569714524.8820002,1041,613,None,Move,development
1569714524.889,1041,614,None,Move,development
1569714524.897,1041,614,None,Move,development
1569714524.9120002,1041,615,None,Move,development
1569714524.95,1041,616,None,Move,development
1569714525.033,1042,616,None,Move,development
1569714525.07,1042,616,None,Move,development
1569714525.086,1043,616,None,Move,development
1569714525.092,1044,614,None,Move,development
1569714525.1,1045,612,None,Move,development
1569714525.107,1048,606,None,Move,development
1569714525.1139998,1050,602,None,Move,development
1569714525.123,1052,597,None,Move,development
1569714525.129,1053,593,None,Move,development
1569714525.137,1054,589,None,Move,development
1569714525.144,1055,585,None,Move,development
1569714525.151,1057,583,None,Move,development
1569714525.161,1058,579,None,Move,development
1569714525.168,1059,578,None,Move,development
1569714525.175,1059,576,None,Move,development
1569714525.1829998,1059,575,None,Move,development
1569714525.19,1059,575,None,Move,development
1569714525.197,1059,574,None,Move,development
1569714525.205,1059,573,None,Move,development
1569714525.2129998,1059,572,None,Move,development
1569714525.22,1059,571,None,Move,development
1569714525.235,1059,570,None,Move,development
1569714525.25,1059,570,None,Move,development
1569714525.2729998,1059,569,None,Move,development
1569714525.289,1059,568,None,Move,development
1569714525.31,1059,567,None,Move,development
1569714525.3170002,1059,567,None,Move,development
1569714525.333,1060,566,None,Move,development
1569714525.34,1061,565,None,Move,development
1569714525.347,1061,564,None,Move,development
1569714525.355,1062,562,None,Move,development
1569714525.3620002,1062,560,None,Move,development
1569714525.37,1062,560,None,Move,development
1569714525.377,1062,558,None,Move,development
1569714525.385,1063,558,None,Move,development
1569714525.3920002,1063,556,None,Move,development
1569714525.399,1063,555,None,Move,development
1569714525.406,1063,555,None,Move,development
1569714525.414,1063,554,None,Move,development
1569714525.7970002,1063,554,Left,Pressed,development
1569714526.024,1063,554,Left,Released,browsing
1569714526.03,1063,554,Left,Pressed,browsing
1569714526.265,1063,554,Left,Released,browsing
1569714526.284,1063,554,Left,Pressed,browsing
1569714526.48,1063,554,Left,Released,browsing
1569714588.666,1064,546,None,Move,browsing
1569714588.676,1065,532,None,Move,browsing
1569714588.6829998,1067,521,None,Move,browsing
1569714588.691,1068,506,None,Move,browsing
1569714588.698,1068,485,None,Move,browsing
1569714588.706,1070,464,None,Move,browsing
1569714588.712,1070,433,None,Move,browsing
1569714588.721,1070,413,None,Move,browsing
1569714588.7270002,1069,391,None,Move,browsing
1569714588.735,1068,366,None,Move,browsing
1569714588.7429998,1066,348,None,Move,browsing
1569714588.748,1065,333,None,Move,browsing
1569714588.7570002,1063,318,None,Move,browsing
1569714588.7670002,1062,306,None,Move,browsing
1569714588.775,1061,296,None,Move,browsing
1569714588.782,1060,289,None,Move,browsing
1569714588.789,1058,282,None,Move,browsing
1569714588.796,1057,275,None,Move,browsing
1569714588.804,1056,269,None,Move,browsing
1569714588.811,1055,266,None,Move,browsing
1569714588.819,1055,263,None,Move,browsing
1569714588.826,1054,260,None,Move,browsing
1569714588.834,1053,258,None,Move,browsing
1569714588.841,1052,256,None,Move,browsing
1569714588.849,1052,254,None,Move,browsing
1569714588.856,1051,252,None,Move,browsing
1569714588.8639998,1050,251,None,Move,browsing
1569714588.871,1048,247,None,Move,browsing
1569714588.879,1047,244,None,Move,browsing
1569714588.8860002,1045,241,None,Move,browsing
1569714588.894,1042,237,None,Move,browsing
1569714588.901,1040,234,None,Move,browsing
1569714588.908,1039,232,None,Move,browsing
1569714588.916,1037,230,None,Move,browsing
1569714588.924,1037,227,None,Move,browsing
1569714588.931,1036,225,None,Move,browsing
1569714588.939,1034,224,None,Move,browsing
1569714588.946,1034,224,None,Move,browsing
1569714588.954,1033,223,None,Move,browsing
1569714588.961,1033,222,None,Move,browsing
1569714588.976,1033,222,None,Move,browsing
1569714588.9829998,1033,221,None,Move,browsing
1569714589.006,1033,220,None,Move,browsing
1569714589.014,1032,220,None,Move,browsing
1569714589.036,1031,220,None,Move,browsing
1569714589.041,1030,220,None,Move,browsing
1569714589.053,1030,221,None,Move,browsing
1569714589.059,1029,224,None,Move,browsing
1569714589.0670002,1028,230,None,Move,browsing
1569714589.074,1025,236,None,Move,browsing
1569714589.081,1025,244,None,Move,browsing
1569714589.089,1024,251,None,Move,browsing
1569714589.096,1023,260,None,Move,browsing
1569714589.104,1023,268,None,Move,browsing
1569714589.111,1023,275,None,Move,browsing
1569714589.119,1023,283,None,Move,browsing
1569714589.1260002,1023,289,None,Move,browsing
1569714589.1339998,1023,295,None,Move,browsing
1569714589.141,1023,304,None,Move,browsing
1569714589.149,1023,310,None,Move,browsing
1569714589.156,1023,319,None,Move,browsing
1569714589.164,1023,327,None,Move,browsing
1569714589.17,1023,332,None,Move,browsing
1569714589.178,1023,339,None,Move,browsing
1569714589.185,1024,345,None,Move,browsing
1569714589.1929998,1024,350,None,Move,browsing
1569714589.2,1026,353,None,Move,browsing
1569714589.209,1027,358,None,Move,browsing
1569714589.215,1027,361,None,Move,browsing
1569714589.2229998,1027,363,None,Move,browsing
1569714589.231,1027,365,None,Move,browsing
1569714589.238,1027,368,None,Move,browsing
1569714589.245,1027,368,None,Move,browsing
1569714589.2529998,1027,369,None,Move,browsing
1569714589.26,1027,371,None,Move,browsing
1569714589.2670002,1027,371,None,Move,browsing
1569714589.275,1027,372,None,Move,browsing
1569714589.282,1027,373,None,Move,browsing
1569714589.29,1027,373,None,Move,browsing
1569714589.298,1027,375,None,Move,browsing
1569714589.305,1027,376,None,Move,browsing
1569714589.312,1027,376,None,Move,browsing
1569714589.32,1027,377,None,Move,browsing
1569714589.344,1027,378,None,Move,browsing
1569714589.365,1027,378,None,Move,browsing
1569714589.9929998,1027,378,Left,Pressed,browsing
1569714590.208,1027,378,Left,Released,browsing
1569714591.168,1028,389,None,Move,browsing
1569714591.176,1031,396,None,Move,browsing
1569714591.1829998,1033,408,None,Move,browsing
1569714591.191,1036,417,None,Move,browsing
1569714591.198,1041,429,None,Move,browsing
1569714591.206,1045,436,None,Move,browsing
1569714591.214,1049,450,None,Move,browsing
1569714591.221,1054,462,None,Move,browsing
1569714591.228,1057,474,None,Move,browsing
1569714591.236,1061,486,None,Move,browsing
1569714591.244,1067,498,None,Move,browsing
1569714591.2510002,1071,510,None,Move,browsing
1569714591.2589998,1076,518,None,Move,browsing
1569714591.266,1083,532,None,Move,browsing
1569714591.2729998,1088,544,None,Move,browsing
1569714591.281,1095,556,None,Move,browsing
1569714591.288,1100,564,None,Move,browsing
1569714591.296,1107,576,None,Move,browsing
1569714591.303,1112,585,None,Move,browsing
1569714591.311,1120,598,None,Move,browsing
1569714591.3179998,1127,607,None,Move,browsing
1569714591.326,1134,615,None,Move,browsing
1569714591.334,1141,624,None,Move,browsing
1569714591.342,1149,633,None,Move,browsing
1569714591.349,1154,641,None,Move,browsing
1569714591.356,1162,648,None,Move,browsing
1569714591.363,1168,654,None,Move,browsing
1569714591.371,1174,661,None,Move,browsing
1569714591.3779998,1178,664,None,Move,browsing
1569714591.3860002,1184,667,None,Move,browsing
1569714591.393,1189,672,None,Move,browsing
1569714591.401,1192,675,None,Move,browsing
1569714591.408,1196,678,None,Move,browsing
1569714591.414,1199,682,None,Move,browsing
1569714591.423,1202,684,None,Move,browsing
1569714591.4320002,1206,686,None,Move,browsing
1569714591.44,1209,688,None,Move,browsing
1569714591.448,1212,690,None,Move,browsing
1569714591.455,1216,692,None,Move,browsing
1569714591.462,1218,694,None,Move,browsing
1569714591.474,1222,695,None,Move,browsing
1569714591.478,1228,696,None,Move,browsing
1569714591.485,1232,697,None,Move,browsing
1569714591.492,1238,697,None,Move,browsing
1569714591.5,1242,697,None,Move,browsing
1569714591.5070002,1247,697,None,Move,browsing
1569714591.515,1252,697,None,Move,browsing
1569714591.522,1259,697,None,Move,browsing
1569714591.53,1264,697,None,Move,browsing
1569714591.5370002,1271,696,None,Move,browsing
1569714591.544,1280,693,None,Move,browsing
1569714591.552,1286,692,None,Move,browsing
1569714591.559,1293,690,None,Move,browsing
1569714591.5670002,1297,688,None,Move,browsing
1569714591.573,1302,686,None,Move,browsing
1569714591.582,1305,686,None,Move,browsing
1569714591.589,1308,685,None,Move,browsing
1569714591.596,1312,684,None,Move,browsing
1569714591.604,1313,683,None,Move,browsing
1569714591.611,1315,682,None,Move,browsing
1569714591.619,1317,680,None,Move,browsing
1569714591.6260002,1319,679,None,Move,browsing
1569714591.6339998,1320,678,None,Move,browsing
1569714591.641,1321,678,None,Move,browsing
1569714591.649,1322,677,None,Move,browsing
1569714591.656,1322,676,None,Move,browsing
1569714591.664,1323,676,None,Move,browsing
1569714591.671,1324,675,None,Move,browsing
1569714591.679,1325,674,None,Move,browsing
1569714591.686,1325,672,None,Move,browsing
1569714591.694,1326,670,None,Move,browsing
1569714591.702,1328,668,None,Move,browsing
1569714591.709,1328,667,None,Move,browsing
1569714591.716,1329,665,None,Move,browsing
1569714591.7229998,1329,661,None,Move,browsing
1569714591.731,1329,660,None,Move,browsing
1569714591.738,1329,658,None,Move,browsing
1569714591.746,1329,656,None,Move,browsing
1569714591.7529998,1329,654,None,Move,browsing
1569714591.7610002,1329,652,None,Move,browsing
1569714591.768,1329,650,None,Move,browsing
1569714591.776,1327,649,None,Move,browsing
1569714591.783,1326,647,None,Move,browsing
1569714591.792,1325,644,None,Move,browsing
1569714591.798,1324,642,None,Move,browsing
1569714591.8070002,1322,640,None,Move,browsing
1569714591.813,1318,635,None,Move,browsing
1569714591.821,1314,631,None,Move,browsing
1569714591.8279998,1310,628,None,Move,browsing
1569714591.836,1302,621,None,Move,browsing
1569714591.843,1297,618,None,Move,browsing
1569714591.851,1291,614,None,Move,browsing
1569714591.8579998,1286,610,None,Move,browsing
1569714591.8660002,1279,606,None,Move,browsing
1569714591.873,1275,604,None,Move,browsing
1569714591.88,1269,601,None,Move,browsing
1569714591.8879998,1265,599,None,Move,browsing
1569714591.895,1259,596,None,Move,browsing
1569714591.903,1255,595,None,Move,browsing
1569714591.91,1252,594,None,Move,browsing
1569714591.918,1249,594,None,Move,browsing
1569714591.926,1246,593,None,Move,browsing
1569714591.9329998,1243,593,None,Move,browsing
1569714591.94,1241,593,None,Move,browsing
1569714591.948,1239,593,None,Move,browsing
1569714591.955,1237,593,None,Move,browsing
1569714591.9629998,1236,593,None,Move,browsing
1569714591.97,1233,593,None,Move,browsing
1569714591.978,1231,593,None,Move,browsing
1569714591.985,1230,593,None,Move,browsing
1569714591.992,1229,593,None,Move,browsing
1569714592.0,1228,593,None,Move,browsing
1569714592.0089998,1227,593,None,Move,browsing
1569714592.014,1226,593,None,Move,browsing
1569714592.0229998,1224,593,None,Move,browsing
1569714592.029,1223,593,None,Move,browsing
1569714592.038,1222,593,None,Move,browsing
1569714592.044,1221,593,None,Move,browsing
1569714592.053,1220,593,None,Move,browsing
1569714592.059,1219,593,None,Move,browsing
1569714592.0670002,1217,593,None,Move,browsing
1569714592.075,1215,593,None,Move,browsing
1569714592.082,1215,593,None,Move,browsing
1569714592.09,1213,593,None,Move,browsing
1569714592.097,1212,593,None,Move,browsing
1569714592.105,1212,593,None,Move,browsing
1569714592.1120002,1211,593,None,Move,browsing
1569714592.119,1210,593,None,Move,browsing
1569714592.127,1209,594,None,Move,browsing
1569714592.1339998,1208,594,None,Move,browsing
1569714592.141,1207,594,None,Move,browsing
1569714592.149,1207,595,None,Move,browsing
1569714592.157,1206,595,None,Move,browsing
1569714592.164,1205,595,None,Move,browsing
1569714592.171,1205,595,None,Move,browsing
1569714592.179,1204,595,None,Move,browsing
1569714592.202,1204,596,None,Move,browsing
1569714592.217,1204,597,None,Move,browsing
1569714592.232,1204,597,None,Move,browsing
1569714592.246,1204,599,None,Move,browsing
1569714592.2610002,1204,600,None,Move,browsing
1569714592.269,1204,600,None,Move,browsing
1569714592.284,1204,601,None,Move,browsing
1569714592.299,1204,602,None,Move,browsing
1569714592.306,1205,602,None,Move,browsing
1569714592.314,1206,602,None,Move,browsing
1569714592.329,1206,603,None,Move,browsing
1569714592.336,1207,603,None,Move,browsing
1569714592.351,1208,603,None,Move,browsing
1569714592.359,1208,604,None,Move,browsing
1569714592.3660002,1209,604,None,Move,browsing
1569714592.389,1210,604,None,Move,browsing
1569714592.396,1211,604,None,Move,browsing
1569714592.411,1211,604,None,Move,browsing
1569714592.425,1212,604,None,Move,browsing
1569714592.4329998,1213,604,None,Move,browsing
1569714592.448,1214,604,None,Move,browsing
1569714592.4629998,1214,604,None,Move,browsing
1569714592.478,1215,604,None,Move,browsing
1569714592.5010002,1216,604,None,Move,browsing
1569714592.531,1217,604,None,Move,browsing
1569714592.56,1217,604,None,Move,browsing
1569714592.5679998,1218,604,None,Move,browsing
1569714592.589,1219,604,None,Move,browsing
1569714592.597,1219,603,None,Move,browsing
1569714592.604,1219,603,None,Move,browsing
1569714592.956,1219,603,Left,Pressed,browsing
1569714593.1720002,1219,603,Left,Released,browsing
1569714593.798,1228,598,None,Move,browsing
1569714593.806,1240,590,None,Move,browsing
1569714593.8170002,1252,583,None,Move,browsing
1569714593.822,1263,576,None,Move,browsing
1569714593.8279998,1274,571,None,Move,browsing
1569714593.836,1284,566,None,Move,browsing
1569714593.844,1295,558,None,Move,browsing
1569714593.851,1307,551,None,Move,browsing
1569714593.8579998,1321,541,None,Move,browsing
1569714593.867,1335,531,None,Move,browsing
1569714593.873,1349,524,None,Move,browsing
1569714593.881,1363,516,None,Move,browsing
1569714593.889,1377,509,None,Move,browsing
1569714593.896,1390,502,None,Move,browsing
1569714593.904,1403,495,None,Move,browsing
1569714593.911,1417,487,None,Move,browsing
1569714593.919,1433,481,None,Move,browsing
1569714593.926,1446,476,None,Move,browsing
1569714593.934,1460,469,None,Move,browsing
1569714593.941,1476,462,None,Move,browsing
1569714593.948,1489,458,None,Move,browsing
1569714593.956,1503,454,None,Move,browsing
1569714593.964,1517,447,None,Move,browsing
1569714593.971,1529,443,None,Move,browsing
1569714593.978,1541,440,None,Move,browsing
1569714593.986,1553,436,None,Move,browsing
1569714593.994,1565,433,None,Move,browsing
1569714594.0010002,1575,431,None,Move,browsing
1569714594.008,1584,428,None,Move,browsing
1569714594.016,1594,427,None,Move,browsing
1569714594.024,1603,426,None,Move,browsing
1569714594.029,1608,426,None,Move,browsing
1569714594.04,1615,426,None,Move,browsing
1569714594.046,1620,426,None,Move,browsing
1569714594.054,1625,426,None,Move,browsing
1569714594.061,1630,426,None,Move,browsing
1569714594.069,1636,426,None,Move,browsing
1569714594.076,1641,427,None,Move,browsing
1569714594.091,1645,428,None,Move,browsing
1569714594.1,1650,430,None,Move,browsing
1569714594.107,1654,432,None,Move,browsing
1569714594.113,1659,435,None,Move,browsing
1569714594.12,1662,437,None,Move,browsing
1569714594.1279998,1664,439,None,Move,browsing
1569714594.135,1668,441,None,Move,browsing
1569714594.143,1672,446,None,Move,browsing
1569714594.149,1674,448,None,Move,browsing
1569714594.157,1676,450,None,Move,browsing
1569714596.34,1677,465,None,Move,browsing
1569714596.347,1680,481,None,Move,browsing
1569714596.355,1683,503,None,Move,browsing
1569714596.363,1686,518,None,Move,browsing
1569714596.37,1691,542,None,Move,browsing
1569714596.3779998,1695,559,None,Move,browsing
1569714596.385,1698,580,None,Move,browsing
1569714596.3920002,1701,599,None,Move,browsing
1569714596.4,1706,622,None,Move,browsing
1569714596.407,1707,637,None,Move,browsing
1569714596.415,1707,654,None,Move,browsing
1569714596.4220002,1709,670,None,Move,browsing
1569714596.43,1709,689,None,Move,browsing
1569714596.437,1709,703,None,Move,browsing
1569714596.446,1709,718,None,Move,browsing
1569714596.452,1709,732,None,Move,browsing
1569714596.459,1709,743,None,Move,browsing
1569714596.467,1709,755,None,Move,browsing
1569714596.474,1709,762,None,Move,browsing
1569714596.482,1709,770,None,Move,browsing
1569714596.4889998,1709,776,None,Move,browsing
1569714596.4970002,1709,781,None,Move,browsing
1569714596.504,1708,783,None,Move,browsing
1569714596.512,1708,786,None,Move,browsing
1569714596.519,1708,789,None,Move,browsing
1569714596.525,1706,791,None,Move,browsing
1569714596.536,1706,791,None,Move,browsing
1569714596.541,1705,792,None,Move,browsing
1569714596.55,1705,793,None,Move,browsing
1569714596.5579998,1704,793,None,Move,browsing
1569714596.565,1703,793,None,Move,browsing
1569714596.572,1702,793,None,Move,browsing
1569714596.994,1700,789,None,Move,browsing
1569714597.012,1698,781,None,Move,browsing
1569714597.0229998,1695,773,None,Move,browsing
1569714597.03,1694,766,None,Move,browsing
1569714597.0370002,1691,758,None,Move,browsing
1569714597.043,1689,751,None,Move,browsing
1569714597.048,1687,747,None,Move,browsing
1569714597.055,1686,742,None,Move,browsing
1569714597.062,1685,739,None,Move,browsing
1569714597.07,1684,736,None,Move,browsing
1569714597.077,1683,734,None,Move,browsing
1569714597.082,1682,732,None,Move,browsing
1569714597.092,1681,730,None,Move,browsing
1569714597.1,1681,728,None,Move,browsing
1569714597.107,1680,727,None,Move,browsing
1569714597.115,1679,724,None,Move,browsing
1569714597.123,1679,723,None,Move,browsing
1569714597.1279998,1678,722,None,Move,browsing
1569714597.137,1677,720,None,Move,browsing
1569714597.1420002,1677,719,None,Move,browsing
1569714597.1520002,1677,719,None,Move,browsing
1569714597.159,1676,716,None,Move,browsing
1569714597.165,1675,715,None,Move,browsing
1569714597.175,1674,714,None,Move,browsing
1569714597.1829998,1674,713,None,Move,browsing
1569714597.19,1673,712,None,Move,browsing
1569714597.198,1673,711,None,Move,browsing
1569714597.205,1672,710,None,Move,browsing
1569714597.212,1672,709,None,Move,browsing
1569714597.221,1671,708,None,Move,browsing
1569714597.235,1671,707,None,Move,browsing
1569714597.242,1671,707,None,Move,browsing
1569714597.25,1671,707,None,Move,browsing
1569714597.265,1670,706,None,Move,browsing
1569714597.2870002,1670,705,None,Move,browsing
1569714597.302,1669,705,None,Move,browsing
1569714597.31,1669,704,None,Move,browsing
1569714597.345,1669,704,None,Move,browsing
1569714597.701,1669,704,Left,Pressed,browsing
1569714597.916,1669,704,Left,Released,browsing
1569714600.133,1669,706,None,Move,browsing
1569714600.141,1669,709,None,Move,browsing
1569714600.1479998,1670,713,None,Move,browsing
1569714600.156,1670,716,None,Move,browsing
1569714600.163,1671,719,None,Move,browsing
1569714600.171,1672,724,None,Move,browsing
1569714600.178,1672,727,None,Move,browsing
1569714600.186,1673,731,None,Move,browsing
1569714600.1929998,1673,734,None,Move,browsing
1569714600.201,1674,737,None,Move,browsing
1569714600.21,1674,740,None,Move,browsing
1569714600.216,1674,743,None,Move,browsing
1569714600.224,1674,744,None,Move,browsing
1569714600.231,1675,746,None,Move,browsing
1569714600.238,1675,747,None,Move,browsing
1569714600.246,1675,750,None,Move,browsing
1569714600.2529998,1675,751,None,Move,browsing
1569714600.2610002,1675,752,None,Move,browsing
1569714600.268,1675,752,None,Move,browsing
1569714600.276,1675,753,None,Move,browsing
1569714600.283,1676,754,None,Move,browsing
1569714600.29,1676,754,None,Move,browsing
1569714600.298,1677,755,None,Move,browsing
1569714600.305,1677,756,None,Move,browsing
1569714600.313,1678,757,None,Move,browsing
1569714600.32,1678,758,None,Move,browsing
1569714600.329,1679,759,None,Move,browsing
1569714600.335,1679,760,None,Move,browsing
1569714600.343,1679,760,None,Move,browsing
1569714600.35,1679,761,None,Move,browsing
1569714600.357,1680,762,None,Move,browsing
1569714600.3660002,1680,762,None,Move,browsing
1569714600.3720002,1681,763,None,Move,browsing
1569714600.38,1681,765,None,Move,browsing
1569714600.3879998,1682,765,None,Move,browsing
1569714600.395,1682,766,None,Move,browsing
1569714600.4020002,1682,767,None,Move,browsing
1569714600.417,1683,767,None,Move,browsing
1569714600.4320002,1683,768,None,Move,browsing
1569714600.447,1684,769,None,Move,browsing
1569714600.469,1684,770,None,Move,browsing
1569714600.4770002,1685,770,None,Move,browsing
1569714600.5070002,1685,770,None,Move,browsing
1569714600.569,1686,770,None,Move,browsing
1569714600.627,1686,770,None,Move,browsing
1569714600.6420002,1686,770,None,Move,browsing
1569714600.657,1686,769,None,Move,browsing
1569714600.679,1686,769,None,Move,browsing
1569714600.701,1686,768,None,Move,browsing
1569714600.717,1686,767,None,Move,browsing
1569714600.724,1687,767,None,Move,browsing
1569714600.738,1687,766,None,Move,browsing
1569714600.7529998,1687,766,None,Move,browsing
1569714600.76,1687,766,None,Move,browsing
1569714600.776,1687,764,None,Move,browsing
1569714600.791,1687,763,None,Move,browsing
1569714600.82,1687,763,None,Move,browsing
1569714600.85,1688,762,None,Move,browsing
1569714600.873,1688,761,None,Move,browsing
1569714600.8879998,1689,761,None,Move,browsing
1569714600.896,1689,760,None,Move,browsing
1569714600.911,1689,759,None,Move,browsing
1569714600.918,1689,758,None,Move,browsing
1569714600.925,1689,758,None,Move,browsing
1569714600.9329998,1689,757,None,Move,browsing
1569714600.947,1689,756,None,Move,browsing
1569714600.954,1689,756,None,Move,browsing
1569714601.3,1689,756,Left,Pressed,browsing
1569714601.516,1689,756,Left,Released,browsing
1569714604.853,1680,750,None,Move,browsing
1569714604.86,1672,743,None,Move,browsing
1569714604.8679998,1660,736,None,Move,browsing
1569714604.875,1647,725,None,Move,browsing
1569714604.883,1635,713,None,Move,browsing
1569714604.889,1625,705,None,Move,browsing
1569714604.9,1615,696,None,Move,browsing
1569714604.906,1605,689,None,Move,browsing
1569714604.915,1596,683,None,Move,browsing
1569714604.921,1589,678,None,Move,browsing
1569714604.929,1583,673,None,Move,browsing
1569714604.938,1578,670,None,Move,browsing
1569714604.9420002,1574,668,None,Move,browsing
1569714604.952,1571,667,None,Move,browsing
1569714604.959,1570,666,None,Move,browsing
1569714604.967,1568,664,None,Move,browsing
1569714604.974,1566,663,None,Move,browsing
1569714604.982,1566,663,None,Move,browsing
1569714604.9889998,1565,662,None,Move,browsing
1569714604.996,1564,662,None,Move,browsing
1569714605.004,1563,662,None,Move,browsing
1569714605.0110002,1563,662,None,Move,browsing
1569714605.019,1562,662,None,Move,browsing
1569714605.0270002,1561,662,None,Move,browsing
1569714605.034,1561,662,None,Move,browsing
1569714605.041,1559,662,None,Move,browsing
1569714605.049,1558,662,None,Move,browsing
1569714605.0570002,1558,662,None,Move,browsing
1569714605.063,1556,662,None,Move,browsing
1569714605.071,1554,662,None,Move,browsing
1569714605.079,1553,662,None,Move,browsing
1569714605.086,1550,662,None,Move,browsing
1569714605.093,1547,663,None,Move,browsing
1569714605.101,1545,663,None,Move,browsing
1569714605.1079998,1542,665,None,Move,browsing
1569714605.1160002,1539,666,None,Move,browsing
1569714605.123,1536,668,None,Move,browsing
1569714605.1320002,1535,669,None,Move,browsing
1569714605.137,1531,670,None,Move,browsing
1569714605.145,1528,671,None,Move,browsing
1569714605.1520002,1525,672,None,Move,browsing
1569714605.16,1523,673,None,Move,browsing
1569714605.168,1520,675,None,Move,browsing
1569714605.175,1517,675,None,Move,browsing
1569714605.181,1513,676,None,Move,browsing
1569714605.191,1510,676,None,Move,browsing
1569714605.198,1507,676,None,Move,browsing
1569714605.206,1503,676,None,Move,browsing
1569714605.2129998,1498,676,None,Move,browsing
1569714605.221,1492,675,None,Move,browsing
1569714605.228,1488,672,None,Move,browsing
1569714605.235,1481,670,None,Move,browsing
1569714605.244,1477,666,None,Move,browsing
1569714605.25,1469,659,None,Move,browsing
1569714605.258,1463,652,None,Move,browsing
1569714605.266,1456,645,None,Move,browsing
1569714605.2729998,1450,634,None,Move,browsing
1569714605.281,1443,628,None,Move,browsing
1569714605.288,1440,619,None,Move,browsing
1569714605.296,1436,612,None,Move,browsing
1569714605.303,1431,603,None,Move,browsing
1569714605.3079998,1428,594,None,Move,browsing
1569714605.319,1426,587,None,Move,browsing
1569714605.326,1423,578,None,Move,browsing
1569714605.334,1421,569,None,Move,browsing
1569714605.341,1418,562,None,Move,browsing
1569714605.3479998,1417,553,None,Move,browsing
1569714605.355,1416,545,None,Move,browsing
1569714605.363,1416,539,None,Move,browsing
1569714605.3720002,1415,532,None,Move,browsing
1569714605.379,1415,530,None,Move,browsing
1569714605.3860002,1415,527,None,Move,browsing
1569714605.3920002,1415,524,None,Move,browsing
1569714605.401,1415,523,None,Move,browsing
1569714605.409,1414,521,None,Move,browsing
1569714605.416,1414,520,None,Move,browsing
1569714605.424,1414,520,None,Move,browsing
1569714605.956,1406,515,None,Move,browsing
1569714605.967,1393,502,None,Move,browsing
1569714605.978,1379,490,None,Move,browsing
1569714605.986,1367,480,None,Move,browsing
1569714605.9929998,1354,469,None,Move,browsing
1569714606.0,1343,458,None,Move,browsing
1569714606.0070002,1335,448,None,Move,browsing
1569714606.015,1326,440,None,Move,browsing
1569714606.0229998,1316,431,None,Move,browsing
1569714606.03,1309,425,None,Move,browsing
1569714606.0370002,1300,418,None,Move,browsing
1569714606.045,1294,413,None,Move,browsing
1569714606.051,1289,409,None,Move,browsing
1569714606.0579998,1285,404,None,Move,browsing
1569714606.066,1280,402,None,Move,browsing
1569714606.077,1277,398,None,Move,browsing
1569714606.083,1274,396,None,Move,browsing
1569714606.091,1272,393,None,Move,browsing
1569714606.0979998,1270,391,None,Move,browsing
1569714606.106,1267,387,None,Move,browsing
1569714606.113,1264,384,None,Move,browsing
1569714606.12,1259,381,None,Move,browsing
1569714606.1279998,1258,378,None,Move,browsing
1569714606.1360002,1255,375,None,Move,browsing
1569714606.144,1252,373,None,Move,browsing
1569714606.15,1249,371,None,Move,browsing
1569714606.158,1247,368,None,Move,browsing
1569714606.166,1244,366,None,Move,browsing
1569714606.173,1242,364,None,Move,browsing
1569714606.18,1240,362,None,Move,browsing
1569714606.188,1237,360,None,Move,browsing
1569714606.196,1235,358,None,Move,browsing
1569714606.2029998,1232,356,None,Move,browsing
1569714606.21,1230,354,None,Move,browsing
1569714606.218,1230,353,None,Move,browsing
1569714606.226,1228,352,None,Move,browsing
1569714606.2329998,1227,351,None,Move,browsing
1569714606.24,1227,349,None,Move,browsing
1569714606.248,1225,349,None,Move,browsing
1569714606.255,1224,348,None,Move,browsing
1569714606.2629998,1224,347,None,Move,browsing
1569714606.271,1223,346,None,Move,browsing
1569714606.278,1222,346,None,Move,browsing
1569714606.285,1221,345,None,Move,browsing
1569714606.293,1221,344,None,Move,browsing
1569714606.3,1220,344,None,Move,browsing
1569714606.3079998,1219,342,None,Move,browsing
1569714606.315,1217,341,None,Move,browsing
1569714606.323,1217,340,None,Move,browsing
1569714606.33,1216,340,None,Move,browsing
1569714606.339,1215,339,None,Move,browsing
1569714606.345,1215,338,None,Move,browsing
1569714606.353,1214,338,None,Move,browsing
1569714606.359,1213,337,None,Move,browsing
1569714606.369,1213,336,None,Move,browsing
1569714606.3739998,1212,335,None,Move,browsing
1569714606.3839998,1210,334,None,Move,browsing
1569714606.3920002,1209,333,None,Move,browsing
1569714606.399,1209,332,None,Move,browsing
1569714606.406,1208,332,None,Move,browsing
1569714606.414,1207,331,None,Move,browsing
1569714606.4220002,1206,330,None,Move,browsing
1569714606.428,1206,329,None,Move,browsing
1569714606.436,1205,329,None,Move,browsing
1569714606.4429998,1204,327,None,Move,browsing
1569714606.45,1203,327,None,Move,browsing
1569714606.458,1203,326,None,Move,browsing
1569714606.465,1203,326,None,Move,browsing
1569714606.748,1203,326,Left,Pressed,browsing
1569714606.962,1203,326,Left,Released,browsing
1569714607.729,1206,331,None,Move,browsing
1569714607.736,1214,340,None,Move,browsing
1569714607.744,1219,352,None,Move,browsing
1569714607.7510002,1224,360,None,Move,browsing
1569714607.7610002,1232,369,None,Move,browsing
1569714607.7670002,1240,378,None,Move,browsing
1569714607.774,1247,391,None,Move,browsing
1569714607.782,1255,398,None,Move,browsing
1569714607.79,1261,406,None,Move,browsing
1569714607.7970002,1270,414,None,Move,browsing
1569714607.806,1277,423,None,Move,browsing
1569714607.812,1286,436,None,Move,browsing
1569714607.82,1296,445,None,Move,browsing
1569714607.8279998,1307,455,None,Move,browsing
1569714607.835,1315,464,None,Move,browsing
1569714607.842,1324,473,None,Move,browsing
1569714607.85,1333,481,None,Move,browsing
1569714607.857,1341,491,None,Move,browsing
1569714607.865,1351,500,None,Move,browsing
1569714607.8720002,1360,507,None,Move,browsing
1569714607.88,1368,514,None,Move,browsing
1569714607.8879998,1377,521,None,Move,browsing
1569714607.895,1386,529,None,Move,browsing
1569714607.9020002,1392,535,None,Move,browsing
1569714607.91,1400,543,None,Move,browsing
1569714607.917,1406,548,None,Move,browsing
1569714607.925,1412,554,None,Move,browsing
1569714607.9320002,1417,557,None,Move,browsing
1569714607.94,1421,560,None,Move,browsing
1569714607.947,1426,565,None,Move,browsing
1569714607.955,1428,568,None,Move,browsing
1569714607.962,1431,569,None,Move,browsing
1569714607.97,1434,571,None,Move,browsing
1569714607.9770002,1436,574,None,Move,browsing
1569714607.985,1438,576,None,Move,browsing
1569714607.9929998,1439,577,None,Move,browsing
1569714608.0,1440,577,None,Move,browsing
1569714608.0070002,1442,578,None,Move,browsing
1569714608.015,1442,579,None,Move,browsing
1569714608.022,1443,580,None,Move,browsing
1569714608.03,1444,581,None,Move,browsing
1569714608.0370002,1445,582,None,Move,browsing
1569714608.045,1445,583,None,Move,browsing
1569714608.052,1446,583,None,Move,browsing
1569714608.06,1446,583,None,Move,browsing
1569714608.076,1447,583,None,Move,browsing
1569714608.081,1447,584,None,Move,browsing
1569714608.09,1447,584,None,Move,browsing
1569714608.111,1447,585,None,Move,browsing
1569714608.12,1449,585,None,Move,browsing
1569714608.1420002,1450,585,None,Move,browsing
1569714608.1479998,1450,586,None,Move,browsing
1569714608.187,1450,586,None,Move,browsing
1569714609.272,1432,586,None,Move,browsing
1569714609.279,1395,586,None,Move,browsing
1569714609.2870002,1350,586,None,Move,browsing
1569714609.295,1313,586,None,Move,browsing
1569714609.302,1269,586,None,Move,browsing
1569714609.31,1245,586,None,Move,browsing
1569714609.3170002,1206,590,None,Move,browsing
1569714609.325,1181,591,None,Move,browsing
1569714609.332,1166,595,None,Move,browsing
1569714609.34,1149,600,None,Move,browsing
1569714609.347,1134,604,None,Move,browsing
1569714609.355,1122,608,None,Move,browsing
1569714609.3620002,1113,610,None,Move,browsing
1569714609.37,1106,613,None,Move,browsing
1569714609.377,1097,615,None,Move,browsing
1569714609.385,1090,619,None,Move,browsing
1569714609.3920002,1086,621,None,Move,browsing
1569714609.4,1082,623,None,Move,browsing
1569714609.408,1077,625,None,Move,browsing
1569714609.413,1075,626,None,Move,browsing
1569714609.421,1073,627,None,Move,browsing
1569714609.431,1070,629,None,Move,browsing
1569714609.439,1069,629,None,Move,browsing
1569714609.446,1067,630,None,Move,browsing
1569714609.454,1066,630,None,Move,browsing
1569714609.461,1065,630,None,Move,browsing
1569714609.469,1062,630,None,Move,browsing
1569714609.476,1060,631,None,Move,browsing
1569714609.4829998,1059,631,None,Move,browsing
1569714609.4910002,1057,632,None,Move,browsing
1569714609.498,1055,632,None,Move,browsing
1569714609.506,1053,633,None,Move,browsing
1569714609.5129998,1051,633,None,Move,browsing
1569714609.521,1049,634,None,Move,browsing
1569714609.528,1048,634,None,Move,browsing
1569714609.536,1047,634,None,Move,browsing
1569714609.543,1045,634,None,Move,browsing
1569714609.551,1045,635,None,Move,browsing
1569714609.5579998,1044,635,None,Move,browsing
1569714609.564,1043,635,None,Move,browsing
1569714609.574,1043,635,None,Move,browsing
1569714609.581,1042,635,None,Move,browsing
1569714609.589,1041,635,None,Move,browsing
1569714609.596,1040,635,None,Move,browsing
1569714609.619,1040,635,None,Move,browsing
1569714609.649,1039,635,None,Move,browsing
1569714609.694,1039,635,None,Move,browsing
1569714609.702,1041,635,None,Move,browsing
1569714609.709,1046,635,None,Move,browsing
1569714609.717,1056,635,None,Move,browsing
1569714609.724,1066,635,None,Move,browsing
1569714609.732,1078,635,None,Move,browsing
1569714609.7389998,1089,635,None,Move,browsing
1569714609.7470002,1101,635,None,Move,browsing
1569714609.754,1110,635,None,Move,browsing
1569714609.762,1121,635,None,Move,browsing
1569714609.769,1131,635,None,Move,browsing
1569714609.776,1141,635,None,Move,browsing
1569714609.784,1148,635,None,Move,browsing
1569714609.791,1156,635,None,Move,browsing
1569714609.799,1165,635,None,Move,browsing
1569714609.8070002,1170,635,None,Move,browsing
1569714609.814,1176,638,None,Move,browsing
1569714609.821,1179,638,None,Move,browsing
1569714609.829,1183,639,None,Move,browsing
1569714609.837,1187,639,None,Move,browsing
1569714609.844,1191,639,None,Move,browsing
1569714609.851,1193,640,None,Move,browsing
1569714609.859,1195,640,None,Move,browsing
1569714609.8660002,1198,640,None,Move,browsing
1569714609.8739998,1201,641,None,Move,browsing
1569714609.881,1202,641,None,Move,browsing
1569714609.8879998,1204,642,None,Move,browsing
1569714609.896,1206,643,None,Move,browsing
1569714609.903,1208,643,None,Move,browsing
1569714609.911,1210,644,None,Move,browsing
1569714609.919,1212,645,None,Move,browsing
1569714609.926,1213,646,None,Move,browsing
1569714609.9329998,1215,647,None,Move,browsing
1569714609.941,1218,647,None,Move,browsing
1569714609.949,1220,648,None,Move,browsing
1569714609.956,1221,649,None,Move,browsing
1569714609.9629998,1223,650,None,Move,browsing
1569714609.971,1224,651,None,Move,browsing
1569714609.978,1225,651,None,Move,browsing
1569714609.986,1227,651,None,Move,browsing
1569714609.994,1228,651,None,Move,browsing
1569714610.0010002,1228,652,None,Move,browsing
1569714610.008,1229,652,None,Move,browsing
1569714610.016,1230,652,None,Move,browsing
1569714610.024,1230,653,None,Move,browsing
1569714610.031,1231,653,None,Move,browsing
1569714610.036,1233,653,None,Move,browsing
1569714610.055,1233,653,None,Move,browsing
1569714610.06,1233,654,None,Move,browsing
1569714610.075,1234,654,None,Move,browsing
1569714610.106,1235,654,None,Move,browsing
1569714610.1279998,1235,655,None,Move,browsing
1569714610.146,1236,655,None,Move,browsing
1569714610.2029998,1236,655,None,Move,browsing
1569714610.4220002,1236,655,None,Move,browsing
1569714610.445,1236,655,None,Move,browsing
1569714610.452,1236,655,None,Move,browsing
1569714610.459,1235,655,None,Move,browsing
1569714610.475,1234,655,None,Move,browsing
1569714610.482,1234,655,None,Move,browsing
1569714610.49,1234,654,None,Move,browsing
1569714610.496,1233,654,None,Move,browsing
1569714610.512,1231,654,None,Move,browsing
1569714610.526,1231,654,None,Move,browsing
1569714610.535,1231,653,None,Move,browsing
1569714610.55,1230,653,None,Move,browsing
1569714610.572,1229,653,None,Move,browsing
1569714610.594,1229,652,None,Move,browsing
1569714610.601,1229,652,None,Move,browsing
1569714610.6079998,1229,650,None,Move,browsing
1569714611.1260002,1228,650,None,Move,browsing
1569714611.14,1227,650,None,Move,browsing
1569714611.151,1227,650,None,Move,browsing
1569714611.158,1226,650,None,Move,browsing
1569714611.164,1225,650,None,Move,browsing
1569714611.17,1225,650,None,Move,browsing
1569714611.178,1224,650,None,Move,browsing
1569714611.186,1222,650,None,Move,browsing
1569714611.1920002,1222,650,None,Move,browsing
1569714611.2,1222,650,None,Move,browsing
1569714611.216,1221,649,None,Move,browsing
1569714611.2389998,1220,648,None,Move,browsing
1569714611.255,1220,647,None,Move,browsing
1569714611.284,1219,647,None,Move,browsing
1569714611.666,1219,647,Left,Pressed,browsing
1569714611.883,1219,647,Left,Released,browsing
1569714612.094,1228,650,None,Move,browsing
1569714612.109,1241,652,None,Move,browsing
1569714612.117,1257,658,None,Move,browsing
1569714612.1239998,1272,661,None,Move,browsing
1569714612.131,1291,664,None,Move,browsing
1569714612.1379998,1306,666,None,Move,browsing
1569714612.145,1328,673,None,Move,browsing
1569714612.1520002,1343,675,None,Move,browsing
1569714612.16,1362,680,None,Move,browsing
1569714612.169,1377,683,None,Move,browsing
1569714612.175,1397,689,None,Move,browsing
1569714612.1820002,1412,693,None,Move,browsing
1569714612.19,1429,697,None,Move,browsing
1569714612.197,1449,703,None,Move,browsing
1569714612.206,1464,707,None,Move,browsing
1569714612.212,1478,713,None,Move,browsing
1569714612.22,1493,718,None,Move,browsing
1569714612.2270002,1507,724,None,Move,browsing
1569714612.235,1521,731,None,Move,browsing
1569714612.2429998,1533,735,None,Move,browsing
1569714612.2489998,1547,740,None,Move,browsing
1569714612.2570002,1559,746,None,Move,browsing
1569714612.264,1571,750,None,Move,browsing
1569714612.2729998,1583,754,None,Move,browsing
1569714612.279,1592,759,None,Move,browsing
1569714612.2870002,1603,762,None,Move,browsing
1569714612.294,1613,764,None,Move,browsing
1569714612.302,1622,765,None,Move,browsing
1569714612.309,1627,769,None,Move,browsing
1569714612.316,1633,770,None,Move,browsing
1569714612.324,1637,771,None,Move,browsing
1569714612.332,1639,772,None,Move,browsing
1569714612.339,1644,772,None,Move,browsing
1569714612.346,1646,772,None,Move,browsing
1569714612.354,1649,772,None,Move,browsing
1569714612.361,1652,772,None,Move,browsing
1569714612.369,1654,772,None,Move,browsing
1569714612.3760002,1657,772,None,Move,browsing
1569714612.3839998,1660,772,None,Move,browsing
1569714612.391,1663,772,None,Move,browsing
1569714612.399,1666,772,None,Move,browsing
1569714612.406,1671,772,None,Move,browsing
1569714612.413,1674,771,None,Move,browsing
1569714612.421,1677,770,None,Move,browsing
1569714612.428,1681,768,None,Move,browsing
1569714612.436,1685,767,None,Move,browsing
1569714612.4420002,1691,766,None,Move,browsing
1569714612.451,1695,765,None,Move,browsing
1569714612.457,1702,764,None,Move,browsing
1569714612.467,1706,763,None,Move,browsing
1569714612.472,1711,762,None,Move,browsing
1569714612.48,1715,761,None,Move,browsing
1569714612.488,1719,760,None,Move,browsing
1569714612.496,1724,758,None,Move,browsing
1569714612.502,1727,757,None,Move,browsing
1569714612.5089998,1729,756,None,Move,browsing
1569714612.515,1731,756,None,Move,browsing
1569714612.525,1733,756,None,Move,browsing
1569714612.532,1734,756,None,Move,browsing
1569714612.54,1734,756,None,Move,browsing
1569714612.549,1735,756,None,Move,browsing
1569714612.556,1736,756,None,Move,browsing
1569714612.563,1737,756,None,Move,browsing
1569714612.5779998,1738,756,None,Move,browsing
1569714612.592,1739,756,None,Move,browsing
1569714612.615,1740,756,None,Move,browsing
1569714612.6520002,1740,756,None,Move,browsing
1569714612.8620002,1740,756,None,Move,browsing
1569714612.875,1738,756,None,Move,browsing
1569714612.8879998,1737,756,None,Move,browsing
1569714612.899,1735,756,None,Move,browsing
1569714612.904,1734,756,None,Move,browsing
1569714612.91,1732,756,None,Move,browsing
1569714612.915,1729,756,None,Move,browsing
1569714612.9220002,1728,755,None,Move,browsing
1569714612.93,1726,754,None,Move,browsing
1569714612.936,1724,753,None,Move,browsing
1569714612.9429998,1722,752,None,Move,browsing
1569714612.951,1720,751,None,Move,browsing
1569714612.958,1719,751,None,Move,browsing
1569714613.313,1719,751,Left,Pressed,browsing
1569714613.528,1719,751,Left,Released,browsing
1569714614.252,1717,751,None,Move,browsing
1569714614.271,1712,752,None,Move,browsing
1569714614.281,1710,752,None,Move,browsing
1569714614.289,1704,753,None,Move,browsing
1569714614.296,1702,753,None,Move,browsing
1569714614.304,1699,753,None,Move,browsing
1569714614.311,1695,753,None,Move,browsing
1569714614.32,1693,753,None,Move,browsing
1569714614.326,1690,753,None,Move,browsing
1569714614.332,1686,753,None,Move,browsing
1569714614.342,1684,753,None,Move,browsing
1569714614.347,1682,753,None,Move,browsing
1569714614.355,1679,753,None,Move,browsing
1569714614.3660002,1678,753,None,Move,browsing
1569714614.373,1676,753,None,Move,browsing
1569714614.379,1674,753,None,Move,browsing
1569714614.389,1674,753,None,Move,browsing
1569714614.396,1673,753,None,Move,browsing
1569714614.404,1672,753,None,Move,browsing
1569714614.411,1671,753,None,Move,browsing
1569714614.419,1670,753,None,Move,browsing
1569714614.426,1669,753,None,Move,browsing
1569714614.434,1669,753,None,Move,browsing
1569714614.441,1668,753,None,Move,browsing
1569714614.449,1667,753,None,Move,browsing
1569714614.456,1667,753,None,Move,browsing
1569714614.471,1666,753,None,Move,browsing
1569714614.5,1664,753,None,Move,browsing
1569714614.538,1664,753,None,Move,browsing
1569714614.621,1664,754,None,Move,browsing
1569714614.6279998,1664,755,None,Move,browsing
1569714614.635,1664,755,None,Move,browsing
1569714614.643,1664,757,None,Move,browsing
1569714614.65,1664,760,None,Move,browsing
1569714614.658,1665,763,None,Move,browsing
1569714614.665,1666,765,None,Move,browsing
1569714614.6720002,1667,767,None,Move,browsing
1569714614.68,1668,770,None,Move,browsing
1569714614.687,1669,771,None,Move,browsing
1569714614.695,1670,773,None,Move,browsing
1569714614.702,1670,774,None,Move,browsing
1569714614.709,1670,775,None,Move,browsing
1569714614.717,1671,775,None,Move,browsing
1569714614.724,1671,776,None,Move,browsing
1569714614.731,1671,778,None,Move,browsing
1569714614.7389998,1671,778,None,Move,browsing
1569714614.7470002,1671,779,None,Move,browsing
1569714614.776,1671,780,None,Move,browsing
1569714614.791,1672,780,None,Move,browsing
1569714615.094,1672,780,Left,Pressed,browsing
1569714615.31,1672,780,Left,Released,browsing
1569714616.919,1674,783,None,Move,browsing
1569714616.927,1676,786,None,Move,browsing
1569714616.934,1677,790,None,Move,browsing
1569714616.9429998,1677,791,None,Move,browsing
1569714616.95,1678,793,None,Move,browsing
1569714616.957,1678,795,None,Move,browsing
1569714616.965,1679,796,None,Move,browsing
1569714616.971,1679,797,None,Move,browsing
1569714616.98,1681,799,None,Move,browsing
1569714616.988,1681,800,None,Move,browsing
1569714616.994,1682,800,None,Move,browsing
1569714617.002,1682,802,None,Move,browsing
1569714617.0089998,1683,802,None,Move,browsing
1569714617.0170002,1684,805,None,Move,browsing
1569714617.024,1684,806,None,Move,browsing
1569714617.032,1685,807,None,Move,browsing
1569714617.039,1686,808,None,Move,browsing
1569714617.0470002,1687,809,None,Move,browsing
1569714617.053,1688,809,None,Move,browsing
1569714617.062,1689,810,None,Move,browsing
1569714617.07,1690,811,None,Move,browsing
1569714617.077,1690,812,None,Move,browsing
1569714617.085,1690,813,None,Move,browsing
1569714617.092,1690,814,None,Move,browsing
1569714617.1,1690,814,None,Move,browsing
1569714617.107,1691,815,None,Move,browsing
1569714617.113,1691,816,None,Move,browsing
1569714617.123,1692,817,None,Move,browsing
1569714617.1379998,1692,817,None,Move,browsing
1569714617.145,1692,817,None,Move,browsing
1569714617.159,1692,818,None,Move,browsing
1569714617.191,1693,819,None,Move,browsing
1569714617.235,1693,820,None,Move,browsing
1569714617.552,1693,820,Left,Pressed,browsing
1569714617.766,1693,820,Left,Released,browsing
1569714638.649,1693,813,None,Move,browsing
1569714638.657,1692,805,None,Move,browsing
1569714638.664,1689,793,None,Move,browsing
1569714638.6720002,1688,783,None,Move,browsing
1569714638.68,1685,771,None,Move,browsing
1569714638.687,1681,759,None,Move,browsing
1569714638.695,1678,747,None,Move,browsing
1569714638.702,1674,733,None,Move,browsing
1569714638.71,1670,719,None,Move,browsing
1569714638.717,1663,704,None,Move,browsing
1569714638.725,1659,690,None,Move,browsing
1569714638.732,1654,676,None,Move,browsing
1569714638.742,1648,663,None,Move,browsing
1569714638.7470002,1644,649,None,Move,browsing
1569714638.756,1639,635,None,Move,browsing
1569714638.7610002,1635,625,None,Move,browsing
1569714638.771,1631,613,None,Move,browsing
1569714638.778,1625,602,None,Move,browsing
1569714638.786,1623,595,None,Move,browsing
1569714638.793,1620,586,None,Move,browsing
1569714638.801,1617,580,None,Move,browsing
1569714638.8079998,1613,573,None,Move,browsing
1569714638.816,1609,565,None,Move,browsing
1569714638.822,1607,561,None,Move,browsing
1569714638.83,1606,559,None,Move,browsing
1569714638.8379998,1602,554,None,Move,browsing
1569714638.846,1601,552,None,Move,browsing
1569714638.853,1599,550,None,Move,browsing
1569714638.86,1597,548,None,Move,browsing
1569714638.8679998,1596,545,None,Move,browsing
1569714638.875,1594,543,None,Move,browsing
1569714638.8820002,1594,543,None,Move,browsing
1569714638.891,1593,542,None,Move,browsing
1569714638.8979998,1592,541,None,Move,browsing
1569714638.905,1591,541,None,Move,browsing
1569714638.913,1591,540,None,Move,browsing
1569714638.92,1590,539,None,Move,browsing
1569714638.928,1589,538,None,Move,browsing
1569714638.935,1589,537,None,Move,browsing
1569714638.9420002,1587,537,None,Move,browsing
1569714638.95,1586,536,None,Move,browsing
1569714638.971,1586,536,None,Move,browsing
1569714638.988,1585,536,None,Move,browsing
1569714639.0110002,1584,536,None,Move,browsing
1569714639.033,1584,536,None,Move,browsing
1569714639.045,1583,536,None,Move,browsing
1569714639.056,1583,536,None,Move,browsing
1569714639.064,1582,536,None,Move,browsing
1569714639.071,1582,538,None,Move,browsing
1569714639.0779998,1582,541,None,Move,browsing
1569714639.086,1582,545,None,Move,browsing
1569714639.093,1582,551,None,Move,browsing
1569714639.1020002,1582,555,None,Move,browsing
1569714639.1079998,1582,560,None,Move,browsing
1569714639.1160002,1582,565,None,Move,browsing
1569714639.123,1582,570,None,Move,browsing
1569714639.131,1583,574,None,Move,browsing
1569714639.1379998,1584,580,None,Move,browsing
1569714639.1479998,1585,585,None,Move,browsing
1569714639.153,1586,591,None,Move,browsing
1569714639.161,1588,595,None,Move,browsing
1569714639.169,1591,599,None,Move,browsing
1569714639.176,1593,604,None,Move,browsing
1569714639.1829998,1595,609,None,Move,browsing
1569714639.1920002,1597,614,None,Move,browsing
1569714639.198,1602,619,None,Move,browsing
1569714639.206,1603,622,None,Move,browsing
1569714639.2129998,1607,627,None,Move,browsing
1569714639.221,1609,631,None,Move,browsing
1569714639.228,1612,635,None,Move,browsing
1569714639.236,1614,638,None,Move,browsing
1569714639.2429998,1616,641,None,Move,browsing
1569714639.25,1618,645,None,Move,browsing
1569714639.258,1620,648,None,Move,browsing
1569714639.266,1622,650,None,Move,browsing
1569714639.2729998,1624,651,None,Move,browsing
1569714639.28,1626,654,None,Move,browsing
1569714639.288,1628,656,None,Move,browsing
1569714639.295,1631,658,None,Move,browsing
1569714639.304,1632,660,None,Move,browsing
1569714639.31,1634,661,None,Move,browsing
1569714639.3179998,1636,664,None,Move,browsing
1569714639.326,1638,666,None,Move,browsing
1569714639.333,1641,667,None,Move,browsing
1569714639.341,1642,668,None,Move,browsing
1569714639.3479998,1644,669,None,Move,browsing
1569714639.355,1646,670,None,Move,browsing
1569714639.363,1649,670,None,Move,browsing
1569714639.37,1650,672,None,Move,browsing
1569714639.3779998,1651,673,None,Move,browsing
1569714639.385,1653,674,None,Move,browsing
1569714639.393,1653,674,None,Move,browsing
1569714639.4,1654,674,None,Move,browsing
1569714639.408,1655,674,None,Move,browsing
1569714639.416,1656,674,None,Move,browsing
1569714639.423,1658,674,None,Move,browsing
1569714639.431,1659,675,None,Move,browsing
1569714639.438,1659,675,None,Move,browsing
1569714639.4429998,1660,675,None,Move,browsing
1569714639.454,1661,675,None,Move,browsing
1569714639.461,1661,675,None,Move,browsing
1569714639.468,1662,675,None,Move,browsing
1569714639.476,1664,676,None,Move,browsing
1569714639.482,1664,676,None,Move,browsing
1569714639.4910002,1665,676,None,Move,browsing
1569714639.498,1666,676,None,Move,browsing
1569714639.506,1666,676,None,Move,browsing
1569714639.5129998,1667,677,None,Move,browsing
1569714639.521,1668,677,None,Move,browsing
1569714639.5270002,1669,677,None,Move,browsing
1569714639.535,1669,677,None,Move,browsing
1569714639.543,1670,677,None,Move,browsing
1569714639.55,1671,677,None,Move,browsing
1569714639.5579998,1671,678,None,Move,browsing
1569714639.564,1672,678,None,Move,browsing
1569714639.58,1673,680,None,Move,browsing
1569714639.591,1674,680,None,Move,browsing
1569714639.597,1674,680,None,Move,browsing
1569714639.603,1674,681,None,Move,browsing
1569714639.61,1675,681,None,Move,browsing
1569714639.617,1675,682,None,Move,browsing
1569714639.625,1677,682,None,Move,browsing
1569714639.6320002,1677,682,None,Move,browsing
1569714639.639,1677,683,None,Move,browsing
1569714639.647,1678,683,None,Move,browsing
1569714639.654,1678,684,None,Move,browsing
1569714639.669,1679,685,None,Move,browsing
1569714639.684,1679,685,None,Move,browsing
1569714639.6929998,1679,685,None,Move,browsing
1569714639.714,1679,687,None,Move,browsing
1569714639.721,1680,687,None,Move,browsing
1569714639.9910002,1680,687,Left,Pressed,browsing
1569714640.206,1680,687,Left,Released,browsing
1569714642.331,1680,684,None,Move,browsing
1569714642.339,1679,681,None,Move,browsing
1569714642.346,1678,674,None,Move,browsing
1569714642.354,1677,667,None,Move,browsing
1569714642.3620002,1676,658,None,Move,browsing
1569714642.37,1673,649,None,Move,browsing
1569714642.377,1668,639,None,Move,browsing
1569714642.3839998,1664,628,None,Move,browsing
1569714642.393,1660,616,None,Move,browsing
1569714642.4,1653,602,None,Move,browsing
1569714642.407,1648,588,None,Move,browsing
1569714642.414,1641,574,None,Move,browsing
1569714642.4220002,1634,559,None,Move,browsing
1569714642.43,1625,543,None,Move,browsing
1569714642.437,1619,528,None,Move,browsing
1569714642.445,1612,510,None,Move,browsing
1569714642.452,1606,496,None,Move,browsing
1569714642.46,1599,482,None,Move,browsing
1569714642.467,1594,469,None,Move,browsing
1569714642.474,1588,455,None,Move,browsing
1569714642.481,1583,444,None,Move,browsing
1569714642.4889998,1579,434,None,Move,browsing
1569714642.496,1575,423,None,Move,browsing
1569714642.504,1571,413,None,Move,browsing
1569714642.5110002,1568,404,None,Move,browsing
1569714642.519,1564,393,None,Move,browsing
1569714642.5270002,1560,384,None,Move,browsing
1569714642.534,1556,374,None,Move,browsing
1569714642.541,1553,367,None,Move,browsing
1569714642.549,1551,358,None,Move,browsing
1569714642.556,1547,349,None,Move,browsing
1569714642.564,1545,343,None,Move,browsing
1569714642.571,1542,336,None,Move,browsing
1569714642.5779998,1540,332,None,Move,browsing
1569714642.585,1539,325,None,Move,browsing
1569714642.593,1538,322,None,Move,browsing
1569714642.6,1536,319,None,Move,browsing
1569714646.559,1530,319,None,Move,browsing
1569714646.5670002,1515,319,None,Move,browsing
1569714646.574,1497,319,None,Move,browsing
1569714646.582,1473,316,None,Move,browsing
1569714646.59,1432,305,None,Move,browsing
1569714646.596,1394,288,None,Move,browsing
1569714646.606,1350,263,None,Move,browsing
1569714646.611,1310,238,None,Move,browsing
1569714646.621,1267,213,None,Move,browsing
1569714646.629,1224,193,None,Move,browsing
1569714646.6360002,1186,178,None,Move,browsing
1569714646.644,1157,167,None,Move,browsing
1569714646.6520002,1121,158,None,Move,browsing
1569714646.658,1095,155,None,Move,browsing
1569714646.666,1078,154,None,Move,browsing
1569714646.674,1058,154,None,Move,browsing
1569714646.6820002,1043,154,None,Move,browsing
1569714646.689,1025,154,None,Move,browsing
1569714646.697,1012,155,None,Move,browsing
1569714646.7029998,1000,157,None,Move,browsing
1569714646.711,989,159,None,Move,browsing
1569714646.719,981,162,None,Move,browsing
1569714646.726,972,163,None,Move,browsing
1569714646.734,965,163,None,Move,browsing
1569714646.742,958,164,None,Move,browsing
1569714646.7489998,951,165,None,Move,browsing
1569714646.758,947,166,None,Move,browsing
1569714646.7629998,941,166,None,Move,browsing
1569714646.771,938,167,None,Move,browsing
1569714646.778,934,168,None,Move,browsing
1569714646.786,930,169,None,Move,browsing
1569714646.794,927,170,None,Move,browsing
1569714646.801,925,171,None,Move,browsing
1569714646.8070002,921,173,None,Move,browsing
1569714646.816,918,174,None,Move,browsing
1569714646.824,915,176,None,Move,browsing
1569714646.831,910,178,None,Move,browsing
1569714646.839,907,180,None,Move,browsing
1569714646.845,904,184,None,Move,browsing
1569714646.854,898,187,None,Move,browsing
1569714646.86,894,191,None,Move,browsing
1569714646.869,888,195,None,Move,browsing
1569714646.875,883,200,None,Move,browsing
1569714646.883,880,204,None,Move,browsing
1569714646.891,874,210,None,Move,browsing
1569714646.899,871,215,None,Move,browsing
1569714646.905,866,221,None,Move,browsing
1569714646.914,863,224,None,Move,browsing
1569714646.92,859,231,None,Move,browsing
1569714646.928,855,236,None,Move,browsing
1569714646.936,851,243,None,Move,browsing
1569714646.9429998,849,250,None,Move,browsing
1569714646.951,847,259,None,Move,browsing
1569714646.958,846,271,None,Move,browsing
1569714646.966,846,282,None,Move,browsing
1569714646.972,846,289,None,Move,browsing
1569714646.981,846,301,None,Move,browsing
1569714646.988,846,312,None,Move,browsing
1569714646.995,849,324,None,Move,browsing
1569714647.002,852,338,None,Move,browsing
1569714647.01,854,350,None,Move,browsing
1569714647.0170002,860,362,None,Move,browsing
1569714647.025,864,376,None,Move,browsing
1569714647.033,868,388,None,Move,browsing
1569714647.04,875,399,None,Move,browsing
1569714647.0470002,880,411,None,Move,browsing
1569714647.055,887,423,None,Move,browsing
1569714647.062,892,432,None,Move,browsing
1569714647.071,899,446,None,Move,browsing
1569714647.0779998,903,455,None,Move,browsing
1569714647.085,907,462,None,Move,browsing
1569714647.092,913,475,None,Move,browsing
1569714647.1,917,484,None,Move,browsing
1569714647.107,921,491,None,Move,browsing
1569714647.115,926,500,None,Move,browsing
1569714647.1260002,930,509,None,Move,browsing
1569714647.131,932,515,None,Move,browsing
1569714647.137,935,522,None,Move,browsing
1569714647.145,939,528,None,Move,browsing
1569714647.151,942,533,None,Move,browsing
1569714647.158,944,539,None,Move,browsing
1569714647.168,949,545,None,Move,browsing
1569714647.176,951,549,None,Move,browsing
1569714647.1829998,953,555,None,Move,browsing
1569714647.191,955,561,None,Move,browsing
1569714647.198,958,568,None,Move,browsing
1569714647.206,961,574,None,Move,browsing
1569714647.212,964,581,None,Move,browsing
1569714647.221,965,585,None,Move,browsing
1569714647.228,966,590,None,Move,browsing
1569714647.235,966,593,None,Move,browsing
1569714647.2429998,966,595,None,Move,browsing
1569714647.851,966,595,Left,Pressed,browsing
1569714648.065,966,595,Left,Released,browsing
1569714688.684,977,595,None,Move,browsing
1569714688.6920002,992,595,None,Move,browsing
1569714688.7,1011,595,None,Move,browsing
1569714688.707,1024,595,None,Move,browsing
1569714688.716,1039,595,None,Move,browsing
1569714688.722,1057,595,None,Move,browsing
1569714688.73,1072,595,None,Move,browsing
1569714688.735,1088,595,None,Move,browsing
1569714688.745,1106,595,None,Move,browsing
1569714688.752,1120,595,None,Move,browsing
1569714688.7610002,1135,595,None,Move,browsing
1569714688.768,1153,595,None,Move,browsing
1569714688.775,1166,595,None,Move,browsing
1569714688.784,1181,595,None,Move,browsing
1569714688.79,1195,597,None,Move,browsing
1569714688.798,1208,597,None,Move,browsing
1569714688.8070002,1220,598,None,Move,browsing
1569714688.813,1230,598,None,Move,browsing
1569714688.82,1240,599,None,Move,browsing
1569714688.8279998,1250,599,None,Move,browsing
1569714688.835,1257,600,None,Move,browsing
1569714688.843,1266,602,None,Move,browsing
1569714688.85,1271,603,None,Move,browsing
1569714688.8579998,1280,604,None,Move,browsing
1569714688.865,1285,605,None,Move,browsing
1569714688.873,1289,606,None,Move,browsing
1569714688.881,1296,610,None,Move,browsing
1569714688.8879998,1302,612,None,Move,browsing
1569714688.896,1309,616,None,Move,browsing
1569714688.903,1317,623,None,Move,browsing
1569714688.911,1328,632,None,Move,browsing
1569714688.918,1340,644,None,Move,browsing
1569714688.925,1356,659,None,Move,browsing
1569714688.9329998,1373,678,None,Move,browsing
1569714688.94,1394,703,None,Move,browsing
1569714688.948,1411,722,None,Move,browsing
1569714688.971,1425,737,None,Move,browsing
1569714688.9770002,1434,745,None,Move,browsing
1569714688.984,1439,753,None,Move,browsing
1569714689.419,1459,746,None,Move,browsing
1569714689.427,1481,738,None,Move,browsing
1569714689.434,1505,731,None,Move,browsing
1569714689.441,1520,725,None,Move,browsing
1569714689.448,1543,717,None,Move,browsing
1569714689.458,1563,713,None,Move,browsing
1569714689.4629998,1580,710,None,Move,browsing
1569714689.471,1599,704,None,Move,browsing
1569714689.476,1614,700,None,Move,browsing
1569714689.486,1633,697,None,Move,browsing
1569714689.494,1645,695,None,Move,browsing
1569714689.5010002,1660,693,None,Move,browsing
1569714689.508,1674,690,None,Move,browsing
1569714689.516,1686,689,None,Move,browsing
1569714689.524,1697,687,None,Move,browsing
1569714689.532,1708,686,None,Move,browsing
1569714689.539,1718,685,None,Move,browsing
1569714689.5470002,1725,684,None,Move,browsing
1569714689.554,1733,682,None,Move,browsing
1569714689.562,1739,682,None,Move,browsing
1569714689.57,1746,681,None,Move,browsing
1569714689.576,1751,680,None,Move,browsing
1569714689.584,1757,677,None,Move,browsing
1569714689.591,1761,676,None,Move,browsing
1569714689.599,1765,675,None,Move,browsing
1569714689.606,1767,674,None,Move,browsing
1569714689.6139998,1770,672,None,Move,browsing
1569714689.621,1774,670,None,Move,browsing
1569714689.629,1776,667,None,Move,browsing
1569714689.6360002,1779,665,None,Move,browsing
1569714689.644,1781,663,None,Move,browsing
1569714689.651,1783,661,None,Move,browsing
1569714689.658,1786,657,None,Move,browsing
1569714689.667,1788,656,None,Move,browsing
1569714689.674,1792,653,None,Move,browsing
1569714689.679,1794,648,None,Move,browsing
1569714689.689,1796,647,None,Move,browsing
1569714689.697,1797,645,None,Move,browsing
1569714689.7029998,1798,643,None,Move,browsing
1569714689.711,1799,641,None,Move,browsing
1569714689.721,1800,639,None,Move,browsing
1569714689.728,1801,638,None,Move,browsing
1569714689.736,1801,637,None,Move,browsing
1569714689.7429998,1801,636,None,Move,browsing
1569714689.7510002,1801,636,None,Move,browsing
1569714689.7589998,1802,636,None,Move,browsing
1569714689.766,1802,635,None,Move,browsing
1569714689.7729998,1802,634,None,Move,browsing
1569714689.788,1803,634,None,Move,browsing
1569714689.796,1803,632,None,Move,browsing
1569714689.811,1803,631,None,Move,browsing
1569714689.8479998,1803,631,None,Move,browsing
1569714689.855,1802,631,None,Move,browsing
1569714689.863,1800,631,None,Move,browsing
1569714689.87,1797,631,None,Move,browsing
1569714689.8779998,1793,633,None,Move,browsing
1569714689.8839998,1786,636,None,Move,browsing
1569714689.893,1779,638,None,Move,browsing
1569714689.9,1773,642,None,Move,browsing
1569714689.908,1765,647,None,Move,browsing
1569714689.915,1760,650,None,Move,browsing
1569714689.923,1752,653,None,Move,browsing
1569714689.93,1748,655,None,Move,browsing
1569714689.938,1742,659,None,Move,browsing
1569714689.944,1738,661,None,Move,browsing
1569714689.952,1735,664,None,Move,browsing
1569714689.96,1729,669,None,Move,browsing
1569714689.967,1725,672,None,Move,browsing
1569714689.974,1721,676,None,Move,browsing
1569714689.982,1716,680,None,Move,browsing
1569714689.9889998,1712,683,None,Move,browsing
1569714689.9970002,1707,687,None,Move,browsing
1569714690.0070002,1703,691,None,Move,browsing
1569714690.012,1698,694,None,Move,browsing
1569714690.0170002,1696,696,None,Move,browsing
1569714690.025,1693,698,None,Move,browsing
1569714690.036,1691,701,None,Move,browsing
1569714690.043,1688,702,None,Move,browsing
1569714690.05,1686,704,None,Move,browsing
1569714690.0579998,1685,705,None,Move,browsing
1569714690.065,1683,706,None,Move,browsing
1569714690.074,1680,707,None,Move,browsing
1569714690.08,1678,710,None,Move,browsing
1569714690.0879998,1677,711,None,Move,browsing
1569714690.095,1675,712,None,Move,browsing
1569714690.103,1673,714,None,Move,browsing
1569714690.111,1670,714,None,Move,browsing
1569714690.119,1669,715,None,Move,browsing
1569714690.125,1667,716,None,Move,browsing
1569714690.133,1666,717,None,Move,browsing
1569714690.14,1666,718,None,Move,browsing
1569714690.1479998,1665,719,None,Move,browsing
1569714690.155,1663,720,None,Move,browsing
1569714690.163,1663,721,None,Move,browsing
1569714690.171,1662,721,None,Move,browsing
1569714690.178,1661,721,None,Move,browsing
1569714690.185,1660,721,None,Move,browsing
1569714690.1929998,1660,722,None,Move,browsing
1569714690.2,1659,722,None,Move,browsing
1569714690.208,1658,722,None,Move,browsing
1569714690.221,1658,723,None,Move,browsing
1569714690.254,1656,723,None,Move,browsing
1569714690.351,1656,723,None,Move,browsing
1569714690.359,1656,722,None,Move,browsing
1569714690.3660002,1657,721,None,Move,browsing
1569714690.3739998,1657,719,None,Move,browsing
1569714690.3820002,1659,716,None,Move,browsing
1569714690.389,1661,714,None,Move,browsing
1569714690.396,1662,713,None,Move,browsing
1569714690.403,1663,711,None,Move,browsing
1569714690.411,1666,708,None,Move,browsing
1569714690.418,1667,706,None,Move,browsing
1569714690.426,1667,706,None,Move,browsing
1569714690.434,1668,705,None,Move,browsing
1569714690.441,1669,704,None,Move,browsing
1569714690.449,1669,704,None,Move,browsing
1569714690.455,1670,703,None,Move,browsing
1569714690.465,1671,702,None,Move,browsing
1569714690.472,1671,702,None,Move,browsing
1569714690.48,1672,702,None,Move,browsing
1569714690.4870002,1673,700,None,Move,browsing
1569714690.502,1674,699,None,Move,browsing
1569714690.51,1675,699,None,Move,browsing
1569714690.525,1675,698,None,Move,browsing
1569714690.532,1676,698,None,Move,browsing
1569714690.54,1676,698,None,Move,browsing
1569714690.548,1677,698,None,Move,browsing
1569714690.562,1677,697,None,Move,browsing
1569714690.57,1677,697,None,Move,browsing
1569714690.593,1678,696,None,Move,browsing
1569714690.6139998,1679,696,None,Move,browsing
1569714690.629,1679,696,None,Move,browsing
1569714696.734,1679,696,None,Move,browsing
1569714696.742,1678,695,None,Move,browsing
1569714696.7489998,1678,695,None,Move,browsing
1569714696.7570002,1677,695,None,Move,browsing
1569714696.764,1676,695,None,Move,browsing
1569714696.772,1676,694,None,Move,browsing
1569714696.779,1675,694,None,Move,browsing
1569714696.788,1674,694,None,Move,browsing
1569714696.794,1673,694,None,Move,browsing
1569714696.802,1672,694,None,Move,browsing
1569714696.809,1672,694,None,Move,browsing
1569714696.8170002,1671,694,None,Move,browsing
1569714696.824,1671,694,None,Move,browsing
1569714696.832,1671,693,None,Move,browsing
1569714696.839,1670,693,None,Move,browsing
1569714696.854,1669,692,None,Move,browsing
1569714696.8620002,1668,692,None,Move,browsing
1569714696.869,1668,691,None,Move,browsing
1569714696.8760002,1668,691,None,Move,browsing
1569714696.8920002,1667,691,None,Move,browsing
1569714696.906,1665,691,None,Move,browsing
1569714696.92,1665,690,None,Move,browsing
1569714696.93,1665,690,None,Move,browsing
1569714696.944,1664,688,None,Move,browsing
1569714696.958,1663,688,None,Move,browsing
1569714696.967,1663,687,None,Move,browsing
1569714696.974,1663,686,None,Move,browsing
1569714696.9889998,1662,686,None,Move,browsing
1569714696.995,1661,685,None,Move,browsing
1569714697.004,1661,684,None,Move,browsing
1569714697.01,1660,684,None,Move,browsing
1569714697.019,1660,683,None,Move,browsing
1569714697.026,1660,683,None,Move,browsing
1569714697.033,1658,683,None,Move,browsing
1569714697.04,1658,681,None,Move,browsing
1569714697.0470002,1657,681,None,Move,browsing
1569714697.055,1657,680,None,Move,browsing
1569714697.395,1657,680,Left,Pressed,browsing
1569714697.6079998,1657,680,Left,Released,browsing
1569714706.583,1657,680,Left,Pressed,browsing
1569714706.799,1657,680,Left,Released,browsing
1569714708.07,1654,679,None,Move,browsing
1569714708.077,1647,676,None,Move,browsing
1569714708.085,1643,674,None,Move,browsing
1569714708.092,1635,672,None,Move,browsing
1569714708.099,1631,669,None,Move,browsing
1569714708.107,1624,666,None,Move,browsing
1569714708.1160002,1617,662,None,Move,browsing
1569714708.1220002,1607,657,None,Move,browsing
1569714708.131,1600,654,None,Move,browsing
1569714708.137,1591,650,None,Move,browsing
1569714708.145,1582,645,None,Move,browsing
1569714708.153,1575,641,None,Move,browsing
1569714708.16,1566,638,None,Move,browsing
1569714708.167,1557,636,None,Move,browsing
1569714708.175,1551,634,None,Move,browsing
1569714708.1820002,1544,630,None,Move,browsing
1569714708.19,1539,629,None,Move,browsing
1569714708.198,1530,626,None,Move,browsing
1569714708.205,1523,624,None,Move,browsing
1569714708.212,1516,622,None,Move,browsing
1569714708.219,1507,620,None,Move,browsing
1569714708.2270002,1498,616,None,Move,browsing
1569714708.234,1491,614,None,Move,browsing
1569714708.242,1482,612,None,Move,browsing
1569714708.2489998,1473,609,None,Move,browsing
1569714708.2570002,1466,604,None,Move,browsing
1569714708.264,1454,601,None,Move,browsing
1569714708.2729998,1445,599,None,Move,browsing
1569714708.279,1438,595,None,Move,browsing
1569714708.2870002,1425,590,None,Move,browsing
1569714708.294,1417,587,None,Move,browsing
1569714708.302,1408,583,None,Move,browsing
1569714708.31,1395,578,None,Move,browsing
1569714708.3170002,1388,576,None,Move,browsing
1569714708.324,1379,572,None,Move,browsing
1569714708.332,1367,569,None,Move,browsing
1569714708.339,1360,564,None,Move,browsing
1569714708.3479998,1351,560,None,Move,browsing
1569714708.355,1339,558,None,Move,browsing
1569714708.3620002,1330,552,None,Move,browsing
1569714708.37,1323,549,None,Move,browsing
1569714708.377,1310,545,None,Move,browsing
1569714708.385,1302,541,None,Move,browsing
1569714708.3920002,1293,537,None,Move,browsing
1569714708.4,1282,533,None,Move,browsing
1569714708.407,1273,531,None,Move,browsing
1569714708.415,1264,525,None,Move,browsing
1569714708.4220002,1257,523,None,Move,browsing
1569714708.429,1248,521,None,Move,browsing
1569714708.437,1241,518,None,Move,browsing
1569714708.444,1236,517,None,Move,browsing
1569714708.452,1228,513,None,Move,browsing
1569714708.46,1223,512,None,Move,browsing
1569714708.467,1216,510,None,Move,browsing
1569714708.474,1212,509,None,Move,browsing
1569714708.482,1205,508,None,Move,browsing
1569714708.49,1201,507,None,Move,browsing
1569714708.496,1197,506,None,Move,browsing
1569714708.5029998,1193,505,None,Move,browsing
1569714708.51,1190,503,None,Move,browsing
1569714708.52,1187,502,None,Move,browsing
1569714708.528,1184,501,None,Move,browsing
1569714708.534,1182,500,None,Move,browsing
1569714708.543,1178,499,None,Move,browsing
1569714708.55,1177,498,None,Move,browsing
1569714708.5579998,1175,498,None,Move,browsing
1569714708.565,1173,497,None,Move,browsing
1569714708.573,1171,496,None,Move,browsing
1569714708.579,1169,496,None,Move,browsing
1569714708.5879998,1168,496,None,Move,browsing
1569714708.595,1167,496,None,Move,browsing
1569714708.601,1167,496,None,Move,browsing
1569714708.611,1166,496,None,Move,browsing
1569714708.6179998,1165,494,None,Move,browsing
1569714708.625,1164,494,None,Move,browsing
1569714708.633,1164,494,None,Move,browsing
1569714708.64,1162,494,None,Move,browsing
1569714708.6479998,1162,494,None,Move,browsing
1569714708.664,1161,494,None,Move,browsing
1569714708.694,1160,494,None,Move,browsing
1569714708.715,1160,495,None,Move,browsing
1569714708.722,1160,496,None,Move,browsing
1569714708.731,1160,497,None,Move,browsing
1569714708.738,1160,499,None,Move,browsing
1569714708.746,1160,504,None,Move,browsing
1569714708.7529998,1160,509,None,Move,browsing
1569714708.76,1161,516,None,Move,browsing
1569714708.768,1163,523,None,Move,browsing
1569714708.775,1166,532,None,Move,browsing
1569714708.782,1167,537,None,Move,browsing
1569714708.79,1170,545,None,Move,browsing
1569714708.798,1172,549,None,Move,browsing
1569714708.803,1174,556,None,Move,browsing
1569714708.814,1178,560,None,Move,browsing
1569714708.82,1180,568,None,Move,browsing
1569714708.8279998,1182,572,None,Move,browsing
1569714708.835,1184,577,None,Move,browsing
1569714708.843,1189,583,None,Move,browsing
1569714708.85,1193,589,None,Move,browsing
1569714708.8579998,1196,593,None,Move,browsing
1569714708.865,1201,599,None,Move,browsing
1569714708.873,1203,604,None,Move,browsing
1569714708.88,1205,606,None,Move,browsing
1569714708.8879998,1207,610,None,Move,browsing
1569714708.896,1209,613,None,Move,browsing
1569714708.903,1211,616,None,Move,browsing
1569714708.911,1213,620,None,Move,browsing
1569714708.918,1216,623,None,Move,browsing
1569714708.925,1221,626,None,Move,browsing
1569714708.9329998,1224,632,None,Move,browsing
1569714708.94,1227,636,None,Move,browsing
1569714708.948,1232,642,None,Move,browsing
1569714708.955,1235,645,None,Move,browsing
1569714708.962,1238,650,None,Move,browsing
1569714708.97,1243,656,None,Move,browsing
1569714708.978,1245,658,None,Move,browsing
1569714708.985,1248,661,None,Move,browsing
1569714708.992,1250,664,None,Move,browsing
1569714709.0,1254,667,None,Move,browsing
1569714709.0070002,1257,672,None,Move,browsing
1569714709.015,1260,674,None,Move,browsing
1569714709.021,1264,677,None,Move,browsing
1569714709.03,1267,678,None,Move,browsing
1569714709.036,1270,681,None,Move,browsing
1569714709.045,1273,683,None,Move,browsing
1569714709.052,1275,685,None,Move,browsing
1569714709.06,1277,686,None,Move,browsing
1569714709.066,1279,687,None,Move,browsing
1569714709.075,1281,687,None,Move,browsing
1569714709.082,1283,688,None,Move,browsing
1569714709.089,1285,688,None,Move,browsing
1569714709.097,1286,688,None,Move,browsing
1569714709.104,1288,688,None,Move,browsing
1569714709.111,1291,688,None,Move,browsing
1569714709.119,1291,688,None,Move,browsing
1569714709.127,1293,688,None,Move,browsing
1569714709.1339998,1295,688,None,Move,browsing
1569714709.141,1295,688,None,Move,browsing
1569714709.149,1298,688,None,Move,browsing
1569714709.156,1299,688,None,Move,browsing
1569714709.163,1301,688,None,Move,browsing
1569714709.171,1302,688,None,Move,browsing
1569714709.178,1304,688,None,Move,browsing
1569714709.186,1306,688,None,Move,browsing
1569714709.1929998,1307,688,None,Move,browsing
1569714709.201,1309,688,None,Move,browsing
1569714709.208,1311,688,None,Move,browsing
1569714709.216,1311,687,None,Move,browsing
1569714709.2229998,1314,687,None,Move,browsing
1569714709.231,1315,686,None,Move,browsing
1569714709.238,1315,686,None,Move,browsing
1569714709.246,1316,686,None,Move,browsing
1569714709.255,1317,685,None,Move,browsing
1569714709.2610002,1317,685,None,Move,browsing
1569714709.268,1318,685,None,Move,browsing
1569714709.276,1319,684,None,Move,browsing
1569714709.283,1319,684,None,Move,browsing
1569714709.291,1321,684,None,Move,browsing
1569714709.298,1322,684,None,Move,browsing
1569714709.306,1322,684,None,Move,browsing
1569714709.321,1323,684,None,Move,browsing
1569714709.336,1324,683,None,Move,browsing
1569714709.3579998,1325,683,None,Move,browsing
1569714709.3820002,1325,682,None,Move,browsing
1569714709.387,1325,682,None,Move,browsing
1569714709.425,1326,682,None,Move,browsing
1569714709.492,1326,681,None,Move,browsing
1569714874.06,1312,672,None,Move,browsing
1569714874.079,1278,651,None,Move,browsing
1569714874.089,1249,636,None,Move,browsing
1569714874.094,1206,613,None,Move,browsing
1569714874.099,1167,596,None,Move,browsing
1569714874.105,1129,583,None,Move,browsing
1569714874.1120002,1091,571,None,Move,browsing
1569714874.119,1051,562,None,Move,browsing
1569714874.127,1011,554,None,Move,browsing
1569714874.1339998,966,547,None,Move,browsing
1569714874.1420002,930,543,None,Move,browsing
1569714874.149,891,539,None,Move,browsing
1569714874.157,857,537,None,Move,browsing
1569714874.164,821,533,None,Move,browsing
1569714874.1720002,796,530,None,Move,browsing
1569714874.18,761,528,None,Move,browsing
1569714874.187,744,527,None,Move,browsing
1569714874.195,721,525,None,Move,browsing
1569714874.202,704,522,None,Move,browsing
1569714874.21,687,518,None,Move,browsing
1569714874.217,671,517,None,Move,browsing
1569714874.225,656,515,None,Move,browsing
1569714874.232,644,513,None,Move,browsing
1569714874.2389998,632,510,None,Move,browsing
1569714874.25,623,509,None,Move,browsing
1569714874.255,616,505,None,Move,browsing
1569714874.2610002,609,503,None,Move,browsing
1569714874.269,603,500,None,Move,browsing
1569714874.276,597,498,None,Move,browsing
1569714874.284,591,493,None,Move,browsing
1569714874.291,585,490,None,Move,browsing
1569714874.2970002,581,487,None,Move,browsing
1569714874.305,577,484,None,Move,browsing
1569714874.315,574,482,None,Move,browsing
1569714874.321,571,480,None,Move,browsing
1569714874.331,567,477,None,Move,browsing
1569714874.3379998,564,472,None,Move,browsing
1569714874.346,561,469,None,Move,browsing
1569714874.353,556,465,None,Move,browsing
1569714874.361,553,461,None,Move,browsing
1569714874.369,550,458,None,Move,browsing
1569714874.3760002,548,455,None,Move,browsing
1569714874.383,546,453,None,Move,browsing
1569714874.391,544,450,None,Move,browsing
1569714874.3979998,542,448,None,Move,browsing
1569714874.406,541,447,None,Move,browsing
1569714874.414,540,446,None,Move,browsing
1569714874.421,540,445,None,Move,browsing
1569714874.429,538,444,None,Move,browsing
1569714874.436,537,444,None,Move,browsing
1569714874.444,537,442,None,Move,browsing
1569714874.451,535,442,None,Move,browsing
1569714874.459,533,442,None,Move,browsing
1569714874.464,532,442,None,Move,browsing
1569714874.472,529,442,None,Move,browsing
1569714874.4829998,526,443,None,Move,browsing
1569714874.4889998,525,445,None,Move,browsing
1569714874.4970002,523,448,None,Move,browsing
1569714874.506,519,451,None,Move,browsing
1569714874.512,515,458,None,Move,browsing
1569714874.519,513,464,None,Move,browsing
1569714874.5270002,509,473,None,Move,browsing
1569714874.534,506,481,None,Move,browsing
1569714874.542,505,488,None,Move,browsing
1569714874.549,504,495,None,Move,browsing
1569714874.5570002,504,504,None,Move,browsing
1569714874.564,504,509,None,Move,browsing
1569714874.572,504,516,None,Move,browsing
1569714874.579,504,520,None,Move,browsing
1569714874.587,504,526,None,Move,browsing
1569714874.594,504,531,None,Move,browsing
1569714874.6020002,505,538,None,Move,browsing
1569714874.609,506,544,None,Move,browsing
1569714874.617,507,551,None,Move,browsing
1569714874.6239998,510,556,None,Move,browsing
1569714874.6320002,511,563,None,Move,browsing
1569714874.639,512,567,None,Move,browsing
1569714874.647,513,571,None,Move,browsing
1569714874.655,514,574,None,Move,browsing
1569714874.6620002,515,577,None,Move,browsing
1569714874.669,516,580,None,Move,browsing
1569714874.677,516,582,None,Move,browsing
1569714874.684,516,584,None,Move,browsing
1569714874.6920002,516,584,None,Move,browsing
1569714874.699,517,585,None,Move,browsing
1569714874.707,517,587,None,Move,browsing
1569714874.714,519,588,None,Move,browsing
1569714874.722,520,589,None,Move,browsing
1569714874.729,520,590,None,Move,browsing
1569714874.7370002,520,591,None,Move,browsing
1569714874.744,520,591,None,Move,browsing
1569714874.752,521,592,None,Move,browsing
1569714874.7589998,521,593,None,Move,browsing
1569714874.7670002,522,593,None,Move,browsing
1569714874.774,522,594,None,Move,browsing
1569714874.782,523,596,None,Move,browsing
1569714874.789,523,596,None,Move,browsing
1569714874.804,524,596,None,Move,browsing
1569714874.811,525,596,None,Move,browsing
1569714874.8179998,526,596,None,Move,browsing
1569714874.827,527,596,None,Move,browsing
1569714874.834,528,596,None,Move,browsing
1569714874.841,529,596,None,Move,browsing
1569714874.849,531,596,None,Move,browsing
1569714874.855,531,596,None,Move,browsing
1569714874.863,532,596,None,Move,browsing
1569714874.8720002,535,595,None,Move,browsing
1569714874.8779998,535,595,None,Move,browsing
1569714874.887,536,594,None,Move,browsing
1569714874.894,538,594,None,Move,browsing
1569714874.901,538,594,None,Move,browsing
1569714874.908,539,593,None,Move,browsing
1569714874.915,542,592,None,Move,browsing
1569714874.923,542,591,None,Move,browsing
1569714874.93,544,591,None,Move,browsing
1569714874.936,546,590,None,Move,browsing
1569714874.946,547,587,None,Move,browsing
1569714874.954,548,586,None,Move,browsing
1569714874.962,551,585,None,Move,browsing
1569714874.966,551,583,None,Move,browsing
1569714874.976,552,582,None,Move,browsing
1569714874.9829998,553,581,None,Move,browsing
1569714874.992,554,581,None,Move,browsing
1569714874.998,554,581,None,Move,browsing
1569714875.282,554,581,Left,Pressed,browsing
1569714875.498,554,581,Left,Released,browsing
1569714945.075,552,588,None,Move,browsing
1569714945.083,550,601,None,Move,browsing
1569714945.09,547,615,None,Move,browsing
1569714945.097,543,627,None,Move,browsing
1569714945.105,543,639,None,Move,browsing
1569714945.1120002,543,650,None,Move,browsing
1569714945.12,543,662,None,Move,browsing
1569714945.125,543,674,None,Move,browsing
1569714945.133,543,685,None,Move,browsing
1569714945.1420002,543,692,None,Move,browsing
1569714945.1520002,544,701,None,Move,browsing
1569714945.156,546,709,None,Move,browsing
1569714945.166,549,717,None,Move,browsing
1569714945.176,557,735,None,Move,browsing
1569714945.1820002,564,750,None,Move,browsing
1569714945.188,575,771,None,Move,browsing
1569714945.198,588,788,None,Move,browsing
1569714945.206,596,801,None,Move,browsing
1569714945.2129998,609,816,None,Move,browsing
1569714945.221,624,827,None,Move,browsing
1569714945.226,643,845,None,Move,browsing
1569714945.235,660,857,None,Move,browsing
1569714945.245,674,867,None,Move,browsing
1569714945.252,688,874,None,Move,browsing
1569714945.2570002,702,882,None,Move,browsing
1569714945.266,716,888,None,Move,browsing
1569714945.274,730,895,None,Move,browsing
1569714945.284,744,900,None,Move,browsing
1569714945.2970002,756,904,None,Move,browsing
1569714945.301,770,910,None,Move,browsing
1569714945.306,794,915,None,Move,browsing
1569714945.314,814,919,None,Move,browsing
1569714945.321,834,926,None,Move,browsing
1569714945.329,850,930,None,Move,browsing
1569714945.336,865,934,None,Move,browsing
1569714945.343,882,937,None,Move,browsing
1569714945.351,895,937,None,Move,browsing
1569714945.357,905,938,None,Move,browsing
1569714945.365,918,938,None,Move,browsing
1569714945.375,930,938,None,Move,browsing
1569714945.3820002,940,938,None,Move,browsing
1569714945.39,952,938,None,Move,browsing
1569714945.397,965,938,None,Move,browsing
1569714945.405,980,938,None,Move,browsing
1569714945.413,998,938,None,Move,browsing
1569714945.42,1015,938,None,Move,browsing
1569714945.427,1030,940,None,Move,browsing
1569714945.435,1045,940,None,Move,browsing
1569714945.44,1058,941,None,Move,browsing
1569714945.451,1071,942,None,Move,browsing
1569714945.458,1085,944,None,Move,browsing
1569714945.471,1096,944,None,Move,browsing
1569714945.476,1108,945,None,Move,browsing
1569714945.48,1118,946,None,Move,browsing
1569714945.488,1129,947,None,Move,browsing
1569714945.495,1139,947,None,Move,browsing
1569714945.502,1147,950,None,Move,browsing
1569714945.5110002,1153,950,None,Move,browsing
1569714945.518,1158,951,None,Move,browsing
1569714945.525,1161,951,None,Move,browsing
1569714945.532,1162,951,None,Move,browsing
1569714945.538,1164,951,None,Move,browsing
1569714945.546,1167,951,None,Move,browsing
1569714945.555,1168,951,None,Move,browsing
1569714945.565,1169,951,None,Move,browsing
1569714945.572,1170,951,None,Move,browsing
1569714945.58,1170,951,None,Move,browsing
1569714945.594,1171,951,None,Move,browsing
1569714945.601,1172,951,None,Move,browsing
1569714945.609,1172,951,None,Move,browsing
1569714945.6160002,1174,951,None,Move,browsing
1569714945.623,1175,950,None,Move,browsing
1569714945.63,1176,948,None,Move,browsing
1569714945.639,1177,946,None,Move,browsing
1569714945.646,1177,945,None,Move,browsing
1569714946.12,1174,945,None,Move,browsing
1569714946.133,1170,945,None,Move,browsing
1569714946.143,1169,945,None,Move,browsing
1569714946.151,1167,945,None,Move,browsing
1569714946.157,1167,945,None,Move,browsing
1569714946.165,1165,944,None,Move,browsing
1569714946.1720002,1162,942,None,Move,browsing
1569714946.18,1160,938,None,Move,browsing
1569714946.187,1159,929,None,Move,browsing
1569714946.194,1159,921,None,Move,browsing
1569714946.202,1159,911,None,Move,browsing
1569714946.21,1161,899,None,Move,browsing
1569714946.215,1163,889,None,Move,browsing
1569714946.226,1169,878,None,Move,browsing
1569714946.2329998,1172,867,None,Move,browsing
1569714946.24,1179,860,None,Move,browsing
1569714946.2470002,1184,849,None,Move,browsing
1569714946.255,1191,840,None,Move,browsing
1569714946.2629998,1197,832,None,Move,browsing
1569714946.271,1208,821,None,Move,browsing
1569714946.278,1217,813,None,Move,browsing
1569714946.285,1225,807,None,Move,browsing
1569714946.292,1234,799,None,Move,browsing
1569714946.3,1240,795,None,Move,browsing
1569714946.3079998,1249,790,None,Move,browsing
1569714946.315,1257,785,None,Move,browsing
1569714946.323,1262,783,None,Move,browsing
1569714946.331,1271,779,None,Move,browsing
1569714946.3379998,1277,778,None,Move,browsing
1569714946.345,1284,777,None,Move,browsing
1569714946.353,1293,774,None,Move,browsing
1569714946.361,1298,774,None,Move,browsing
1569714946.369,1305,774,None,Move,browsing
1569714946.3760002,1310,776,None,Move,browsing
1569714946.383,1317,778,None,Move,browsing
1569714946.391,1323,780,None,Move,browsing
1569714946.3979998,1329,783,None,Move,browsing
1569714946.404,1335,786,None,Move,browsing
1569714946.4120002,1339,789,None,Move,browsing
1569714946.42,1342,791,None,Move,browsing
1569714946.429,1343,793,None,Move,browsing
1569714946.434,1345,795,None,Move,browsing
1569714959.09,1347,798,None,Move,browsing
1569714959.097,1349,799,None,Move,browsing
1569714959.105,1351,802,None,Move,browsing
1569714959.113,1353,806,None,Move,browsing
1569714959.119,1356,809,None,Move,browsing
1569714959.127,1357,812,None,Move,browsing
1569714959.1339998,1361,817,None,Move,browsing
1569714959.1420002,1365,822,None,Move,browsing
1569714959.15,1369,828,None,Move,browsing
1569714959.157,1372,832,None,Move,browsing
1569714959.165,1378,838,None,Move,browsing
1569714959.173,1383,843,None,Move,browsing
1569714959.18,1389,847,None,Move,browsing
1569714959.188,1393,852,None,Move,browsing
1569714959.196,1401,857,None,Move,browsing
1569714959.202,1407,860,None,Move,browsing
1569714959.21,1414,865,None,Move,browsing
1569714959.217,1421,868,None,Move,browsing
1569714959.224,1432,872,None,Move,browsing
1569714959.232,1442,876,None,Move,browsing
1569714959.2389998,1452,876,None,Move,browsing
1569714959.2470002,1463,877,None,Move,browsing
1569714959.255,1473,877,None,Move,browsing
1569714959.262,1483,877,None,Move,browsing
1569714959.269,1494,877,None,Move,browsing
1569714959.278,1506,877,None,Move,browsing
1569714959.285,1516,877,None,Move,browsing
1569714959.293,1526,874,None,Move,browsing
1569714959.3,1538,873,None,Move,browsing
1569714959.3070002,1550,872,None,Move,browsing
1569714959.315,1560,870,None,Move,browsing
1569714959.322,1572,868,None,Move,browsing
1569714959.329,1583,865,None,Move,browsing
1569714959.337,1593,861,None,Move,browsing
1569714959.344,1604,857,None,Move,browsing
1569714959.3520002,1613,853,None,Move,browsing
1569714959.361,1623,849,None,Move,browsing
1569714959.367,1631,844,None,Move,browsing
1569714959.375,1640,839,None,Move,browsing
1569714959.3820002,1650,834,None,Move,browsing
1569714959.39,1661,829,None,Move,browsing
1569714959.399,1670,823,None,Move,browsing
1569714959.406,1681,817,None,Move,browsing
1569714959.413,1691,811,None,Move,browsing
1569714959.42,1700,806,None,Move,browsing
1569714959.427,1708,802,None,Move,browsing
1569714959.435,1715,799,None,Move,browsing
1569714959.4420002,1721,794,None,Move,browsing
1569714959.45,1728,790,None,Move,browsing
1569714959.456,1734,788,None,Move,browsing
1569714959.4629998,1740,786,None,Move,browsing
1569714959.4729998,1744,784,None,Move,browsing
1569714959.481,1748,783,None,Move,browsing
1569714959.488,1749,782,None,Move,browsing
1569714959.496,1752,780,None,Move,browsing
1569714959.5029998,1756,779,None,Move,browsing
1569714959.5110002,1758,778,None,Move,browsing
1569714959.518,1760,777,None,Move,browsing
1569714959.526,1761,776,None,Move,browsing
1569714959.534,1762,775,None,Move,browsing
1569714959.541,1763,775,None,Move,browsing
1569714959.548,1764,774,None,Move,browsing
1569714959.555,1765,773,None,Move,browsing
1569714959.562,1765,772,None,Move,browsing
1569714959.57,1765,770,None,Move,browsing
1569714959.577,1765,769,None,Move,browsing
1569714959.585,1765,765,None,Move,browsing
1569714959.998,1764,761,None,Move,browsing
1569714960.008,1760,752,None,Move,browsing
1569714960.016,1757,746,None,Move,browsing
1569714960.024,1752,739,None,Move,browsing
1569714960.03,1748,733,None,Move,browsing
1569714960.0370002,1742,725,None,Move,browsing
1569714960.0470002,1739,721,None,Move,browsing
1569714960.053,1735,715,None,Move,browsing
1569714960.059,1731,710,None,Move,browsing
1569714960.0670002,1727,706,None,Move,browsing
1569714960.074,1724,699,None,Move,browsing
1569714960.082,1719,694,None,Move,browsing
1569714960.089,1714,687,None,Move,browsing
1569714960.097,1711,684,None,Move,browsing
1569714960.104,1706,678,None,Move,browsing
1569714960.1120002,1705,676,None,Move,browsing
1569714960.119,1703,674,None,Move,browsing
1569714960.127,1701,670,None,Move,browsing
1569714960.1339998,1699,668,None,Move,browsing
1569714960.1420002,1696,667,None,Move,browsing
1569714960.149,1694,665,None,Move,browsing
1569714960.157,1693,663,None,Move,browsing
1569714960.165,1691,660,None,Move,browsing
1569714960.1720002,1688,658,None,Move,browsing
1569714960.179,1687,658,None,Move,browsing
1569714960.187,1686,656,None,Move,browsing
1569714960.194,1685,655,None,Move,browsing
1569714960.201,1683,653,None,Move,browsing
1569714960.209,1683,652,None,Move,browsing
1569714960.217,1680,650,None,Move,browsing
1569714960.224,1679,650,None,Move,browsing
1569714960.232,1679,649,None,Move,browsing
1569714960.2389998,1678,648,None,Move,browsing
1569714960.2470002,1677,648,None,Move,browsing
1569714960.254,1677,647,None,Move,browsing
1569714960.262,1676,645,None,Move,browsing
1569714960.269,1675,645,None,Move,browsing
1569714960.275,1674,644,None,Move,browsing
1569714960.283,1673,643,None,Move,browsing
1569714960.291,1672,642,None,Move,browsing
1569714960.301,1671,642,None,Move,browsing
1569714960.3079998,1671,642,None,Move,browsing
1569714960.331,1670,641,None,Move,browsing
1569714960.346,1670,640,None,Move,browsing
1569714960.353,1669,640,None,Move,browsing
1569714960.369,1669,640,None,Move,browsing
1569714960.3760002,1669,640,None,Move,browsing
1569714960.391,1669,639,None,Move,browsing
1569714960.4120002,1668,639,None,Move,browsing
1569714960.45,1668,639,None,Move,browsing
1569714960.459,1668,640,None,Move,browsing
1569714960.465,1669,643,None,Move,browsing
1569714960.472,1670,646,None,Move,browsing
1569714960.481,1672,650,None,Move,browsing
1569714960.4870002,1675,653,None,Move,browsing
1569714960.495,1677,655,None,Move,browsing
1569714960.5029998,1679,658,None,Move,browsing
1569714960.51,1680,660,None,Move,browsing
1569714960.518,1681,662,None,Move,browsing
1569714960.525,1682,663,None,Move,browsing
1569714960.532,1682,664,None,Move,browsing
1569714960.54,1684,666,None,Move,browsing
1569714960.549,1686,667,None,Move,browsing
1569714960.556,1686,668,None,Move,browsing
1569714960.562,1687,669,None,Move,browsing
1569714960.571,1688,670,None,Move,browsing
1569714960.5779998,1689,670,None,Move,browsing
1569714960.585,1689,671,None,Move,browsing
1569714960.592,1692,672,None,Move,browsing
1569714960.6,1693,674,None,Move,browsing
1569714960.607,1693,674,None,Move,browsing
1569714960.615,1694,675,None,Move,browsing
1569714960.6220002,1695,676,None,Move,browsing
1569714960.63,1695,676,None,Move,browsing
1569714960.637,1696,676,None,Move,browsing
1569714960.645,1697,677,None,Move,browsing
1569714960.653,1697,677,None,Move,browsing
1569714960.66,1699,677,None,Move,browsing
1569714960.668,1700,677,None,Move,browsing
1569714960.675,1700,677,None,Move,browsing
1569714960.6829998,1701,678,None,Move,browsing
1569714960.698,1702,678,None,Move,browsing
1569714960.7129998,1703,678,None,Move,browsing
1569714960.728,1703,678,None,Move,browsing
1569714960.7429998,1704,678,None,Move,browsing
1569714962.262,1701,683,None,Move,browsing
1569714962.27,1693,690,None,Move,browsing
1569714962.275,1686,697,None,Move,browsing
1569714962.284,1676,706,None,Move,browsing
1569714962.293,1662,716,None,Move,browsing
1569714962.3,1650,724,None,Move,browsing
1569714962.3079998,1633,736,None,Move,browsing
1569714962.315,1613,750,None,Move,browsing
1569714962.323,1594,760,None,Move,browsing
1569714962.329,1574,771,None,Move,browsing
1569714962.337,1552,779,None,Move,browsing
1569714962.345,1536,788,None,Move,browsing
1569714962.3520002,1517,798,None,Move,browsing
1569714962.36,1501,803,None,Move,browsing
1569714962.367,1486,809,None,Move,browsing
1569714962.375,1472,815,None,Move,browsing
1569714962.3820002,1459,819,None,Move,browsing
1569714962.389,1446,823,None,Move,browsing
1569714962.397,1434,827,None,Move,browsing
1569714962.404,1422,829,None,Move,browsing
1569714962.4120002,1409,831,None,Move,browsing
1569714962.4220002,1397,831,None,Move,browsing
1569714962.427,1386,831,None,Move,browsing
1569714962.434,1379,831,None,Move,browsing
1569714962.441,1366,830,None,Move,browsing
1569714962.449,1357,828,None,Move,browsing
1569714962.456,1343,824,None,Move,browsing
1569714962.464,1334,820,None,Move,browsing
1569714962.469,1327,815,None,Move,browsing
1569714962.479,1317,808,None,Move,browsing
1569714962.485,1308,802,None,Move,browsing
1569714962.495,1300,794,None,Move,browsing
1569714962.5029998,1291,783,None,Move,browsing
1569714962.51,1280,771,None,Move,browsing
1569714962.518,1271,757,None,Move,browsing
1569714962.525,1263,743,None,Move,browsing
1569714962.533,1257,729,None,Move,browsing
1569714962.541,1251,717,None,Move,browsing
1569714962.548,1248,705,None,Move,browsing
1569714962.555,1245,693,None,Move,browsing
1569714962.563,1244,684,None,Move,browsing
1569714962.571,1244,674,None,Move,browsing
1569714962.5779998,1244,667,None,Move,browsing
1569714962.586,1244,660,None,Move,browsing
1569714962.593,1244,654,None,Move,browsing
1569714962.599,1244,648,None,Move,browsing
1569714962.607,1244,646,None,Move,browsing
1569714962.615,1245,642,None,Move,browsing
1569714962.623,1246,640,None,Move,browsing
1569714968.7529998,1245,642,None,Move,browsing
1569714968.76,1243,646,None,Move,browsing
1569714968.768,1239,653,None,Move,browsing
1569714968.775,1236,659,None,Move,browsing
1569714968.783,1232,668,None,Move,browsing
1569714968.792,1230,677,None,Move,browsing
1569714968.798,1226,684,None,Move,browsing
1569714968.806,1222,693,None,Move,browsing
1569714968.813,1220,702,None,Move,browsing
1569714968.822,1216,714,None,Move,browsing
1569714968.829,1213,721,None,Move,browsing
1569714968.836,1209,730,None,Move,browsing
1569714968.843,1207,742,None,Move,browsing
1569714968.851,1204,749,None,Move,browsing
1569714968.859,1203,758,None,Move,browsing
1569714968.867,1200,770,None,Move,browsing
1569714968.873,1200,778,None,Move,browsing
1569714968.881,1200,785,None,Move,browsing
1569714968.889,1200,793,None,Move,browsing
1569714968.896,1200,805,None,Move,browsing
1569714968.904,1200,812,None,Move,browsing
1569714968.911,1201,820,None,Move,browsing
1569714968.92,1202,829,None,Move,browsing
1569714968.926,1204,836,None,Move,browsing
1569714968.934,1207,845,None,Move,browsing
1569714968.941,1209,854,None,Move,browsing
1569714968.949,1214,860,None,Move,browsing
1569714968.957,1218,867,None,Move,browsing
1569714968.964,1224,873,None,Move,browsing
1569714968.971,1229,879,None,Move,browsing
1569714968.979,1236,886,None,Move,browsing
1569714968.986,1243,893,None,Move,browsing
1569714968.994,1247,897,None,Move,browsing
1569714969.0010002,1253,903,None,Move,browsing
1569714969.008,1261,906,None,Move,browsing
1569714969.0170002,1265,910,None,Move,browsing
1569714969.025,1272,912,None,Move,browsing
1569714969.032,1276,915,None,Move,browsing
1569714969.039,1282,916,None,Move,browsing
1569714969.0470002,1285,917,None,Move,browsing
1569714969.054,1287,918,None,Move,browsing
1569714969.062,1291,918,None,Move,browsing
1569714969.069,1294,918,None,Move,browsing
1569714969.079,1296,918,None,Move,browsing
1569714969.084,1299,918,None,Move,browsing
1569714969.091,1302,917,None,Move,browsing
1569714969.097,1304,917,None,Move,browsing
1569714969.1079998,1307,914,None,Move,browsing
1569714969.115,1311,912,None,Move,browsing
1569714969.123,1314,909,None,Move,browsing
1569714969.13,1317,903,None,Move,browsing
1569714969.137,1323,897,None,Move,browsing
1569714969.145,1328,888,None,Move,browsing
1569714969.1520002,1333,882,None,Move,browsing
1569714969.16,1337,873,None,Move,browsing
1569714969.167,1339,865,None,Move,browsing
1569714969.175,1344,858,None,Move,browsing
1569714969.1829998,1348,851,None,Move,browsing
1569714969.189,1352,843,None,Move,browsing
1569714969.2,1357,834,None,Move,browsing
1569714969.205,1361,827,None,Move,browsing
1569714969.212,1364,819,None,Move,browsing
1569714969.22,1369,812,None,Move,browsing
1569714969.2270002,1372,806,None,Move,browsing
1569714969.235,1375,799,None,Move,browsing
1569714969.242,1378,793,None,Move,browsing
1569714969.2489998,1380,786,None,Move,browsing
1569714969.2570002,1383,782,None,Move,browsing
1569714969.264,1386,776,None,Move,browsing
1569714969.272,1388,772,None,Move,browsing
1569714969.279,1390,766,None,Move,browsing
1569714969.2870002,1391,763,None,Move,browsing
1569714969.295,1394,759,None,Move,browsing
1569714969.303,1396,755,None,Move,browsing
1569714969.309,1398,751,None,Move,browsing
1569714969.3170002,1400,744,None,Move,browsing
1569714969.324,1404,740,None,Move,browsing
1569714969.332,1406,734,None,Move,browsing
1569714969.3379998,1409,730,None,Move,browsing
1569714969.347,1412,725,None,Move,browsing
1569714969.3520002,1417,719,None,Move,browsing
1569714969.3620002,1422,715,None,Move,browsing
1569714969.37,1429,708,None,Move,browsing
1569714969.377,1435,704,None,Move,browsing
1569714969.3820002,1446,697,None,Move,browsing
1569714969.3920002,1457,692,None,Move,browsing
1569714969.4,1469,686,None,Move,browsing
1569714969.407,1483,679,None,Move,browsing
1569714969.415,1498,675,None,Move,browsing
1569714969.4220002,1513,669,None,Move,browsing
1569714969.43,1532,667,None,Move,browsing
1569714969.438,1555,663,None,Move,browsing
1569714969.445,1568,662,None,Move,browsing
1569714969.455,1587,659,None,Move,browsing
1569714969.46,1599,658,None,Move,browsing
1569714969.467,1612,658,None,Move,browsing
1569714969.475,1624,655,None,Move,browsing
1569714969.482,1632,654,None,Move,browsing
1569714969.4889998,1641,654,None,Move,browsing
1569714969.495,1649,654,None,Move,browsing
1569714969.506,1656,654,None,Move,browsing
1569714969.5129998,1664,654,None,Move,browsing
1569714969.521,1671,654,None,Move,browsing
1569714969.5270002,1676,654,None,Move,browsing
1569714969.536,1683,654,None,Move,browsing
1569714969.543,1689,656,None,Move,browsing
1569714969.55,1695,659,None,Move,browsing
1569714969.5570002,1697,660,None,Move,browsing
1569714969.566,1700,661,None,Move,browsing
1569714969.574,1704,662,None,Move,browsing
1569714969.58,1706,663,None,Move,browsing
1569714969.5879998,1707,664,None,Move,browsing
1569714969.594,1708,666,None,Move,browsing
1569714969.601,1709,667,None,Move,browsing
1569714969.609,1711,669,None,Move,browsing
1569714969.6160002,1712,670,None,Move,browsing
1569714970.283,1712,670,Left,Pressed,browsing
1569714970.498,1712,670,Left,Released,browsing
1569714978.978,1717,660,None,Move,browsing
1569714978.986,1723,651,None,Move,browsing
1569714978.992,1729,642,None,Move,browsing
1569714979.002,1734,633,None,Move,browsing
1569714979.0089998,1740,627,None,Move,browsing
1569714979.0170002,1747,618,None,Move,browsing
1569714979.024,1756,610,None,Move,browsing
1569714979.029,1765,600,None,Move,browsing
1569714979.04,1773,593,None,Move,browsing
1569714979.0470002,1781,586,None,Move,browsing
1569714979.055,1788,579,None,Move,browsing
1569714979.062,1794,574,None,Move,browsing
1569714979.07,1802,567,None,Move,browsing
1569714979.077,1808,563,None,Move,browsing
1569714979.084,1815,559,None,Move,browsing
1569714979.092,1821,554,None,Move,browsing
1569714979.1,1829,550,None,Move,browsing
1569714979.107,1833,548,None,Move,browsing
1569714979.115,1840,546,None,Move,browsing
1569714979.1220002,1844,544,None,Move,browsing
1569714979.13,1848,543,None,Move,browsing
1569714979.137,1851,542,None,Move,browsing
1569714979.145,1854,541,None,Move,browsing
1569714979.1520002,1856,540,None,Move,browsing
1569714979.159,1858,540,None,Move,browsing
1569714979.168,1860,539,None,Move,browsing
1569714979.176,1861,539,None,Move,browsing
1569714979.1820002,1863,539,None,Move,browsing
1569714979.191,1866,538,None,Move,browsing
1569714979.198,1867,537,None,Move,browsing
1569714979.206,1869,537,None,Move,browsing
1569714979.2129998,1871,535,None,Move,browsing
1569714979.221,1874,534,None,Move,browsing
1569714979.228,1875,533,None,Move,browsing
1569714979.236,1876,532,None,Move,browsing
1569714979.2429998,1878,531,None,Move,browsing
1569714979.2510002,1879,529,None,Move,browsing
1569714979.258,1882,526,None,Move,browsing
1569714979.265,1883,524,None,Move,browsing
1569714979.272,1884,523,None,Move,browsing
1569714979.28,1885,521,None,Move,browsing
1569714979.2870002,1886,519,None,Move,browsing
1569714979.296,1887,517,None,Move,browsing
1569714979.302,1887,515,None,Move,browsing
1569714979.31,1888,512,None,Move,browsing
1569714979.3170002,1889,507,None,Move,browsing
1569714979.325,1889,502,None,Move,browsing
1569714979.334,1889,493,None,Move,browsing
1569714979.339,1888,486,None,Move,browsing
1569714979.347,1887,479,None,Move,browsing
1569714979.355,1885,475,None,Move,browsing
1569714979.361,1884,471,None,Move,browsing
1569714979.369,1882,469,None,Move,browsing
1569714979.375,1880,468,None,Move,browsing
1569714979.385,1879,466,None,Move,browsing
1569714979.896,1876,462,None,Move,browsing
1569714979.915,1872,457,None,Move,browsing
1569714979.925,1870,455,None,Move,browsing
1569714979.9320002,1869,453,None,Move,browsing
1569714979.94,1866,451,None,Move,browsing
1569714979.948,1864,448,None,Move,browsing
1569714979.955,1862,446,None,Move,browsing
1569714979.964,1860,445,None,Move,browsing
1569714979.97,1856,443,None,Move,browsing
1569714979.978,1853,440,None,Move,browsing
1569714979.986,1851,438,None,Move,browsing
1569714979.9929998,1847,436,None,Move,browsing
1569714979.9989998,1844,434,None,Move,browsing
1569714980.0089998,1841,432,None,Move,browsing
1569714980.016,1839,431,None,Move,browsing
1569714980.024,1835,428,None,Move,browsing
1569714980.031,1833,427,None,Move,browsing
1569714980.039,1832,427,None,Move,browsing
1569714980.0470002,1828,425,None,Move,browsing
1569714980.054,1826,424,None,Move,browsing
1569714980.062,1824,423,None,Move,browsing
1569714980.07,1823,422,None,Move,browsing
1569714980.076,1822,420,None,Move,browsing
1569714980.084,1819,420,None,Move,browsing
1569714980.092,1818,420,None,Move,browsing
1569714980.099,1818,420,None,Move,browsing
1569714980.106,1817,420,None,Move,browsing
1569714980.113,1816,420,None,Move,browsing
1569714980.121,1816,420,None,Move,browsing
1569714980.1279998,1815,420,None,Move,browsing
1569714980.1360002,1814,420,None,Move,browsing
1569714980.143,1813,420,None,Move,browsing
1569714980.15,1812,420,None,Move,browsing
1569714980.159,1811,420,None,Move,browsing
1569714980.165,1811,420,None,Move,browsing
1569714980.174,1810,420,None,Move,browsing
1569714980.181,1809,420,None,Move,browsing
1569714980.188,1808,420,None,Move,browsing
1569714980.195,1808,420,None,Move,browsing
1569714980.2029998,1807,420,None,Move,browsing
1569714980.21,1806,420,None,Move,browsing
1569714980.218,1805,420,None,Move,browsing
1569714980.2229998,1804,420,None,Move,browsing
1569714980.234,1803,420,None,Move,browsing
1569714980.2410002,1803,420,None,Move,browsing
1569714980.248,1802,420,None,Move,browsing
1569714980.256,1800,420,None,Move,browsing
1569714980.262,1799,420,None,Move,browsing
1569714980.271,1796,420,None,Move,browsing
1569714980.279,1795,420,None,Move,browsing
1569714980.286,1793,420,None,Move,browsing
1569714980.294,1790,419,None,Move,browsing
1569714980.301,1788,419,None,Move,browsing
1569714980.309,1786,418,None,Move,browsing
1569714980.316,1783,417,None,Move,browsing
1569714980.324,1781,417,None,Move,browsing
1569714980.331,1779,417,None,Move,browsing
1569714980.339,1777,416,None,Move,browsing
1569714980.346,1776,416,None,Move,browsing
1569714980.354,1776,415,None,Move,browsing
1569714980.361,1775,415,None,Move,browsing
1569714980.369,1774,415,None,Move,browsing
1569714980.377,1774,415,None,Move,browsing
1569714980.3839998,1772,414,None,Move,browsing
1569714980.3920002,1771,414,None,Move,browsing
1569714980.399,1771,414,None,Move,browsing
1569714980.408,1770,412,None,Move,browsing
1569714980.4120002,1769,412,None,Move,browsing
1569714980.4220002,1768,412,None,Move,browsing
1569714980.437,1768,412,None,Move,browsing
1569714980.444,1768,412,None,Move,browsing
1569714980.475,1768,411,None,Move,browsing
1569714980.518,1768,410,None,Move,browsing
1569714980.8779998,1769,410,None,Move,browsing
1569714980.8860002,1772,411,None,Move,browsing
1569714980.893,1774,412,None,Move,browsing
1569714980.901,1777,413,None,Move,browsing
1569714980.908,1780,414,None,Move,browsing
1569714980.917,1783,414,None,Move,browsing
1569714980.924,1786,414,None,Move,browsing
1569714980.931,1789,414,None,Move,browsing
1569714980.939,1791,414,None,Move,browsing
1569714980.946,1795,414,None,Move,browsing
1569714980.954,1797,414,None,Move,browsing
1569714980.961,1799,414,None,Move,browsing
1569714980.968,1800,414,None,Move,browsing
1569714980.9770002,1804,414,None,Move,browsing
1569714980.984,1806,414,None,Move,browsing
1569714980.9910002,1807,414,None,Move,browsing
1569714980.998,1808,414,None,Move,browsing
1569714981.006,1810,414,None,Move,browsing
1569714981.0129998,1811,414,None,Move,browsing
1569714981.021,1812,414,None,Move,browsing
1569714981.028,1813,414,None,Move,browsing
1569714981.036,1813,414,None,Move,browsing
1569714981.044,1814,414,None,Move,browsing
1569714981.051,1815,414,None,Move,browsing
1569714981.0579998,1815,414,None,Move,browsing
1569714981.066,1816,414,None,Move,browsing
1569714981.073,1817,414,None,Move,browsing
1569714981.081,1818,414,None,Move,browsing
1569714981.096,1819,414,None,Move,browsing
1569714981.11,1820,414,None,Move,browsing
1569714981.1320002,1820,414,None,Move,browsing
1569714981.457,1820,414,Left,Pressed,browsing
1569714981.6720002,1820,414,Left,Released,browsing
1569714982.654,1811,420,None,Move,browsing
1569714982.6620002,1800,427,None,Move,browsing
1569714982.669,1780,434,None,Move,browsing
1569714982.677,1761,444,None,Move,browsing
1569714982.684,1736,453,None,Move,browsing
1569714982.6929998,1708,464,None,Move,browsing
1569714982.699,1680,475,None,Move,browsing
1569714982.707,1647,490,None,Move,browsing
1569714982.714,1609,504,None,Move,browsing
1569714982.722,1580,518,None,Move,browsing
1569714982.73,1541,538,None,Move,browsing
1569714982.7370002,1507,559,None,Move,browsing
1569714982.744,1470,583,None,Move,browsing
1569714982.752,1436,604,None,Move,browsing
1569714982.76,1405,626,None,Move,browsing
1569714982.7670002,1370,655,None,Move,browsing
1569714982.775,1339,680,None,Move,browsing
1569714982.782,1304,706,None,Move,browsing
1569714982.801,1272,732,None,Move,browsing
1569714982.806,1249,757,None,Move,browsing
1569714982.812,1220,782,None,Move,browsing
1569714982.819,1198,802,None,Move,browsing
1569714982.827,1175,825,None,Move,browsing
1569714982.835,1156,844,None,Move,browsing
1569714982.842,1139,863,None,Move,browsing
1569714982.849,1127,876,None,Move,browsing
1569714982.857,1120,885,None,Move,browsing
1569714982.865,1112,893,None,Move,browsing
1569714982.8720002,1106,899,None,Move,browsing
1569714982.877,1101,903,None,Move,browsing
1569714982.8879998,1098,908,None,Move,browsing
1569714982.895,1095,910,None,Move,browsing
1569714982.9020002,1092,911,None,Move,browsing
1569714982.91,1090,912,None,Move,browsing
1569714982.916,1089,913,None,Move,browsing
1569714982.925,1087,914,None,Move,browsing
1569714982.9320002,1084,915,None,Move,browsing
1569714982.94,1083,917,None,Move,browsing
1569714982.947,1081,917,None,Move,browsing
1569714982.955,1079,918,None,Move,browsing
1569714982.961,1075,918,None,Move,browsing
1569714982.969,1073,918,None,Move,browsing
1569714982.9770002,1070,918,None,Move,browsing
1569714982.985,1066,918,None,Move,browsing
1569714982.992,1064,918,None,Move,browsing
1569714982.9989998,1062,918,None,Move,browsing
1569714983.0070002,1059,918,None,Move,browsing
1569714983.014,1057,918,None,Move,browsing
1569714983.022,1055,916,None,Move,browsing
1569714983.029,1053,914,None,Move,browsing
1569714983.0370002,1050,912,None,Move,browsing
1569714983.044,1047,908,None,Move,browsing
1569714983.05,1045,902,None,Move,browsing
1569714983.0570002,1044,898,None,Move,browsing
1569714983.065,1043,893,None,Move,browsing
1569714983.073,1043,890,None,Move,browsing
1569714983.529,1023,880,None,Move,browsing
1569714983.539,989,859,None,Move,browsing
1569714983.5470002,958,839,None,Move,browsing
1569714983.554,915,811,None,Move,browsing
1569714983.562,871,786,None,Move,browsing
1569714983.57,828,758,None,Move,browsing
1569714983.577,778,735,None,Move,browsing
1569714983.583,736,717,None,Move,browsing
1569714983.592,701,703,None,Move,browsing
1569714983.599,663,690,None,Move,browsing
1569714983.607,632,681,None,Move,browsing
1569714983.6139998,608,672,None,Move,browsing
1569714983.6220002,577,662,None,Move,browsing
1569714983.629,558,654,None,Move,browsing
1569714983.6360002,540,647,None,Move,browsing
1569714983.644,524,638,None,Move,browsing
1569714983.651,510,632,None,Move,browsing
1569714983.659,498,626,None,Move,browsing
1569714983.666,489,620,None,Move,browsing
1569714983.674,481,615,None,Move,browsing
1569714983.681,473,608,None,Move,browsing
1569714983.689,465,598,None,Move,browsing
1569714983.696,459,591,None,Move,browsing
1569714983.704,453,583,None,Move,browsing
1569714983.711,449,577,None,Move,browsing
1569714983.718,447,570,None,Move,browsing
1569714983.726,446,566,None,Move,browsing
1569714983.7329998,445,561,None,Move,browsing
1569714983.742,445,558,None,Move,browsing
1569714983.748,445,553,None,Move,browsing
1569714983.756,445,550,None,Move,browsing
1569714983.7629998,445,548,None,Move,browsing
1569714983.771,445,544,None,Move,browsing
1569714983.779,446,542,None,Move,browsing
1569714983.786,447,540,None,Move,browsing
1569714983.794,448,539,None,Move,browsing
1569714983.801,449,538,None,Move,browsing
1569714983.8079998,449,537,None,Move,browsing
1569714983.816,449,536,None,Move,browsing
1569714983.824,451,535,None,Move,browsing
1569714983.831,452,535,None,Move,browsing
1569714983.839,452,535,None,Move,browsing
1569714983.846,453,535,None,Move,browsing
1569714983.853,454,534,None,Move,browsing
1569714983.861,455,534,None,Move,browsing
1569714983.877,455,533,None,Move,browsing
1569714983.883,456,533,None,Move,browsing
1569714983.891,458,533,None,Move,browsing
1569714983.8979998,460,532,None,Move,browsing
1569714983.908,463,531,None,Move,browsing
1569714983.913,468,530,None,Move,browsing
1569714983.92,474,528,None,Move,browsing
1569714983.928,483,524,None,Move,browsing
1569714983.936,490,521,None,Move,browsing
1569714983.9420002,502,520,None,Move,browsing
1569714983.951,512,519,None,Move,browsing
1569714983.958,525,517,None,Move,browsing
1569714983.966,537,516,None,Move,browsing
1569714983.9729998,550,516,None,Move,browsing
1569714983.98,564,516,None,Move,browsing
1569714983.988,575,516,None,Move,browsing
1569714983.994,589,519,None,Move,browsing
1569714984.0029998,601,522,None,Move,browsing
1569714984.0110002,615,527,None,Move,browsing
1569714984.018,628,533,None,Move,browsing
1569714984.024,644,538,None,Move,browsing
1569714984.033,658,545,None,Move,browsing
1569714984.04,677,551,None,Move,browsing
1569714984.0470002,693,558,None,Move,browsing
1569714984.055,713,564,None,Move,browsing
1569714984.063,737,573,None,Move,browsing
1569714984.07,760,578,None,Move,browsing
1569714984.077,787,585,None,Move,browsing
1569714984.085,808,592,None,Move,browsing
1569714984.092,832,599,None,Move,browsing
1569714984.1,866,609,None,Move,browsing
1569714984.107,893,614,None,Move,browsing
1569714984.1139998,922,620,None,Move,browsing
1569714984.1220002,959,628,None,Move,browsing
1569714984.129,995,634,None,Move,browsing
1569714984.137,1038,640,None,Move,browsing
1569714984.144,1081,649,None,Move,browsing
1569714984.1520002,1116,653,None,Move,browsing
1569714984.16,1158,657,None,Move,browsing
1569714984.165,1180,658,None,Move,browsing
1569714984.175,1211,660,None,Move,browsing
1569714984.1820002,1226,660,None,Move,browsing
1569714984.188,1241,662,None,Move,browsing
1569714984.198,1256,662,None,Move,browsing
1569714984.2029998,1270,663,None,Move,browsing
1569714984.2129998,1281,663,None,Move,browsing
1569714984.22,1291,663,None,Move,browsing
1569714984.228,1297,665,None,Move,browsing
1569714984.235,1302,665,None,Move,browsing
1569714984.93,1296,665,None,Move,browsing
1569714984.938,1288,665,None,Move,browsing
1569714984.945,1279,665,None,Move,browsing
1569714984.952,1272,665,None,Move,browsing
1569714984.96,1265,664,None,Move,browsing
1569714984.968,1260,664,None,Move,browsing
1569714984.974,1255,663,None,Move,browsing
1569714984.9829998,1251,662,None,Move,browsing
1569714984.99,1246,661,None,Move,browsing
1569714984.998,1242,660,None,Move,browsing
1569714985.005,1238,660,None,Move,browsing
1569714985.012,1233,659,None,Move,browsing
1569714985.02,1229,658,None,Move,browsing
1569714985.0270002,1225,656,None,Move,browsing
1569714985.035,1221,656,None,Move,browsing
1569714985.043,1216,655,None,Move,browsing
1569714985.05,1213,654,None,Move,browsing
1569714985.0570002,1211,653,None,Move,browsing
1569714985.065,1207,652,None,Move,browsing
1569714985.072,1204,651,None,Move,browsing
1569714985.08,1201,651,None,Move,browsing
1569714985.087,1200,650,None,Move,browsing
1569714985.094,1197,650,None,Move,browsing
1569714985.1020002,1195,650,None,Move,browsing
1569714985.109,1195,649,None,Move,browsing
1569714985.117,1193,649,None,Move,browsing
1569714985.1239998,1192,647,None,Move,browsing
1569714985.1320002,1191,647,None,Move,browsing
1569714985.139,1190,646,None,Move,browsing
1569714985.147,1189,645,None,Move,browsing
1569714985.154,1188,645,None,Move,browsing
1569714985.1620002,1188,644,None,Move,browsing
1569714985.169,1187,644,None,Move,browsing
1569714985.177,1186,643,None,Move,browsing
1569714985.184,1186,643,None,Move,browsing
1569714985.1920002,1185,643,None,Move,browsing
1569714985.199,1184,642,None,Move,browsing
1569714985.207,1183,642,None,Move,browsing
1569714985.214,1182,641,None,Move,browsing
1569714985.229,1181,640,None,Move,browsing
1569714985.244,1181,639,None,Move,browsing
1569714985.26,1181,638,None,Move,browsing
1569714985.274,1181,637,None,Move,browsing
1569714985.281,1181,637,None,Move,browsing
1569714985.296,1181,636,None,Move,browsing
1569714985.304,1181,635,None,Move,browsing
1569714985.311,1181,635,None,Move,browsing
1569714985.319,1181,634,None,Move,browsing
1569714985.326,1182,632,None,Move,browsing
1569714985.333,1184,630,None,Move,browsing
1569714985.341,1186,629,None,Move,browsing
1569714985.349,1188,627,None,Move,browsing
1569714985.356,1191,625,None,Move,browsing
1569714985.363,1195,622,None,Move,browsing
1569714985.37,1197,621,None,Move,browsing
1569714985.377,1198,620,None,Move,browsing
1569714985.3860002,1200,619,None,Move,browsing
1569714985.393,1203,618,None,Move,browsing
1569714985.401,1205,618,None,Move,browsing
1569714985.408,1205,617,None,Move,browsing
1569714985.416,1206,617,None,Move,browsing
1569714985.424,1207,616,None,Move,browsing
1569714985.43,1207,616,None,Move,browsing
1569714985.438,1208,616,None,Move,browsing
1569714985.446,1210,616,None,Move,browsing
1569714985.468,1210,616,None,Move,browsing
1569714985.4829998,1211,616,None,Move,browsing
1569714985.498,1212,615,None,Move,browsing
1569714985.52,1212,615,None,Move,browsing
1569714985.535,1213,615,None,Move,browsing
1569714985.551,1214,614,None,Move,browsing
1569714985.569,1215,614,None,Move,browsing
1569714985.58,1215,614,None,Move,browsing
1569714985.595,1215,613,None,Move,browsing
1569714985.6,1217,613,None,Move,browsing
1569714985.6179998,1218,613,None,Move,browsing
1569714985.7,1218,613,None,Move,browsing
1569714986.1720002,1218,614,None,Move,browsing
1569714986.178,1218,614,None,Move,browsing
1569714986.188,1218,615,None,Move,browsing
1569714986.195,1217,616,None,Move,browsing
1569714986.2029998,1217,617,None,Move,browsing
1569714986.21,1217,617,None,Move,browsing
1569714986.218,1217,618,None,Move,browsing
1569714986.226,1217,620,None,Move,browsing
1569714986.2329998,1216,620,None,Move,browsing
1569714986.2410002,1216,621,None,Move,browsing
1569714986.246,1216,622,None,Move,browsing
1569714986.272,1216,622,None,Move,browsing
1569714986.286,1216,622,None,Move,browsing
1569714986.31,1216,623,None,Move,browsing
1569714986.363,1216,624,None,Move,browsing
1569714986.4220002,1215,624,None,Move,browsing
1569714986.7970002,1215,624,Left,Pressed,browsing
1569714987.012,1215,624,Left,Released,browsing
1569714987.36,1229,627,None,Move,browsing
1569714987.367,1249,632,None,Move,browsing
1569714987.3739998,1273,641,None,Move,browsing
1569714987.3820002,1293,645,None,Move,browsing
1569714987.389,1317,652,None,Move,browsing
1569714987.3979998,1351,662,None,Move,browsing
1569714987.405,1372,668,None,Move,browsing
1569714987.413,1397,679,None,Move,browsing
1569714987.42,1419,688,None,Move,browsing
1569714987.428,1435,696,None,Move,browsing
1569714987.435,1457,705,None,Move,browsing
1569714987.4420002,1471,712,None,Move,browsing
1569714987.45,1488,719,None,Move,browsing
1569714987.458,1500,724,None,Move,browsing
1569714987.465,1514,730,None,Move,browsing
1569714987.472,1525,734,None,Move,browsing
1569714987.479,1537,739,None,Move,browsing
1569714987.4870002,1547,743,None,Move,browsing
1569714987.495,1556,746,None,Move,browsing
1569714987.5010002,1565,751,None,Move,browsing
1569714987.508,1572,753,None,Move,browsing
1569714987.516,1578,756,None,Move,browsing
1569714987.524,1584,757,None,Move,browsing
1569714987.531,1586,758,None,Move,browsing
1569714987.539,1588,758,None,Move,browsing
1569714987.546,1591,760,None,Move,browsing
1569714987.553,1593,761,None,Move,browsing
1569714987.561,1593,761,None,Move,browsing
1569714987.569,1594,762,None,Move,browsing
1569714987.576,1595,762,None,Move,browsing
1569714987.584,1595,762,None,Move,browsing
1569714987.591,1596,763,None,Move,browsing
1569714987.5979998,1597,763,None,Move,browsing
1569714987.606,1599,763,None,Move,browsing
1569714987.6139998,1601,764,None,Move,browsing
1569714987.6220002,1604,765,None,Move,browsing
1569714987.6279998,1610,766,None,Move,browsing
1569714987.6339998,1616,767,None,Move,browsing
1569714987.644,1625,771,None,Move,browsing
1569714987.651,1633,772,None,Move,browsing
1569714987.659,1639,773,None,Move,browsing
1569714987.666,1647,775,None,Move,browsing
1569714987.674,1656,775,None,Move,browsing
1569714987.681,1661,775,None,Move,browsing
1569714987.689,1667,775,None,Move,browsing
1569714987.696,1673,775,None,Move,browsing
1569714987.704,1680,775,None,Move,browsing
1569714987.711,1684,774,None,Move,browsing
1569714987.718,1691,772,None,Move,browsing
1569714987.726,1694,771,None,Move,browsing
1569714987.734,1699,769,None,Move,browsing
1569714987.7410002,1702,768,None,Move,browsing
1569714987.7489998,1704,768,None,Move,browsing
1569714987.755,1708,767,None,Move,browsing
1569714987.764,1710,766,None,Move,browsing
1569714987.771,1711,766,None,Move,browsing
1569714987.779,1713,766,None,Move,browsing
1569714987.786,1714,766,None,Move,browsing
1569714987.793,1716,765,None,Move,browsing
1569714987.801,1717,765,None,Move,browsing
1569714987.8079998,1718,764,None,Move,browsing
1569714987.816,1718,764,None,Move,browsing
1569714987.824,1719,764,None,Move,browsing
1569714987.8379998,1720,764,None,Move,browsing
1569714987.846,1720,763,None,Move,browsing
1569714987.853,1721,763,None,Move,browsing
1569714987.86,1721,763,None,Move,browsing
1569714987.869,1722,763,None,Move,browsing
1569714987.875,1722,761,None,Move,browsing
1569714987.883,1723,761,None,Move,browsing
1569714987.891,1723,761,None,Move,browsing
1569714987.8979998,1724,761,None,Move,browsing
1569714987.905,1724,760,None,Move,browsing
1569714987.913,1725,759,None,Move,browsing
1569714987.936,1726,758,None,Move,browsing
1569714987.95,1726,758,None,Move,browsing
1569714987.9729998,1726,757,None,Move,browsing
1569714987.988,1726,756,None,Move,browsing
1569714988.002,1726,756,None,Move,browsing
1569714988.01,1726,754,None,Move,browsing
1569714988.0170002,1726,753,None,Move,browsing
1569714988.025,1726,753,None,Move,browsing
1569714988.032,1726,751,None,Move,browsing
1569714988.04,1725,749,None,Move,browsing
1569714988.048,1722,747,None,Move,browsing
1569714988.055,1720,745,None,Move,browsing
1569714988.062,1718,743,None,Move,browsing
1569714988.07,1717,741,None,Move,browsing
1569714988.0779998,1715,739,None,Move,browsing
1569714988.086,1712,736,None,Move,browsing
1569714988.093,1710,735,None,Move,browsing
1569714988.1,1708,733,None,Move,browsing
1569714988.1079998,1707,732,None,Move,browsing
1569714988.115,1704,730,None,Move,browsing
1569714988.1239998,1702,729,None,Move,browsing
1569714988.13,1700,727,None,Move,browsing
1569714988.1379998,1699,725,None,Move,browsing
1569714988.145,1698,724,None,Move,browsing
1569714988.1520002,1695,722,None,Move,browsing
1569714988.16,1694,721,None,Move,browsing
1569714988.166,1693,720,None,Move,browsing
1569714988.176,1692,718,None,Move,browsing
1569714988.1829998,1691,718,None,Move,browsing
1569714988.191,1691,717,None,Move,browsing
1569714988.198,1690,716,None,Move,browsing
1569714988.206,1689,715,None,Move,browsing
1569714988.2129998,1689,715,None,Move,browsing
1569714988.221,1688,715,None,Move,browsing
1569714988.228,1688,714,None,Move,browsing
1569714988.236,1687,713,None,Move,browsing
1569714988.242,1687,713,None,Move,browsing
1569714988.25,1686,712,None,Move,browsing
1569714988.258,1686,710,None,Move,browsing
1569714988.265,1685,709,None,Move,browsing
1569714988.2729998,1684,707,None,Move,browsing
1569714988.279,1683,705,None,Move,browsing
1569714988.2870002,1682,704,None,Move,browsing
1569714988.295,1681,701,None,Move,browsing
1569714988.303,1680,700,None,Move,browsing
1569714988.685,1680,701,None,Move,browsing
1569714988.6929998,1680,703,None,Move,browsing
1569714988.7,1680,705,None,Move,browsing
1569714988.708,1680,707,None,Move,browsing
1569714988.715,1680,708,None,Move,browsing
1569714988.7229998,1680,710,None,Move,browsing
1569714988.731,1680,710,None,Move,browsing
1569714988.738,1680,711,None,Move,browsing
1569714988.746,1680,712,None,Move,browsing
1569714988.754,1680,713,None,Move,browsing
1569714988.76,1680,713,None,Move,browsing
1569714988.769,1680,714,None,Move,browsing
1569714988.776,1680,716,None,Move,browsing
1569714988.791,1680,716,None,Move,browsing
1569714988.813,1680,717,None,Move,browsing
1569714988.851,1680,718,None,Move,browsing
1569714988.873,1680,718,None,Move,browsing
1569714988.896,1680,719,None,Move,browsing
1569714988.903,1680,720,None,Move,browsing
1569714988.918,1680,721,None,Move,browsing
1569714988.9320002,1680,721,None,Move,browsing
1569714988.948,1680,722,None,Move,browsing
1569714988.954,1680,723,None,Move,browsing
1569714989.3379998,1680,723,Left,Pressed,browsing
1569714989.553,1680,723,Left,Released,browsing
1569714990.143,1669,722,None,Move,browsing
1569714990.15,1659,720,None,Move,browsing
1569714990.157,1642,715,None,Move,browsing
1569714990.165,1627,708,None,Move,browsing
1569714990.1720002,1611,704,None,Move,browsing
1569714990.18,1594,698,None,Move,browsing
1569714990.188,1577,694,None,Move,browsing
1569714990.195,1561,691,None,Move,browsing
1569714990.2029998,1546,690,None,Move,browsing
1569714990.21,1527,687,None,Move,browsing
1569714990.219,1506,687,None,Move,browsing
1569714990.225,1491,687,None,Move,browsing
1569714990.2329998,1469,687,None,Move,browsing
1569714990.2410002,1452,687,None,Move,browsing
1569714990.248,1429,687,None,Move,browsing
1569714990.256,1411,687,None,Move,browsing
1569714990.262,1391,687,None,Move,browsing
1569714990.271,1376,687,None,Move,browsing
1569714990.278,1353,687,None,Move,browsing
1569714990.285,1337,686,None,Move,browsing
1569714990.293,1316,686,None,Move,browsing
1569714990.3,1300,686,None,Move,browsing
1569714990.3079998,1282,684,None,Move,browsing
1569714990.315,1265,684,None,Move,browsing
1569714990.323,1248,683,None,Move,browsing
1569714990.33,1234,683,None,Move,browsing
1569714990.337,1219,683,None,Move,browsing
1569714990.345,1205,680,None,Move,browsing
1569714990.353,1192,680,None,Move,browsing
1569714990.36,1179,680,None,Move,browsing
1569714990.367,1170,680,None,Move,browsing
1569714990.3739998,1159,680,None,Move,browsing
1569714990.383,1153,680,None,Move,browsing
1569714990.39,1148,680,None,Move,browsing
1569714990.396,1146,680,None,Move,browsing
1569714990.404,1142,680,None,Move,browsing
1569714990.413,1139,680,None,Move,browsing
1569714990.419,1138,680,None,Move,browsing
1569714990.427,1137,680,None,Move,browsing
1569714990.435,1136,680,None,Move,browsing
1569714990.4420002,1135,680,None,Move,browsing
1569714990.45,1134,680,None,Move,browsing
1569714990.457,1133,680,None,Move,browsing
1569714990.465,1132,680,None,Move,browsing
1569714990.472,1132,680,None,Move,browsing
1569714990.48,1131,681,None,Move,browsing
1569714990.4870002,1130,681,None,Move,browsing
1569714990.525,1130,681,None,Move,browsing
1569714990.561,1129,681,None,Move,browsing
1569714990.64,1128,681,None,Move,browsing
1569714990.6620002,1127,681,None,Move,browsing
1569714990.669,1127,680,None,Move,browsing
1569714990.676,1126,678,None,Move,browsing
1569714990.684,1125,677,None,Move,browsing
1569714990.6920002,1124,673,None,Move,browsing
1569714990.699,1123,667,None,Move,browsing
1569714990.707,1122,665,None,Move,browsing
1569714990.714,1122,661,None,Move,browsing
1569714990.722,1122,658,None,Move,browsing
1569714990.729,1122,657,None,Move,browsing
1569714990.7370002,1122,655,None,Move,browsing
1569714990.744,1122,652,None,Move,browsing
1569714990.752,1122,652,None,Move,browsing
1569714990.7589998,1122,650,None,Move,browsing
1569714990.7670002,1122,648,None,Move,browsing
1569714990.775,1128,646,None,Move,browsing
1569714990.782,1134,642,None,Move,browsing
1569714990.79,1144,639,None,Move,browsing
1569714990.7970002,1154,636,None,Move,browsing
1569714990.805,1166,635,None,Move,browsing
1569714990.813,1176,635,None,Move,browsing
1569714990.82,1186,635,None,Move,browsing
1569714990.827,1198,635,None,Move,browsing
1569714990.835,1208,637,None,Move,browsing
1569714990.842,1220,639,None,Move,browsing
1569714990.85,1234,642,None,Move,browsing
1569714990.8579998,1246,646,None,Move,browsing
1569714990.865,1258,650,None,Move,browsing
1569714990.873,1272,654,None,Move,browsing
1569714990.88,1282,659,None,Move,browsing
1569714990.8879998,1300,667,None,Move,browsing
1569714990.9,1314,674,None,Move,browsing
1569714990.906,1329,681,None,Move,browsing
1569714990.91,1343,688,None,Move,browsing
1569714990.919,1357,693,None,Move,browsing
1569714990.927,1371,700,None,Move,browsing
1569714990.934,1385,706,None,Move,browsing
1569714990.941,1405,713,None,Move,browsing
1569714990.948,1421,722,None,Move,browsing
1569714990.956,1443,733,None,Move,browsing
1569714990.964,1462,740,None,Move,browsing
1569714990.97,1477,746,None,Move,browsing
1569714990.979,1492,753,None,Move,browsing
1569714990.985,1505,757,None,Move,browsing
1569714990.994,1515,764,None,Move,browsing
1569714991.0010002,1526,769,None,Move,browsing
1569714991.008,1535,774,None,Move,browsing
1569714991.015,1544,778,None,Move,browsing
1569714991.024,1550,781,None,Move,browsing
1569714991.031,1556,786,None,Move,browsing
1569714991.038,1559,788,None,Move,browsing
1569714991.046,1561,791,None,Move,browsing
1569714991.053,1563,793,None,Move,browsing
1569714991.061,1566,797,None,Move,browsing
1569714991.0679998,1568,799,None,Move,browsing
1569714991.076,1569,800,None,Move,browsing
1569714991.083,1570,801,None,Move,browsing
1569714991.09,1570,803,None,Move,browsing
1569714991.0979998,1570,804,None,Move,browsing
1569714991.105,1570,805,None,Move,browsing
1569714991.1120002,1570,806,None,Move,browsing
1569714991.12,1570,806,None,Move,browsing
1569714991.1260002,1568,807,None,Move,browsing
1569714991.1339998,1563,808,None,Move,browsing
1569714991.141,1558,809,None,Move,browsing
1569714991.149,1553,809,None,Move,browsing
1569714998.291,1559,810,None,Move,browsing
1569714998.299,1567,812,None,Move,browsing
1569714998.306,1576,813,None,Move,browsing
1569714998.314,1585,815,None,Move,browsing
1569714998.322,1593,817,None,Move,browsing
1569714998.329,1604,819,None,Move,browsing
1569714998.337,1614,823,None,Move,browsing
1569714998.344,1623,826,None,Move,browsing
1569714998.3520002,1633,828,None,Move,browsing
1569714998.359,1644,832,None,Move,browsing
1569714998.367,1654,836,None,Move,browsing
1569714998.3739998,1661,839,None,Move,browsing
1569714998.3839998,1673,843,None,Move,browsing
1569714998.39,1684,848,None,Move,browsing
1569714998.397,1695,852,None,Move,browsing
1569714998.405,1703,856,None,Move,browsing
1569714998.4120002,1714,860,None,Move,browsing
1569714998.419,1723,863,None,Move,browsing
1569714998.427,1732,866,None,Move,browsing
1569714998.434,1741,870,None,Move,browsing
1569714998.4420002,1751,875,None,Move,browsing
1569714998.449,1760,878,None,Move,browsing
1569714998.458,1771,882,None,Move,browsing
1569714998.465,1779,885,None,Move,browsing
1569714998.472,1790,891,None,Move,browsing
1569714998.48,1799,893,None,Move,browsing
1569714998.4870002,1806,896,None,Move,browsing
1569714998.495,1815,898,None,Move,browsing
1569714998.502,1822,902,None,Move,browsing
1569714998.51,1828,904,None,Move,browsing
1569714998.5170002,1833,905,None,Move,browsing
1569714998.525,1836,906,None,Move,browsing
1569714998.532,1840,907,None,Move,browsing
1569714998.54,1843,908,None,Move,browsing
1569714998.5470002,1844,908,None,Move,browsing
1569714998.555,1846,908,None,Move,browsing
1569714998.562,1847,908,None,Move,browsing
1569714998.57,1849,908,None,Move,browsing
1569714998.577,1852,908,None,Move,browsing
1569714998.585,1853,907,None,Move,browsing
1569714998.592,1854,905,None,Move,browsing
1569714998.599,1856,904,None,Move,browsing
1569714998.607,1857,901,None,Move,browsing
1569714998.6139998,1858,898,None,Move,browsing
1569714998.6220002,1860,895,None,Move,browsing
1569714998.629,1861,893,None,Move,browsing
1569714998.637,1861,891,None,Move,browsing
1569714998.644,1862,889,None,Move,browsing
1569714998.6520002,1862,888,None,Move,browsing
1569714998.659,1862,886,None,Move,browsing
1569714998.667,1862,883,None,Move,browsing
1569714998.674,1862,883,None,Move,browsing
1569714998.681,1862,881,None,Move,browsing
1569714998.689,1862,880,None,Move,browsing
1569714998.696,1862,880,None,Move,browsing
1569714998.704,1862,879,None,Move,browsing
1569714998.711,1862,878,None,Move,browsing
1569714998.719,1862,878,None,Move,browsing
1569714998.732,1862,876,None,Move,browsing
1569714998.742,1862,875,None,Move,browsing
1569714998.758,1862,875,None,Move,browsing
1569714998.765,1862,874,None,Move,browsing
1569714998.7729998,1862,872,None,Move,browsing
1569714998.78,1861,870,None,Move,browsing
1569714998.788,1858,864,None,Move,browsing
1569714998.795,1856,860,None,Move,browsing
1569714998.802,1853,855,None,Move,browsing
1569714998.809,1850,849,None,Move,browsing
1569714998.8170002,1845,843,None,Move,browsing
1569714998.824,1842,838,None,Move,browsing
1569714998.832,1840,834,None,Move,browsing
1569714998.84,1837,831,None,Move,browsing
1569714998.847,1835,829,None,Move,browsing
1569714998.854,1833,825,None,Move,browsing
1569714998.8620002,1831,823,None,Move,browsing
1569714998.869,1829,821,None,Move,browsing
1569714998.8760002,1827,819,None,Move,browsing
1569714998.8839998,1825,817,None,Move,browsing
1569714998.889,1823,815,None,Move,browsing
1569714998.9,1820,813,None,Move,browsing
1569714998.918,1818,811,None,Move,browsing
1569714998.926,1815,808,None,Move,browsing
1569714998.9329998,1811,806,None,Move,browsing
1569714998.939,1807,804,None,Move,browsing
1569714998.945,1804,802,None,Move,browsing
1569714998.952,1801,801,None,Move,browsing
1569714998.961,1797,800,None,Move,browsing
1569714998.967,1794,799,None,Move,browsing
1569714998.975,1790,796,None,Move,browsing
1569714998.982,1787,794,None,Move,browsing
1569714998.99,1784,793,None,Move,browsing
1569714998.996,1780,791,None,Move,browsing
1569714999.0029998,1778,789,None,Move,browsing
1569714999.0110002,1772,786,None,Move,browsing
1569714999.018,1768,784,None,Move,browsing
1569714999.0270002,1764,781,None,Move,browsing
1569714999.032,1758,776,None,Move,browsing
1569714999.04,1753,773,None,Move,browsing
1569714999.051,1747,769,None,Move,browsing
1569714999.0570002,1743,765,None,Move,browsing
1569714999.066,1739,763,None,Move,browsing
1569714999.073,1736,761,None,Move,browsing
1569714999.08,1732,758,None,Move,browsing
1569714999.0879998,1726,753,None,Move,browsing
1569714999.095,1723,751,None,Move,browsing
1569714999.103,1720,749,None,Move,browsing
1569714999.11,1716,747,None,Move,browsing
1569714999.117,1714,744,None,Move,browsing
1569714999.125,1713,743,None,Move,browsing
1569714999.1320002,1711,741,None,Move,browsing
1569714999.14,1708,739,None,Move,browsing
1569714999.147,1706,737,None,Move,browsing
1569714999.155,1704,734,None,Move,browsing
1569714999.1620002,1703,733,None,Move,browsing
1569714999.17,1701,731,None,Move,browsing
1569714999.178,1698,729,None,Move,browsing
1569714999.185,1696,727,None,Move,browsing
1569714999.1929998,1695,726,None,Move,browsing
1569714999.2,1694,724,None,Move,browsing
1569714999.209,1692,723,None,Move,browsing
1569714999.216,1689,721,None,Move,browsing
1569714999.222,1688,720,None,Move,browsing
1569714999.23,1687,719,None,Move,browsing
1569714999.2370002,1686,717,None,Move,browsing
1569714999.245,1684,715,None,Move,browsing
1569714999.252,1683,713,None,Move,browsing
1569714999.2610002,1682,713,None,Move,browsing
1569714999.2670002,1680,711,None,Move,browsing
1569714999.276,1679,709,None,Move,browsing
1569714999.282,1677,706,None,Move,browsing
1569714999.29,1676,705,None,Move,browsing
1569714999.2970002,1675,703,None,Move,browsing
1569714999.305,1675,701,None,Move,browsing
1569714999.312,1673,700,None,Move,browsing
1569714999.32,1672,698,None,Move,browsing
1569714999.327,1671,697,None,Move,browsing
1569714999.335,1671,696,None,Move,browsing
1569714999.342,1671,695,None,Move,browsing
1569714999.35,1671,695,None,Move,browsing
1569714999.357,1670,694,None,Move,browsing
1569714999.3639998,1670,693,None,Move,browsing
1569714999.387,1670,693,None,Move,browsing
1569714999.394,1669,693,None,Move,browsing
1569714999.41,1669,691,None,Move,browsing
1569714999.447,1669,690,None,Move,browsing
1569714999.814,1669,692,None,Move,browsing
1569714999.821,1670,696,None,Move,browsing
1569714999.829,1671,701,None,Move,browsing
1569714999.836,1672,705,None,Move,browsing
1569714999.844,1673,709,None,Move,browsing
1569714999.851,1673,712,None,Move,browsing
1569714999.859,1673,713,None,Move,browsing
1569714999.8679998,1673,715,None,Move,browsing
1569714999.8739998,1673,715,None,Move,browsing
1569714999.881,1673,717,None,Move,browsing
1569714999.889,1674,718,None,Move,browsing
1569714999.897,1674,718,None,Move,browsing
1569714999.904,1674,719,None,Move,browsing
1569714999.9120002,1674,720,None,Move,browsing
1569714999.919,1674,720,None,Move,browsing
1569714999.934,1674,721,None,Move,browsing
1569714999.949,1674,722,None,Move,browsing
1569714999.956,1675,722,None,Move,browsing
1569714999.971,1675,723,None,Move,browsing
1569715000.002,1675,724,None,Move,browsing
1569715000.333,1675,724,Left,Pressed,browsing
1569715000.548,1675,724,Left,Released,browsing
1569715001.742,1664,725,None,Move,browsing
1569715001.7510002,1651,727,None,Move,browsing
1569715001.758,1638,727,None,Move,browsing
1569715001.766,1624,727,None,Move,browsing
1569715001.772,1609,727,None,Move,browsing
1569715001.781,1594,727,None,Move,browsing
1569715001.788,1578,726,None,Move,browsing
1569715001.796,1561,723,None,Move,browsing
1569715001.803,1537,720,None,Move,browsing
1569715001.811,1515,717,None,Move,browsing
1569715001.819,1489,714,None,Move,browsing
1569715001.825,1457,708,None,Move,browsing
1569715001.834,1427,702,None,Move,browsing
1569715001.841,1391,698,None,Move,browsing
1569715001.8479998,1359,693,None,Move,browsing
1569715001.855,1322,684,None,Move,browsing
1569715001.8620002,1283,680,None,Move,browsing
1569715001.871,1247,674,None,Move,browsing
1569715001.8779998,1220,667,None,Move,browsing
1569715001.8860002,1183,659,None,Move,browsing
1569715001.893,1159,652,None,Move,browsing
1569715001.901,1138,644,None,Move,browsing
1569715001.908,1120,638,None,Move,browsing
1569715001.916,1106,632,None,Move,browsing
1569715001.9220002,1094,627,None,Move,browsing
1569715001.93,1087,622,None,Move,browsing
1569715001.938,1077,615,None,Move,browsing
1569715001.946,1068,610,None,Move,browsing
1569715001.9529998,1062,605,None,Move,browsing
1569715001.96,1058,602,None,Move,browsing
1569715001.967,1055,600,None,Move,browsing
1569715001.975,1052,599,None,Move,browsing
1569715001.9829998,1050,596,None,Move,browsing
1569715001.99,1049,595,None,Move,browsing
1569715001.9970002,1048,594,None,Move,browsing
1569715002.006,1047,593,None,Move,browsing
1569715002.0129998,1046,592,None,Move,browsing
1569715002.02,1045,591,None,Move,browsing
1569715002.0270002,1044,590,None,Move,browsing
1569715002.036,1044,589,None,Move,browsing
1569715002.042,1042,588,None,Move,browsing
1569715002.05,1041,587,None,Move,browsing
1569715002.0579998,1041,587,None,Move,browsing
1569715002.065,1041,586,None,Move,browsing
1569715002.081,1041,585,None,Move,browsing
1569715002.096,1040,585,None,Move,browsing
1569715002.103,1040,584,None,Move,browsing
1569715002.1339998,1040,584,None,Move,browsing
1569715002.1420002,1039,584,None,Move,browsing
1569715002.164,1039,583,None,Move,browsing
1569715002.201,1040,581,None,Move,browsing
1569715002.212,1045,581,None,Move,browsing
1569715002.222,1048,581,None,Move,browsing
1569715002.23,1056,581,None,Move,browsing
1569715002.236,1061,581,None,Move,browsing
1569715002.242,1070,583,None,Move,browsing
1569715002.248,1080,586,None,Move,browsing
1569715002.254,1091,588,None,Move,browsing
1569715002.2610002,1100,591,None,Move,browsing
1569715002.269,1110,592,None,Move,browsing
1569715002.2770002,1120,596,None,Move,browsing
1569715002.283,1129,597,None,Move,browsing
1569715002.292,1134,598,None,Move,browsing
1569715002.299,1141,599,None,Move,browsing
1569715002.3070002,1147,600,None,Move,browsing
1569715002.314,1154,602,None,Move,browsing
1569715002.32,1157,602,None,Move,browsing
1569715002.329,1164,603,None,Move,browsing
1569715002.335,1168,604,None,Move,browsing
1569715002.345,1172,604,None,Move,browsing
1569715002.3520002,1175,605,None,Move,browsing
1569715002.359,1178,605,None,Move,browsing
1569715002.367,1182,607,None,Move,browsing
1569715002.375,1186,607,None,Move,browsing
1569715002.3820002,1187,607,None,Move,browsing
1569715002.389,1191,607,None,Move,browsing
1569715002.395,1193,607,None,Move,browsing
1569715002.405,1195,608,None,Move,browsing
1569715002.4120002,1196,608,None,Move,browsing
1569715002.42,1199,608,None,Move,browsing
1569715002.427,1200,608,None,Move,browsing
1569715002.435,1203,608,None,Move,browsing
1569715002.4420002,1205,608,None,Move,browsing
1569715002.45,1207,608,None,Move,browsing
1569715002.458,1210,608,None,Move,browsing
1569715002.471,1212,608,None,Move,browsing
1569715002.481,1215,608,None,Move,browsing
1569715002.488,1216,608,None,Move,browsing
1569715002.495,1218,608,None,Move,browsing
1569715002.502,1219,608,None,Move,browsing
1569715002.5089998,1219,608,None,Move,browsing
1569715002.5170002,1220,608,None,Move,browsing
1569715002.524,1221,608,None,Move,browsing
1569715002.532,1222,608,None,Move,browsing
1569715002.5470002,1223,608,None,Move,browsing
1569715002.562,1224,608,None,Move,browsing
1569715002.577,1225,608,None,Move,browsing
1569715002.597,1225,608,None,Move,browsing
1569715002.6379998,1226,608,None,Move,browsing
1569715002.684,1227,608,None,Move,browsing
1569715002.722,1227,608,None,Move,browsing
1569715002.7670002,1228,608,None,Move,browsing
1569715003.202,1228,608,Left,Pressed,browsing
1569715003.417,1228,608,Left,Released,browsing
1569715004.133,1232,614,None,Move,browsing
1569715004.14,1238,628,None,Move,browsing
1569715004.147,1244,637,None,Move,browsing
1569715004.155,1250,651,None,Move,browsing
1569715004.1620002,1256,659,None,Move,browsing
1569715004.17,1261,671,None,Move,browsing
1569715004.177,1270,683,None,Move,browsing
1569715004.185,1275,692,None,Move,browsing
1569715004.1929998,1283,706,None,Move,browsing
1569715004.2,1289,718,None,Move,browsing
1569715004.208,1295,726,None,Move,browsing
1569715004.215,1300,738,None,Move,browsing
1569715004.2229998,1304,747,None,Move,browsing
1569715004.23,1311,760,None,Move,browsing
1569715004.238,1315,767,None,Move,browsing
1569715004.245,1321,776,None,Move,browsing
1569715004.2529998,1327,788,None,Move,browsing
1569715004.26,1333,796,None,Move,browsing
1569715004.268,1338,805,None,Move,browsing
1569715004.275,1342,814,None,Move,browsing
1569715004.282,1349,822,None,Move,browsing
1569715004.29,1352,831,None,Move,browsing
1569715004.298,1356,839,None,Move,browsing
1569715004.305,1359,844,None,Move,browsing
1569715004.312,1362,851,None,Move,browsing
1569715004.322,1364,857,None,Move,browsing
1569715004.3279998,1366,862,None,Move,browsing
1569715004.335,1369,865,None,Move,browsing
1569715004.343,1370,868,None,Move,browsing
1569715004.35,1371,872,None,Move,browsing
1569715004.357,1371,873,None,Move,browsing
1569715004.3660002,1372,875,None,Move,browsing
1569715004.3720002,1372,876,None,Move,browsing
1569715004.379,1372,876,None,Move,browsing
1569715004.387,1373,877,None,Move,browsing
1569715004.394,1373,878,None,Move,browsing
1569715021.276,1383,874,None,Move,browsing
1569715021.284,1397,865,None,Move,browsing
1569715021.291,1413,857,None,Move,browsing
1569715021.299,1427,848,None,Move,browsing
1569715021.3070002,1441,838,None,Move,browsing
1569715021.314,1455,830,None,Move,browsing
1569715021.321,1469,820,None,Move,browsing
1569715021.327,1483,812,None,Move,browsing
1569715021.337,1497,803,None,Move,browsing
1569715021.353,1508,794,None,Move,browsing
1569715021.361,1519,789,None,Move,browsing
1569715021.3679998,1530,781,None,Move,browsing
1569715021.375,1540,773,None,Move,browsing
1569715021.383,1553,766,None,Move,browsing
1569715021.391,1564,758,None,Move,browsing
1569715021.3979998,1574,753,None,Move,browsing
1569715021.406,1585,746,None,Move,browsing
1569715021.413,1592,741,None,Move,browsing
1569715021.421,1597,738,None,Move,browsing
1569715021.428,1601,733,None,Move,browsing
1569715021.436,1605,731,None,Move,browsing
1569715021.4429998,1608,728,None,Move,browsing
1569715021.451,1611,726,None,Move,browsing
1569715021.458,1614,723,None,Move,browsing
1569715021.466,1617,722,None,Move,browsing
1569715021.474,1619,720,None,Move,browsing
1569715021.481,1620,718,None,Move,browsing
1569715021.488,1623,716,None,Move,browsing
1569715021.496,1625,714,None,Move,browsing
1569715021.5029998,1628,712,None,Move,browsing
1569715021.5110002,1630,711,None,Move,browsing
1569715021.518,1634,709,None,Move,browsing
1569715021.526,1636,707,None,Move,browsing
1569715021.533,1638,704,None,Move,browsing
1569715021.539,1642,702,None,Move,browsing
1569715021.548,1644,700,None,Move,browsing
1569715021.556,1646,698,None,Move,browsing
1569715021.563,1647,698,None,Move,browsing
1569715021.569,1648,697,None,Move,browsing
1569715021.577,1649,695,None,Move,browsing
1569715021.587,1651,695,None,Move,browsing
1569715021.595,1651,695,None,Move,browsing
1569715021.617,1652,694,None,Move,browsing
1569715021.633,1653,694,None,Move,browsing
1569715021.639,1653,693,None,Move,browsing
1569715021.647,1653,693,None,Move,browsing
1569715021.655,1653,692,None,Move,browsing
1569715021.67,1654,692,None,Move,browsing
1569715021.685,1655,692,None,Move,browsing
1569715021.715,1656,692,None,Move,browsing
1569715021.73,1656,691,None,Move,browsing
1569715021.752,1656,691,None,Move,browsing
1569715021.82,1658,691,None,Move,browsing
1569715021.887,1659,691,None,Move,browsing
1569715022.357,1659,693,None,Move,browsing
1569715022.373,1659,696,None,Move,browsing
1569715022.3820002,1659,697,None,Move,browsing
1569715022.389,1659,699,None,Move,browsing
1569715022.397,1659,700,None,Move,browsing
1569715022.4020002,1659,700,None,Move,browsing
1569715022.407,1659,701,None,Move,browsing
1569715022.415,1659,702,None,Move,browsing
1569715022.4220002,1659,703,None,Move,browsing
1569715022.43,1659,704,None,Move,browsing
1569715022.437,1659,705,None,Move,browsing
1569715022.458,1659,705,None,Move,browsing
1569715022.809,1659,705,Left,Pressed,browsing
1569715023.024,1659,705,Left,Released,browsing
1569715023.285,1654,705,None,Move,browsing
1569715023.292,1645,704,None,Move,browsing
1569715023.299,1633,702,None,Move,browsing
1569715023.306,1621,699,None,Move,browsing
1569715023.314,1608,696,None,Move,browsing
1569715023.321,1596,692,None,Move,browsing
1569715023.329,1582,689,None,Move,browsing
1569715023.337,1569,687,None,Move,browsing
1569715023.344,1553,683,None,Move,browsing
1569715023.3520002,1538,677,None,Move,browsing
1569715023.359,1521,673,None,Move,browsing
1569715023.365,1504,669,None,Move,browsing
1569715023.3760002,1487,663,None,Move,browsing
1569715023.383,1472,659,None,Move,browsing
1569715023.39,1452,654,None,Move,browsing
1569715023.397,1437,649,None,Move,browsing
1569715023.407,1420,643,None,Move,browsing
1569715023.414,1403,639,None,Move,browsing
1569715023.421,1378,630,None,Move,browsing
1569715023.43,1350,621,None,Move,browsing
1569715023.436,1309,608,None,Move,browsing
1569715023.4429998,1273,600,None,Move,browsing
1569715023.45,1235,587,None,Move,browsing
1569715023.458,1207,578,None,Move,browsing
1569715023.465,1176,568,None,Move,browsing
1569715023.474,1159,564,None,Move,browsing
1569715023.481,1137,556,None,Move,browsing
1569715023.488,1122,552,None,Move,browsing
1569715023.4970002,1105,548,None,Move,browsing
1569715023.502,1094,545,None,Move,browsing
1569715023.51,1085,541,None,Move,browsing
1569715023.5170002,1077,538,None,Move,browsing
1569715023.526,1069,535,None,Move,browsing
1569715023.533,1061,533,None,Move,browsing
1569715023.541,1055,529,None,Move,browsing
1569715023.5470002,1052,527,None,Move,browsing
1569715023.555,1049,525,None,Move,browsing
1569715023.562,1045,525,None,Move,browsing
1569715023.57,1044,524,None,Move,browsing
1569715023.577,1042,523,None,Move,browsing
1569715023.585,1040,522,None,Move,browsing
1569715023.592,1038,520,None,Move,browsing
1569715023.601,1037,519,None,Move,browsing
1569715023.607,1036,519,None,Move,browsing
1569715023.613,1035,518,None,Move,browsing
1569715023.621,1035,517,None,Move,browsing
1569715023.629,1034,516,None,Move,browsing
1569715023.637,1033,516,None,Move,browsing
1569715023.644,1032,515,None,Move,browsing
1569715023.6520002,1032,515,None,Move,browsing
1569715023.659,1031,515,None,Move,browsing
1569715023.666,1029,514,None,Move,browsing
1569715023.674,1029,514,None,Move,browsing
1569715023.6820002,1028,514,None,Move,browsing
1569715023.688,1027,514,None,Move,browsing
1569715023.696,1027,514,None,Move,browsing
1569715023.704,1026,514,None,Move,browsing
1569715023.711,1025,514,None,Move,browsing
1569715023.718,1024,514,None,Move,browsing
1569715023.726,1024,515,None,Move,browsing
1569715023.734,1022,515,None,Move,browsing
1569715023.74,1021,516,None,Move,browsing
1569715023.7470002,1021,517,None,Move,browsing
1569715023.755,1020,518,None,Move,browsing
1569715023.7629998,1019,518,None,Move,browsing
1569715023.77,1019,519,None,Move,browsing
1569715023.778,1018,521,None,Move,browsing
1569715023.786,1017,521,None,Move,browsing
1569715023.792,1016,521,None,Move,browsing
1569715023.799,1015,522,None,Move,browsing
1569715023.805,1014,522,None,Move,browsing
1569715023.815,1014,523,None,Move,browsing
1569715023.831,1014,524,None,Move,browsing
1569715023.8379998,1014,524,None,Move,browsing
1569715023.846,1014,525,None,Move,browsing
1569715023.853,1016,527,None,Move,browsing
1569715023.861,1023,530,None,Move,browsing
1569715023.867,1033,534,None,Move,browsing
1569715023.8760002,1042,536,None,Move,browsing
1569715023.883,1053,540,None,Move,browsing
1569715023.89,1062,545,None,Move,browsing
1569715023.897,1071,548,None,Move,browsing
1569715023.905,1078,552,None,Move,browsing
1569715023.913,1085,557,None,Move,browsing
1569715023.92,1094,561,None,Move,browsing
1569715023.928,1100,564,None,Move,browsing
1569715023.935,1109,571,None,Move,browsing
1569715023.9429998,1117,576,None,Move,browsing
1569715023.95,1123,582,None,Move,browsing
1569715023.958,1131,587,None,Move,browsing
1569715023.965,1137,594,None,Move,browsing
1569715023.972,1143,599,None,Move,browsing
1569715023.98,1148,607,None,Move,browsing
1569715023.988,1153,611,None,Move,browsing
1569715023.995,1158,619,None,Move,browsing
1569715024.002,1162,625,None,Move,browsing
1569715024.01,1169,634,None,Move,browsing
1569715024.018,1172,640,None,Move,browsing
1569715024.025,1179,646,None,Move,browsing
1569715024.032,1182,652,None,Move,browsing
1569715024.04,1186,658,None,Move,browsing
1569715024.0470002,1188,661,None,Move,browsing
1569715024.055,1190,663,None,Move,browsing
1569715024.063,1192,665,None,Move,browsing
1569715024.071,1194,667,None,Move,browsing
1569715024.0779998,1195,669,None,Move,browsing
1569715024.085,1195,669,None,Move,browsing
1569715024.092,1197,670,None,Move,browsing
1569715024.1,1197,671,None,Move,browsing
1569715024.1079998,1198,672,None,Move,browsing
1569715024.113,1198,673,None,Move,browsing
1569715024.123,1198,674,None,Move,browsing
1569715024.13,1198,674,None,Move,browsing
1569715024.1360002,1199,674,None,Move,browsing
1569715024.146,1199,675,None,Move,browsing
1569715024.17,1200,675,None,Move,browsing
1569715024.176,1200,676,None,Move,browsing
1569715024.191,1201,676,None,Move,browsing
1569715024.206,1201,676,None,Move,browsing
1569715024.214,1202,676,None,Move,browsing
1569715024.229,1203,676,None,Move,browsing
1569715024.236,1204,676,None,Move,browsing
1569715024.2429998,1205,676,None,Move,browsing
1569715024.2510002,1206,676,None,Move,browsing
1569715024.2589998,1206,676,None,Move,browsing
1569715024.266,1207,676,None,Move,browsing
1569715024.274,1208,676,None,Move,browsing
1569715024.281,1209,676,None,Move,browsing
1569715024.288,1209,676,None,Move,browsing
1569715024.296,1210,676,None,Move,browsing
1569715024.304,1211,676,None,Move,browsing
1569715024.311,1212,676,None,Move,browsing
1569715024.319,1213,676,None,Move,browsing
1569715024.326,1214,676,None,Move,browsing
1569715024.333,1214,676,None,Move,browsing
1569715024.341,1215,676,None,Move,browsing
1569715024.3479998,1216,676,None,Move,browsing
1569715024.354,1216,676,None,Move,browsing
1569715024.371,1217,676,None,Move,browsing
1569715024.3860002,1219,676,None,Move,browsing
1569715024.401,1219,675,None,Move,browsing
1569715024.416,1220,675,None,Move,browsing
1569715024.424,1221,674,None,Move,browsing
1569715024.431,1222,672,None,Move,browsing
1569715024.439,1223,670,None,Move,browsing
1569715024.446,1223,668,None,Move,browsing
1569715024.454,1224,667,None,Move,browsing
1569715024.462,1225,666,None,Move,browsing
1569715024.469,1225,664,None,Move,browsing
1569715024.476,1227,662,None,Move,browsing
1569715024.484,1227,661,None,Move,browsing
1569715024.492,1227,658,None,Move,browsing
1569715024.4989998,1227,656,None,Move,browsing
1569715024.505,1227,653,None,Move,browsing
1569715024.515,1227,651,None,Move,browsing
1569715024.522,1227,650,None,Move,browsing
1569715024.529,1227,647,None,Move,browsing
1569715024.5370002,1227,645,None,Move,browsing
1569715024.544,1226,645,None,Move,browsing
1569715024.552,1226,644,None,Move,browsing
1569715024.559,1225,643,None,Move,browsing
1569715024.5670002,1225,642,None,Move,browsing
1569715024.574,1224,642,None,Move,browsing
1569715024.582,1224,641,None,Move,browsing
1569715024.589,1224,639,None,Move,browsing
1569715024.597,1224,638,None,Move,browsing
1569715024.604,1223,637,None,Move,browsing
1569715024.6120002,1223,636,None,Move,browsing
1569715024.619,1223,635,None,Move,browsing
1569715024.627,1222,634,None,Move,browsing
1569715024.6339998,1222,633,None,Move,browsing
1569715024.6420002,1222,632,None,Move,browsing
1569715024.65,1222,631,None,Move,browsing
1569715024.657,1222,630,None,Move,browsing
1569715024.665,1222,630,None,Move,browsing
1569715024.671,1222,629,None,Move,browsing
1569715024.679,1222,628,None,Move,browsing
1569715024.702,1221,628,None,Move,browsing
1569715024.72,1221,627,None,Move,browsing
1569715024.958,1221,627,None,Move,browsing
1569715024.976,1221,628,None,Move,browsing
1569715024.9870002,1221,629,None,Move,browsing
1569715024.9929998,1221,630,None,Move,browsing
1569715024.998,1221,630,None,Move,browsing
1569715025.0029998,1221,630,None,Move,browsing
1569715025.01,1221,631,None,Move,browsing
1569715025.025,1221,632,None,Move,browsing
1569715025.04,1222,632,None,Move,browsing
1569715025.055,1222,633,None,Move,browsing
1569715025.077,1222,634,None,Move,browsing
1569715025.092,1222,635,None,Move,browsing
1569715025.115,1222,636,None,Move,browsing
1569715025.137,1222,637,None,Move,browsing
1569715025.159,1222,637,None,Move,browsing
1569715025.7,1223,639,None,Move,browsing
1569715025.708,1224,641,None,Move,browsing
1569715025.715,1224,642,None,Move,browsing
1569715025.7229998,1224,644,None,Move,browsing
1569715025.73,1224,646,None,Move,browsing
1569715025.738,1224,646,None,Move,browsing
1569715025.746,1224,647,None,Move,browsing
1569715025.7529998,1224,648,None,Move,browsing
1569715025.7610002,1224,648,None,Move,browsing
1569715025.769,1224,649,None,Move,browsing
1569715025.775,1224,650,None,Move,browsing
1569715025.783,1225,650,None,Move,browsing
1569715025.79,1225,651,None,Move,browsing
1569715025.822,1225,651,None,Move,browsing
1569715026.076,1225,651,None,Move,browsing
1569715026.106,1225,651,None,Move,browsing
1569715026.127,1225,650,None,Move,browsing
1569715026.158,1225,649,None,Move,browsing
1569715026.1720002,1225,649,None,Move,browsing
1569715026.187,1225,647,None,Move,browsing
1569715026.202,1225,647,None,Move,browsing
1569715026.209,1225,646,None,Move,browsing
1569715026.224,1225,645,None,Move,browsing
1569715026.232,1225,644,None,Move,browsing
1569715026.2389998,1224,644,None,Move,browsing
1569715026.2470002,1224,644,None,Move,browsing
1569715026.256,1223,643,None,Move,browsing
1569715026.269,1223,642,None,Move,browsing
1569715026.291,1223,642,None,Move,browsing
1569715026.306,1222,641,None,Move,browsing
1569715026.329,1222,640,None,Move,browsing
1569715026.344,1221,640,None,Move,browsing
1569715026.359,1221,639,None,Move,browsing
1569715026.98,1221,639,Left,Pressed,browsing
1569715027.194,1221,639,Left,Released,browsing
1569715027.5229998,1232,643,None,Move,browsing
1569715027.533,1251,649,None,Move,browsing
1569715027.546,1265,656,None,Move,browsing
1569715027.551,1285,662,None,Move,browsing
1569715027.555,1297,666,None,Move,browsing
1569715027.56,1311,671,None,Move,browsing
1569715027.5679998,1323,675,None,Move,browsing
1569715027.575,1337,682,None,Move,browsing
1569715027.583,1349,686,None,Move,browsing
1569715027.59,1361,690,None,Move,browsing
1569715027.5979998,1372,696,None,Move,browsing
1569715027.605,1379,698,None,Move,browsing
1569715027.613,1388,702,None,Move,browsing
1569715027.62,1397,706,None,Move,browsing
1569715027.6279998,1403,710,None,Move,browsing
1569715027.635,1410,714,None,Move,browsing
1569715027.643,1417,718,None,Move,browsing
1569715027.649,1425,723,None,Move,browsing
1569715027.659,1432,727,None,Move,browsing
1569715027.666,1441,730,None,Move,browsing
1569715027.674,1449,735,None,Move,browsing
1569715027.681,1456,740,None,Move,browsing
1569715027.689,1465,746,None,Move,browsing
1569715027.696,1474,751,None,Move,browsing
1569715027.704,1482,756,None,Move,browsing
1569715027.712,1491,762,None,Move,browsing
1569715027.718,1502,768,None,Move,browsing
1569715027.7270002,1509,774,None,Move,browsing
1569715027.734,1518,779,None,Move,browsing
1569715027.7410002,1528,784,None,Move,browsing
1569715027.748,1534,791,None,Move,browsing
1569715027.7570002,1541,796,None,Move,browsing
1569715027.764,1547,802,None,Move,browsing
1569715027.772,1555,807,None,Move,browsing
1569715027.779,1559,811,None,Move,browsing
1569715027.786,1567,815,None,Move,browsing
1569715027.793,1571,818,None,Move,browsing
1569715027.801,1579,825,None,Move,browsing
1569715027.809,1583,828,None,Move,browsing
1569715027.8170002,1589,831,None,Move,browsing
1569715027.824,1592,836,None,Move,browsing
1569715027.832,1598,839,None,Move,browsing
1569715027.839,1601,842,None,Move,browsing
1569715027.847,1605,847,None,Move,browsing
1569715027.854,1610,849,None,Move,browsing
1569715027.8620002,1612,852,None,Move,browsing
1569715027.8679998,1615,856,None,Move,browsing
1569715027.877,1619,858,None,Move,browsing
1569715027.8839998,1621,860,None,Move,browsing
1569715027.8920002,1623,862,None,Move,browsing
1569715027.899,1627,864,None,Move,browsing
1569715027.906,1629,867,None,Move,browsing
1569715027.914,1631,869,None,Move,browsing
1569715027.921,1633,871,None,Move,browsing
1569715027.929,1634,872,None,Move,browsing
1569715027.937,1637,872,None,Move,browsing
1569715027.944,1638,873,None,Move,browsing
1569715027.952,1639,875,None,Move,browsing
1569715027.96,1639,875,None,Move,browsing
1569715027.968,1640,875,None,Move,browsing
1569715027.974,1640,876,None,Move,browsing
1569715027.9829998,1641,876,None,Move,browsing
1569715028.004,1641,877,None,Move,browsing
1569715028.427,1646,867,None,Move,browsing
1569715028.434,1653,857,None,Move,browsing
1569715028.4420002,1657,845,None,Move,browsing
1569715028.448,1661,834,None,Move,browsing
1569715028.456,1663,825,None,Move,browsing
1569715028.4629998,1667,818,None,Move,browsing
1569715028.471,1669,809,None,Move,browsing
1569715028.478,1672,800,None,Move,browsing
1569715028.486,1673,795,None,Move,browsing
1569715028.4929998,1674,788,None,Move,browsing
1569715028.5010002,1675,784,None,Move,browsing
1569715028.508,1677,778,None,Move,browsing
1569715028.516,1677,775,None,Move,browsing
1569715028.5229998,1678,771,None,Move,browsing
1569715028.531,1678,767,None,Move,browsing
1569715028.538,1678,764,None,Move,browsing
1569715028.5470002,1678,762,None,Move,browsing
1569715028.554,1678,758,None,Move,browsing
1569715028.561,1678,755,None,Move,browsing
1569715028.569,1678,753,None,Move,browsing
1569715028.576,1678,750,None,Move,browsing
1569715028.584,1678,748,None,Move,browsing
1569715028.591,1678,747,None,Move,browsing
1569715028.5979998,1678,745,None,Move,browsing
1569715028.606,1677,742,None,Move,browsing
1569715028.613,1676,741,None,Move,browsing
1569715028.621,1675,739,None,Move,browsing
1569715028.6279998,1674,737,None,Move,browsing
1569715028.6360002,1673,735,None,Move,browsing
1569715028.644,1672,733,None,Move,browsing
1569715028.651,1671,731,None,Move,browsing
1569715028.659,1670,729,None,Move,browsing
1569715028.666,1667,727,None,Move,browsing
1569715028.674,1666,727,None,Move,browsing
1569715028.681,1665,726,None,Move,browsing
1569715028.689,1664,724,None,Move,browsing
1569715028.696,1662,723,None,Move,browsing
1569715028.704,1659,722,None,Move,browsing
1569715028.711,1659,721,None,Move,browsing
1569715028.717,1657,720,None,Move,browsing
1569715028.7270002,1656,720,None,Move,browsing
1569715028.735,1656,719,None,Move,browsing
1569715028.742,1654,718,None,Move,browsing
1569715028.7470002,1653,718,None,Move,browsing
1569715028.758,1652,717,None,Move,browsing
1569715028.77,1651,716,None,Move,browsing
1569715028.7770002,1649,716,None,Move,browsing
1569715028.783,1649,716,None,Move,browsing
1569715028.7870002,1648,715,None,Move,browsing
1569715028.794,1647,715,None,Move,browsing
1569715028.801,1646,715,None,Move,browsing
1569715028.81,1645,715,None,Move,browsing
1569715028.816,1644,714,None,Move,browsing
1569715028.824,1644,714,None,Move,browsing
1569715028.832,1643,714,None,Move,browsing
1569715028.839,1642,714,None,Move,browsing
1569715028.846,1641,713,None,Move,browsing
1569715028.853,1641,713,None,Move,browsing
1569715028.861,1640,713,None,Move,browsing
1569715028.8679998,1639,713,None,Move,browsing
1569715028.877,1638,713,None,Move,browsing
1569715028.883,1637,713,None,Move,browsing
1569715028.891,1636,713,None,Move,browsing
1569715028.914,1636,713,None,Move,browsing
1569715028.928,1635,713,None,Move,browsing
1569715028.959,1634,713,None,Move,browsing
1569715028.995,1634,713,None,Move,browsing
1569715029.04,1634,713,None,Move,browsing
1569715029.0470002,1634,713,None,Move,browsing
1569715029.055,1634,714,None,Move,browsing
1569715029.062,1634,716,None,Move,browsing
1569715029.07,1634,718,None,Move,browsing
1569715029.077,1634,720,None,Move,browsing
1569715029.084,1635,722,None,Move,browsing
1569715029.092,1636,726,None,Move,browsing
1569715029.1,1637,728,None,Move,browsing
1569715029.106,1638,731,None,Move,browsing
1569715029.1139998,1639,732,None,Move,browsing
1569715029.1220002,1641,734,None,Move,browsing
1569715029.129,1641,737,None,Move,browsing
1569715029.1360002,1641,738,None,Move,browsing
1569715029.144,1641,738,None,Move,browsing
1569715029.151,1642,739,None,Move,browsing
1569715029.159,1642,740,None,Move,browsing
1569715029.167,1643,740,None,Move,browsing
1569715029.173,1643,741,None,Move,browsing
1569715029.181,1643,742,None,Move,browsing
1569715029.188,1643,743,None,Move,browsing
1569715029.196,1643,744,None,Move,browsing
1569715029.2029998,1643,745,None,Move,browsing
1569715029.211,1643,746,None,Move,browsing
1569715029.218,1644,746,None,Move,browsing
1569715029.225,1644,746,None,Move,browsing
1569715029.255,1644,747,None,Move,browsing
1569715029.278,1644,748,None,Move,browsing
1569715029.299,1644,748,None,Move,browsing
1569715029.62,1644,748,Left,Pressed,browsing
1569715029.835,1644,748,Left,Released,browsing
1569715078.39,1640,748,None,Move,browsing
1569715078.3979998,1628,748,None,Move,browsing
1569715078.405,1616,748,None,Move,browsing
1569715078.413,1604,747,None,Move,browsing
1569715078.42,1593,745,None,Move,browsing
1569715078.428,1579,744,None,Move,browsing
1569715078.437,1566,741,None,Move,browsing
1569715078.445,1552,739,None,Move,browsing
1569715078.4529998,1537,733,None,Move,browsing
1569715078.459,1521,729,None,Move,browsing
1569715078.465,1506,725,None,Move,browsing
1569715078.4729998,1491,719,None,Move,browsing
1569715078.48,1475,712,None,Move,browsing
1569715078.488,1450,702,None,Move,browsing
1569715078.495,1435,695,None,Move,browsing
1569715078.5029998,1416,684,None,Move,browsing
1569715078.51,1390,671,None,Move,browsing
1569715078.518,1371,662,None,Move,browsing
1569715078.525,1345,647,None,Move,browsing
1569715078.533,1325,635,None,Move,browsing
1569715078.54,1295,617,None,Move,browsing
1569715078.548,1274,603,None,Move,browsing
1569715078.555,1244,583,None,Move,browsing
1569715078.563,1220,568,None,Move,browsing
1569715078.57,1189,548,None,Move,browsing
1569715078.577,1168,532,None,Move,browsing
1569715078.585,1138,512,None,Move,browsing
1569715078.593,1120,497,None,Move,browsing
1569715078.599,1097,477,None,Move,browsing
1569715078.607,1076,458,None,Move,browsing
1569715078.6139998,1060,445,None,Move,browsing
1569715078.621,1042,428,None,Move,browsing
1569715078.629,1026,412,None,Move,browsing
1569715078.6360002,1013,399,None,Move,browsing
1569715078.644,1003,390,None,Move,browsing
1569715078.6520002,994,379,None,Move,browsing
1569715078.659,988,371,None,Move,browsing
1569715078.666,980,365,None,Move,browsing
1569715078.674,975,359,None,Move,browsing
1569715078.681,971,355,None,Move,browsing
1569715078.689,968,352,None,Move,browsing
1569715078.696,966,351,None,Move,browsing
1569715078.704,964,348,None,Move,browsing
1569715078.711,961,346,None,Move,browsing
1569715078.719,961,345,None,Move,browsing
1569715078.726,960,345,None,Move,browsing
1569715078.734,959,344,None,Move,browsing
1569715078.74,959,343,None,Move,browsing
1569715078.7470002,958,343,None,Move,browsing
1569715078.758,957,342,None,Move,browsing
1569715078.803,957,342,None,Move,browsing
1569715078.811,957,343,None,Move,browsing
1569715078.8179998,957,344,None,Move,browsing
1569715078.826,957,345,None,Move,browsing
1569715078.833,957,348,None,Move,browsing
1569715078.841,957,354,None,Move,browsing
1569715078.8479998,957,361,None,Move,browsing
1569715078.856,958,366,None,Move,browsing
1569715078.863,958,375,None,Move,browsing
1569715078.869,958,379,None,Move,browsing
1569715078.879,958,382,None,Move,browsing
1569715078.8860002,958,387,None,Move,browsing
1569715078.894,958,390,None,Move,browsing
1569715078.901,958,395,None,Move,browsing
1569715078.909,958,398,None,Move,browsing
1569715078.916,958,401,None,Move,browsing
1569715078.924,958,408,None,Move,browsing
1569715078.931,958,411,None,Move,browsing
1569715078.939,958,418,None,Move,browsing
1569715078.947,959,425,None,Move,browsing
1569715078.957,960,429,None,Move,browsing
1569715078.962,962,436,None,Move,browsing
1569715078.968,963,439,None,Move,browsing
1569715078.975,966,447,None,Move,browsing
1569715078.982,969,451,None,Move,browsing
1569715078.99,977,458,None,Move,browsing
1569715078.9970002,985,464,None,Move,browsing
1569715079.005,996,471,None,Move,browsing
1569715079.012,1005,477,None,Move,browsing
1569715079.02,1014,482,None,Move,browsing
1569715079.0270002,1025,489,None,Move,browsing
1569715079.035,1035,494,None,Move,browsing
1569715079.042,1046,503,None,Move,browsing
1569715079.05,1057,508,None,Move,browsing
1569715079.0570002,1064,512,None,Move,browsing
1569715079.065,1072,518,None,Move,browsing
1569715079.072,1077,521,None,Move,browsing
1569715079.08,1085,526,None,Move,browsing
1569715079.087,1089,530,None,Move,browsing
1569715079.094,1093,532,None,Move,browsing
1569715079.1020002,1096,534,None,Move,browsing
1569715079.109,1099,536,None,Move,browsing
1569715079.117,1103,537,None,Move,browsing
1569715079.1239998,1106,539,None,Move,browsing
1569715079.1320002,1110,541,None,Move,browsing
1569715079.137,1114,542,None,Move,browsing
1569715079.147,1118,544,None,Move,browsing
1569715079.155,1122,548,None,Move,browsing
1569715079.16,1126,549,None,Move,browsing
1569715079.17,1130,551,None,Move,browsing
1569715079.178,1136,552,None,Move,browsing
1569715079.186,1141,554,None,Move,browsing
1569715079.1929998,1147,557,None,Move,browsing
1569715079.2,1153,560,None,Move,browsing
1569715079.208,1160,562,None,Move,browsing
1569715079.216,1169,565,None,Move,browsing
1569715079.2229998,1176,567,None,Move,browsing
1569715079.23,1183,571,None,Move,browsing
1569715079.238,1190,573,None,Move,browsing
1569715079.245,1201,577,None,Move,browsing
1569715079.2529998,1208,579,None,Move,browsing
1569715079.26,1216,583,None,Move,browsing
1569715079.268,1224,586,None,Move,browsing
1569715079.275,1232,588,None,Move,browsing
1569715079.283,1237,589,None,Move,browsing
1569715079.29,1246,592,None,Move,browsing
1569715079.298,1251,593,None,Move,browsing
1569715079.305,1258,594,None,Move,browsing
1569715079.313,1266,598,None,Move,browsing
1569715079.321,1271,599,None,Move,browsing
1569715079.327,1278,600,None,Move,browsing
1569715079.335,1281,601,None,Move,browsing
1569715079.343,1284,603,None,Move,browsing
1569715079.3479998,1287,604,None,Move,browsing
1569715079.3579998,1290,604,None,Move,browsing
1569715079.365,1292,606,None,Move,browsing
1569715079.373,1294,607,None,Move,browsing
1569715079.38,1296,608,None,Move,browsing
1569715079.3879998,1297,609,None,Move,browsing
1569715079.395,1298,609,None,Move,browsing
1569715079.403,1298,610,None,Move,browsing
1569715079.41,1299,611,None,Move,browsing
1569715079.418,1300,611,None,Move,browsing
1569715079.426,1300,612,None,Move,browsing
1569715079.4329998,1301,612,None,Move,browsing
1569715079.448,1301,612,None,Move,browsing
1569715079.456,1301,612,None,Move,browsing
1569715079.478,1302,612,None,Move,browsing
1569715079.554,1302,612,None,Move,browsing
1569715079.562,1301,612,None,Move,browsing
1569715079.569,1298,612,None,Move,browsing
1569715079.576,1294,612,None,Move,browsing
1569715079.585,1291,612,None,Move,browsing
1569715079.592,1287,612,None,Move,browsing
1569715079.597,1282,612,None,Move,browsing
1569715079.607,1279,614,None,Move,browsing
1569715079.615,1275,614,None,Move,browsing
1569715079.623,1273,614,None,Move,browsing
1569715079.63,1270,614,None,Move,browsing
1569715079.637,1267,615,None,Move,browsing
1569715079.645,1264,615,None,Move,browsing
1569715079.6520002,1262,616,None,Move,browsing
1569715079.66,1260,616,None,Move,browsing
1569715079.667,1259,617,None,Move,browsing
1569715079.675,1255,617,None,Move,browsing
1569715079.6820002,1253,618,None,Move,browsing
1569715079.69,1250,619,None,Move,browsing
1569715079.697,1248,619,None,Move,browsing
1569715079.705,1245,619,None,Move,browsing
1569715079.712,1243,620,None,Move,browsing
1569715079.719,1240,621,None,Move,browsing
1569715079.7270002,1238,622,None,Move,browsing
1569715079.734,1235,622,None,Move,browsing
1569715079.7410002,1233,623,None,Move,browsing
1569715079.7489998,1230,624,None,Move,browsing
1569715079.756,1228,624,None,Move,browsing
1569715079.764,1226,625,None,Move,browsing
1569715079.771,1225,625,None,Move,browsing
1569715079.779,1224,625,None,Move,browsing
1569715079.786,1223,626,None,Move,browsing
1569715079.794,1222,626,None,Move,browsing
1569715079.801,1221,626,None,Move,browsing
1569715079.809,1220,626,None,Move,browsing
1569715079.814,1220,626,None,Move,browsing
1569715079.824,1219,626,None,Move,browsing
1569715079.832,1218,626,None,Move,browsing
1569715079.839,1217,626,None,Move,browsing
1569715079.8620002,1217,626,None,Move,browsing
1569715079.899,1216,626,None,Move,browsing
1569715079.937,1214,626,None,Move,browsing
1569715079.982,1214,626,None,Move,browsing
1569715080.012,1213,626,None,Move,browsing
1569715080.018,1213,626,None,Move,browsing
1569715080.035,1213,626,None,Move,browsing
1569715080.044,1213,625,None,Move,browsing
1569715080.0579998,1213,624,None,Move,browsing
1569715080.065,1213,624,None,Move,browsing
1569715080.073,1213,623,None,Move,browsing
1569715080.08,1213,622,None,Move,browsing
1569715080.087,1213,622,None,Move,browsing
1569715080.1020002,1213,621,None,Move,browsing
1569715080.109,1213,620,None,Move,browsing
1569715080.1239998,1213,619,None,Move,browsing
1569715080.1320002,1213,619,None,Move,browsing
1569715080.139,1213,619,None,Move,browsing
1569715080.147,1213,618,None,Move,browsing
1569715080.154,1213,618,None,Move,browsing
1569715080.1620002,1213,617,None,Move,browsing
1569715080.169,1215,617,None,Move,browsing
1569715080.177,1215,616,None,Move,browsing
1569715080.1920002,1216,615,None,Move,browsing
1569715080.214,1216,614,None,Move,browsing
1569715080.222,1216,614,None,Move,browsing
1569715080.2370002,1216,614,None,Move,browsing
1569715080.252,1217,614,None,Move,browsing
1569715080.2589998,1217,613,None,Move,browsing
1569715080.2670002,1218,613,None,Move,browsing
1569715080.274,1219,612,None,Move,browsing
1569715080.289,1219,612,None,Move,browsing
1569715080.2970002,1220,611,None,Move,browsing
1569715080.312,1221,611,None,Move,browsing
1569715080.319,1221,611,None,Move,browsing
1569715080.327,1222,611,None,Move,browsing
1569715080.335,1222,610,None,Move,browsing
1569715080.342,1223,610,None,Move,browsing
1569715080.357,1224,610,None,Move,browsing
1569715080.3720002,1224,609,None,Move,browsing
1569715080.387,1224,609,None,Move,browsing
1569715080.409,1224,608,None,Move,browsing
1569715080.4320002,1225,608,None,Move,browsing
1569715080.454,1225,607,None,Move,browsing
1569715080.712,1225,607,None,Move,browsing
1569715080.7570002,1225,607,None,Move,browsing
1569715080.794,1225,606,None,Move,browsing
1569715081.063,1225,606,Left,Pressed,browsing
1569715081.278,1225,606,Left,Released,browsing
1569715081.7,1228,614,None,Move,browsing
1569715081.709,1233,623,None,Move,browsing
1569715081.715,1241,637,None,Move,browsing
1569715081.722,1247,649,None,Move,browsing
1569715081.73,1254,661,None,Move,browsing
1569715081.738,1259,673,None,Move,browsing
1569715081.745,1266,684,None,Move,browsing
1569715081.752,1272,693,None,Move,browsing
1569715081.76,1281,707,None,Move,browsing
1569715081.7670002,1286,719,None,Move,browsing
1569715081.775,1294,732,None,Move,browsing
1569715081.782,1301,744,None,Move,browsing
1569715081.79,1308,756,None,Move,browsing
1569715081.7970002,1314,764,None,Move,browsing
1569715081.805,1323,778,None,Move,browsing
1569715081.812,1328,790,None,Move,browsing
1569715081.82,1333,799,None,Move,browsing
1569715081.827,1339,811,None,Move,browsing
1569715081.835,1342,819,None,Move,browsing
1569715081.842,1348,828,None,Move,browsing
1569715081.85,1351,837,None,Move,browsing
1569715081.857,1354,844,None,Move,browsing
1569715081.8639998,1356,850,None,Move,browsing
1569715081.8720002,1361,856,None,Move,browsing
1569715081.879,1365,863,None,Move,browsing
1569715081.887,1368,869,None,Move,browsing
1569715081.894,1373,875,None,Move,browsing
1569715081.903,1376,879,None,Move,browsing
1569715081.909,1380,885,None,Move,browsing
1569715081.917,1384,890,None,Move,browsing
1569715081.924,1387,894,None,Move,browsing
1569715081.931,1389,898,None,Move,browsing
1569715081.939,1392,901,None,Move,browsing
1569715081.946,1394,904,None,Move,browsing
1569715081.954,1396,908,None,Move,browsing
1569715081.961,1399,911,None,Move,browsing
1569715081.969,1403,914,None,Move,browsing
1569715081.976,1407,918,None,Move,browsing
1569715081.984,1408,920,None,Move,browsing
1569715081.9910002,1414,923,None,Move,browsing
1569715081.998,1417,925,None,Move,browsing
1569715082.0070002,1420,928,None,Move,browsing
1569715082.014,1425,931,None,Move,browsing
1569715082.02,1430,934,None,Move,browsing
1569715082.028,1435,936,None,Move,browsing
1569715082.035,1438,939,None,Move,browsing
1569715082.042,1442,940,None,Move,browsing
1569715082.05,1446,941,None,Move,browsing
1569715082.0570002,1449,942,None,Move,browsing
1569715082.065,1450,942,None,Move,browsing
1569715082.072,1453,942,None,Move,browsing
1569715082.08,1454,942,None,Move,browsing
1569715082.087,1456,942,None,Move,browsing
1569715082.095,1458,942,None,Move,browsing
1569715082.1020002,1459,942,None,Move,browsing
1569715082.11,1461,942,None,Move,browsing
1569715082.1179998,1462,942,None,Move,browsing
1569715082.125,1462,942,None,Move,browsing
1569715082.1320002,1463,942,None,Move,browsing
1569715082.139,1464,942,None,Move,browsing
1569715082.147,1465,942,None,Move,browsing
1569715082.155,1467,942,None,Move,browsing
1569715082.1620002,1468,942,None,Move,browsing
1569715082.168,1470,942,None,Move,browsing
1569715082.178,1472,942,None,Move,browsing
1569715082.1829998,1473,941,None,Move,browsing
1569715082.1929998,1475,940,None,Move,browsing
1569715082.201,1479,939,None,Move,browsing
1569715082.208,1482,937,None,Move,browsing
1569715082.216,1484,936,None,Move,browsing
1569715082.2229998,1488,935,None,Move,browsing
1569715082.23,1491,933,None,Move,browsing
1569715082.238,1493,933,None,Move,browsing
1569715082.246,1497,931,None,Move,browsing
1569715082.2529998,1498,930,None,Move,browsing
1569715082.2610002,1500,927,None,Move,browsing
1569715082.268,1502,926,None,Move,browsing
1569715082.276,1505,924,None,Move,browsing
1569715082.283,1507,923,None,Move,browsing
1569715082.291,1508,922,None,Move,browsing
1569715082.298,1510,919,None,Move,browsing
1569715082.306,1512,917,None,Move,browsing
1569715082.314,1515,915,None,Move,browsing
1569715082.322,1517,913,None,Move,browsing
1569715082.3279998,1518,912,None,Move,browsing
1569715082.336,1520,908,None,Move,browsing
1569715082.343,1523,905,None,Move,browsing
1569715082.351,1525,901,None,Move,browsing
1569715082.3579998,1526,895,None,Move,browsing
1569715082.3660002,1527,890,None,Move,browsing
1569715082.373,1527,881,None,Move,browsing
1569715082.381,1527,873,None,Move,browsing
1569715082.387,1525,864,None,Move,browsing
1569715082.396,1521,852,None,Move,browsing
1569715082.4020002,1517,840,None,Move,browsing
1569715082.41,1511,828,None,Move,browsing
1569715082.417,1503,815,None,Move,browsing
1569715082.425,1498,805,None,Move,browsing
1569715082.4320002,1493,797,None,Move,browsing
1569715082.439,1489,790,None,Move,browsing
1569715082.446,1487,787,None,Move,browsing
1569715082.454,1485,785,None,Move,browsing
1569715082.461,1482,782,None,Move,browsing
1569715085.7129998,1485,781,None,Move,browsing
1569715085.72,1492,780,None,Move,browsing
1569715085.7270002,1498,779,None,Move,browsing
1569715085.735,1503,777,None,Move,browsing
1569715085.742,1509,776,None,Move,browsing
1569715085.75,1518,773,None,Move,browsing
1569715085.758,1523,771,None,Move,browsing
1569715085.765,1530,770,None,Move,browsing
1569715085.77,1536,769,None,Move,browsing
1569715085.78,1543,767,None,Move,browsing
1569715085.7870002,1550,766,None,Move,browsing
1569715085.795,1553,766,None,Move,browsing
1569715085.802,1557,765,None,Move,browsing
1569715085.81,1564,765,None,Move,browsing
1569715085.8179998,1568,764,None,Move,browsing
1569715085.825,1575,763,None,Move,browsing
1569715085.832,1579,763,None,Move,browsing
1569715085.84,1584,762,None,Move,browsing
1569715085.847,1588,762,None,Move,browsing
1569715085.854,1591,762,None,Move,browsing
1569715085.8620002,1595,760,None,Move,browsing
1569715085.869,1598,760,None,Move,browsing
1569715085.877,1602,759,None,Move,browsing
1569715085.8839998,1604,759,None,Move,browsing
1569715085.8920002,1606,759,None,Move,browsing
1569715085.899,1608,758,None,Move,browsing
1569715085.907,1610,758,None,Move,browsing
1569715085.914,1612,758,None,Move,browsing
1569715085.9220002,1614,757,None,Move,browsing
1569715085.929,1615,757,None,Move,browsing
1569715085.937,1618,757,None,Move,browsing
1569715085.944,1620,757,None,Move,browsing
1569715085.952,1621,757,None,Move,browsing
1569715085.959,1622,757,None,Move,browsing
1569715085.967,1623,757,None,Move,browsing
1569715085.974,1626,757,None,Move,browsing
1569715085.982,1627,757,None,Move,browsing
1569715085.9889998,1628,757,None,Move,browsing
1569715085.9970002,1629,757,None,Move,browsing
1569715086.004,1630,756,None,Move,browsing
1569715086.012,1630,756,None,Move,browsing
1569715086.019,1632,756,None,Move,browsing
1569715086.0270002,1634,755,None,Move,browsing
1569715086.034,1634,755,None,Move,browsing
1569715086.041,1635,754,None,Move,browsing
1569715086.049,1636,754,None,Move,browsing
1569715086.0570002,1636,754,None,Move,browsing
1569715086.064,1637,754,None,Move,browsing
1569715086.071,1638,753,None,Move,browsing
1569715086.077,1639,753,None,Move,browsing
1569715086.087,1641,751,None,Move,browsing
1569715086.095,1642,751,None,Move,browsing
1569715086.1020002,1642,750,None,Move,browsing
1569715086.11,1643,749,None,Move,browsing
1569715086.117,1644,749,None,Move,browsing
1569715086.125,1645,748,None,Move,browsing
1569715086.131,1645,747,None,Move,browsing
1569715086.14,1646,746,None,Move,browsing
1569715086.146,1647,746,None,Move,browsing
1569715086.154,1649,744,None,Move,browsing
1569715086.1620002,1650,743,None,Move,browsing
1569715086.169,1652,743,None,Move,browsing
1569715086.176,1652,742,None,Move,browsing
1569715086.1829998,1654,740,None,Move,browsing
1569715086.191,1655,739,None,Move,browsing
1569715086.199,1656,737,None,Move,browsing
1569715086.206,1657,735,None,Move,browsing
1569715086.214,1659,733,None,Move,browsing
1569715086.221,1660,732,None,Move,browsing
1569715086.229,1661,731,None,Move,browsing
1569715086.236,1661,729,None,Move,browsing
1569715086.244,1662,729,None,Move,browsing
1569715086.2510002,1663,727,None,Move,browsing
1569715086.2589998,1664,726,None,Move,browsing
1569715086.266,1665,726,None,Move,browsing
1569715086.274,1666,725,None,Move,browsing
1569715086.281,1666,724,None,Move,browsing
1569715086.289,1667,723,None,Move,browsing
1569715086.296,1667,722,None,Move,browsing
1569715086.304,1667,721,None,Move,browsing
1569715086.311,1668,719,None,Move,browsing
1569715086.319,1669,718,None,Move,browsing
1569715086.326,1670,716,None,Move,browsing
1569715086.334,1670,716,None,Move,browsing
1569715086.341,1670,714,None,Move,browsing
1569715086.349,1671,713,None,Move,browsing
1569715086.356,1671,712,None,Move,browsing
1569715086.3639998,1673,710,None,Move,browsing
1569715086.371,1673,709,None,Move,browsing
1569715086.379,1674,709,None,Move,browsing
1569715086.3860002,1674,708,None,Move,browsing
1569715086.394,1674,707,None,Move,browsing
1569715086.401,1674,707,None,Move,browsing
1569715086.409,1674,706,None,Move,browsing
1569715086.416,1674,704,None,Move,browsing
1569715086.437,1674,704,None,Move,browsing
1569715086.447,1674,704,None,Move,browsing
1569715086.454,1674,703,None,Move,browsing
1569715086.492,1674,702,None,Move,browsing
1569715086.573,1674,702,None,Move,browsing
1569715086.617,1674,701,None,Move,browsing
1569715088.793,1664,701,None,Move,browsing
1569715088.8,1651,702,None,Move,browsing
1569715088.8079998,1634,704,None,Move,browsing
1569715088.815,1617,705,None,Move,browsing
1569715088.823,1594,706,None,Move,browsing
1569715088.83,1573,708,None,Move,browsing
1569715088.8379998,1545,708,None,Move,browsing
1569715088.845,1520,710,None,Move,browsing
1569715088.853,1486,710,None,Move,browsing
1569715088.86,1462,710,None,Move,browsing
1569715088.8679998,1428,710,None,Move,browsing
1569715088.8760002,1390,709,None,Move,browsing
1569715088.883,1351,705,None,Move,browsing
1569715088.89,1306,698,None,Move,browsing
1569715088.899,1266,690,None,Move,browsing
1569715088.905,1206,678,None,Move,browsing
1569715088.911,1168,667,None,Move,browsing
1569715088.921,1104,650,None,Move,browsing
1569715088.928,1070,640,None,Move,browsing
1569715088.936,1012,621,None,Move,browsing
1569715088.9429998,971,608,None,Move,browsing
1569715088.951,916,586,None,Move,browsing
1569715088.958,878,571,None,Move,browsing
1569715088.966,839,554,None,Move,browsing
1569715088.9729998,814,543,None,Move,browsing
1569715088.981,788,532,None,Move,browsing
1569715088.988,765,520,None,Move,browsing
1569715088.996,752,514,None,Move,browsing
1569715089.0029998,738,509,None,Move,browsing
1569715089.0110002,730,503,None,Move,browsing
1569715089.018,721,497,None,Move,browsing
1569715089.026,712,492,None,Move,browsing
1569715089.033,708,490,None,Move,browsing
1569715089.041,705,488,None,Move,browsing
1569715089.048,701,486,None,Move,browsing
1569715089.056,699,483,None,Move,browsing
1569715089.063,698,483,None,Move,browsing
1569715089.071,696,482,None,Move,browsing
1569715089.077,694,481,None,Move,browsing
1569715089.086,693,480,None,Move,browsing
1569715089.093,693,480,None,Move,browsing
1569715089.1,692,480,None,Move,browsing
1569715089.107,691,480,None,Move,browsing
1569715089.1139998,691,479,None,Move,browsing
1569715089.123,690,479,None,Move,browsing
1569715089.129,689,479,None,Move,browsing
1569715089.1520002,688,479,None,Move,browsing
1569715089.189,687,479,None,Move,browsing
1569715089.228,687,479,None,Move,browsing
1569715089.234,687,479,None,Move,browsing
1569715089.242,688,481,None,Move,browsing
1569715089.2470002,688,483,None,Move,browsing
1569715089.255,690,487,None,Move,browsing
1569715089.265,692,489,None,Move,browsing
1569715089.2729998,694,492,None,Move,browsing
1569715089.28,698,496,None,Move,browsing
1569715089.288,706,501,None,Move,browsing
1569715089.296,717,508,None,Move,browsing
1569715089.303,727,513,None,Move,browsing
1569715089.311,740,520,None,Move,browsing
1569715089.3179998,752,524,None,Move,browsing
1569715089.326,764,527,None,Move,browsing
1569715089.333,772,528,None,Move,browsing
1569715089.34,782,529,None,Move,browsing
1569715089.3479998,792,529,None,Move,browsing
1569715089.356,803,531,None,Move,browsing
1569715089.363,814,531,None,Move,browsing
1569715089.37,821,531,None,Move,browsing
1569715089.3779998,831,531,None,Move,browsing
1569715089.385,839,531,None,Move,browsing
1569715089.393,846,531,None,Move,browsing
1569715089.4,853,533,None,Move,browsing
1569715089.408,862,533,None,Move,browsing
1569715089.415,867,534,None,Move,browsing
1569715089.423,876,535,None,Move,browsing
1569715089.431,881,536,None,Move,browsing
1569715089.438,890,538,None,Move,browsing
1569715089.446,897,539,None,Move,browsing
1569715089.451,902,540,None,Move,browsing
1569715089.458,908,542,None,Move,browsing
1569715089.468,912,545,None,Move,browsing
1569715089.4770002,916,548,None,Move,browsing
1569715089.484,922,550,None,Move,browsing
1569715089.492,928,552,None,Move,browsing
1569715089.498,935,557,None,Move,browsing
1569715089.505,944,561,None,Move,browsing
1569715089.5129998,950,564,None,Move,browsing
1569715089.52,958,569,None,Move,browsing
1569715089.528,962,573,None,Move,browsing
1569715089.535,968,576,None,Move,browsing
1569715089.543,972,581,None,Move,browsing
1569715089.55,978,584,None,Move,browsing
1569715089.559,982,587,None,Move,browsing
1569715089.565,985,589,None,Move,browsing
1569715089.573,989,592,None,Move,browsing
1569715089.58,994,596,None,Move,browsing
1569715089.5879998,997,598,None,Move,browsing
1569715089.595,1001,600,None,Move,browsing
1569715089.6020002,1003,604,None,Move,browsing
1569715089.61,1005,606,None,Move,browsing
1569715089.617,1007,607,None,Move,browsing
1569715089.625,1010,609,None,Move,browsing
1569715089.633,1012,611,None,Move,browsing
1569715089.64,1014,613,None,Move,browsing
1569715089.647,1015,614,None,Move,browsing
1569715089.655,1018,615,None,Move,browsing
1569715089.664,1019,616,None,Move,browsing
1569715089.67,1019,617,None,Move,browsing
1569715089.677,1020,618,None,Move,browsing
1569715089.684,1021,619,None,Move,browsing
1569715089.6920002,1022,620,None,Move,browsing
1569715089.699,1022,621,None,Move,browsing
1569715089.707,1023,622,None,Move,browsing
1569715089.714,1024,623,None,Move,browsing
1569715089.722,1024,624,None,Move,browsing
1569715089.729,1025,624,None,Move,browsing
1569715089.736,1025,626,None,Move,browsing
1569715089.744,1025,627,None,Move,browsing
1569715089.7510002,1026,627,None,Move,browsing
1569715089.7589998,1026,628,None,Move,browsing
1569715089.766,1026,629,None,Move,browsing
1569715089.774,1026,630,None,Move,browsing
1569715089.781,1026,630,None,Move,browsing
1569715089.789,1026,631,None,Move,browsing
1569715089.796,1026,632,None,Move,browsing
1569715089.812,1027,632,None,Move,browsing
1569715089.834,1027,634,None,Move,browsing
1569715089.8720002,1027,635,None,Move,browsing
1569715089.908,1027,635,None,Move,browsing
1569715089.916,1026,635,None,Move,browsing
1569715089.923,1025,635,None,Move,browsing
1569715089.931,1024,635,None,Move,browsing
1569715089.938,1024,635,None,Move,browsing
1569715089.946,1023,635,None,Move,browsing
1569715089.9529998,1022,635,None,Move,browsing
1569715089.961,1021,635,None,Move,browsing
1569715089.968,1021,635,None,Move,browsing
1569715089.976,1020,635,None,Move,browsing
1569715089.9829998,1019,635,None,Move,browsing
1569715089.9910002,1018,635,None,Move,browsing
1569715089.998,1017,635,None,Move,browsing
1569715090.006,1016,635,None,Move,browsing
1569715090.021,1016,635,None,Move,browsing
1569715090.036,1015,635,None,Move,browsing
1569715090.051,1014,635,None,Move,browsing
1569715090.073,1013,635,None,Move,browsing
1569715090.0879998,1013,635,None,Move,browsing
1569715090.111,1013,635,None,Move,browsing
1569715090.149,1012,633,None,Move,browsing
1569715090.1720002,1010,633,None,Move,browsing
1569715090.18,1010,633,None,Move,browsing
1569715090.1929998,1009,632,None,Move,browsing
1569715090.211,1008,631,None,Move,browsing
1569715090.222,1008,630,None,Move,browsing
1569715090.2410002,1007,630,None,Move,browsing
1569715090.2470002,1007,630,None,Move,browsing
1569715090.255,1006,630,None,Move,browsing
1569715090.27,1006,629,None,Move,browsing
1569715090.2770002,1005,629,None,Move,browsing
1569715090.292,1005,628,None,Move,browsing
1569715090.3070002,1004,628,None,Move,browsing
1569715090.314,1004,627,None,Move,browsing
1569715090.323,1002,625,None,Move,browsing
1569715090.33,1002,625,None,Move,browsing
1569715090.337,1001,624,None,Move,browsing
1569715090.345,1000,622,None,Move,browsing
1569715090.3520002,999,622,None,Move,browsing
1569715090.36,999,621,None,Move,browsing
1569715090.367,999,620,None,Move,browsing
1569715090.3739998,998,619,None,Move,browsing
1569715090.3820002,998,618,None,Move,browsing
1569715090.389,997,618,None,Move,browsing
1569715090.397,997,617,None,Move,browsing
1569715090.404,997,617,None,Move,browsing
1569715090.419,997,617,None,Move,browsing
1569715090.428,997,616,None,Move,browsing
1569715090.44,997,615,None,Move,browsing
1569715090.457,995,615,None,Move,browsing
1569715090.465,995,614,None,Move,browsing
1569715090.48,995,614,None,Move,browsing
1569715090.4870002,994,614,None,Move,browsing
1569715090.495,994,613,None,Move,browsing
1569715090.502,994,612,None,Move,browsing
1569715090.51,993,612,None,Move,browsing
1569715090.526,992,611,None,Move,browsing
1569715090.533,992,610,None,Move,browsing
1569715090.548,992,610,None,Move,browsing
1569715090.556,992,609,None,Move,browsing
1569715090.571,991,609,None,Move,browsing
1569715090.586,990,609,None,Move,browsing
1569715090.593,990,608,None,Move,browsing
1569715090.623,989,607,None,Move,browsing
1569715090.66,988,607,None,Move,browsing
1569715090.667,988,607,None,Move,browsing
1569715091.1160002,988,607,Left,Pressed,browsing
1569715091.331,988,607,Left,Released,browsing
1569715091.673,998,607,None,Move,browsing
1569715091.68,1012,609,None,Move,browsing
1569715091.688,1025,611,None,Move,browsing
1569715091.695,1039,613,None,Move,browsing
1569715091.7029998,1054,619,None,Move,browsing
1569715091.71,1068,622,None,Move,browsing
1569715091.718,1083,626,None,Move,browsing
1569715091.725,1097,630,None,Move,browsing
1569715091.7329998,1110,635,None,Move,browsing
1569715091.7410002,1124,641,None,Move,browsing
1569715091.748,1138,648,None,Move,browsing
1569715091.755,1152,653,None,Move,browsing
1569715091.7629998,1167,660,None,Move,browsing
1569715091.771,1181,667,None,Move,browsing
1569715091.778,1195,673,None,Move,browsing
1569715091.786,1209,680,None,Move,browsing
1569715091.793,1223,685,None,Move,browsing
1569715091.801,1237,692,None,Move,browsing
1569715091.8079998,1250,699,None,Move,browsing
1569715091.816,1264,706,None,Move,browsing
1569715091.823,1276,712,None,Move,browsing
1569715091.831,1290,720,None,Move,browsing
1569715091.839,1304,727,None,Move,browsing
1569715091.846,1318,735,None,Move,browsing
1569715091.854,1331,742,None,Move,browsing
1569715091.861,1345,750,None,Move,browsing
1569715091.869,1358,757,None,Move,browsing
1569715091.8760002,1369,766,None,Move,browsing
1569715091.8839998,1383,772,None,Move,browsing
1569715091.891,1396,781,None,Move,browsing
1569715091.899,1409,788,None,Move,browsing
1569715091.908,1422,796,None,Move,browsing
1569715091.914,1434,804,None,Move,browsing
1569715091.921,1445,810,None,Move,browsing
1569715091.928,1454,815,None,Move,browsing
1569715091.935,1462,821,None,Move,browsing
1569715091.9429998,1469,826,None,Move,browsing
1569715091.951,1475,832,None,Move,browsing
1569715091.958,1481,836,None,Move,browsing
1569715091.966,1484,839,None,Move,browsing
1569715091.9729998,1487,843,None,Move,browsing
1569715091.981,1490,846,None,Move,browsing
1569715091.988,1492,848,None,Move,browsing
1569715091.995,1493,850,None,Move,browsing
1569715092.0029998,1494,852,None,Move,browsing
1569715092.01,1495,854,None,Move,browsing
1569715092.327,1504,845,None,Move,browsing
1569715092.335,1515,833,None,Move,browsing
1569715092.342,1528,821,None,Move,browsing
1569715092.35,1537,811,None,Move,browsing
1569715092.357,1545,801,None,Move,browsing
1569715092.365,1553,793,None,Move,browsing
1569715092.3720002,1561,786,None,Move,browsing
1569715092.38,1567,780,None,Move,browsing
1569715092.387,1575,772,None,Move,browsing
1569715092.395,1579,767,None,Move,browsing
1569715092.4020002,1584,761,None,Move,browsing
1569715092.41,1590,758,None,Move,browsing
1569715092.417,1593,755,None,Move,browsing
1569715092.425,1597,750,None,Move,browsing
1569715092.4329998,1600,747,None,Move,browsing
1569715092.44,1603,745,None,Move,browsing
1569715092.448,1605,743,None,Move,browsing
1569715092.455,1609,739,None,Move,browsing
1569715092.4629998,1611,737,None,Move,browsing
1569715092.47,1614,735,None,Move,browsing
1569715092.478,1618,731,None,Move,browsing
1569715092.485,1621,729,None,Move,browsing
1569715092.4929998,1625,726,None,Move,browsing
1569715092.5,1629,724,None,Move,browsing
1569715092.508,1634,719,None,Move,browsing
1569715092.515,1639,717,None,Move,browsing
1569715092.5229998,1644,714,None,Move,browsing
1569715092.531,1649,711,None,Move,browsing
1569715092.538,1654,708,None,Move,browsing
1569715092.546,1658,706,None,Move,browsing
1569715092.553,1662,704,None,Move,browsing
1569715092.561,1666,702,None,Move,browsing
1569715092.5679998,1669,701,None,Move,browsing
1569715092.577,1673,700,None,Move,browsing
1569715092.584,1676,700,None,Move,browsing
1569715092.59,1680,700,None,Move,browsing
1569715092.599,1682,700,None,Move,browsing
1569715092.607,1684,700,None,Move,browsing
1569715092.6139998,1686,700,None,Move,browsing
1569715092.6220002,1689,700,None,Move,browsing
1569715092.629,1690,700,None,Move,browsing
1569715092.637,1692,700,None,Move,browsing
1569715092.644,1693,700,None,Move,browsing
1569715092.6520002,1694,701,None,Move,browsing
1569715092.659,1695,701,None,Move,browsing
1569715092.667,1696,701,None,Move,browsing
1569715092.673,1697,701,None,Move,browsing
1569715092.688,1698,701,None,Move,browsing
1569715092.7029998,1699,701,None,Move,browsing
1569715092.711,1699,702,None,Move,browsing
1569715092.718,1699,702,None,Move,browsing
1569715092.7329998,1700,702,None,Move,browsing
1569715092.748,1700,703,None,Move,browsing
1569715092.7629998,1701,703,None,Move,browsing
1569715092.778,1701,703,None,Move,browsing
1569715092.801,1701,704,None,Move,browsing
1569715092.816,1701,705,None,Move,browsing
1569715092.831,1701,706,None,Move,browsing
1569715092.839,1701,707,None,Move,browsing
1569715092.846,1701,708,None,Move,browsing
1569715092.861,1701,709,None,Move,browsing
1569715092.8679998,1701,709,None,Move,browsing
1569715092.8760002,1701,710,None,Move,browsing
1569715092.883,1701,711,None,Move,browsing
1569715092.8979998,1701,711,None,Move,browsing
1569715092.911,1700,712,None,Move,browsing
1569715092.9220002,1700,713,None,Move,browsing
1569715092.929,1700,713,None,Move,browsing
1569715092.944,1699,714,None,Move,browsing
1569715092.959,1698,714,None,Move,browsing
1569715092.98,1697,714,None,Move,browsing
1569715092.996,1696,714,None,Move,browsing
1569715093.295,1696,714,Left,Pressed,browsing
1569715093.51,1696,714,Left,Released,browsing
1569715093.998,1683,714,None,Move,browsing
1569715094.004,1661,710,None,Move,browsing
1569715094.0129998,1635,706,None,Move,browsing
1569715094.021,1608,699,None,Move,browsing
1569715094.031,1582,694,None,Move,browsing
1569715094.0370002,1556,688,None,Move,browsing
1569715094.046,1530,685,None,Move,browsing
1569715094.052,1512,679,None,Move,browsing
1569715094.0579998,1486,674,None,Move,browsing
1569715094.065,1466,669,None,Move,browsing
1569715094.072,1438,660,None,Move,browsing
1569715094.079,1412,655,None,Move,browsing
1569715094.087,1389,650,None,Move,browsing
1569715094.095,1364,641,None,Move,browsing
1569715094.1020002,1343,634,None,Move,browsing
1569715094.109,1315,625,None,Move,browsing
1569715094.117,1298,619,None,Move,browsing
1569715094.125,1270,610,None,Move,browsing
1569715094.1320002,1255,604,None,Move,browsing
1569715094.139,1239,599,None,Move,browsing
1569715094.147,1221,588,None,Move,browsing
1569715094.154,1207,581,None,Move,browsing
1569715094.1620002,1193,574,None,Move,browsing
1569715094.169,1179,564,None,Move,browsing
1569715094.176,1167,558,None,Move,browsing
1569715094.1829998,1153,549,None,Move,browsing
1569715094.191,1143,543,None,Move,browsing
1569715094.198,1131,536,None,Move,browsing
1569715094.206,1124,531,None,Move,browsing
1569715094.2129998,1115,527,None,Move,browsing
1569715094.221,1109,522,None,Move,browsing
1569715094.229,1101,518,None,Move,browsing
1569715094.236,1097,515,None,Move,browsing
1569715094.2429998,1089,510,None,Move,browsing
1569715094.2510002,1087,508,None,Move,browsing
1569715094.258,1081,505,None,Move,browsing
1569715094.266,1078,502,None,Move,browsing
1569715094.2729998,1073,500,None,Move,browsing
1569715094.281,1070,498,None,Move,browsing
1569715094.289,1067,497,None,Move,browsing
1569715094.296,1063,496,None,Move,browsing
1569715094.304,1061,495,None,Move,browsing
1569715094.31,1058,494,None,Move,browsing
1569715094.32,1056,494,None,Move,browsing
1569715094.326,1054,494,None,Move,browsing
1569715094.335,1052,494,None,Move,browsing
1569715094.342,1050,494,None,Move,browsing
1569715094.3479998,1050,494,None,Move,browsing
1569715094.3579998,1048,494,None,Move,browsing
1569715094.365,1046,495,None,Move,browsing
1569715094.375,1045,497,None,Move,browsing
1569715094.381,1043,500,None,Move,browsing
1569715094.39,1041,505,None,Move,browsing
1569715094.397,1038,510,None,Move,browsing
1569715094.403,1034,519,None,Move,browsing
1569715094.41,1033,528,None,Move,browsing
1569715094.419,1033,535,None,Move,browsing
1569715094.428,1033,543,None,Move,browsing
1569715094.435,1033,552,None,Move,browsing
1569715094.441,1033,559,None,Move,browsing
1569715094.45,1035,566,None,Move,browsing
1569715094.457,1037,570,None,Move,browsing
1569715094.465,1039,572,None,Move,browsing
1569715094.472,1041,578,None,Move,browsing
1569715094.479,1045,582,None,Move,browsing
1569715094.4870002,1055,590,None,Move,browsing
1569715094.494,1062,597,None,Move,browsing
1569715094.502,1070,604,None,Move,browsing
1569715094.51,1079,610,None,Move,browsing
1569715094.5170002,1087,615,None,Move,browsing
1569715094.524,1094,620,None,Move,browsing
1569715094.532,1103,625,None,Move,browsing
1569715094.539,1112,629,None,Move,browsing
1569715094.5470002,1119,631,None,Move,browsing
1569715094.554,1130,635,None,Move,browsing
1569715094.562,1139,637,None,Move,browsing
1569715094.5679998,1144,640,None,Move,browsing
1569715094.576,1151,641,None,Move,browsing
1569715094.584,1157,642,None,Move,browsing
1569715094.591,1164,643,None,Move,browsing
1569715094.599,1169,644,None,Move,browsing
1569715094.606,1174,644,None,Move,browsing
1569715094.6139998,1180,645,None,Move,browsing
1569715094.6220002,1185,645,None,Move,browsing
1569715094.629,1189,646,None,Move,browsing
1569715094.6360002,1194,646,None,Move,browsing
1569715094.644,1197,647,None,Move,browsing
1569715094.651,1199,647,None,Move,browsing
1569715094.659,1203,647,None,Move,browsing
1569715094.666,1205,647,None,Move,browsing
1569715094.674,1206,647,None,Move,browsing
1569715094.681,1208,647,None,Move,browsing
1569715094.689,1209,647,None,Move,browsing
1569715094.697,1210,647,None,Move,browsing
1569715094.704,1211,647,None,Move,browsing
1569715094.711,1211,647,None,Move,browsing
1569715094.726,1212,647,None,Move,browsing
1569715094.734,1213,647,None,Move,browsing
1569715094.748,1214,647,None,Move,browsing
1569715094.755,1214,647,None,Move,browsing
1569715094.77,1215,647,None,Move,browsing
1569715094.786,1217,647,None,Move,browsing
1569715094.793,1217,647,None,Move,browsing
1569715094.801,1218,647,None,Move,browsing
1569715094.8070002,1219,647,None,Move,browsing
1569715094.823,1219,647,None,Move,browsing
1569715094.831,1220,647,None,Move,browsing
1569715094.8379998,1221,647,None,Move,browsing
1569715094.853,1222,647,None,Move,browsing
1569715094.86,1222,647,None,Move,browsing
1569715094.875,1224,647,None,Move,browsing
1569715094.8979998,1224,647,None,Move,browsing
1569715094.913,1225,647,None,Move,browsing
1569715094.9429998,1226,647,None,Move,browsing
1569715094.9870002,1227,647,None,Move,browsing
1569715095.857,1231,649,None,Move,browsing
1569715095.8639998,1240,650,None,Move,browsing
1569715095.8720002,1249,653,None,Move,browsing
1569715095.879,1256,655,None,Move,browsing
1569715095.887,1265,658,None,Move,browsing
1569715095.894,1273,659,None,Move,browsing
1569715095.903,1282,661,None,Move,browsing
1569715095.909,1291,664,None,Move,browsing
1569715095.917,1301,667,None,Move,browsing
1569715095.925,1310,668,None,Move,browsing
1569715095.9320002,1318,670,None,Move,browsing
1569715095.939,1329,673,None,Move,browsing
1569715095.947,1339,675,None,Move,browsing
1569715095.954,1350,679,None,Move,browsing
1569715095.962,1358,682,None,Move,browsing
1569715095.968,1369,684,None,Move,browsing
1569715095.9770002,1377,686,None,Move,browsing
1569715095.984,1386,688,None,Move,browsing
1569715095.9910002,1394,692,None,Move,browsing
1569715095.998,1402,694,None,Move,browsing
1569715096.006,1411,697,None,Move,browsing
1569715096.0129998,1420,701,None,Move,browsing
1569715096.021,1429,706,None,Move,browsing
1569715096.028,1438,710,None,Move,browsing
1569715096.036,1447,716,None,Move,browsing
1569715096.043,1456,721,None,Move,browsing
1569715096.051,1467,727,None,Move,browsing
1569715096.0579998,1476,733,None,Move,browsing
1569715096.066,1484,740,None,Move,browsing
1569715096.073,1493,748,None,Move,browsing
1569715096.081,1502,754,None,Move,browsing
1569715096.0879998,1509,762,None,Move,browsing
1569715096.095,1515,768,None,Move,browsing
1569715096.1020002,1520,774,None,Move,browsing
1569715096.11,1526,779,None,Move,browsing
1569715096.1179998,1528,783,None,Move,browsing
1569715096.57,1538,781,None,Move,browsing
1569715096.577,1547,779,None,Move,browsing
1569715096.585,1556,776,None,Move,browsing
1569715096.592,1561,775,None,Move,browsing
1569715096.599,1568,774,None,Move,browsing
1569715096.607,1572,772,None,Move,browsing
1569715096.6139998,1578,771,None,Move,browsing
1569715096.6220002,1581,770,None,Move,browsing
1569715096.63,1587,769,None,Move,browsing
1569715096.637,1590,768,None,Move,browsing
1569715096.645,1592,768,None,Move,browsing
1569715096.6520002,1596,767,None,Move,browsing
1569715096.659,1599,766,None,Move,browsing
1569715096.667,1601,765,None,Move,browsing
1569715096.674,1604,765,None,Move,browsing
1569715096.6820002,1606,764,None,Move,browsing
1569715096.689,1608,763,None,Move,browsing
1569715096.697,1609,762,None,Move,browsing
1569715096.705,1613,762,None,Move,browsing
1569715096.712,1615,761,None,Move,browsing
1569715096.72,1618,760,None,Move,browsing
1569715096.7270002,1619,760,None,Move,browsing
1569715096.735,1624,760,None,Move,browsing
1569715096.742,1627,759,None,Move,browsing
1569715096.7489998,1630,759,None,Move,browsing
1569715096.7570002,1635,759,None,Move,browsing
1569715096.765,1638,759,None,Move,browsing
1569715096.772,1642,759,None,Move,browsing
1569715096.78,1646,759,None,Move,browsing
1569715096.7870002,1649,759,None,Move,browsing
1569715096.794,1652,759,None,Move,browsing
1569715096.801,1655,759,None,Move,browsing
1569715096.809,1657,759,None,Move,browsing
1569715096.815,1658,759,None,Move,browsing
1569715096.825,1661,759,None,Move,browsing
1569715096.832,1662,759,None,Move,browsing
1569715096.84,1662,759,None,Move,browsing
1569715096.8479998,1663,759,None,Move,browsing
1569715096.855,1664,759,None,Move,browsing
1569715096.863,1664,759,None,Move,browsing
1569715096.87,1665,759,None,Move,browsing
1569715096.8779998,1666,759,None,Move,browsing
1569715096.8860002,1667,759,None,Move,browsing
1569715096.901,1668,759,None,Move,browsing
1569715096.915,1669,759,None,Move,browsing
1569715096.931,1669,759,None,Move,browsing
1569715096.945,1670,759,None,Move,browsing
1569715096.968,1671,759,None,Move,browsing
1569715096.99,1672,759,None,Move,browsing
1569715097.019,1672,759,None,Move,browsing
1569715097.034,1672,758,None,Move,browsing
1569715097.359,1672,758,Left,Pressed,browsing
1569715097.575,1672,758,Left,Released,browsing
1569715098.4329998,1672,758,Left,Pressed,browsing
1569715098.649,1672,758,Left,Released,browsing
1569715099.397,1654,752,None,Move,browsing
1569715099.403,1636,744,None,Move,browsing
1569715099.411,1597,729,None,Move,browsing
1569715099.419,1568,716,None,Move,browsing
1569715099.426,1540,705,None,Move,browsing
1569715099.4329998,1501,687,None,Move,browsing
1569715099.441,1472,674,None,Move,browsing
1569715099.448,1434,659,None,Move,browsing
1569715099.456,1403,649,None,Move,browsing
1569715099.4629998,1365,637,None,Move,browsing
1569715099.471,1337,627,None,Move,browsing
1569715099.479,1300,617,None,Move,browsing
1569715099.486,1276,610,None,Move,browsing
1569715099.494,1245,600,None,Move,browsing
1569715099.5010002,1221,594,None,Move,browsing
1569715099.51,1203,588,None,Move,browsing
1569715099.516,1176,580,None,Move,browsing
1569715099.5229998,1160,576,None,Move,browsing
1569715099.531,1143,572,None,Move,browsing
1569715099.539,1127,566,None,Move,browsing
1569715099.546,1112,562,None,Move,browsing
1569715099.553,1100,558,None,Move,browsing
1569715099.56,1088,553,None,Move,browsing
1569715099.5679998,1079,548,None,Move,browsing
1569715099.575,1066,542,None,Move,browsing
1569715099.584,1059,537,None,Move,browsing
1569715099.59,1052,534,None,Move,browsing
1569715099.5979998,1047,530,None,Move,browsing
1569715099.606,1041,525,None,Move,browsing
1569715099.613,1038,523,None,Move,browsing
1569715099.62,1034,521,None,Move,browsing
1569715099.629,1031,518,None,Move,browsing
1569715099.635,1030,516,None,Move,browsing
1569715099.643,1028,514,None,Move,browsing
1569715099.65,1027,513,None,Move,browsing
1569715099.657,1025,513,None,Move,browsing
1569715099.665,1025,512,None,Move,browsing
1569715099.6720002,1024,511,None,Move,browsing
1569715099.68,1023,510,None,Move,browsing
1569715099.687,1023,509,None,Move,browsing
1569715099.695,1022,508,None,Move,browsing
1569715099.702,1021,508,None,Move,browsing
1569715099.71,1020,507,None,Move,browsing
1569715099.718,1020,507,None,Move,browsing
1569715099.725,1020,507,None,Move,browsing
1569715099.7410002,1018,507,None,Move,browsing
1569715099.756,1018,506,None,Move,browsing
1569715099.8079998,1020,506,None,Move,browsing
1569715099.815,1022,507,None,Move,browsing
1569715099.823,1029,509,None,Move,browsing
1569715099.83,1035,514,None,Move,browsing
1569715099.837,1042,518,None,Move,browsing
1569715099.845,1048,521,None,Move,browsing
1569715099.8520002,1056,526,None,Move,browsing
1569715099.86,1060,529,None,Move,browsing
1569715099.8679998,1067,533,None,Move,browsing
1569715099.875,1072,536,None,Move,browsing
1569715099.8820002,1078,540,None,Move,browsing
1569715099.89,1083,543,None,Move,browsing
1569715099.897,1091,546,None,Move,browsing
1569715099.905,1097,549,None,Move,browsing
1569715099.9120002,1104,552,None,Move,browsing
1569715099.92,1108,555,None,Move,browsing
1569715099.926,1115,557,None,Move,browsing
1569715099.935,1120,561,None,Move,browsing
1569715099.9420002,1125,563,None,Move,browsing
1569715099.95,1129,565,None,Move,browsing
1569715099.958,1134,567,None,Move,browsing
1569715099.965,1138,569,None,Move,browsing
1569715099.9729998,1142,572,None,Move,browsing
1569715099.979,1148,575,None,Move,browsing
1569715099.988,1152,577,None,Move,browsing
1569715099.995,1157,579,None,Move,browsing
1569715100.002,1162,581,None,Move,browsing
1569715100.01,1167,584,None,Move,browsing
1569715100.0170002,1172,588,None,Move,browsing
1569715100.025,1176,590,None,Move,browsing
1569715100.033,1182,592,None,Move,browsing
1569715100.04,1184,595,None,Move,browsing
1569715100.0470002,1189,597,None,Move,browsing
1569715100.054,1193,600,None,Move,browsing
1569715100.062,1195,602,None,Move,browsing
1569715100.069,1199,605,None,Move,browsing
1569715100.077,1202,607,None,Move,browsing
1569715100.084,1203,608,None,Move,browsing
1569715100.092,1205,610,None,Move,browsing
1569715100.1,1208,610,None,Move,browsing
1569715100.107,1210,611,None,Move,browsing
1569715100.1139998,1211,613,None,Move,browsing
1569715100.1220002,1212,614,None,Move,browsing
1569715100.127,1213,614,None,Move,browsing
1569715100.137,1213,615,None,Move,browsing
1569715100.144,1214,615,None,Move,browsing
1569715100.1520002,1216,615,None,Move,browsing
1569715100.157,1216,615,None,Move,browsing
1569715100.167,1216,615,None,Move,browsing
1569715100.19,1217,615,None,Move,browsing
1569715100.205,1217,616,None,Move,browsing
1569715100.212,1218,616,None,Move,browsing
1569715100.235,1218,616,None,Move,browsing
1569715100.2570002,1219,616,None,Move,browsing
1569715100.303,1220,616,None,Move,browsing
1569715100.756,1220,615,None,Move,browsing
1569715100.779,1220,615,None,Move,browsing
1569715100.801,1220,614,None,Move,browsing
1569715100.832,1220,613,None,Move,browsing
1569715100.87,1220,613,None,Move,browsing
1569715100.907,1220,612,None,Move,browsing
1569715100.945,1220,611,None,Move,browsing
1569715100.982,1220,610,None,Move,browsing
1569715101.036,1220,610,None,Move,browsing
1569715101.0570002,1220,610,None,Move,browsing
1569715101.1179998,1220,608,None,Move,browsing
1569715101.572,1220,608,Left,Pressed,browsing
1569715101.7870002,1220,608,Left,Released,browsing
1569715102.32,1235,608,None,Move,browsing
1569715102.3279998,1248,608,None,Move,browsing
1569715102.335,1267,609,None,Move,browsing
1569715102.343,1280,610,None,Move,browsing
1569715102.35,1298,611,None,Move,browsing
1569715102.3579998,1312,614,None,Move,browsing
1569715102.365,1325,617,None,Move,browsing
1569715102.373,1341,622,None,Move,browsing
1569715102.381,1357,625,None,Move,browsing
1569715102.3879998,1371,628,None,Move,browsing
1569715102.395,1385,631,None,Move,browsing
1569715102.403,1395,636,None,Move,browsing
1569715102.41,1407,639,None,Move,browsing
1569715102.418,1419,641,None,Move,browsing
1569715102.425,1431,644,None,Move,browsing
1569715102.4320002,1440,646,None,Move,browsing
1569715102.44,1450,650,None,Move,browsing
1569715102.448,1456,651,None,Move,browsing
1569715102.455,1464,654,None,Move,browsing
1569715102.461,1470,655,None,Move,browsing
1569715102.47,1477,656,None,Move,browsing
1569715102.4770002,1483,658,None,Move,browsing
1569715102.484,1490,660,None,Move,browsing
1569715102.492,1497,662,None,Move,browsing
1569715102.5,1504,663,None,Move,browsing
1569715102.5070002,1509,664,None,Move,browsing
1569715102.514,1515,665,None,Move,browsing
1569715102.522,1520,666,None,Move,browsing
1569715102.53,1525,668,None,Move,browsing
1569715102.5370002,1529,668,None,Move,browsing
1569715102.544,1533,668,None,Move,browsing
1569715102.552,1536,669,None,Move,browsing
1569715102.559,1541,670,None,Move,browsing
1569715102.566,1545,673,None,Move,browsing
1569715102.574,1551,674,None,Move,browsing
1569715102.582,1554,675,None,Move,browsing
1569715102.59,1561,676,None,Move,browsing
1569715102.596,1565,677,None,Move,browsing
1569715102.605,1574,678,None,Move,browsing
1569715102.611,1579,679,None,Move,browsing
1569715102.619,1586,680,None,Move,browsing
1569715102.6260002,1592,681,None,Move,browsing
1569715102.6339998,1599,685,None,Move,browsing
1569715102.64,1606,686,None,Move,browsing
1569715102.65,1612,687,None,Move,browsing
1569715102.657,1617,688,None,Move,browsing
1569715102.664,1622,689,None,Move,browsing
1569715102.6720002,1628,690,None,Move,browsing
1569715102.68,1633,692,None,Move,browsing
1569715102.687,1639,693,None,Move,browsing
1569715102.694,1641,694,None,Move,browsing
1569715102.702,1644,694,None,Move,browsing
1569715102.709,1648,695,None,Move,browsing
1569715102.717,1650,695,None,Move,browsing
1569715102.724,1651,696,None,Move,browsing
1569715102.732,1653,696,None,Move,browsing
1569715102.7389998,1654,696,None,Move,browsing
1569715102.7470002,1655,697,None,Move,browsing
1569715102.754,1657,697,None,Move,browsing
1569715102.762,1657,697,None,Move,browsing
1569715102.769,1658,698,None,Move,browsing
1569715102.7770002,1659,698,None,Move,browsing
1569715102.784,1660,698,None,Move,browsing
1569715102.792,1660,699,None,Move,browsing
1569715102.799,1661,699,None,Move,browsing
1569715102.8070002,1662,699,None,Move,browsing
1569715102.822,1662,700,None,Move,browsing
1569715102.829,1664,701,None,Move,browsing
1569715102.837,1665,702,None,Move,browsing
1569715102.851,1666,703,None,Move,browsing
1569715102.859,1666,703,None,Move,browsing
1569715102.865,1666,704,None,Move,browsing
1569715102.8739998,1667,705,None,Move,browsing
1569715102.89,1668,705,None,Move,browsing
1569715102.897,1668,705,None,Move,browsing
1569715102.9120002,1668,705,None,Move,browsing
1569715102.919,1668,706,None,Move,browsing
1569715102.9420002,1669,707,None,Move,browsing
1569715102.964,1670,707,None,Move,browsing
1569715102.979,1670,707,None,Move,browsing
1569715103.301,1670,707,Left,Pressed,browsing
1569715103.515,1670,707,Left,Released,browsing
1569715104.725,1670,706,None,Move,browsing
1569715104.7329998,1671,704,None,Move,browsing
1569715104.74,1671,703,None,Move,browsing
1569715104.748,1672,700,None,Move,browsing
1569715104.756,1672,698,None,Move,browsing
1569715104.762,1672,697,None,Move,browsing
1569715104.771,1672,696,None,Move,browsing
1569715104.778,1672,695,None,Move,browsing
1569715104.785,1672,695,None,Move,browsing
1569715104.793,1672,694,None,Move,browsing
1569715104.8,1672,692,None,Move,browsing
1569715104.816,1672,692,None,Move,browsing
1569715104.839,1672,691,None,Move,browsing
1569715104.871,1672,690,None,Move,browsing
1569715104.8979998,1672,690,None,Move,browsing
1569715104.927,1672,689,None,Move,browsing
1569715104.951,1672,688,None,Move,browsing
1569715104.97,1672,687,None,Move,browsing
1569715105.2970002,1672,687,Left,Pressed,browsing
1569715105.512,1672,687,Left,Released,browsing
1569715131.252,1672,687,Left,Pressed,browsing
1569715131.468,1672,687,Left,Released,browsing
1569715133.186,1672,687,Left,Pressed,browsing
1569715133.403,1672,687,Left,Released,browsing
1569715133.926,1665,686,None,Move,browsing
1569715133.934,1653,685,None,Move,browsing
1569715133.941,1644,683,None,Move,browsing
1569715133.948,1631,680,None,Move,browsing
1569715133.956,1622,677,None,Move,browsing
1569715133.9629998,1611,672,None,Move,browsing
1569715133.971,1599,668,None,Move,browsing
1569715133.978,1585,663,None,Move,browsing
1569715133.985,1571,656,None,Move,browsing
1569715133.9929998,1556,649,None,Move,browsing
1569715134.0,1538,639,None,Move,browsing
1569715134.008,1522,634,None,Move,browsing
1569715134.015,1507,628,None,Move,browsing
1569715134.0229998,1490,623,None,Move,browsing
1569715134.03,1474,616,None,Move,browsing
1569715134.0370002,1452,609,None,Move,browsing
1569715134.045,1433,600,None,Move,browsing
1569715134.053,1415,594,None,Move,browsing
1569715134.06,1396,584,None,Move,browsing
1569715134.0679998,1378,576,None,Move,browsing
1569715134.075,1364,570,None,Move,browsing
1569715134.081,1350,564,None,Move,browsing
1569715134.089,1338,559,None,Move,browsing
1569715134.097,1329,553,None,Move,browsing
1569715134.105,1323,550,None,Move,browsing
1569715134.113,1319,548,None,Move,browsing
1569715134.1239998,1316,546,None,Move,browsing
1569715134.131,1313,544,None,Move,browsing
1569715134.139,1309,542,None,Move,browsing
1569715134.146,1304,540,None,Move,browsing
1569715134.154,1295,535,None,Move,browsing
1569715134.161,1289,530,None,Move,browsing
1569715134.169,1283,526,None,Move,browsing
1569715134.176,1281,525,None,Move,browsing
1569715134.184,1279,525,None,Move,browsing
1569715134.191,1279,524,None,Move,browsing
1569715134.198,1277,523,None,Move,browsing
1569715134.206,1276,523,None,Move,browsing
1569715134.2129998,1276,523,None,Move,browsing
1569715134.221,1275,522,None,Move,browsing
1569715134.242,1274,522,None,Move,browsing
1569715134.2510002,1274,521,None,Move,browsing
1569715134.28,1273,521,None,Move,browsing
1569715134.295,1273,520,None,Move,browsing
1569715134.512,1273,520,None,Move,browsing
1569715134.519,1273,521,None,Move,browsing
1569715134.5270002,1273,522,None,Move,browsing
1569715134.534,1273,523,None,Move,browsing
1569715134.542,1273,524,None,Move,browsing
1569715134.564,1273,524,None,Move,browsing
1569715134.58,1273,525,None,Move,browsing
1569715134.594,1273,526,None,Move,browsing
1569715134.6020002,1273,526,None,Move,browsing
1569715134.61,1273,527,None,Move,browsing
1569715134.617,1273,528,None,Move,browsing
1569715134.623,1273,530,None,Move,browsing
1569715134.6320002,1275,532,None,Move,browsing
1569715134.639,1276,535,None,Move,browsing
1569715134.647,1277,537,None,Move,browsing
1569715134.654,1278,543,None,Move,browsing
1569715134.661,1279,545,None,Move,browsing
1569715134.668,1280,549,None,Move,browsing
1569715134.676,1281,552,None,Move,browsing
1569715134.6829998,1281,555,None,Move,browsing
1569715134.691,1281,556,None,Move,browsing
1569715134.698,1281,559,None,Move,browsing
1569715134.706,1281,560,None,Move,browsing
1569715134.7129998,1281,560,None,Move,browsing
1569715134.721,1281,561,None,Move,browsing
1569715134.728,1281,562,None,Move,browsing
1569715134.736,1281,562,None,Move,browsing
1569715134.7429998,1281,563,None,Move,browsing
1569715134.7510002,1281,564,None,Move,browsing
1569715134.758,1281,565,None,Move,browsing
1569715134.766,1281,566,None,Move,browsing
1569715134.7729998,1281,567,None,Move,browsing
1569715134.781,1281,567,None,Move,browsing
1569715134.788,1281,568,None,Move,browsing
1569715134.796,1281,569,None,Move,browsing
1569715134.811,1281,570,None,Move,browsing
1569715134.826,1282,570,None,Move,browsing
1569715134.834,1282,571,None,Move,browsing
1569715134.84,1282,573,None,Move,browsing
1569715134.847,1282,573,None,Move,browsing
1569715134.854,1282,574,None,Move,browsing
1569715134.8620002,1282,575,None,Move,browsing
1569715135.19,1282,575,Left,Pressed,browsing
1569715135.406,1282,575,Left,Released,browsing
1569715169.234,1289,572,None,Move,browsing
1569715169.242,1301,563,None,Move,browsing
1569715169.248,1315,558,None,Move,browsing
1569715169.256,1329,554,None,Move,browsing
1569715169.265,1344,550,None,Move,browsing
1569715169.272,1359,547,None,Move,browsing
1569715169.28,1380,544,None,Move,browsing
1569715169.2870002,1395,542,None,Move,browsing
1569715169.294,1410,541,None,Move,browsing
1569715169.302,1425,540,None,Move,browsing
1569715169.31,1440,540,None,Move,browsing
1569715169.3170002,1454,540,None,Move,browsing
1569715169.325,1467,538,None,Move,browsing
1569715169.332,1480,538,None,Move,browsing
1569715169.34,1492,538,None,Move,browsing
1569715169.347,1504,538,None,Move,browsing
1569715169.354,1516,539,None,Move,browsing
1569715169.3620002,1527,539,None,Move,browsing
1569715169.369,1536,540,None,Move,browsing
1569715169.377,1546,541,None,Move,browsing
1569715169.3839998,1555,542,None,Move,browsing
1569715169.3920002,1560,544,None,Move,browsing
1569715169.401,1569,545,None,Move,browsing
1569715169.407,1576,546,None,Move,browsing
1569715169.415,1581,547,None,Move,browsing
1569715169.4220002,1588,549,None,Move,browsing
1569715169.429,1592,550,None,Move,browsing
1569715169.435,1598,553,None,Move,browsing
1569715169.446,1602,554,None,Move,browsing
1569715169.4529998,1607,556,None,Move,browsing
1569715169.46,1610,557,None,Move,browsing
1569715169.468,1613,560,None,Move,browsing
1569715169.475,1616,562,None,Move,browsing
1569715169.4829998,1620,564,None,Move,browsing
1569715169.49,1622,565,None,Move,browsing
1569715169.498,1625,567,None,Move,browsing
1569715169.505,1629,569,None,Move,browsing
1569715169.512,1632,571,None,Move,browsing
1569715169.52,1635,573,None,Move,browsing
1569715169.528,1639,575,None,Move,browsing
1569715169.536,1642,578,None,Move,browsing
1569715169.543,1645,581,None,Move,browsing
1569715169.551,1649,583,None,Move,browsing
1569715169.5579998,1651,585,None,Move,browsing
1569715169.565,1652,587,None,Move,browsing
1569715169.573,1654,589,None,Move,browsing
1569715169.581,1656,590,None,Move,browsing
1569715169.5879998,1657,591,None,Move,browsing
1569715169.595,1657,591,None,Move,browsing
1569715169.603,1658,592,None,Move,browsing
1569715169.61,1659,593,None,Move,browsing
1569715169.617,1660,594,None,Move,browsing
1569715169.625,1662,595,None,Move,browsing
1569715169.6320002,1665,596,None,Move,browsing
1569715169.64,1667,597,None,Move,browsing
1569715169.647,1668,598,None,Move,browsing
1569715169.655,1670,599,None,Move,browsing
1569715169.663,1671,600,None,Move,browsing
1569715169.669,1672,600,None,Move,browsing
1569715169.674,1673,600,None,Move,browsing
1569715169.685,1674,600,None,Move,browsing
1569715169.6929998,1674,600,None,Move,browsing
1569715169.701,1675,600,None,Move,browsing
1569715169.7229998,1676,601,None,Move,browsing
1569715169.746,1676,601,None,Move,browsing
1569715169.76,1677,601,None,Move,browsing
1569715169.768,1677,602,None,Move,browsing
1569715169.79,1678,602,None,Move,browsing
1569715169.804,1678,603,None,Move,browsing
1569715169.819,1680,604,None,Move,browsing
1569715169.827,1680,605,None,Move,browsing
1569715169.835,1681,606,None,Move,browsing
1569715169.842,1682,607,None,Move,browsing
1569715169.85,1683,610,None,Move,browsing
1569715169.857,1684,614,None,Move,browsing
1569715169.8639998,1684,616,None,Move,browsing
1569715169.8720002,1685,618,None,Move,browsing
1569715169.879,1686,620,None,Move,browsing
1569715169.887,1688,623,None,Move,browsing
1569715169.894,1688,623,None,Move,browsing
1569715169.9020002,1688,624,None,Move,browsing
1569715169.909,1689,626,None,Move,browsing
1569715169.917,1689,627,None,Move,browsing
1569715169.924,1690,630,None,Move,browsing
1569715169.9320002,1691,632,None,Move,browsing
1569715169.939,1692,634,None,Move,browsing
1569715169.946,1692,636,None,Move,browsing
1569715169.954,1692,639,None,Move,browsing
1569715169.961,1692,640,None,Move,browsing
1569715169.969,1692,641,None,Move,browsing
1569715169.976,1692,642,None,Move,browsing
1569715169.984,1693,643,None,Move,browsing
1569715169.9910002,1693,644,None,Move,browsing
1569715169.998,1694,645,None,Move,browsing
1569715170.006,1694,647,None,Move,browsing
1569715170.0129998,1694,648,None,Move,browsing
1569715170.02,1695,649,None,Move,browsing
1569715170.029,1695,649,None,Move,browsing
1569715170.035,1695,650,None,Move,browsing
1569715170.044,1695,651,None,Move,browsing
1569715170.051,1695,651,None,Move,browsing
1569715170.0579998,1695,652,None,Move,browsing
1569715170.066,1696,654,None,Move,browsing
1569715170.072,1696,654,None,Move,browsing
1569715170.08,1696,655,None,Move,browsing
1569715170.103,1696,656,None,Move,browsing
1569715170.676,1698,657,None,Move,browsing
1569715170.689,1699,659,None,Move,browsing
1569715170.7,1700,660,None,Move,browsing
1569715170.71,1701,660,None,Move,browsing
1569715170.715,1702,662,None,Move,browsing
1569715170.722,1702,663,None,Move,browsing
1569715170.729,1702,663,None,Move,browsing
1569715170.736,1704,664,None,Move,browsing
1569715170.744,1704,665,None,Move,browsing
1569715170.7510002,1704,666,None,Move,browsing
1569715170.7589998,1705,666,None,Move,browsing
1569715170.782,1705,667,None,Move,browsing
1569715170.7970002,1705,668,None,Move,browsing
1569715170.804,1706,668,None,Move,browsing
1569715170.812,1706,669,None,Move,browsing
1569715170.827,1707,670,None,Move,browsing
1569715170.842,1707,671,None,Move,browsing
1569715170.857,1708,671,None,Move,browsing
1569715170.865,1708,672,None,Move,browsing
1569715170.8720002,1709,672,None,Move,browsing
1569715170.88,1709,673,None,Move,browsing
1569715170.8860002,1710,673,None,Move,browsing
1569715170.909,1711,673,None,Move,browsing
1569715171.24,1711,673,Left,Pressed,browsing
1569715171.455,1711,673,Left,Released,browsing
1569715173.706,1713,667,None,Move,browsing
1569715173.714,1717,653,None,Move,browsing
1569715173.721,1723,639,None,Move,browsing
1569715173.73,1730,624,None,Move,browsing
1569715173.736,1737,610,None,Move,browsing
1569715173.742,1746,594,None,Move,browsing
1569715173.752,1754,580,None,Move,browsing
1569715173.7589998,1759,566,None,Move,browsing
1569715173.7670002,1768,552,None,Move,browsing
1569715173.774,1775,538,None,Move,browsing
1569715173.782,1783,524,None,Move,browsing
1569715173.789,1792,508,None,Move,browsing
1569715173.7970002,1802,494,None,Move,browsing
1569715173.804,1812,480,None,Move,browsing
1569715173.812,1820,466,None,Move,browsing
1569715173.819,1828,454,None,Move,browsing
1569715173.826,1835,442,None,Move,browsing
1569715173.834,1842,431,None,Move,browsing
1569715173.841,1847,420,None,Move,browsing
1569715173.849,1853,413,None,Move,browsing
1569715173.856,1857,402,None,Move,browsing
1569715173.8639998,1861,396,None,Move,browsing
1569715173.871,1865,389,None,Move,browsing
1569715173.879,1867,383,None,Move,browsing
1569715173.8860002,1869,378,None,Move,browsing
1569715173.894,1871,375,None,Move,browsing
1569715173.901,1872,371,None,Move,browsing
1569715173.908,1875,368,None,Move,browsing
1569715173.916,1876,365,None,Move,browsing
1569715173.924,1877,362,None,Move,browsing
1569715173.93,1878,359,None,Move,browsing
1569715173.938,1878,356,None,Move,browsing
1569715173.946,1879,352,None,Move,browsing
1569715173.952,1880,349,None,Move,browsing
1569715173.96,1881,347,None,Move,browsing
1569715173.967,1882,345,None,Move,browsing
1569715173.975,1884,342,None,Move,browsing
1569715173.982,1885,339,None,Move,browsing
1569715173.99,1886,338,None,Move,browsing
1569715173.9970002,1887,336,None,Move,browsing
1569715174.005,1887,334,None,Move,browsing
1569715174.012,1887,334,None,Move,browsing
1569715174.02,1887,333,None,Move,browsing
1569715174.0270002,1887,332,None,Move,browsing
1569715174.035,1887,332,None,Move,browsing
1569715174.043,1888,331,None,Move,browsing
1569715174.049,1888,330,None,Move,browsing
1569715174.0570002,1888,329,None,Move,browsing
1569715174.071,1888,329,None,Move,browsing
1569715174.086,1888,327,None,Move,browsing
1569715174.099,1888,327,None,Move,browsing
1569715174.1320002,1888,326,None,Move,browsing
1569715174.147,1888,326,None,Move,browsing
1569715174.154,1887,325,None,Move,browsing
1569715174.1620002,1885,325,None,Move,browsing
1569715174.168,1881,325,None,Move,browsing
1569715174.176,1879,324,None,Move,browsing
1569715174.186,1874,324,None,Move,browsing
1569715174.194,1870,324,None,Move,browsing
1569715174.201,1863,325,None,Move,browsing
1569715174.208,1857,328,None,Move,browsing
1569715174.216,1848,331,None,Move,browsing
1569715174.224,1836,335,None,Move,browsing
1569715174.231,1829,339,None,Move,browsing
1569715174.2389998,1821,344,None,Move,browsing
1569715174.246,1815,348,None,Move,browsing
1569715174.2529998,1810,350,None,Move,browsing
1569715174.2610002,1806,352,None,Move,browsing
1569715174.268,1801,355,None,Move,browsing
1569715174.276,1797,357,None,Move,browsing
1569715174.284,1794,359,None,Move,browsing
1569715174.291,1790,361,None,Move,browsing
1569715174.2970002,1787,365,None,Move,browsing
1569715174.306,1784,367,None,Move,browsing
1569715174.313,1780,369,None,Move,browsing
1569715174.321,1778,371,None,Move,browsing
1569715174.327,1774,375,None,Move,browsing
1569715174.335,1772,378,None,Move,browsing
1569715174.343,1769,381,None,Move,browsing
1569715174.351,1767,384,None,Move,browsing
1569715174.3579998,1765,387,None,Move,browsing
1569715174.365,1762,389,None,Move,browsing
1569715174.373,1760,391,None,Move,browsing
1569715174.38,1758,394,None,Move,browsing
1569715174.3879998,1757,396,None,Move,browsing
1569715174.396,1756,398,None,Move,browsing
1569715174.4020002,1755,399,None,Move,browsing
1569715174.411,1753,401,None,Move,browsing
1569715174.417,1752,403,None,Move,browsing
1569715174.425,1752,404,None,Move,browsing
1569715174.4320002,1751,405,None,Move,browsing
1569715174.44,1750,406,None,Move,browsing
1569715174.447,1749,407,None,Move,browsing
1569715174.455,1749,407,None,Move,browsing
1569715174.462,1748,408,None,Move,browsing
1569715174.47,1747,409,None,Move,browsing
1569715174.4770002,1746,410,None,Move,browsing
1569715174.485,1746,411,None,Move,browsing
1569715174.492,1746,412,None,Move,browsing
1569715174.5,1745,412,None,Move,browsing
1569715174.5070002,1745,413,None,Move,browsing
1569715174.515,1745,414,None,Move,browsing
1569715174.53,1745,414,None,Move,browsing
1569715174.5370002,1744,414,None,Move,browsing
1569715174.552,1744,415,None,Move,browsing
1569715174.5670002,1744,416,None,Move,browsing
1569715174.581,1744,417,None,Move,browsing
1569715174.591,1744,418,None,Move,browsing
1569715174.596,1746,419,None,Move,browsing
1569715174.605,1747,420,None,Move,browsing
1569715174.615,1753,422,None,Move,browsing
1569715174.6220002,1760,423,None,Move,browsing
1569715174.63,1765,425,None,Move,browsing
1569715174.637,1772,427,None,Move,browsing
1569715174.6520002,1779,428,None,Move,browsing
1569715174.659,1781,428,None,Move,browsing
1569715174.666,1785,428,None,Move,browsing
1569715174.674,1788,428,None,Move,browsing
1569715174.6820002,1789,428,None,Move,browsing
1569715174.689,1791,428,None,Move,browsing
1569715174.696,1794,428,None,Move,browsing
1569715174.701,1795,428,None,Move,browsing
1569715174.71,1796,428,None,Move,browsing
1569715174.72,1797,428,None,Move,browsing
1569715174.728,1797,428,None,Move,browsing
1569715174.7429998,1798,428,None,Move,browsing
1569715174.758,1799,428,None,Move,browsing
1569715174.764,1799,428,None,Move,browsing
1569715174.78,1801,428,None,Move,browsing
1569715174.7870002,1802,428,None,Move,browsing
1569715174.802,1802,428,None,Move,browsing
1569715174.81,1803,428,None,Move,browsing
1569715174.825,1804,428,None,Move,browsing
1569715174.832,1804,428,None,Move,browsing
1569715174.847,1805,428,None,Move,browsing
1569715174.8620002,1806,428,None,Move,browsing
1569715174.877,1807,427,None,Move,browsing
1569715174.8979998,1807,427,None,Move,browsing
1569715174.9220002,1809,427,None,Move,browsing
1569715175.3279998,1809,424,None,Move,browsing
1569715175.336,1807,421,None,Move,browsing
1569715175.343,1806,417,None,Move,browsing
1569715175.351,1805,415,None,Move,browsing
1569715175.361,1804,414,None,Move,browsing
1569715175.367,1804,411,None,Move,browsing
1569715175.3739998,1803,409,None,Move,browsing
1569715175.3820002,1801,407,None,Move,browsing
1569715175.389,1800,405,None,Move,browsing
1569715175.397,1800,404,None,Move,browsing
1569715175.404,1799,403,None,Move,browsing
1569715175.4120002,1799,403,None,Move,browsing
1569715175.419,1799,402,None,Move,browsing
1569715175.428,1799,401,None,Move,browsing
1569715175.434,1799,400,None,Move,browsing
1569715175.4420002,1799,399,None,Move,browsing
1569715175.458,1799,398,None,Move,browsing
1569715175.464,1798,398,None,Move,browsing
1569715175.471,1798,398,None,Move,browsing
1569715175.5029998,1798,397,None,Move,browsing
1569715175.531,1797,397,None,Move,browsing
1569715176.1120002,1797,397,Left,Pressed,browsing
1569715176.327,1797,397,Left,Released,browsing
1569715177.035,1789,400,None,Move,browsing
1569715177.0470002,1771,409,None,Move,browsing
1569715177.0579998,1745,414,None,Move,browsing
1569715177.069,1714,422,None,Move,browsing
1569715177.077,1669,428,None,Move,browsing
1569715177.085,1630,432,None,Move,browsing
1569715177.091,1571,437,None,Move,browsing
1569715177.099,1517,437,None,Move,browsing
1569715177.106,1458,442,None,Move,browsing
1569715177.113,1397,442,None,Move,browsing
1569715177.119,1347,442,None,Move,browsing
1569715177.125,1282,444,None,Move,browsing
1569715177.133,1231,444,None,Move,browsing
1569715177.14,1170,444,None,Move,browsing
1569715177.147,1136,444,None,Move,browsing
1569715177.155,1075,447,None,Move,browsing
1569715177.164,1047,447,None,Move,browsing
1569715177.171,1003,447,None,Move,browsing
1569715177.178,978,446,None,Move,browsing
1569715177.186,953,444,None,Move,browsing
1569715177.1920002,930,439,None,Move,browsing
1569715177.199,915,437,None,Move,browsing
1569715177.207,900,434,None,Move,browsing
1569715177.215,888,431,None,Move,browsing
1569715177.222,879,427,None,Move,browsing
1569715177.23,870,423,None,Move,browsing
1569715177.238,864,420,None,Move,browsing
1569715177.245,857,412,None,Move,browsing
1569715177.252,852,406,None,Move,browsing
1569715177.26,845,399,None,Move,browsing
1569715177.2670002,841,388,None,Move,browsing
1569715177.274,840,379,None,Move,browsing
1569715177.281,839,372,None,Move,browsing
1569715177.289,839,366,None,Move,browsing
1569715177.2970002,839,362,None,Move,browsing
1569715177.836,827,368,None,Move,browsing
1569715177.844,813,378,None,Move,browsing
1569715177.8520002,799,386,None,Move,browsing
1569715177.8579998,788,396,None,Move,browsing
1569715177.8660002,775,407,None,Move,browsing
1569715177.873,761,420,None,Move,browsing
1569715177.881,747,436,None,Move,browsing
1569715177.8879998,733,451,None,Move,browsing
1569715177.897,719,467,None,Move,browsing
1569715177.904,705,482,None,Move,browsing
1569715177.911,693,497,None,Move,browsing
1569715177.919,684,511,None,Move,browsing
1569715177.925,674,522,None,Move,browsing
1569715177.934,664,534,None,Move,browsing
1569715177.94,656,547,None,Move,browsing
1569715177.947,648,559,None,Move,browsing
1569715177.955,643,568,None,Move,browsing
1569715177.962,636,576,None,Move,browsing
1569715177.969,632,585,None,Move,browsing
1569715177.976,630,589,None,Move,browsing
1569715177.984,627,593,None,Move,browsing
1569715177.9929998,625,597,None,Move,browsing
1569715178.0029998,623,601,None,Move,browsing
1569715178.008,622,604,None,Move,browsing
1569715178.016,621,607,None,Move,browsing
1569715178.021,620,609,None,Move,browsing
1569715178.029,619,611,None,Move,browsing
1569715178.036,619,613,None,Move,browsing
1569715178.044,619,614,None,Move,browsing
1569715178.052,619,617,None,Move,browsing
1569715178.059,619,620,None,Move,browsing
1569715178.0679998,619,621,None,Move,browsing
1569715178.073,619,623,None,Move,browsing
1569715178.082,620,625,None,Move,browsing
1569715178.089,621,627,None,Move,browsing
1569715178.096,624,631,None,Move,browsing
1569715178.103,630,634,None,Move,browsing
1569715178.111,635,636,None,Move,browsing
1569715178.1179998,644,638,None,Move,browsing
1569715178.1260002,655,642,None,Move,browsing
1569715178.133,661,642,None,Move,browsing
1569715178.14,671,642,None,Move,browsing
1569715178.151,681,642,None,Move,browsing
1569715178.156,692,640,None,Move,browsing
1569715178.163,700,639,None,Move,browsing
1569715178.171,711,638,None,Move,browsing
1569715178.178,721,636,None,Move,browsing
1569715178.186,733,635,None,Move,browsing
1569715178.194,744,634,None,Move,browsing
1569715178.201,756,632,None,Move,browsing
1569715178.208,766,631,None,Move,browsing
1569715178.216,780,631,None,Move,browsing
1569715178.2229998,791,631,None,Move,browsing
1569715178.231,805,631,None,Move,browsing
1569715178.238,818,633,None,Move,browsing
1569715178.246,830,635,None,Move,browsing
1569715178.2529998,847,640,None,Move,browsing
1569715178.2610002,862,645,None,Move,browsing
1569715178.268,878,649,None,Move,browsing
1569715178.276,893,656,None,Move,browsing
1569715178.283,907,662,None,Move,browsing
1569715178.291,923,671,None,Move,browsing
1569715178.299,935,675,None,Move,browsing
1569715178.306,947,680,None,Move,browsing
1569715178.313,956,687,None,Move,browsing
1569715178.321,965,690,None,Move,browsing
1569715178.327,973,694,None,Move,browsing
1569715178.335,979,699,None,Move,browsing
1569715178.343,981,701,None,Move,browsing
1569715178.35,985,703,None,Move,browsing
1569715179.04,993,708,None,Move,browsing
1569715179.0470002,1000,713,None,Move,browsing
1569715179.055,1008,721,None,Move,browsing
1569715179.063,1016,726,None,Move,browsing
1569715179.0679998,1025,733,None,Move,browsing
1569715179.0779998,1031,738,None,Move,browsing
1569715179.086,1040,745,None,Move,browsing
1569715179.092,1046,751,None,Move,browsing
1569715179.101,1055,758,None,Move,browsing
1569715179.1079998,1063,763,None,Move,browsing
1569715179.1160002,1071,770,None,Move,browsing
1569715179.123,1080,777,None,Move,browsing
1569715179.131,1088,783,None,Move,browsing
1569715179.137,1095,790,None,Move,browsing
1569715179.145,1105,798,None,Move,browsing
1569715179.153,1114,803,None,Move,browsing
1569715179.161,1121,811,None,Move,browsing
1569715179.168,1129,817,None,Move,browsing
1569715179.176,1137,825,None,Move,browsing
1569715179.1829998,1148,831,None,Move,browsing
1569715179.19,1157,839,None,Move,browsing
1569715179.197,1168,848,None,Move,browsing
1569715179.205,1175,853,None,Move,browsing
1569715179.212,1186,858,None,Move,browsing
1569715179.22,1195,864,None,Move,browsing
1569715179.2270002,1203,869,None,Move,browsing
1569715179.235,1212,876,None,Move,browsing
1569715179.2429998,1221,880,None,Move,browsing
1569715179.25,1227,885,None,Move,browsing
1569715179.2570002,1234,890,None,Move,browsing
1569715179.265,1240,893,None,Move,browsing
1569715179.272,1247,897,None,Move,browsing
1569715179.28,1252,901,None,Move,browsing
1569715179.2870002,1258,905,None,Move,browsing
1569715179.295,1262,907,None,Move,browsing
1569715179.302,1265,909,None,Move,browsing
1569715179.31,1269,912,None,Move,browsing
1569715179.3170002,1272,913,None,Move,browsing
1569715179.325,1273,914,None,Move,browsing
1569715179.33,1276,915,None,Move,browsing
1569715179.34,1278,915,None,Move,browsing
1569715179.3479998,1278,915,None,Move,browsing
1569715179.355,1279,916,None,Move,browsing
1569715179.363,1280,916,None,Move,browsing
1569715179.37,1281,916,None,Move,browsing
1569715179.3839998,1281,916,None,Move,browsing
1569715179.961,1293,911,None,Move,browsing
1569715179.968,1317,896,None,Move,browsing
1569715179.976,1332,889,None,Move,browsing
1569715179.984,1355,878,None,Move,browsing
1569715179.9910002,1384,866,None,Move,browsing
1569715179.998,1417,858,None,Move,browsing
1569715180.0070002,1438,852,None,Move,browsing
1569715180.014,1468,844,None,Move,browsing
1569715180.022,1500,841,None,Move,browsing
1569715180.028,1533,837,None,Move,browsing
1569715180.036,1560,837,None,Move,browsing
1569715180.044,1591,837,None,Move,browsing
1569715180.051,1621,837,None,Move,browsing
1569715180.0579998,1650,838,None,Move,browsing
1569715180.066,1675,841,None,Move,browsing
1569715180.073,1708,847,None,Move,browsing
1569715180.081,1731,852,None,Move,browsing
1569715180.089,1751,856,None,Move,browsing
1569715180.096,1775,863,None,Move,browsing
1569715180.103,1797,871,None,Move,browsing
1569715180.111,1810,877,None,Move,browsing
1569715180.119,1826,884,None,Move,browsing
1569715180.127,1840,890,None,Move,browsing
1569715180.133,1852,894,None,Move,browsing
1569715180.141,1864,899,None,Move,browsing
1569715180.149,1873,903,None,Move,browsing
1569715180.156,1879,906,None,Move,browsing
1569715180.163,1885,910,None,Move,browsing
1569715180.171,1889,912,None,Move,browsing
1569715180.178,1890,914,None,Move,browsing
1569715180.184,1892,915,None,Move,browsing
1569715180.1929998,1895,917,None,Move,browsing
1569715180.201,1896,918,None,Move,browsing
1569715180.208,1896,919,None,Move,browsing
1569715180.216,1896,919,None,Move,browsing
1569715180.577,1899,913,None,Move,browsing
1569715180.584,1905,904,None,Move,browsing
1569715180.592,1910,895,None,Move,browsing
1569715180.599,1915,886,None,Move,browsing
1569715180.607,1919,877,None,Move,browsing
1569715180.615,1924,868,None,Move,browsing
1569715180.6220002,1923,860,None,Move,browsing
1569715180.629,1922,853,None,Move,browsing
1569715180.637,1923,848,None,Move,browsing
1569715180.644,1921,841,None,Move,browsing
1569715180.6520002,1921,837,None,Move,browsing
1569715180.659,1921,831,None,Move,browsing
1569715180.666,1923,827,None,Move,browsing
1569715180.674,1920,824,None,Move,browsing
1569715180.6820002,1919,821,None,Move,browsing
1569715180.691,1921,818,None,Move,browsing
1569715180.696,1920,816,None,Move,browsing
1569715180.704,1921,813,None,Move,browsing
1569715180.712,1920,812,None,Move,browsing
1569715180.719,1922,810,None,Move,browsing
1569715180.726,1921,808,None,Move,browsing
1569715180.734,1921,805,None,Move,browsing
1569715180.7410002,1925,802,None,Move,browsing
1569715180.748,1925,799,None,Move,browsing
1569715180.7570002,1924,798,None,Move,browsing
1569715180.764,1925,797,None,Move,browsing
1569715180.771,1924,797,None,Move,browsing
1569715180.778,1923,797,None,Move,browsing
1569715180.786,1925,797,None,Move,browsing
1569715180.793,1923,798,None,Move,browsing
1569715180.801,1925,800,None,Move,browsing
1569715180.8079998,1923,804,None,Move,browsing
1569715180.816,1923,807,None,Move,browsing
1569715180.824,1925,810,None,Move,browsing
1569715180.831,1923,814,None,Move,browsing
1569715180.837,1925,818,None,Move,browsing
1569715180.847,1922,821,None,Move,browsing
1569715180.854,1922,824,None,Move,browsing
1569715180.861,1924,829,None,Move,browsing
1569715180.869,1922,832,None,Move,browsing
1569715180.877,1922,839,None,Move,browsing
1569715180.8839998,1924,844,None,Move,browsing
1569715180.8920002,1921,851,None,Move,browsing
1569715180.899,1922,856,None,Move,browsing
1569715180.907,1921,864,None,Move,browsing
1569715180.915,1924,871,None,Move,browsing
1569715180.9220002,1921,878,None,Move,browsing
1569715180.929,1922,887,None,Move,browsing
1569715180.938,1921,897,None,Move,browsing
1569715180.945,1923,906,None,Move,browsing
1569715180.952,1922,918,None,Move,browsing
1569715180.96,1920,929,None,Move,browsing
1569715180.968,1920,937,None,Move,browsing
1569715180.975,1921,947,None,Move,browsing
1569715180.982,1920,956,None,Move,browsing
1569715180.9910002,1920,965,None,Move,browsing
1569715180.9970002,1919,971,None,Move,browsing
1569715181.005,1919,978,None,Move,browsing
1569715181.0129998,1919,983,None,Move,browsing
1569715181.02,1919,990,None,Move,browsing
1569715181.028,1918,993,None,Move,browsing
1569715181.035,1917,998,None,Move,browsing
1569715181.042,1915,1001,None,Move,browsing
1569715181.05,1913,1004,None,Move,browsing
1569715181.0570002,1910,1008,None,Move,browsing
1569715181.065,1908,1011,None,Move,browsing
1569715181.073,1904,1014,None,Move,browsing
1569715181.08,1895,1019,None,Move,browsing
1569715181.0879998,1886,1022,None,Move,browsing
1569715181.095,1876,1024,None,Move,browsing
1569715181.1020002,1864,1024,None,Move,browsing
1569715181.111,1851,1024,None,Move,browsing
1569715181.117,1836,1024,None,Move,browsing
1569715181.125,1823,1022,None,Move,browsing
1569715181.1320002,1809,1020,None,Move,browsing
1569715181.14,1792,1015,None,Move,browsing
1569715181.147,1779,1013,None,Move,browsing
1569715181.155,1768,1010,None,Move,browsing
1569715181.1620002,1755,1007,None,Move,browsing
1569715181.17,1743,1006,None,Move,browsing
1569715181.179,1731,1005,None,Move,browsing
1569715181.1829998,1719,1002,None,Move,browsing
1569715181.1929998,1707,1001,None,Move,browsing
1569715181.201,1700,1000,None,Move,browsing
1569715181.209,1689,1000,None,Move,browsing
1569715181.216,1679,998,None,Move,browsing
1569715181.2229998,1667,998,None,Move,browsing
1569715181.231,1655,998,None,Move,browsing
1569715181.238,1644,998,None,Move,browsing
1569715181.246,1635,998,None,Move,browsing
1569715181.2529998,1622,998,None,Move,browsing
1569715181.2610002,1615,998,None,Move,browsing
1569715181.268,1607,997,None,Move,browsing
1569715181.276,1595,996,None,Move,browsing
1569715181.283,1586,996,None,Move,browsing
1569715181.291,1579,995,None,Move,browsing
1569715181.298,1571,993,None,Move,browsing
1569715181.3070002,1562,992,None,Move,browsing
1569715181.314,1555,992,None,Move,browsing
1569715181.322,1548,990,None,Move,browsing
1569715181.3279998,1543,989,None,Move,browsing
1569715181.336,1536,988,None,Move,browsing
1569715181.343,1532,987,None,Move,browsing
1569715181.351,1527,987,None,Move,browsing
1569715181.3579998,1523,986,None,Move,browsing
1569715181.3660002,1517,985,None,Move,browsing
1569715181.373,1513,984,None,Move,browsing
1569715181.381,1508,983,None,Move,browsing
1569715181.3879998,1505,982,None,Move,browsing
1569715181.396,1503,982,None,Move,browsing
1569715181.4,1499,981,None,Move,browsing
1569715181.411,1496,981,None,Move,browsing
1569715181.418,1493,981,None,Move,browsing
1569715181.426,1492,981,None,Move,browsing
1569715181.431,1489,981,None,Move,browsing
1569715181.4420002,1488,981,None,Move,browsing
1569715181.449,1486,979,None,Move,browsing
1569715181.456,1484,979,None,Move,browsing
1569715181.462,1482,979,None,Move,browsing
1569715181.472,1480,979,None,Move,browsing
1569715181.479,1478,978,None,Move,browsing
1569715181.4870002,1477,977,None,Move,browsing
1569715181.495,1475,977,None,Move,browsing
1569715181.502,1472,976,None,Move,browsing
1569715181.5089998,1470,975,None,Move,browsing
1569715181.5170002,1469,975,None,Move,browsing
1569715181.522,1466,974,None,Move,browsing
1569715181.532,1462,972,None,Move,browsing
1569715181.54,1458,964,None,Move,browsing
1569715181.5470002,1452,954,None,Move,browsing
1569715181.554,1448,945,None,Move,browsing
1569715181.562,1445,933,None,Move,browsing
1569715181.569,1443,921,None,Move,browsing
1569715181.577,1441,912,None,Move,browsing
1569715181.584,1441,905,None,Move,browsing
1569715181.592,1441,900,None,Move,browsing
1569715181.599,1441,893,None,Move,browsing
1569715181.607,1441,888,None,Move,browsing
1569715181.6139998,1441,883,None,Move,browsing
1569715181.62,1442,877,None,Move,browsing
1569715181.631,1444,870,None,Move,browsing
1569715181.6379998,1446,865,None,Move,browsing
1569715181.647,1448,856,None,Move,browsing
1569715181.6520002,1452,847,None,Move,browsing
1569715181.66,1456,840,None,Move,browsing
1569715181.667,1458,829,None,Move,browsing
1569715181.675,1461,819,None,Move,browsing
1569715181.6820002,1465,808,None,Move,browsing
1569715181.69,1467,801,None,Move,browsing
1569715181.697,1469,794,None,Move,browsing
1569715181.705,1471,789,None,Move,browsing
1569715181.712,1472,783,None,Move,browsing
1569715181.719,1473,779,None,Move,browsing
1569715181.7270002,1474,776,None,Move,browsing
1569715181.734,1477,771,None,Move,browsing
1569715181.742,1478,767,None,Move,browsing
1569715181.7489998,1480,762,None,Move,browsing
1569715181.7570002,1482,757,None,Move,browsing
1569715181.764,1485,752,None,Move,browsing
1569715181.771,1488,746,None,Move,browsing
1569715181.779,1490,740,None,Move,browsing
1569715181.784,1492,738,None,Move,browsing
1569715181.795,1495,735,None,Move,browsing
1569715181.802,1500,730,None,Move,browsing
1569715181.809,1501,728,None,Move,browsing
1569715181.8170002,1506,725,None,Move,browsing
1569715181.824,1511,722,None,Move,browsing
1569715181.832,1516,719,None,Move,browsing
1569715181.839,1523,716,None,Move,browsing
1569715181.847,1528,715,None,Move,browsing
1569715181.855,1535,715,None,Move,browsing
1569715181.861,1542,715,None,Move,browsing
1569715181.869,1549,715,None,Move,browsing
1569715181.877,1557,715,None,Move,browsing
1569715181.885,1566,716,None,Move,browsing
1569715181.891,1573,719,None,Move,browsing
1569715181.899,1582,723,None,Move,browsing
1569715181.906,1591,727,None,Move,browsing
1569715181.914,1598,730,None,Move,browsing
1569715181.921,1607,735,None,Move,browsing
1569715181.928,1618,739,None,Move,browsing
1569715181.935,1625,743,None,Move,browsing
1569715181.945,1633,748,None,Move,browsing
1569715181.9529998,1640,750,None,Move,browsing
1569715181.96,1647,753,None,Move,browsing
1569715181.967,1654,755,None,Move,browsing
1569715181.975,1660,759,None,Move,browsing
1569715181.982,1667,761,None,Move,browsing
1569715181.99,1671,762,None,Move,browsing
1569715181.998,1674,763,None,Move,browsing
1569715182.005,1677,764,None,Move,browsing
1569715182.012,1679,765,None,Move,browsing
1569715182.02,1680,766,None,Move,browsing
1569715182.0270002,1682,766,None,Move,browsing
1569715182.035,1683,766,None,Move,browsing
1569715182.043,1684,766,None,Move,browsing
1569715182.05,1685,766,None,Move,browsing
1569715182.0570002,1685,766,None,Move,browsing
1569715182.065,1686,766,None,Move,browsing
1569715182.073,1687,766,None,Move,browsing
1569715182.08,1688,766,None,Move,browsing
1569715182.087,1688,766,None,Move,browsing
1569715182.095,1689,766,None,Move,browsing
1569715182.1020002,1690,766,None,Move,browsing
1569715182.111,1690,766,None,Move,browsing
1569715182.117,1692,766,None,Move,browsing
1569715182.1320002,1693,766,None,Move,browsing
1569715182.147,1693,766,None,Move,browsing
1569715182.169,1694,766,None,Move,browsing
1569715182.191,1695,766,None,Move,browsing
1569715182.222,1696,766,None,Move,browsing
1569715182.2370002,1696,765,None,Move,browsing
1569715182.252,1696,765,None,Move,browsing
1569715182.2589998,1696,764,None,Move,browsing
1569715182.2670002,1696,763,None,Move,browsing
1569715182.2729998,1696,762,None,Move,browsing
1569715182.282,1697,762,None,Move,browsing
1569715182.288,1697,760,None,Move,browsing
1569715182.2970002,1697,759,None,Move,browsing
1569715182.304,1697,758,None,Move,browsing
1569715182.311,1697,757,None,Move,browsing
1569715182.319,1697,756,None,Move,browsing
1569715182.326,1697,756,None,Move,browsing
1569715182.334,1697,755,None,Move,browsing
1569715182.342,1697,754,None,Move,browsing
1569715182.356,1697,753,None,Move,browsing
1569715182.365,1697,752,None,Move,browsing
1569715182.379,1697,751,None,Move,browsing
1569715182.394,1697,751,None,Move,browsing
1569715182.407,1697,750,None,Move,browsing
1569715182.424,1697,749,None,Move,browsing
1569715182.439,1697,749,None,Move,browsing
1569715182.447,1696,749,None,Move,browsing
1569715182.454,1695,748,None,Move,browsing
1569715182.462,1694,747,None,Move,browsing
1569715182.469,1694,747,None,Move,browsing
1569715182.4770002,1694,746,None,Move,browsing
1569715182.484,1693,746,None,Move,browsing
1569715182.492,1691,745,None,Move,browsing
1569715182.5,1691,744,None,Move,browsing
1569715182.5070002,1690,744,None,Move,browsing
1569715182.514,1689,743,None,Move,browsing
1569715182.529,1689,743,None,Move,browsing
1569715182.545,1688,742,None,Move,browsing
1569715182.56,1687,742,None,Move,browsing
1569715182.5679998,1687,741,None,Move,browsing
1569715182.575,1686,741,None,Move,browsing
1569715182.5979998,1686,741,None,Move,browsing
1569715182.605,1686,741,None,Move,browsing
1569715182.627,1686,740,None,Move,browsing
1569715182.6339998,1685,740,None,Move,browsing
1569715182.649,1683,738,None,Move,browsing
1569715182.664,1683,738,None,Move,browsing
1569715182.6720002,1683,738,None,Move,browsing
1569715182.679,1683,737,None,Move,browsing
1569715182.6929998,1682,736,None,Move,browsing
1569715183.1320002,1682,736,Left,Pressed,browsing
1569715183.346,1682,736,Left,Released,browsing
1569715184.918,1676,737,None,Move,browsing
1569715184.925,1667,740,None,Move,browsing
1569715184.9329998,1651,744,None,Move,browsing
1569715184.94,1636,745,None,Move,browsing
1569715184.948,1613,745,None,Move,browsing
1569715184.956,1596,745,None,Move,browsing
1569715184.9629998,1576,745,None,Move,browsing
1569715184.9770002,1559,742,None,Move,browsing
1569715184.986,1533,739,None,Move,browsing
1569715184.994,1516,736,None,Move,browsing
1569715185.0010002,1493,733,None,Move,browsing
1569715185.0089998,1467,730,None,Move,browsing
1569715185.016,1443,723,None,Move,browsing
1569715185.024,1415,713,None,Move,browsing
1569715185.031,1391,707,None,Move,browsing
1569715185.038,1367,698,None,Move,browsing
1569715185.046,1345,690,None,Move,browsing
1569715185.054,1320,679,None,Move,browsing
1569715185.061,1304,672,None,Move,browsing
1569715185.069,1287,664,None,Move,browsing
1569715185.075,1266,658,None,Move,browsing
1569715185.084,1252,651,None,Move,browsing
1569715185.09,1237,644,None,Move,browsing
1569715185.099,1223,637,None,Move,browsing
1569715185.106,1209,630,None,Move,browsing
1569715185.113,1201,624,None,Move,browsing
1569715185.12,1187,617,None,Move,browsing
1569715185.1279998,1178,613,None,Move,browsing
1569715185.1360002,1169,606,None,Move,browsing
1569715185.143,1163,603,None,Move,browsing
1569715185.151,1157,598,None,Move,browsing
1569715185.158,1153,595,None,Move,browsing
1569715185.165,1150,593,None,Move,browsing
1569715185.173,1146,591,None,Move,browsing
1569715185.18,1143,590,None,Move,browsing
1569715185.188,1142,587,None,Move,browsing
1569715185.195,1139,586,None,Move,browsing
1569715185.201,1137,585,None,Move,browsing
1569715185.211,1135,584,None,Move,browsing
1569715185.218,1134,583,None,Move,browsing
1569715185.226,1132,581,None,Move,browsing
1569715185.2329998,1129,578,None,Move,browsing
1569715185.2410002,1128,576,None,Move,browsing
1569715185.248,1127,576,None,Move,browsing
1569715185.256,1127,574,None,Move,browsing
1569715185.2629998,1126,572,None,Move,browsing
1569715185.271,1125,572,None,Move,browsing
1569715185.276,1124,569,None,Move,browsing
1569715185.2870002,1124,569,None,Move,browsing
1569715185.292,1122,567,None,Move,browsing
1569715185.302,1121,565,None,Move,browsing
1569715185.309,1120,564,None,Move,browsing
1569715185.3170002,1119,561,None,Move,browsing
1569715185.324,1118,559,None,Move,browsing
1569715185.332,1118,558,None,Move,browsing
1569715185.339,1118,558,None,Move,browsing
1569715185.347,1118,557,None,Move,browsing
1569715185.353,1118,556,None,Move,browsing
1569715185.3620002,1118,556,None,Move,browsing
1569715185.377,1118,555,None,Move,browsing
1569715185.3839998,1120,553,None,Move,browsing
1569715185.3920002,1126,552,None,Move,browsing
1569715185.399,1130,552,None,Move,browsing
1569715185.406,1136,552,None,Move,browsing
1569715185.414,1140,552,None,Move,browsing
1569715185.4220002,1147,555,None,Move,browsing
1569715185.429,1151,556,None,Move,browsing
1569715185.436,1157,558,None,Move,browsing
1569715185.444,1163,560,None,Move,browsing
1569715185.452,1168,562,None,Move,browsing
1569715185.458,1173,566,None,Move,browsing
1569715185.467,1177,568,None,Move,browsing
1569715185.474,1181,570,None,Move,browsing
1569715185.48,1184,572,None,Move,browsing
1569715185.486,1188,574,None,Move,browsing
1569715185.4970002,1190,576,None,Move,browsing
1569715185.506,1192,578,None,Move,browsing
1569715185.512,1194,579,None,Move,browsing
1569715185.519,1197,580,None,Move,browsing
1569715185.5270002,1198,581,None,Move,browsing
1569715185.535,1199,582,None,Move,browsing
1569715185.542,1200,582,None,Move,browsing
1569715185.55,1201,583,None,Move,browsing
1569715185.5570002,1201,584,None,Move,browsing
1569715185.565,1202,584,None,Move,browsing
1569715185.572,1203,584,None,Move,browsing
1569715185.58,1204,585,None,Move,browsing
1569715185.5879998,1205,585,None,Move,browsing
1569715185.595,1206,586,None,Move,browsing
1569715185.61,1206,587,None,Move,browsing
1569715185.625,1207,587,None,Move,browsing
1569715185.6320002,1207,588,None,Move,browsing
1569715185.64,1208,588,None,Move,browsing
1569715185.647,1208,588,None,Move,browsing
1569715185.655,1209,588,None,Move,browsing
1569715185.67,1209,589,None,Move,browsing
1569715185.685,1211,590,None,Move,browsing
1569715185.708,1212,590,None,Move,browsing
1569715185.7229998,1212,591,None,Move,browsing
1569715185.73,1212,591,None,Move,browsing
1569715185.738,1212,593,None,Move,browsing
1569715185.7610002,1213,593,None,Move,browsing
1569715185.768,1213,593,None,Move,browsing
1569715185.798,1214,593,None,Move,browsing
1569715185.805,1214,594,None,Move,browsing
1569715185.859,1214,595,None,Move,browsing
1569715185.895,1214,596,None,Move,browsing
1569715185.9120002,1214,596,None,Move,browsing
1569715185.926,1214,597,None,Move,browsing
1569715185.941,1214,598,None,Move,browsing
1569715185.956,1214,598,None,Move,browsing
1569715185.971,1214,600,None,Move,browsing
1569715185.986,1214,601,None,Move,browsing
1569715186.0089998,1214,601,None,Move,browsing
1569715186.024,1214,602,None,Move,browsing
1569715186.039,1214,603,None,Move,browsing
1569715186.053,1214,603,None,Move,browsing
1569715186.0679998,1214,604,None,Move,browsing
1569715186.857,1214,604,Left,Pressed,browsing
1569715187.072,1214,604,Left,Released,browsing
1569715187.406,1222,609,None,Move,browsing
1569715187.414,1234,618,None,Move,browsing
1569715187.4220002,1248,624,None,Move,browsing
1569715187.4320002,1262,631,None,Move,browsing
1569715187.437,1276,637,None,Move,browsing
1569715187.445,1292,646,None,Move,browsing
1569715187.4529998,1306,651,None,Move,browsing
1569715187.46,1323,657,None,Move,browsing
1569715187.467,1344,665,None,Move,browsing
1569715187.475,1360,669,None,Move,browsing
1569715187.4829998,1382,677,None,Move,browsing
1569715187.49,1399,682,None,Move,browsing
1569715187.4970002,1418,686,None,Move,browsing
1569715187.505,1439,692,None,Move,browsing
1569715187.512,1454,697,None,Move,browsing
1569715187.52,1475,700,None,Move,browsing
1569715187.528,1495,702,None,Move,browsing
1569715187.535,1515,707,None,Move,browsing
1569715187.542,1530,708,None,Move,browsing
1569715187.55,1553,710,None,Move,browsing
1569715187.5579998,1568,711,None,Move,browsing
1569715187.565,1583,711,None,Move,browsing
1569715187.572,1598,711,None,Move,browsing
1569715187.58,1612,711,None,Move,browsing
1569715187.587,1626,711,None,Move,browsing
1569715187.595,1638,711,None,Move,browsing
1569715187.603,1649,710,None,Move,browsing
1569715187.61,1661,708,None,Move,browsing
1569715187.617,1673,708,None,Move,browsing
1569715187.625,1680,706,None,Move,browsing
1569715187.6320002,1690,705,None,Move,browsing
1569715187.639,1699,705,None,Move,browsing
1569715187.647,1704,705,None,Move,browsing
1569715187.654,1712,705,None,Move,browsing
1569715187.6620002,1721,705,None,Move,browsing
1569715187.668,1726,705,None,Move,browsing
1569715187.676,1734,705,None,Move,browsing
1569715187.686,1739,705,None,Move,browsing
1569715187.6929998,1745,705,None,Move,browsing
1569715187.701,1750,705,None,Move,browsing
1569715187.708,1756,707,None,Move,browsing
1569715187.716,1759,708,None,Move,browsing
1569715187.7229998,1766,709,None,Move,browsing
1569715187.731,1769,711,None,Move,browsing
1569715187.738,1774,712,None,Move,browsing
1569715187.745,1777,714,None,Move,browsing
1569715187.7529998,1779,717,None,Move,browsing
1569715187.76,1781,718,None,Move,browsing
1569715187.768,1784,719,None,Move,browsing
1569715187.776,1784,719,None,Move,browsing
1569715187.783,1785,720,None,Move,browsing
1569715187.79,1786,721,None,Move,browsing
1569715187.798,1786,721,None,Move,browsing
1569715187.805,1787,721,None,Move,browsing
1569715187.82,1788,722,None,Move,browsing
1569715187.843,1788,723,None,Move,browsing
1569715187.851,1788,724,None,Move,browsing
1569715187.8660002,1788,725,None,Move,browsing
1569715187.873,1788,726,None,Move,browsing
1569715187.881,1788,727,None,Move,browsing
1569715187.887,1788,727,None,Move,browsing
1569715187.895,1788,728,None,Move,browsing
1569715187.9020002,1788,729,None,Move,browsing
1569715187.91,1787,729,None,Move,browsing
1569715187.917,1787,730,None,Move,browsing
1569715187.925,1785,733,None,Move,browsing
1569715187.9320002,1781,735,None,Move,browsing
1569715187.94,1778,736,None,Move,browsing
1569715187.947,1775,738,None,Move,browsing
1569715187.955,1769,739,None,Move,browsing
1569715187.962,1765,741,None,Move,browsing
1569715187.97,1758,743,None,Move,browsing
1569715187.9770002,1753,743,None,Move,browsing
1569715187.985,1746,743,None,Move,browsing
1569715187.992,1741,743,None,Move,browsing
1569715187.9989998,1734,742,None,Move,browsing
1569715188.0070002,1727,740,None,Move,browsing
1569715188.015,1719,738,None,Move,browsing
1569715188.022,1712,735,None,Move,browsing
1569715188.029,1705,733,None,Move,browsing
1569715188.0370002,1698,730,None,Move,browsing
1569715188.045,1689,725,None,Move,browsing
1569715188.052,1683,723,None,Move,browsing
1569715188.06,1676,719,None,Move,browsing
1569715188.0670002,1670,714,None,Move,browsing
1569715188.075,1662,711,None,Move,browsing
1569715188.082,1658,708,None,Move,browsing
1569715188.09,1652,703,None,Move,browsing
1569715188.097,1649,701,None,Move,browsing
1569715188.103,1646,699,None,Move,browsing
1569715188.1120002,1642,698,None,Move,browsing
1569715188.119,1641,697,None,Move,browsing
1569715188.127,1639,696,None,Move,browsing
1569715188.1339998,1638,695,None,Move,browsing
1569715188.141,1637,694,None,Move,browsing
1569715188.149,1636,694,None,Move,browsing
1569715188.156,1635,693,None,Move,browsing
1569715188.164,1635,693,None,Move,browsing
1569715188.171,1634,693,None,Move,browsing
1569715188.178,1633,692,None,Move,browsing
1569715188.186,1632,692,None,Move,browsing
1569715188.224,1632,692,None,Move,browsing
1569715188.238,1632,692,None,Move,browsing
1569715188.2610002,1631,692,None,Move,browsing
1569715188.72,1631,692,None,Move,browsing
1569715188.7270002,1631,693,None,Move,browsing
1569715188.735,1632,694,None,Move,browsing
1569715188.742,1633,694,None,Move,browsing
1569715188.75,1633,695,None,Move,browsing
1569715188.7589998,1634,696,None,Move,browsing
1569715188.765,1634,697,None,Move,browsing
1569715188.771,1634,698,None,Move,browsing
1569715188.781,1634,699,None,Move,browsing
1569715188.796,1635,699,None,Move,browsing
1569715188.803,1635,700,None,Move,browsing
1569715188.8179998,1636,700,None,Move,browsing
1569715188.825,1636,700,None,Move,browsing
1569715188.84,1637,700,None,Move,browsing
1569715188.8479998,1637,701,None,Move,browsing
1569715188.855,1638,701,None,Move,browsing
1569715188.863,1638,702,None,Move,browsing
1569715188.87,1639,702,None,Move,browsing
1569715188.885,1639,702,None,Move,browsing
1569715188.893,1639,702,None,Move,browsing
1569715188.908,1639,703,None,Move,browsing
1569715188.926,1640,703,None,Move,browsing
1569715188.936,1641,703,None,Move,browsing
1569715189.2370002,1641,703,Left,Pressed,browsing
1569715189.452,1641,703,Left,Released,browsing
1569715190.829,1641,703,Left,Pressed,browsing
1569715191.044,1641,703,Left,Released,browsing
1569715194.744,1642,706,None,Move,browsing
1569715194.756,1642,709,None,Move,browsing
1569715194.762,1643,713,None,Move,browsing
1569715194.7670002,1644,716,None,Move,browsing
1569715194.7729998,1645,720,None,Move,browsing
1569715194.781,1645,724,None,Move,browsing
1569715194.789,1646,726,None,Move,browsing
1569715194.796,1647,730,None,Move,browsing
1569715194.804,1648,734,None,Move,browsing
1569715194.809,1648,737,None,Move,browsing
1569715194.819,1650,739,None,Move,browsing
1569715194.827,1651,743,None,Move,browsing
1569715194.834,1651,746,None,Move,browsing
1569715194.842,1651,748,None,Move,browsing
1569715194.849,1651,749,None,Move,browsing
1569715194.856,1652,752,None,Move,browsing
1569715194.8639998,1652,754,None,Move,browsing
1569715194.8720002,1652,754,None,Move,browsing
1569715194.879,1652,755,None,Move,browsing
1569715194.8860002,1652,756,None,Move,browsing
1569715194.894,1653,756,None,Move,browsing
1569715194.901,1653,757,None,Move,browsing
1569715194.909,1653,759,None,Move,browsing
1569715194.916,1654,759,None,Move,browsing
1569715194.924,1654,760,None,Move,browsing
1569715194.931,1654,761,None,Move,browsing
1569715194.939,1654,761,None,Move,browsing
1569715194.954,1654,762,None,Move,browsing
1569715194.9770002,1655,763,None,Move,browsing
1569715195.0229998,1656,764,None,Move,browsing
1569715195.446,1656,764,Left,Pressed,browsing
1569715195.659,1656,764,Left,Released,browsing
1569715196.14,1651,761,None,Move,browsing
1569715196.151,1639,757,None,Move,browsing
1569715196.157,1626,750,None,Move,browsing
1569715196.165,1617,745,None,Move,browsing
1569715196.17,1601,736,None,Move,browsing
1569715196.176,1589,731,None,Move,browsing
1569715196.185,1582,724,None,Move,browsing
1569715196.191,1568,719,None,Move,browsing
1569715196.2,1559,715,None,Move,browsing
1569715196.206,1547,708,None,Move,browsing
1569715196.214,1539,704,None,Move,browsing
1569715196.221,1530,699,None,Move,browsing
1569715196.229,1518,695,None,Move,browsing
1569715196.236,1509,693,None,Move,browsing
1569715196.244,1502,689,None,Move,browsing
1569715196.2510002,1490,683,None,Move,browsing
1569715196.2589998,1481,678,None,Move,browsing
1569715196.266,1469,674,None,Move,browsing
1569715196.274,1456,667,None,Move,browsing
1569715196.281,1449,664,None,Move,browsing
1569715196.289,1437,657,None,Move,browsing
1569715196.296,1428,653,None,Move,browsing
1569715196.304,1420,648,None,Move,browsing
1569715196.311,1411,642,None,Move,browsing
1569715196.319,1402,636,None,Move,browsing
1569715196.327,1394,630,None,Move,browsing
1569715196.335,1385,626,None,Move,browsing
1569715196.341,1376,622,None,Move,browsing
1569715196.349,1369,617,None,Move,browsing
1569715196.356,1363,615,None,Move,browsing
1569715196.363,1359,612,None,Move,browsing
1569715196.371,1353,609,None,Move,browsing
1569715196.3779998,1349,605,None,Move,browsing
1569715196.3860002,1343,601,None,Move,browsing
1569715196.393,1338,598,None,Move,browsing
1569715196.401,1332,593,None,Move,browsing
1569715196.408,1330,591,None,Move,browsing
1569715196.416,1325,587,None,Move,browsing
1569715196.423,1321,584,None,Move,browsing
1569715196.431,1318,581,None,Move,browsing
1569715196.438,1315,579,None,Move,browsing
1569715196.445,1311,577,None,Move,browsing
1569715196.454,1309,574,None,Move,browsing
1569715196.46,1308,573,None,Move,browsing
1569715196.468,1307,572,None,Move,browsing
1569715196.476,1305,571,None,Move,browsing
1569715196.4829998,1304,570,None,Move,browsing
1569715196.49,1303,570,None,Move,browsing
1569715196.498,1302,569,None,Move,browsing
1569715196.505,1301,568,None,Move,browsing
1569715196.5129998,1300,567,None,Move,browsing
1569715196.52,1299,567,None,Move,browsing
1569715196.529,1298,566,None,Move,browsing
1569715196.535,1296,566,None,Move,browsing
1569715196.543,1294,566,None,Move,browsing
1569715196.55,1293,566,None,Move,browsing
1569715196.5570002,1292,565,None,Move,browsing
1569715196.565,1290,565,None,Move,browsing
1569715196.572,1288,565,None,Move,browsing
1569715196.58,1286,565,None,Move,browsing
1569715196.5879998,1284,565,None,Move,browsing
1569715196.595,1282,565,None,Move,browsing
1569715196.603,1279,567,None,Move,browsing
1569715196.61,1276,568,None,Move,browsing
1569715196.6179998,1273,569,None,Move,browsing
1569715196.625,1272,570,None,Move,browsing
1569715196.633,1268,572,None,Move,browsing
1569715196.64,1266,572,None,Move,browsing
1569715196.647,1264,574,None,Move,browsing
1569715196.655,1260,577,None,Move,browsing
1569715196.663,1258,578,None,Move,browsing
1569715196.67,1257,579,None,Move,browsing
1569715196.678,1255,581,None,Move,browsing
1569715196.685,1253,582,None,Move,browsing
1569715196.6920002,1251,582,None,Move,browsing
1569715196.7,1250,583,None,Move,browsing
1569715196.707,1249,584,None,Move,browsing
1569715196.715,1248,586,None,Move,browsing
1569715196.722,1248,586,None,Move,browsing
1569715196.73,1247,587,None,Move,browsing
1569715196.7370002,1246,588,None,Move,browsing
1569715196.745,1245,588,None,Move,browsing
1569715196.752,1244,589,None,Move,browsing
1569715196.7589998,1243,590,None,Move,browsing
1569715196.7670002,1242,591,None,Move,browsing
1569715196.775,1242,591,None,Move,browsing
1569715196.782,1241,592,None,Move,browsing
1569715196.79,1240,594,None,Move,browsing
1569715196.7970002,1239,594,None,Move,browsing
1569715196.805,1239,595,None,Move,browsing
1569715196.812,1238,596,None,Move,browsing
1569715196.819,1236,597,None,Move,browsing
1569715196.826,1236,597,None,Move,browsing
1569715196.834,1235,597,None,Move,browsing
1569715196.85,1235,598,None,Move,browsing
1569715196.856,1234,598,None,Move,browsing
1569715196.8639998,1234,599,None,Move,browsing
1569715196.8720002,1234,599,None,Move,browsing
1569715196.881,1234,599,None,Move,browsing
1569715196.894,1233,599,None,Move,browsing
1569715196.901,1233,601,None,Move,browsing
1569715196.916,1232,602,None,Move,browsing
1569715196.931,1232,602,None,Move,browsing
1569715196.938,1232,602,None,Move,browsing
1569715196.954,1232,603,None,Move,browsing
1569715196.961,1231,603,None,Move,browsing
1569715196.984,1231,604,None,Move,browsing
1569715196.9989998,1230,604,None,Move,browsing
1569715197.022,1230,604,None,Move,browsing
1569715197.036,1229,604,None,Move,browsing
1569715197.059,1229,605,None,Move,browsing
1569715197.066,1228,605,None,Move,browsing
1569715197.0879998,1227,606,None,Move,browsing
1569715197.111,1226,606,None,Move,browsing
1569715197.117,1226,607,None,Move,browsing
1569715197.133,1226,607,None,Move,browsing
1569715197.147,1226,608,None,Move,browsing
1569715197.171,1225,608,None,Move,browsing
1569715197.178,1225,609,None,Move,browsing
1569715197.2,1224,609,None,Move,browsing
1569715197.216,1224,609,None,Move,browsing
1569715197.2370002,1224,609,None,Move,browsing
1569715197.252,1224,610,None,Move,browsing
1569715197.2670002,1223,610,None,Move,browsing
1569715197.289,1223,611,None,Move,browsing
1569715197.304,1221,611,None,Move,browsing
1569715197.327,1221,612,None,Move,browsing
1569715197.342,1221,612,None,Move,browsing
1569715197.3639998,1221,612,None,Move,browsing
1569715197.9320002,1221,612,None,Move,browsing
1569715197.939,1221,612,None,Move,browsing
1569715197.948,1222,612,None,Move,browsing
1569715197.954,1223,612,None,Move,browsing
1569715197.962,1223,612,None,Move,browsing
1569715197.9770002,1224,612,None,Move,browsing
1569715197.9989998,1225,612,None,Move,browsing
1569715198.015,1225,612,None,Move,browsing
1569715198.044,1227,612,None,Move,browsing
1569715198.075,1228,612,None,Move,browsing
1569715198.119,1228,612,None,Move,browsing
1569715198.231,1228,612,None,Move,browsing
1569715198.275,1228,612,None,Move,browsing
1569715198.291,1228,611,None,Move,browsing
1569715198.306,1228,610,None,Move,browsing
1569715198.321,1228,610,None,Move,browsing
1569715198.343,1228,609,None,Move,browsing
1569715198.3579998,1228,608,None,Move,browsing
1569715198.3879998,1228,608,None,Move,browsing
1569715198.403,1228,608,None,Move,browsing
1569715198.418,1228,607,None,Move,browsing
1569715198.441,1228,607,None,Move,browsing
1569715198.478,1226,607,None,Move,browsing
1569715198.531,1226,605,None,Move,browsing
1569715198.559,1226,605,None,Move,browsing
1569715198.9320002,1226,605,Left,Pressed,browsing
1569715199.147,1226,605,Left,Released,browsing
1569715199.495,1236,610,None,Move,browsing
1569715199.502,1259,621,None,Move,browsing
1569715199.5089998,1288,633,None,Move,browsing
1569715199.5170002,1310,643,None,Move,browsing
1569715199.525,1335,652,None,Move,browsing
1569715199.532,1360,662,None,Move,browsing
1569715199.539,1384,669,None,Move,browsing
1569715199.5470002,1412,679,None,Move,browsing
1569715199.554,1433,687,None,Move,browsing
1569715199.562,1458,696,None,Move,browsing
1569715199.569,1486,705,None,Move,browsing
1569715199.577,1508,715,None,Move,browsing
1569715199.583,1523,722,None,Move,browsing
1569715199.591,1548,732,None,Move,browsing
1569715199.599,1565,741,None,Move,browsing
1569715199.607,1586,749,None,Move,browsing
1569715199.6139998,1602,756,None,Move,browsing
1569715199.621,1617,762,None,Move,browsing
1569715199.629,1632,768,None,Move,browsing
1569715199.6360002,1648,773,None,Move,browsing
1569715199.644,1660,777,None,Move,browsing
1569715199.651,1674,784,None,Move,browsing
1569715199.659,1686,788,None,Move,browsing
1569715199.666,1696,793,None,Move,browsing
1569715199.673,1707,799,None,Move,browsing
1569715199.681,1716,803,None,Move,browsing
1569715199.688,1723,806,None,Move,browsing
1569715199.696,1731,810,None,Move,browsing
1569715199.7029998,1735,813,None,Move,browsing
1569715199.711,1739,815,None,Move,browsing
1569715199.718,1742,817,None,Move,browsing
1569715199.725,1745,818,None,Move,browsing
1569715199.7329998,1746,819,None,Move,browsing
1569715199.7410002,1748,820,None,Move,browsing
1569715199.748,1750,822,None,Move,browsing
1569715199.756,1751,822,None,Move,browsing
1569715199.762,1751,822,None,Move,browsing
1569715199.77,1752,822,None,Move,browsing
1569715199.778,1753,822,None,Move,browsing
