client_timestamp,x,y,button,state,window
1574522072.3879998,114,904,None,Move,file system
1574522072.42,139,879,None,Move,file system
1574522072.44,168,857,None,Move,file system
1574522072.464,194,834,None,Move,file system
1574522072.496,246,794,None,Move,file system
1574522072.521,283,770,None,Move,file system
1574522072.544,319,750,None,Move,file system
1574522072.5679998,334,746,None,Move,file system
1574522072.596,348,742,None,Move,file system
1574522072.6239998,355,741,None,Move,file system
1574522072.664,364,741,None,Move,file system
1574522072.684,378,741,None,Move,file system
1574522072.707,392,741,None,Move,file system
1574522072.7270002,409,741,None,Move,file system
1574522072.7429998,430,741,None,Move,file system
1574522072.7589998,448,741,None,Move,file system
1574522072.775,473,742,None,Move,file system
1574522072.795,487,745,None,Move,file system
1574522072.811,502,747,None,Move,file system
1574522072.835,509,749,None,Move,file system
1574522072.851,516,751,None,Move,file system
1574522072.867,517,752,None,Move,file system
1574522072.887,521,759,None,Move,file system
1574522073.159,562,732,None,Move,file system
1574522073.179,647,666,None,Move,file system
1574522073.195,774,605,None,Move,file system
1574522073.215,872,578,None,Move,file system
1574522073.2270002,957,549,None,Move,file system
1574522073.242,1042,522,None,Move,file system
1574522073.262,1119,504,None,Move,file system
1574522073.278,1153,496,None,Move,file system
1574522073.298,1180,489,None,Move,file system
1574522073.314,1195,488,None,Move,file system
1574522073.334,1199,488,None,Move,file system
1574522073.35,1205,488,None,Move,file system
1574522073.37,1210,488,None,Move,file system
1574522073.3860002,1212,488,None,Move,file system
1574522073.4020002,1216,487,None,Move,file system
1574522073.4220002,1219,487,None,Move,file system
1574522073.45,1222,485,None,Move,file system
1574522073.466,1228,483,None,Move,file system
1574522073.482,1233,481,None,Move,file system
1574522073.498,1241,478,None,Move,file system
1574522073.518,1250,474,None,Move,file system
1574522073.534,1253,474,None,Move,file system
1574522073.554,1254,474,None,Move,file system
1574522073.574,1255,474,None,Move,file system
1574522073.594,1257,473,None,Move,file system
1574522073.61,1260,473,None,Move,file system
1574522073.6339998,1263,473,None,Move,file system
1574522073.658,1266,473,None,Move,file system
1574522073.674,1268,473,None,Move,file system
1574522073.9420002,1268,473,Left,Pressed,file system
1574522074.153,1268,473,Left,Released,entertainment
1574522074.28,1290,438,None,Move,entertainment
1574522074.3070002,1309,414,None,Move,entertainment
1574522074.332,1335,388,None,Move,entertainment
1574522074.347,1364,353,None,Move,entertainment
1574522074.367,1384,334,None,Move,entertainment
1574522074.383,1395,320,None,Move,entertainment
1574522074.395,1404,306,None,Move,entertainment
1574522074.411,1407,301,None,Move,entertainment
1574522074.423,1409,298,None,Move,entertainment
1574522074.439,1410,295,None,Move,entertainment
1574522074.451,1411,291,None,Move,entertainment
1574522074.467,1412,289,None,Move,entertainment
1574522074.4829998,1413,288,None,Move,entertainment
1574522074.4989998,1413,288,None,Move,entertainment
1574522074.5110002,1414,287,None,Move,entertainment
1574522074.531,1414,285,None,Move,entertainment
1574522074.5470002,1415,285,None,Move,entertainment
1574522074.563,1415,284,None,Move,entertainment
1574522074.579,1417,284,None,Move,entertainment
1574522074.595,1418,283,None,Move,entertainment
1574522074.611,1423,282,None,Move,entertainment
1574522074.627,1426,282,None,Move,entertainment
1574522074.643,1432,280,None,Move,entertainment
1574522074.655,1436,278,None,Move,entertainment
1574522074.671,1525,235,None,Move,entertainment
1574522075.0270002,1559,162,None,Move,entertainment
1574522075.043,1602,119,None,Move,entertainment
1574522075.059,1627,76,None,Move,entertainment
1574522075.075,1665,45,None,Move,entertainment
1574522075.091,1680,27,None,Move,entertainment
1574522075.107,1687,19,None,Move,entertainment
1574522075.1220002,1690,15,None,Move,entertainment
1574522075.1379998,1690,14,None,Move,entertainment
1574522075.158,1691,13,None,Move,entertainment
1574522075.178,1692,11,None,Move,entertainment
1574522075.234,1692,10,None,Move,entertainment
1574522075.254,1692,9,None,Move,entertainment
1574522075.274,1692,8,None,Move,entertainment
1574522075.294,1693,8,None,Move,entertainment
1574522075.31,1694,8,None,Move,entertainment
1574522075.326,1701,6,None,Move,entertainment
1574522075.346,1706,4,None,Move,entertainment
1574522075.3579998,1710,2,None,Move,entertainment
1574522075.3779998,1712,1,None,Move,entertainment
1574522075.3979998,1713,1,None,Move,entertainment
1574522075.418,1713,1,None,Move,entertainment
1574522075.434,1714,1,None,Move,entertainment
1574522075.446,1714,1,None,Move,entertainment
1574522075.462,1712,9,None,Move,entertainment
1574522075.478,1706,18,None,Move,entertainment
1574522075.494,1692,26,None,Move,entertainment
1574522075.51,1685,30,None,Move,entertainment
1574522075.526,1683,33,None,Move,entertainment
1574522075.542,1678,39,None,Move,entertainment
1574522075.5579998,1670,44,None,Move,entertainment
1574522075.57,1663,46,None,Move,entertainment
1574522075.59,1659,49,None,Move,entertainment
1574522075.6020002,1654,50,None,Move,entertainment
1574522075.6220002,1650,52,None,Move,entertainment
1574522075.6379998,1646,54,None,Move,entertainment
1574522075.654,1642,56,None,Move,entertainment
1574522075.674,1640,57,None,Move,entertainment
1574522075.694,1639,57,None,Move,entertainment
1574522075.714,1638,57,None,Move,entertainment
1574522075.734,1637,57,None,Move,entertainment
1574522075.75,1636,57,None,Move,entertainment
1574522075.77,1635,57,None,Move,entertainment
1574522075.786,1634,57,None,Move,entertainment
1574522075.802,1633,57,None,Move,entertainment
1574522075.8170002,1632,57,None,Move,entertainment
1574522075.833,1629,58,None,Move,entertainment
1574522075.85,1627,61,None,Move,entertainment
1574522075.865,1626,62,None,Move,entertainment
1574522075.885,1624,65,None,Move,entertainment
1574522075.901,1623,66,None,Move,entertainment
1574522075.917,1622,66,None,Move,entertainment
1574522075.9329998,1619,68,None,Move,entertainment
1574522075.957,1617,69,None,Move,entertainment
1574522075.9770002,1614,71,None,Move,entertainment
1574522076.0089998,1613,72,None,Move,entertainment
1574522076.045,1612,73,None,Move,entertainment
1574522076.073,1612,74,None,Move,entertainment
1574522076.301,1612,74,Left,Pressed,entertainment
1574522076.5170002,1612,74,Left,Released,entertainment
1574522077.506,1591,91,None,Move,browsing
1574522077.526,1556,119,None,Move,browsing
1574522077.542,1509,152,None,Move,browsing
1574522077.566,1488,175,None,Move,browsing
1574522077.582,1447,218,None,Move,browsing
1574522077.5979998,1429,239,None,Move,browsing
1574522077.6139998,1399,272,None,Move,browsing
1574522077.6339998,1389,285,None,Move,browsing
1574522077.65,1381,296,None,Move,browsing
1574522077.666,1379,300,None,Move,browsing
1574522077.6820002,1379,300,None,Move,browsing
1574522077.702,1378,301,None,Move,browsing
1574522078.03,1366,308,None,Move,browsing
1574522078.05,1304,333,None,Move,browsing
1574522078.07,1239,380,None,Move,browsing
1574522078.086,1204,406,None,Move,browsing
1574522078.106,1185,425,None,Move,browsing
1574522078.1260002,1147,459,None,Move,browsing
1574522078.1420002,1121,481,None,Move,browsing
1574522078.17,1116,486,None,Move,browsing
1574522078.194,1115,486,None,Move,browsing
1574522078.222,1114,487,None,Move,browsing
1574522078.5570002,1099,491,None,Move,browsing
1574522078.569,1080,503,None,Move,browsing
1574522078.589,1055,524,None,Move,browsing
1574522078.605,1005,555,None,Move,browsing
1574522078.621,972,588,None,Move,browsing
1574522078.637,925,617,None,Move,browsing
1574522078.653,893,648,None,Move,browsing
1574522078.665,865,666,None,Move,browsing
1574522078.685,852,679,None,Move,browsing
1574522078.697,836,695,None,Move,browsing
1574522078.7129998,830,700,None,Move,browsing
1574522078.7329998,826,704,None,Move,browsing
1574522078.7529998,824,709,None,Move,browsing
1574522078.769,823,710,None,Move,browsing
1574522078.793,823,711,None,Move,browsing
1574522078.813,823,711,None,Move,browsing
1574522079.284,803,717,None,Move,browsing
1574522079.296,782,731,None,Move,browsing
1574522079.312,749,749,None,Move,browsing
1574522079.332,681,794,None,Move,browsing
1574522079.3479998,621,832,None,Move,browsing
1574522079.3679998,593,864,None,Move,browsing
1574522079.38,546,894,None,Move,browsing
1574522079.396,522,922,None,Move,browsing
1574522079.416,509,931,None,Move,browsing
1574522079.4320002,498,941,None,Move,browsing
1574522079.448,492,952,None,Move,browsing
1574522079.464,490,959,None,Move,browsing
1574522079.48,489,963,None,Move,browsing
1574522079.496,489,964,None,Move,browsing
1574522079.508,489,965,None,Move,browsing
1574522079.524,489,965,None,Move,browsing
1574522081.465,482,969,None,Move,browsing
1574522081.4770002,469,975,None,Move,browsing
1574522081.4929998,451,982,None,Move,browsing
1574522081.5089998,435,989,None,Move,browsing
1574522081.525,406,1002,None,Move,browsing
1574522081.541,393,1010,None,Move,browsing
1574522081.553,359,1022,None,Move,browsing
1574522081.569,342,1026,None,Move,browsing
1574522081.585,307,1039,None,Move,browsing
1574522081.597,292,1046,None,Move,browsing
1574522081.621,272,1053,None,Move,browsing
1574522081.637,260,1056,None,Move,browsing
1574522081.657,257,1057,None,Move,browsing
1574522081.669,255,1057,None,Move,browsing
1574522081.685,252,1056,None,Move,browsing
1574522081.701,252,1055,None,Move,browsing
1574522081.717,251,1055,None,Move,browsing
1574522081.7370002,249,1053,None,Move,browsing
1574522081.7529998,249,1052,None,Move,browsing
1574522082.065,240,1052,None,Move,browsing
1574522082.077,222,1053,None,Move,browsing
1574522082.097,209,1053,None,Move,browsing
1574522082.109,205,1053,None,Move,browsing
1574522082.125,194,1053,None,Move,browsing
1574522082.137,184,1053,None,Move,browsing
1574522082.157,172,1053,None,Move,browsing
1574522082.173,166,1053,None,Move,browsing
1574522082.189,160,1053,None,Move,browsing
1574522082.205,155,1053,None,Move,browsing
1574522082.217,151,1053,None,Move,browsing
1574522082.232,148,1053,None,Move,browsing
1574522082.248,145,1054,None,Move,browsing
1574522082.265,145,1054,None,Move,browsing
1574522082.28,144,1054,None,Move,browsing
1574522082.296,142,1055,None,Move,browsing
1574522082.312,141,1055,None,Move,browsing
1574522082.3279998,141,1056,None,Move,browsing
1574522082.344,140,1056,None,Move,browsing
1574522082.36,139,1056,None,Move,browsing
1574522082.3760002,139,1056,None,Move,browsing
1574522082.408,139,1057,None,Move,browsing
1574522082.4320002,139,1058,None,Move,browsing
1574522082.448,139,1058,None,Move,browsing
1574522082.456,139,1060,None,Move,browsing
1574522082.468,139,1061,None,Move,browsing
1574522082.476,140,1062,None,Move,browsing
1574522082.492,140,1063,None,Move,browsing
1574522082.508,140,1063,None,Move,browsing
1574522082.524,140,1065,None,Move,browsing
1574522082.536,140,1066,None,Move,browsing
1574522082.548,140,1067,None,Move,browsing
1574522082.56,140,1068,None,Move,browsing
1574522082.576,140,1069,None,Move,browsing
1574522082.5879998,140,1070,None,Move,browsing
1574522082.6120002,140,1070,None,Move,browsing
1574522082.856,140,1070,Left,Pressed,browsing
1574522083.071,140,1070,Left,Released,browsing
1574522083.914,144,1063,None,Move,file system
1574522083.934,151,1051,None,Move,file system
1574522083.946,156,1040,None,Move,file system
1574522083.962,160,1030,None,Move,file system
1574522083.974,166,1019,None,Move,file system
1574522083.986,169,1012,None,Move,file system
1574522084.002,172,1007,None,Move,file system
1574522084.022,176,1001,None,Move,file system
1574522084.038,177,1000,None,Move,file system
1574522084.0579998,177,997,None,Move,file system
1574522084.074,177,996,None,Move,file system
1574522084.09,177,995,None,Move,file system
1574522084.106,177,994,None,Move,file system
1574522084.1260002,177,994,None,Move,file system
1574522084.1420002,176,993,None,Move,file system
1574522084.158,175,993,None,Move,file system
1574522084.174,173,993,None,Move,file system
1574522084.19,171,995,None,Move,file system
1574522084.206,167,997,None,Move,file system
1574522084.222,166,999,None,Move,file system
1574522084.238,166,1000,None,Move,file system
1574522084.25,166,1001,None,Move,file system
1574522084.266,166,1002,None,Move,file system
1574522084.282,166,1003,None,Move,file system
1574522084.553,166,1003,Left,Pressed,file system
1574522084.766,166,1003,Left,Released,file system
1574522085.284,188,990,None,Move,office
1574522085.3079998,259,943,None,Move,office
1574522085.3279998,349,894,None,Move,office
1574522085.356,405,865,None,Move,office
1574522085.3760002,487,839,None,Move,office
1574522085.396,535,823,None,Move,office
1574522085.42,558,819,None,Move,office
1574522085.44,565,819,None,Move,office
1574522085.464,570,820,None,Move,office
1574522085.484,570,820,None,Move,office
1574522085.5,571,820,None,Move,office
1574522085.796,615,803,None,Move,office
1574522085.816,692,766,None,Move,office
1574522085.836,740,750,None,Move,office
1574522085.8520002,813,735,None,Move,office
1574522085.8720002,856,724,None,Move,office
1574522085.887,875,721,None,Move,office
1574522085.907,892,721,None,Move,office
1574522085.923,899,721,None,Move,office
1574522085.9429998,905,722,None,Move,office
1574522085.959,907,722,None,Move,office
1574522085.975,908,722,None,Move,office
1574522085.9989998,909,722,None,Move,office
1574522088.714,946,729,None,Move,office
1574522088.725,978,732,None,Move,office
1574522088.7329998,1061,745,None,Move,office
1574522088.745,1131,758,None,Move,office
1574522088.7570002,1188,774,None,Move,office
1574522088.769,1270,800,None,Move,office
1574522088.785,1338,823,None,Move,office
1574522088.7970002,1381,851,None,Move,office
1574522088.809,1406,870,None,Move,office
1574522088.829,1436,902,None,Move,office
1574522088.845,1447,917,None,Move,office
1574522088.857,1455,928,None,Move,office
1574522088.873,1461,940,None,Move,office
1574522088.889,1462,944,None,Move,office
1574522089.185,1488,944,None,Move,office
1574522089.197,1512,945,None,Move,office
1574522089.209,1554,950,None,Move,office
1574522089.221,1579,951,None,Move,office
1574522089.229,1604,957,None,Move,office
1574522089.245,1621,962,None,Move,office
1574522089.258,1632,968,None,Move,office
1574522089.27,1641,975,None,Move,office
1574522089.282,1652,979,None,Move,office
1574522089.294,1657,981,None,Move,office
1574522089.304,1661,983,None,Move,office
1574522089.316,1663,984,None,Move,office
1574522089.3279998,1665,985,None,Move,office
1574522089.344,1666,985,None,Move,office
1574522089.837,1668,990,None,Move,office
1574522089.845,1671,999,None,Move,office
1574522089.861,1675,1010,None,Move,office
1574522089.8679998,1678,1015,None,Move,office
1574522089.8839998,1680,1022,None,Move,office
1574522089.896,1682,1026,None,Move,office
1574522089.916,1683,1028,None,Move,office
1574522089.928,1683,1032,None,Move,office
1574522089.948,1684,1035,None,Move,office
1574522089.96,1684,1036,None,Move,office
1574522089.972,1684,1040,None,Move,office
1574522089.992,1684,1044,None,Move,office
1574522090.004,1685,1047,None,Move,office
1574522090.02,1686,1051,None,Move,office
1574522090.032,1688,1055,None,Move,office
1574522090.048,1689,1057,None,Move,office
1574522090.06,1690,1058,None,Move,office
1574522090.076,1691,1058,None,Move,office
1574522090.092,1692,1059,None,Move,office
1574522090.104,1692,1060,None,Move,office
1574522090.12,1693,1060,None,Move,office
1574522090.1320002,1694,1061,None,Move,office
1574522090.1479998,1696,1061,None,Move,office
1574522090.164,1699,1061,None,Move,office
1574522090.176,1704,1061,None,Move,office
1574522090.196,1706,1061,None,Move,office
1574522090.212,1707,1061,None,Move,office
1574522090.228,1709,1061,None,Move,office
1574522090.244,1710,1060,None,Move,office
1574522090.26,1712,1060,None,Move,office
1574522090.272,1712,1059,None,Move,office
1574522090.2870002,1713,1059,None,Move,office
1574522090.3,1714,1059,None,Move,office
1574522090.316,1715,1057,None,Move,office
1574522090.327,1716,1056,None,Move,office
1574522090.343,1716,1056,None,Move,office
1574522090.355,1718,1055,None,Move,office
1574522090.371,1719,1055,None,Move,office
1574522090.383,1720,1055,None,Move,office
1574522090.395,1721,1055,None,Move,office
1574522090.403,1722,1055,None,Move,office
1574522090.411,1722,1055,None,Move,office
1574522090.427,1722,1055,None,Move,office
1574522090.4429998,1723,1055,None,Move,office
1574522090.455,1724,1055,None,Move,office
1574522090.467,1724,1055,None,Move,office
1574522090.479,1725,1055,None,Move,office
1574522090.4910002,1725,1055,None,Move,office
1574522090.5029998,1726,1056,None,Move,office
1574522090.5110002,1726,1057,None,Move,office
1574522090.5229998,1727,1057,None,Move,office
1574522090.535,1727,1057,None,Move,office
1574522090.543,1728,1058,None,Move,office
1574522090.555,1729,1059,None,Move,office
1574522090.5670002,1730,1060,None,Move,office
1574522090.583,1731,1061,None,Move,office
1574522090.595,1732,1062,None,Move,office
1574522090.611,1732,1062,None,Move,office
1574522090.627,1733,1063,None,Move,office
1574522090.639,1733,1064,None,Move,office
1574522090.651,1734,1064,None,Move,office
1574522090.667,1734,1065,None,Move,office
1574522090.675,1735,1065,None,Move,office
1574522090.687,1735,1066,None,Move,office
1574522090.969,1735,1066,Left,Pressed,office
1574522091.176,1735,1066,Left,Released,file system
1574522092.5470002,1738,1056,None,Move,file system
1574522092.554,1744,1040,None,Move,file system
1574522092.571,1748,1024,None,Move,file system
1574522092.584,1751,1005,None,Move,file system
1574522092.596,1757,976,None,Move,file system
1574522092.6079998,1758,948,None,Move,file system
1574522092.62,1760,903,None,Move,file system
1574522092.6360002,1762,869,None,Move,file system
1574522092.6479998,1764,821,None,Move,file system
1574522092.66,1764,773,None,Move,file system
1574522092.676,1767,756,None,Move,file system
1574522092.684,1767,739,None,Move,file system
1574522092.696,1767,724,None,Move,file system
1574522092.708,1767,718,None,Move,file system
1574522092.724,1767,714,None,Move,file system
1574522092.732,1766,711,None,Move,file system
1574522092.748,1765,709,None,Move,file system
1574522094.413,1767,705,None,Move,file system
1574522094.425,1771,696,None,Move,file system
1574522094.439,1775,689,None,Move,file system
1574522094.447,1778,686,None,Move,file system
1574522094.4629998,1782,682,None,Move,file system
1574522094.479,1786,678,None,Move,file system
1574522094.4910002,1793,675,None,Move,file system
1574522094.5029998,1798,670,None,Move,file system
1574522094.5110002,1800,670,None,Move,file system
1574522094.5270002,1802,668,None,Move,file system
1574522094.539,1807,667,None,Move,file system
1574522094.5470002,1808,666,None,Move,file system
1574522094.555,1810,666,None,Move,file system
1574522094.571,1813,666,None,Move,file system
1574522094.583,1814,665,None,Move,file system
1574522094.595,1815,665,None,Move,file system
1574522094.607,1815,665,None,Move,file system
1574522094.619,1816,664,None,Move,file system
1574522094.627,1817,664,None,Move,file system
1574522094.639,1818,663,None,Move,file system
1574522094.651,1819,663,None,Move,file system
1574522094.667,1820,663,None,Move,file system
1574522094.7029998,1820,663,None,Move,file system
1574522094.731,1820,663,None,Move,file system
1574522094.7470002,1820,663,None,Move,file system
1574522094.7589998,1820,664,None,Move,file system
1574522094.7670002,1818,669,None,Move,file system
1574522094.779,1816,673,None,Move,file system
1574522094.795,1815,676,None,Move,file system
1574522094.8070002,1814,677,None,Move,file system
1574522094.819,1814,678,None,Move,file system
1574522094.83,1814,679,None,Move,file system
1574522094.842,1813,681,None,Move,file system
1574522094.854,1813,681,None,Move,file system
1574522094.867,1813,682,None,Move,file system
1574522094.8739998,1813,683,None,Move,file system
1574522094.89,1813,683,None,Move,file system
1574522094.906,1813,684,None,Move,file system
1574522094.9220002,1813,684,None,Move,file system
1574522095.165,1813,684,Left,Pressed,file system
1574522095.383,1813,684,Left,Released,file system
1574522097.279,1813,684,Left,Pressed,file system
1574522097.4910002,1813,684,Left,Released,file system
1574522120.272,1797,685,None,Move,file system
1574522120.288,1767,685,None,Move,file system
1574522120.312,1687,673,None,Move,file system
1574522120.344,1606,652,None,Move,file system
1574522120.3639998,1546,617,None,Move,file system
1574522120.3760002,1494,595,None,Move,file system
1574522120.3879998,1485,591,None,Move,file system
1574522120.408,1470,570,None,Move,file system
1574522120.42,1467,563,None,Move,file system
1574522120.44,1467,551,None,Move,file system
1574522120.452,1471,541,None,Move,file system
1574522120.831,1383,526,None,Move,file system
1574522120.847,1242,500,None,Move,file system
1574522120.867,1111,475,None,Move,file system
1574522120.891,1019,470,None,Move,file system
1574522120.911,957,472,None,Move,file system
1574522120.927,939,471,None,Move,file system
1574522120.947,932,469,None,Move,file system
1574522120.9629998,931,468,None,Move,file system
1574522121.291,901,462,None,Move,file system
1574522121.3070002,832,434,None,Move,file system
1574522121.322,776,407,None,Move,file system
1574522121.3379998,738,375,None,Move,file system
1574522121.354,692,337,None,Move,file system
1574522121.3660002,675,318,None,Move,file system
1574522121.3820002,670,311,None,Move,file system
1574522121.394,669,309,None,Move,file system
1574522121.414,669,308,None,Move,file system
1574522121.4220002,669,306,None,Move,file system
1574522121.438,669,305,None,Move,file system
1574522121.454,669,304,None,Move,file system
1574522149.25,657,315,None,Move,file system
1574522149.266,637,326,None,Move,file system
1574522149.284,608,340,None,Move,file system
1574522149.303,570,355,None,Move,file system
1574522149.3179998,542,364,None,Move,file system
1574522149.333,517,373,None,Move,file system
1574522149.35,501,377,None,Move,file system
1574522149.367,492,380,None,Move,file system
1574522149.383,485,384,None,Move,file system
1574522149.4,482,386,None,Move,file system
1574522149.414,480,387,None,Move,file system
1574522149.504,479,387,None,Move,file system
1574522149.518,487,373,None,Move,file system
1574522149.541,495,361,None,Move,file system
1574522149.563,500,349,None,Move,file system
1574522149.586,506,342,None,Move,file system
1574522149.601,510,338,None,Move,file system
1574522149.619,516,334,None,Move,file system
1574522149.637,521,333,None,Move,file system
1574522149.653,528,333,None,Move,file system
1574522149.668,536,334,None,Move,file system
1574522149.687,544,337,None,Move,file system
1574522149.705,552,345,None,Move,file system
1574522149.722,560,352,None,Move,file system
1574522149.74,573,365,None,Move,file system
1574522149.756,586,374,None,Move,file system
1574522149.774,599,385,None,Move,file system
1574522149.79,614,392,None,Move,file system
1574522149.8070002,630,398,None,Move,file system
1574522149.819,648,399,None,Move,file system
1574522149.832,669,400,None,Move,file system
1574522149.8479998,687,400,None,Move,file system
1574522149.86,706,398,None,Move,file system
1574522149.871,721,397,None,Move,file system
1574522149.8860002,733,394,None,Move,file system
1574522149.899,745,391,None,Move,file system
1574522149.9120002,754,389,None,Move,file system
1574522149.928,760,385,None,Move,file system
1574522149.941,763,384,None,Move,file system
1574522149.9529998,766,383,None,Move,file system
1574522149.968,768,382,None,Move,file system
1574522149.982,768,382,None,Move,file system
1574522149.998,770,382,None,Move,file system
1574522150.0089998,771,382,None,Move,file system
1574522150.584,773,384,None,Move,file system
1574522150.599,775,388,None,Move,file system
1574522150.613,777,391,None,Move,file system
1574522150.623,778,393,None,Move,file system
1574522150.637,778,395,None,Move,file system
1574522150.655,778,396,None,Move,file system
1574522150.671,778,396,None,Move,file system
1574522150.684,778,397,None,Move,file system
1574522150.697,778,397,None,Move,file system
1574522150.981,778,397,Left,Pressed,file system
1574522151.196,778,397,Left,Released,office
1574522151.406,768,395,None,Move,office
1574522151.424,752,390,None,Move,office
1574522151.437,734,384,None,Move,office
1574522151.454,706,375,None,Move,office
1574522151.467,667,357,None,Move,office
1574522151.484,624,334,None,Move,office
1574522151.496,590,313,None,Move,office
1574522151.51,548,291,None,Move,office
1574522151.521,509,271,None,Move,office
1574522151.539,480,257,None,Move,office
1574522151.554,450,241,None,Move,office
1574522151.5670002,433,230,None,Move,office
1574522151.582,421,223,None,Move,office
1574522151.599,414,215,None,Move,office
1574522151.613,405,205,None,Move,office
1574522151.627,398,197,None,Move,office
1574522151.6379998,395,195,None,Move,office
1574522151.654,394,193,None,Move,office
1574522151.667,392,191,None,Move,office
1574522151.6820002,392,191,None,Move,office
1574522152.0129998,378,174,None,Move,office
1574522152.026,360,155,None,Move,office
1574522152.04,343,136,None,Move,office
1574522152.055,329,121,None,Move,office
1574522152.0679998,318,110,None,Move,office
1574522152.083,305,101,None,Move,office
1574522152.1,295,94,None,Move,office
1574522152.1120002,283,89,None,Move,office
1574522152.125,276,85,None,Move,office
1574522152.137,270,81,None,Move,office
1574522152.15,266,79,None,Move,office
1574522152.163,261,75,None,Move,office
1574522152.177,255,72,None,Move,office
1574522152.1929998,249,67,None,Move,office
1574522152.207,246,65,None,Move,office
1574522152.2229998,243,64,None,Move,office
1574522152.2389998,241,62,None,Move,office
1574522152.252,239,61,None,Move,office
1574522152.266,238,60,None,Move,office
1574522152.28,235,58,None,Move,office
1574522152.295,234,57,None,Move,office
1574522152.31,232,56,None,Move,office
1574522152.323,230,55,None,Move,office
1574522152.339,227,52,None,Move,office
1574522152.3520002,221,50,None,Move,office
1574522152.3660002,217,49,None,Move,office
1574522152.3820002,214,48,None,Move,office
1574522152.399,210,47,None,Move,office
1574522152.4120002,208,46,None,Move,office
1574522152.425,206,46,None,Move,office
1574522152.4429998,204,45,None,Move,office
1574522152.459,203,44,None,Move,office
1574522152.474,202,43,None,Move,office
1574522152.488,201,43,None,Move,office
1574522152.504,201,42,None,Move,office
1574522152.5170002,200,41,None,Move,office
1574522152.532,199,40,None,Move,office
1574522152.5470002,198,40,None,Move,office
1574522152.56,198,39,None,Move,office
1574522152.58,197,39,None,Move,office
1574522152.841,197,39,Left,Pressed,office
1574522153.0570002,197,39,Left,Released,office
1574522153.731,189,45,None,Move,office
1574522153.744,174,57,None,Move,office
1574522153.754,160,66,None,Move,office
1574522153.771,146,73,None,Move,office
1574522153.786,132,80,None,Move,office
1574522153.803,118,86,None,Move,office
1574522153.8179998,106,91,None,Move,office
1574522153.833,97,95,None,Move,office
1574522153.851,94,96,None,Move,office
1574522153.8660002,91,97,None,Move,office
1574522153.8839998,88,98,None,Move,office
1574522153.899,86,99,None,Move,office
1574522153.917,85,99,None,Move,office
1574522153.9320002,83,99,None,Move,office
1574522153.948,82,99,None,Move,office
1574522153.968,81,99,None,Move,office
1574522153.984,81,99,None,Move,office
1574522154.04,81,99,None,Move,office
1574522154.086,81,100,None,Move,office
1574522154.123,81,101,None,Move,office
1574522154.16,81,101,None,Move,office
1574522154.1829998,81,102,None,Move,office
1574522154.198,80,103,None,Move,office
1574522154.2129998,79,104,None,Move,office
1574522154.228,77,106,None,Move,office
1574522154.242,75,107,None,Move,office
1574522154.256,72,108,None,Move,office
1574522154.269,69,108,None,Move,office
1574522154.283,65,108,None,Move,office
1574522154.2970002,62,108,None,Move,office
1574522154.314,61,108,None,Move,office
1574522154.327,60,108,None,Move,office
1574522154.339,58,108,None,Move,office
1574522154.355,56,107,None,Move,office
1574522154.3679998,54,106,None,Move,office
1574522154.383,54,104,None,Move,office
1574522154.4,53,103,None,Move,office
1574522154.414,52,103,None,Move,office
1574522154.427,52,103,None,Move,office
1574522154.44,51,103,None,Move,office
1574522154.455,50,102,None,Move,office
1574522154.471,49,102,None,Move,office
1574522154.4889998,49,101,None,Move,office
1574522154.5070002,48,101,None,Move,office
1574522154.52,48,101,None,Move,office
1574522154.845,48,101,Left,Pressed,office
1574522155.06,48,101,Left,Released,office
1574522155.508,57,101,None,Move,office
1574522155.522,71,99,None,Move,office
1574522155.5370002,87,99,None,Move,office
1574522155.552,102,99,None,Move,office
1574522155.569,117,99,None,Move,office
1574522155.581,140,99,None,Move,office
1574522155.595,159,100,None,Move,office
1574522155.61,182,103,None,Move,office
1574522155.623,215,109,None,Move,office
1574522155.64,245,117,None,Move,office
1574522155.655,276,127,None,Move,office
1574522155.668,315,142,None,Move,office
1574522155.684,344,155,None,Move,office
1574522155.701,379,170,None,Move,office
1574522155.714,409,185,None,Move,office
1574522155.728,436,203,None,Move,office
1574522155.742,454,215,None,Move,office
1574522155.7570002,468,227,None,Move,office
1574522155.772,484,243,None,Move,office
1574522155.788,499,262,None,Move,office
1574522155.802,511,282,None,Move,office
1574522155.815,518,296,None,Move,office
1574522155.83,524,309,None,Move,office
1574522155.843,525,316,None,Move,office
1574522156.1820002,562,325,None,Move,office
1574522156.206,596,333,None,Move,office
1574522156.2370002,627,342,None,Move,office
1574522156.27,652,351,None,Move,office
1574522156.306,677,360,None,Move,office
1574522156.3379998,687,364,None,Move,office
1574522156.355,696,369,None,Move,office
1574522156.371,705,375,None,Move,office
1574522156.3879998,711,381,None,Move,office
1574522156.4,719,389,None,Move,office
1574522156.414,724,398,None,Move,office
1574522156.429,729,406,None,Move,office
1574522156.4420002,736,415,None,Move,office
1574522156.456,744,423,None,Move,office
1574522156.47,748,432,None,Move,office
1574522156.485,749,437,None,Move,office
1574522156.4989998,750,440,None,Move,office
1574522179.0670002,725,429,None,Move,office
1574522179.083,676,403,None,Move,office
1574522179.097,613,370,None,Move,office
1574522179.111,570,345,None,Move,office
1574522179.127,501,312,None,Move,office
1574522179.1420002,429,284,None,Move,office
1574522179.156,360,256,None,Move,office
1574522179.17,312,240,None,Move,office
1574522179.186,284,228,None,Move,office
1574522179.205,277,224,None,Move,office
1574522179.219,272,222,None,Move,office
1574522179.238,269,220,None,Move,office
1574522179.2510002,265,218,None,Move,office
1574522179.2670002,263,214,None,Move,office
1574522179.657,253,198,None,Move,office
1574522179.6720002,240,180,None,Move,office
1574522179.688,232,167,None,Move,office
1574522179.7029998,226,156,None,Move,office
1574522179.72,220,145,None,Move,office
1574522179.735,215,136,None,Move,office
1574522179.75,210,128,None,Move,office
1574522179.7670002,203,120,None,Move,office
1574522179.786,195,113,None,Move,office
1574522179.802,190,110,None,Move,office
1574522179.816,187,107,None,Move,office
1574522179.832,184,105,None,Move,office
1574522179.8479998,182,103,None,Move,office
1574522179.859,180,101,None,Move,office
1574522179.8720002,178,100,None,Move,office
1574522179.8839998,175,99,None,Move,office
1574522179.897,173,98,None,Move,office
1574522179.909,171,97,None,Move,office
1574522179.927,170,97,None,Move,office
1574522179.94,169,97,None,Move,office
1574522179.951,168,97,None,Move,office
1574522179.966,167,97,None,Move,office
1574522180.084,166,97,None,Move,office
1574522180.1,166,97,None,Move,office
1574522180.1179998,165,97,None,Move,office
1574522180.166,165,96,None,Move,office
1574522180.189,164,96,None,Move,office
1574522180.205,164,95,None,Move,office
1574522180.226,164,94,None,Move,office
1574522180.248,164,94,None,Move,office
1574522180.269,164,92,None,Move,office
1574522180.309,164,92,None,Move,office
1574522181.0270002,163,89,None,Move,office
1574522181.041,162,87,None,Move,office
1574522181.062,161,85,None,Move,office
1574522181.076,160,84,None,Move,office
1574522181.09,159,83,None,Move,office
1574522181.104,159,83,None,Move,office
1574522181.12,158,82,None,Move,office
1574522181.133,157,82,None,Move,office
1574522181.1479998,157,81,None,Move,office
1574522181.164,156,81,None,Move,office
1574522181.179,156,79,None,Move,office
1574522181.191,156,79,None,Move,office
1574522181.205,154,78,None,Move,office
1574522181.2229998,154,78,None,Move,office
1574522181.2370002,154,77,None,Move,office
1574522181.2570002,154,76,None,Move,office
1574522181.591,154,76,Left,Pressed,office
1574522181.809,154,76,Left,Released,office
1574522182.907,169,73,None,Move,office
1574522182.945,187,71,None,Move,office
1574522182.959,236,65,None,Move,office
1574522182.9729998,291,62,None,Move,office
1574522182.984,339,62,None,Move,office
1574522182.9989998,387,64,None,Move,office
1574522183.01,419,67,None,Move,office
1574522183.021,442,72,None,Move,office
1574522183.034,480,85,None,Move,office
1574522183.0470002,505,96,None,Move,office
1574522183.0579998,523,111,None,Move,office
1574522183.072,545,129,None,Move,office
1574522183.08,558,146,None,Move,office
1574522183.0979998,571,164,None,Move,office
1574522183.1079998,582,183,None,Move,office
1574522183.125,586,197,None,Move,office
1574522183.137,590,204,None,Move,office
1574522183.1479998,592,211,None,Move,office
1574522183.494,627,211,None,Move,office
1574522183.5070002,661,211,None,Move,office
1574522183.516,709,214,None,Move,office
1574522183.532,751,219,None,Move,office
1574522183.544,787,225,None,Move,office
1574522183.555,814,232,None,Move,office
1574522183.566,838,239,None,Move,office
1574522183.577,867,252,None,Move,office
1574522183.59,887,262,None,Move,office
1574522183.605,900,272,None,Move,office
1574522183.6160002,912,281,None,Move,office
1574522183.633,920,291,None,Move,office
1574522183.649,924,300,None,Move,office
1574522183.657,925,307,None,Move,office
1574522183.675,927,310,None,Move,office
1574522184.292,940,310,None,Move,office
1574522184.3070002,955,310,None,Move,office
1574522184.322,968,310,None,Move,office
1574522184.334,981,310,None,Move,office
1574522184.351,994,310,None,Move,office
1574522184.3639998,1004,310,None,Move,office
1574522184.38,1013,311,None,Move,office
1574522184.394,1022,313,None,Move,office
1574522184.408,1028,314,None,Move,office
1574522184.425,1032,315,None,Move,office
1574522184.436,1036,317,None,Move,office
1574522184.45,1037,318,None,Move,office
1574522184.4629998,1039,319,None,Move,office
1574522184.476,1040,320,None,Move,office
1574522185.423,1046,320,None,Move,office
1574522185.438,1056,321,None,Move,office
1574522185.454,1067,323,None,Move,office
1574522185.471,1079,326,None,Move,office
1574522185.486,1089,329,None,Move,office
1574522185.502,1098,332,None,Move,office
1574522185.515,1109,339,None,Move,office
1574522185.528,1118,343,None,Move,office
1574522185.541,1127,347,None,Move,office
1574522185.554,1134,353,None,Move,office
1574522185.569,1140,357,None,Move,office
1574522185.583,1145,360,None,Move,office
1574522185.5979998,1152,364,None,Move,office
1574522185.61,1159,367,None,Move,office
1574522185.625,1165,371,None,Move,office
1574522185.635,1169,374,None,Move,office
1574522185.65,1171,376,None,Move,office
1574522185.663,1173,379,None,Move,office
1574522185.674,1175,382,None,Move,office
1574522185.691,1175,383,None,Move,office
1574522185.706,1176,383,None,Move,office
1574522185.72,1177,384,None,Move,office
1574522185.732,1178,384,None,Move,office
1574522186.9429998,1188,387,None,Move,office
1574522186.959,1200,393,None,Move,office
1574522186.974,1211,397,None,Move,office
1574522186.9870002,1218,400,None,Move,office
1574522187.0029998,1227,402,None,Move,office
1574522187.015,1236,407,None,Move,office
1574522187.03,1245,409,None,Move,office
1574522187.044,1253,414,None,Move,office
1574522187.056,1260,417,None,Move,office
1574522187.07,1265,421,None,Move,office
1574522187.084,1271,425,None,Move,office
1574522187.096,1277,432,None,Move,office
1574522187.1079998,1283,435,None,Move,office
1574522187.123,1288,439,None,Move,office
1574522187.1360002,1292,444,None,Move,office
1574522187.153,1295,447,None,Move,office
1574522187.165,1297,450,None,Move,office
1574522187.178,1299,454,None,Move,office
1574522187.198,1299,455,None,Move,office
1574522187.211,1300,458,None,Move,office
1574522187.225,1301,460,None,Move,office
1574522187.546,1319,459,None,Move,office
1574522187.559,1338,456,None,Move,office
1574522187.573,1361,454,None,Move,office
1574522187.585,1380,453,None,Move,office
1574522187.597,1395,451,None,Move,office
1574522187.609,1409,451,None,Move,office
1574522187.623,1419,451,None,Move,office
1574522187.637,1425,451,None,Move,office
1574522187.65,1434,452,None,Move,office
1574522187.661,1438,453,None,Move,office
1574522187.6720002,1442,453,None,Move,office
1574522187.685,1444,453,None,Move,office
1574522187.698,1446,453,None,Move,office
1574522187.712,1448,453,None,Move,office
1574522187.728,1450,453,None,Move,office
1574522187.7410002,1452,454,None,Move,office
1574522187.754,1455,454,None,Move,office
1574522187.772,1456,454,None,Move,office
1574522187.784,1456,454,None,Move,office
1574522187.799,1458,455,None,Move,office
1574522187.812,1459,455,None,Move,office
1574522187.829,1459,455,None,Move,office
1574522187.846,1460,456,None,Move,office
1574522187.859,1460,456,None,Move,office
1574522187.87,1461,456,None,Move,office
1574522187.887,1462,457,None,Move,office
1574522187.901,1463,457,None,Move,office
1574522187.915,1464,457,None,Move,office
1574522187.931,1465,457,None,Move,office
1574522187.947,1466,458,None,Move,office
1574522187.982,1467,459,None,Move,office
1574522188.072,1467,459,None,Move,office
1574522188.103,1467,458,None,Move,office
1574522188.117,1467,458,None,Move,office
1574522188.129,1467,457,None,Move,office
1574522188.144,1465,456,None,Move,office
1574522188.155,1464,453,None,Move,office
1574522188.167,1463,453,None,Move,office
1574522188.179,1463,452,None,Move,office
1574522188.191,1459,450,None,Move,office
1574522188.207,1459,449,None,Move,office
1574522188.225,1458,449,None,Move,office
1574522188.238,1457,448,None,Move,office
1574522188.252,1455,447,None,Move,office
1574522188.268,1455,447,None,Move,office
1574522188.282,1454,446,None,Move,office
1574522188.5679998,1454,446,Left,Pressed,office
1574522188.786,1454,446,Left,Released,office
1574522189.125,1441,450,None,Move,office
1574522189.1379998,1427,454,None,Move,office
1574522189.151,1410,460,None,Move,office
1574522189.161,1384,463,None,Move,office
1574522189.175,1370,465,None,Move,office
1574522189.187,1352,467,None,Move,office
1574522189.2,1327,469,None,Move,office
1574522189.2129998,1317,470,None,Move,office
1574522189.2270002,1310,472,None,Move,office
1574522189.2389998,1303,473,None,Move,office
1574522189.252,1296,474,None,Move,office
1574522189.264,1294,474,None,Move,office
1574522189.276,1293,474,None,Move,office
1574522189.286,1292,474,None,Move,office
1574522189.298,1290,474,None,Move,office
1574522189.311,1290,474,None,Move,office
1574522189.322,1289,474,None,Move,office
1574522189.344,1289,472,None,Move,office
1574522189.3579998,1290,469,None,Move,office
1574522189.371,1291,465,None,Move,office
1574522189.3860002,1296,456,None,Move,office
1574522189.399,1301,452,None,Move,office
1574522189.4120002,1308,444,None,Move,office
1574522189.428,1319,439,None,Move,office
1574522189.441,1323,436,None,Move,office
1574522189.455,1329,433,None,Move,office
1574522189.47,1331,432,None,Move,office
1574522189.4829998,1332,431,None,Move,office
1574522189.4970002,1333,431,None,Move,office
1574522189.5110002,1333,430,None,Move,office
1574522189.5270002,1334,429,None,Move,office
1574522213.195,1330,429,None,Move,office
1574522213.211,1317,429,None,Move,office
1574522213.2229998,1300,426,None,Move,office
1574522213.238,1273,421,None,Move,office
1574522213.2489998,1242,412,None,Move,office
1574522213.26,1194,396,None,Move,office
1574522213.275,1153,381,None,Move,office
1574522213.285,1122,371,None,Move,office
1574522213.3,1084,359,None,Move,office
1574522213.311,1052,347,None,Move,office
1574522213.329,1027,338,None,Move,office
1574522213.344,1007,334,None,Move,office
1574522213.355,993,331,None,Move,office
1574522213.371,981,329,None,Move,office
1574522213.383,972,326,None,Move,office
1574522213.3979998,969,325,None,Move,office
1574522213.414,966,324,None,Move,office
1574522213.425,964,322,None,Move,office
1574522213.438,963,319,None,Move,office
1574522213.45,963,315,None,Move,office
1574522213.459,963,314,None,Move,office
1574522213.827,929,319,None,Move,office
1574522213.842,883,326,None,Move,office
1574522213.856,830,335,None,Move,office
1574522213.8660002,783,346,None,Move,office
1574522213.881,736,357,None,Move,office
1574522213.893,695,370,None,Move,office
1574522213.907,657,382,None,Move,office
1574522213.92,630,391,None,Move,office
1574522213.935,615,395,None,Move,office
1574522213.948,606,398,None,Move,office
1574522213.96,600,400,None,Move,office
1574522213.972,597,401,None,Move,office
1574522213.982,595,401,None,Move,office
1574522213.998,595,401,None,Move,office
1574522214.0110002,595,401,None,Move,office
1574522214.41,582,401,None,Move,office
1574522214.423,561,401,None,Move,office
1574522214.434,542,396,None,Move,office
1574522214.446,524,390,None,Move,office
1574522214.461,508,385,None,Move,office
1574522214.475,494,379,None,Move,office
1574522214.49,485,374,None,Move,office
1574522214.5010002,476,368,None,Move,office
1574522214.5129998,467,364,None,Move,office
1574522214.526,458,356,None,Move,office
1574522214.5370002,453,350,None,Move,office
1574522214.551,450,347,None,Move,office
1574522214.564,447,343,None,Move,office
1574522214.575,443,339,None,Move,office
1574522214.587,440,335,None,Move,office
1574522214.5979998,439,332,None,Move,office
1574522214.611,435,327,None,Move,office
1574522214.6260002,434,324,None,Move,office
1574522214.639,432,321,None,Move,office
1574522214.653,428,316,None,Move,office
1574522214.669,426,313,None,Move,office
1574522214.684,424,310,None,Move,office
1574522214.701,421,305,None,Move,office
1574522214.718,419,303,None,Move,office
1574522214.738,418,300,None,Move,office
1574522214.7570002,417,298,None,Move,office
1574522214.771,416,296,None,Move,office
1574522214.785,415,294,None,Move,office
1574522214.8,415,293,None,Move,office
1574522214.813,415,293,None,Move,office
1574522214.8279998,415,292,None,Move,office
1574522214.84,415,291,None,Move,office
1574522214.856,415,289,None,Move,office
1574522214.87,414,289,None,Move,office
1574522214.883,414,289,None,Move,office
1574522214.901,413,288,None,Move,office
1574522214.94,413,287,None,Move,office
1574522215.216,413,287,Left,Pressed,office
1574522215.4320002,413,287,Left,Released,office
1574522215.865,402,290,None,Move,office
1574522215.879,387,296,None,Move,office
1574522215.895,372,299,None,Move,office
1574522215.9120002,356,303,None,Move,office
1574522215.931,343,303,None,Move,office
1574522215.947,333,303,None,Move,office
1574522215.964,324,301,None,Move,office
1574522215.982,318,299,None,Move,office
1574522215.998,314,298,None,Move,office
1574522216.016,312,298,None,Move,office
1574522216.03,310,298,None,Move,office
1574522216.045,309,297,None,Move,office
1574522216.063,308,297,None,Move,office
1574522216.08,308,296,None,Move,office
1574522216.094,307,296,None,Move,office
1574522216.109,306,295,None,Move,office
1574522216.13,305,295,None,Move,office
1574522216.1479998,304,294,None,Move,office
1574522216.163,304,293,None,Move,office
1574522216.178,303,293,None,Move,office
1574522216.194,303,293,None,Move,office
1574522216.209,302,292,None,Move,office
1574522216.225,301,292,None,Move,office
1574522216.2389998,300,291,None,Move,office
1574522216.254,300,290,None,Move,office
1574522216.27,298,289,None,Move,office
1574522216.282,297,289,None,Move,office
1574522216.296,295,288,None,Move,office
1574522216.315,295,287,None,Move,office
1574522216.331,294,287,None,Move,office
1574522216.346,293,287,None,Move,office
1574522216.3679998,291,286,None,Move,office
1574522216.385,289,285,None,Move,office
1574522216.401,287,284,None,Move,office
1574522216.415,285,283,None,Move,office
1574522216.431,282,282,None,Move,office
1574522216.447,280,281,None,Move,office
1574522216.462,278,280,None,Move,office
1574522216.4829998,277,279,None,Move,office
1574522216.5,274,278,None,Move,office
1574522216.514,272,278,None,Move,office
1574522216.534,272,278,None,Move,office
1574522216.549,271,277,None,Move,office
1574522216.5679998,269,277,None,Move,office
1574522216.582,266,276,None,Move,office
1574522216.599,265,276,None,Move,office
1574522216.613,264,276,None,Move,office
1574522216.6279998,263,276,None,Move,office
1574522216.644,262,276,None,Move,office
1574522216.658,262,276,None,Move,office
1574522216.6720002,261,276,None,Move,office
1574522216.688,261,276,None,Move,office
1574522216.702,259,276,None,Move,office
1574522216.716,259,276,None,Move,office
1574522216.732,258,276,None,Move,office
1574522216.746,257,276,None,Move,office
1574522216.7610002,257,276,None,Move,office
1574522216.778,256,276,None,Move,office
1574522217.399,255,276,None,Move,office
1574522217.419,254,276,None,Move,office
1574522217.435,253,276,None,Move,office
1574522217.452,252,276,None,Move,office
1574522217.465,251,276,None,Move,office
1574522217.48,250,276,None,Move,office
1574522217.4929998,249,276,None,Move,office
1574522217.529,249,276,None,Move,office
1574522217.6339998,249,276,None,Move,office
1574522217.684,249,276,None,Move,office
1574522217.9870002,249,276,Left,Pressed,office
1574522218.204,249,276,Left,Released,office
1574522218.873,258,281,None,Move,office
1574522218.887,267,284,None,Move,office
1574522218.8979998,278,288,None,Move,office
1574522218.913,289,292,None,Move,office
1574522218.929,300,296,None,Move,office
1574522218.941,307,299,None,Move,office
1574522218.956,315,302,None,Move,office
1574522218.968,326,307,None,Move,office
1574522218.981,335,311,None,Move,office
1574522218.995,341,316,None,Move,office
1574522219.008,347,321,None,Move,office
1574522219.021,353,326,None,Move,office
1574522219.035,359,330,None,Move,office
1574522219.048,364,334,None,Move,office
1574522219.062,367,337,None,Move,office
1574522219.076,371,343,None,Move,office
1574522219.09,373,346,None,Move,office
1574522219.104,375,350,None,Move,office
1574522219.117,377,352,None,Move,office
1574522219.13,378,355,None,Move,office
1574522219.145,378,357,None,Move,office
1574522219.158,379,358,None,Move,office
1574522219.1720002,379,359,None,Move,office
1574522219.189,379,359,None,Move,office
1574522219.202,379,360,None,Move,office
1574522219.217,379,360,None,Move,office
1574522219.23,379,361,None,Move,office
1574522219.2429998,379,362,None,Move,office
1574522219.26,379,362,None,Move,office
1574522219.275,378,363,None,Move,office
1574522219.292,378,364,None,Move,office
1574522219.306,376,364,None,Move,office
1574522219.32,375,364,None,Move,office
1574522219.335,374,364,None,Move,office
1574522219.3479998,373,364,None,Move,office
1574522219.3620002,373,364,None,Move,office
1574522219.3760002,372,364,None,Move,office
1574522219.3879998,372,364,None,Move,office
1574522219.4020002,371,364,None,Move,office
1574522219.6920002,371,364,Left,Pressed,office
1574522219.909,371,364,Left,Released,office
1574522220.535,394,362,None,Move,office
1574522220.551,426,358,None,Move,office
1574522220.573,467,352,None,Move,office
1574522220.59,529,353,None,Move,office
1574522220.605,555,357,None,Move,office
1574522220.621,597,361,None,Move,office
1574522220.6379998,652,368,None,Move,office
1574522220.6520002,674,371,None,Move,office
1574522220.666,704,379,None,Move,office
1574522220.6829998,718,384,None,Move,office
1574522220.701,740,392,None,Move,office
1574522220.715,750,397,None,Move,office
1574522220.728,759,401,None,Move,office
1574522220.744,768,408,None,Move,office
1574522220.758,777,416,None,Move,office
1574522220.772,784,423,None,Move,office
1574522220.782,788,428,None,Move,office
1574522220.792,789,431,None,Move,office
1574522220.805,791,435,None,Move,office
1574522220.815,792,435,None,Move,office
1574522221.143,820,440,None,Move,office
1574522221.159,841,449,None,Move,office
1574522221.177,870,463,None,Move,office
1574522221.1920002,909,497,None,Move,office
1574522221.212,923,507,None,Move,office
1574522221.23,934,522,None,Move,office
1574522221.245,945,532,None,Move,office
1574522221.258,952,543,None,Move,office
1574522221.272,954,550,None,Move,office
1574522221.286,961,564,None,Move,office
1574522221.301,964,572,None,Move,office
1574522221.315,970,583,None,Move,office
1574522221.33,972,589,None,Move,office
1574522221.345,976,595,None,Move,office
1574522221.359,977,596,None,Move,office
1574522221.373,980,600,None,Move,office
1574522221.385,981,602,None,Move,office
1574522221.396,983,604,None,Move,office
1574522221.41,985,606,None,Move,office
1574522221.425,990,614,None,Move,office
1574522305.691,967,633,None,Move,office
1574522305.706,927,672,None,Move,office
1574522305.722,884,715,None,Move,office
1574522305.736,856,747,None,Move,office
1574522305.748,815,792,None,Move,office
1574522305.7629998,785,833,None,Move,office
1574522305.7770002,764,864,None,Move,office
1574522305.789,748,894,None,Move,office
1574522305.803,742,908,None,Move,office
1574522305.815,737,921,None,Move,office
1574522305.827,736,929,None,Move,office
1574522305.841,736,933,None,Move,office
1574522305.853,736,935,None,Move,office
1574522305.867,737,937,None,Move,office
1574522305.88,738,939,None,Move,office
1574522306.165,695,951,None,Move,office
1574522306.178,640,973,None,Move,office
1574522306.191,592,991,None,Move,office
1574522306.202,557,1004,None,Move,office
1574522306.215,515,1021,None,Move,office
1574522306.23,491,1030,None,Move,office
1574522306.242,479,1034,None,Move,office
1574522306.252,470,1037,None,Move,office
1574522306.265,466,1038,None,Move,office
1574522306.276,463,1038,None,Move,office
1574522306.288,461,1035,None,Move,office
1574522306.3,461,1031,None,Move,office
1574522306.64,428,1019,None,Move,office
1574522306.6520002,359,991,None,Move,office
1574522306.665,295,973,None,Move,office
1574522306.677,241,961,None,Move,office
1574522306.691,216,958,None,Move,office
1574522306.704,199,958,None,Move,office
1574522306.718,186,958,None,Move,office
1574522306.73,179,959,None,Move,office
1574522306.744,171,960,None,Move,office
1574522306.755,167,961,None,Move,office
1574522306.77,166,961,None,Move,office
1574522306.784,165,961,None,Move,office
1574522306.796,165,961,None,Move,office
1574522307.09,154,964,None,Move,office
1574522307.106,142,969,None,Move,office
1574522307.121,130,975,None,Move,office
1574522307.1360002,123,979,None,Move,office
1574522307.151,119,981,None,Move,office
1574522307.165,114,984,None,Move,office
1574522307.179,112,987,None,Move,office
1574522307.191,110,991,None,Move,office
1574522307.205,110,998,None,Move,office
1574522307.221,110,1002,None,Move,office
1574522307.2329998,110,1008,None,Move,office
1574522307.246,113,1014,None,Move,office
1574522307.2589998,117,1021,None,Move,office
1574522307.274,122,1030,None,Move,office
1574522307.2870002,124,1038,None,Move,office
1574522307.299,127,1045,None,Move,office
1574522307.313,128,1048,None,Move,office
1574522307.327,129,1051,None,Move,office
1574522307.342,130,1055,None,Move,office
1574522307.356,130,1056,None,Move,office
1574522307.3679998,130,1059,None,Move,office
1574522307.3839998,130,1061,None,Move,office
1574522307.399,130,1061,None,Move,office
1574522307.414,130,1064,None,Move,office
1574522307.425,130,1066,None,Move,office
1574522307.441,130,1066,None,Move,office
1574522307.455,130,1067,None,Move,office
1574522307.471,132,1068,None,Move,office
1574522307.484,132,1069,None,Move,office
1574522307.5010002,133,1070,None,Move,office
1574522307.5129998,134,1071,None,Move,office
1574522307.526,134,1071,None,Move,office
1574522307.54,134,1071,None,Move,office
1574522307.551,135,1073,None,Move,office
1574522307.5679998,135,1073,None,Move,office
1574522307.584,135,1074,None,Move,office
1574522307.599,136,1075,None,Move,office
1574522307.613,136,1076,None,Move,office
1574522307.6279998,136,1077,None,Move,office
1574522307.641,136,1078,None,Move,office
1574522307.655,136,1079,None,Move,office
1574522307.669,136,1080,None,Move,office
1574522307.9429998,136,1079,Left,Pressed,office
1574522308.158,136,1079,Left,Released,office
1574522309.042,145,1073,None,Move,file system
1574522309.059,159,1062,None,Move,file system
1574522309.074,173,1053,None,Move,file system
1574522309.0879998,189,1044,None,Move,file system
1574522309.101,203,1036,None,Move,file system
1574522309.1179998,218,1030,None,Move,file system
1574522309.1320002,232,1023,None,Move,file system
1574522309.144,246,1016,None,Move,file system
1574522309.156,260,1007,None,Move,file system
1574522309.168,270,1002,None,Move,file system
1574522309.18,279,998,None,Move,file system
1574522309.194,283,996,None,Move,file system
1574522309.204,290,993,None,Move,file system
1574522309.216,294,992,None,Move,file system
1574522309.228,298,992,None,Move,file system
1574522309.2389998,299,991,None,Move,file system
1574522309.255,302,991,None,Move,file system
1574522309.268,303,991,None,Move,file system
1574522309.2770002,304,991,None,Move,file system
1574522309.295,304,991,None,Move,file system
1574522309.3579998,304,991,None,Move,file system
1574522309.375,302,992,None,Move,file system
1574522309.383,299,993,None,Move,file system
1574522309.407,294,994,None,Move,file system
1574522309.42,289,995,None,Move,file system
1574522309.435,283,997,None,Move,file system
1574522309.447,280,998,None,Move,file system
1574522309.464,278,998,None,Move,file system
1574522309.4770002,274,1000,None,Move,file system
1574522309.49,271,1000,None,Move,file system
1574522309.505,269,1000,None,Move,file system
1574522309.5170002,265,1000,None,Move,file system
1574522309.531,263,1000,None,Move,file system
1574522309.542,260,1000,None,Move,file system
1574522309.5579998,257,1000,None,Move,file system
1574522309.57,256,1000,None,Move,file system
1574522309.583,253,1000,None,Move,file system
1574522309.596,253,1000,None,Move,file system
1574522309.609,252,1000,None,Move,file system
1574522309.6239998,252,1000,None,Move,file system
1574522309.6360002,251,1000,None,Move,file system
1574522309.651,251,1000,None,Move,file system
1574522309.66,251,1000,None,Move,file system
1574522309.675,252,999,None,Move,file system
1574522309.689,255,997,None,Move,file system
1574522309.699,260,995,None,Move,file system
1574522309.714,268,993,None,Move,file system
1574522309.7270002,277,990,None,Move,file system
1574522309.7389998,287,989,None,Move,file system
1574522309.755,296,987,None,Move,file system
1574522309.7670002,301,987,None,Move,file system
1574522309.779,305,988,None,Move,file system
1574522309.792,312,989,None,Move,file system
1574522309.8070002,316,990,None,Move,file system
1574522309.819,319,992,None,Move,file system
1574522309.831,323,994,None,Move,file system
1574522309.8479998,324,995,None,Move,file system
1574522309.861,326,996,None,Move,file system
1574522309.875,327,998,None,Move,file system
1574522309.8879998,328,999,None,Move,file system
1574522309.906,329,999,None,Move,file system
1574522309.919,329,1000,None,Move,file system
1574522309.936,329,1000,None,Move,file system
1574522309.948,329,1000,None,Move,file system
1574522309.959,329,1001,None,Move,file system
1574522309.967,329,1002,None,Move,file system
1574522309.982,329,1003,None,Move,file system
1574522309.994,327,1004,None,Move,file system
1574522310.006,322,1007,None,Move,file system
1574522310.02,319,1008,None,Move,file system
1574522310.035,317,1008,None,Move,file system
1574522310.0470002,316,1009,None,Move,file system
1574522310.061,313,1009,None,Move,file system
1574522310.073,312,1009,None,Move,file system
1574522310.085,311,1009,None,Move,file system
1574522310.099,309,1009,None,Move,file system
1574522310.1120002,309,1001,None,Move,file system
1574522310.1239998,311,994,None,Move,file system
1574522310.14,318,983,None,Move,file system
1574522310.156,329,974,None,Move,file system
1574522310.1720002,338,968,None,Move,file system
1574522310.188,346,963,None,Move,file system
1574522310.208,352,960,None,Move,file system
1574522310.221,357,958,None,Move,file system
1574522310.234,362,955,None,Move,file system
1574522310.2489998,364,955,None,Move,file system
1574522310.2610002,366,955,None,Move,file system
1574522310.274,367,955,None,Move,file system
1574522310.288,368,955,None,Move,file system
1574522310.303,369,955,None,Move,file system
1574522310.355,369,955,None,Move,file system
1574522310.365,368,956,None,Move,file system
1574522310.381,367,957,None,Move,file system
1574522310.394,365,958,None,Move,file system
1574522310.408,364,959,None,Move,file system
1574522310.42,360,962,None,Move,file system
1574522310.4320002,357,963,None,Move,file system
1574522310.446,354,966,None,Move,file system
1574522310.459,353,969,None,Move,file system
1574522310.469,349,971,None,Move,file system
1574522310.4829998,346,974,None,Move,file system
1574522310.498,343,976,None,Move,file system
1574522310.5110002,341,977,None,Move,file system
1574522310.521,339,979,None,Move,file system
1574522310.538,337,980,None,Move,file system
1574522310.55,337,983,None,Move,file system
1574522310.564,336,983,None,Move,file system
1574522310.577,335,984,None,Move,file system
1574522310.59,334,985,None,Move,file system
1574522310.604,334,986,None,Move,file system
1574522310.617,334,986,None,Move,file system
1574522310.63,334,987,None,Move,file system
1574522310.64,334,988,None,Move,file system
1574522310.655,334,989,None,Move,file system
1574522310.668,334,989,None,Move,file system
1574522310.68,334,990,None,Move,file system
1574522310.6929998,334,991,None,Move,file system
1574522310.706,334,991,None,Move,file system
1574522311.566,326,991,None,Move,file system
1574522311.581,314,991,None,Move,file system
1574522311.596,300,991,None,Move,file system
1574522311.611,288,991,None,Move,file system
1574522311.625,274,990,None,Move,file system
1574522311.637,260,989,None,Move,file system
1574522311.651,248,987,None,Move,file system
1574522311.665,236,986,None,Move,file system
1574522311.678,224,983,None,Move,file system
1574522311.691,215,982,None,Move,file system
1574522311.707,208,980,None,Move,file system
1574522311.721,203,978,None,Move,file system
1574522311.74,199,977,None,Move,file system
1574522311.756,195,976,None,Move,file system
1574522311.781,190,975,None,Move,file system
1574522311.804,187,975,None,Move,file system
1574522311.829,184,975,None,Move,file system
1574522311.86,183,975,None,Move,file system
1574522311.8820002,181,976,None,Move,file system
1574522311.896,179,980,None,Move,file system
1574522311.909,177,987,None,Move,file system
1574522311.924,176,996,None,Move,file system
1574522311.938,176,1003,None,Move,file system
1574522311.95,176,1012,None,Move,file system
1574522311.9629998,176,1019,None,Move,file system
1574522311.976,176,1026,None,Move,file system
1574522311.988,177,1029,None,Move,file system
1574522312.005,178,1032,None,Move,file system
1574522312.021,179,1035,None,Move,file system
1574522312.034,183,1038,None,Move,file system
1574522312.046,191,1040,None,Move,file system
1574522312.059,195,1042,None,Move,file system
1574522312.071,199,1043,None,Move,file system
1574522312.08,203,1045,None,Move,file system
1574522312.096,207,1046,None,Move,file system
1574522312.111,209,1046,None,Move,file system
1574522312.12,213,1047,None,Move,file system
1574522312.137,216,1047,None,Move,file system
1574522312.149,219,1048,None,Move,file system
1574522312.164,220,1048,None,Move,file system
1574522312.173,221,1048,None,Move,file system
1574522312.189,223,1048,None,Move,file system
1574522312.202,225,1048,None,Move,file system
1574522312.215,228,1048,None,Move,file system
1574522312.226,230,1048,None,Move,file system
1574522312.244,231,1048,None,Move,file system
1574522312.264,232,1048,None,Move,file system
1574522312.285,233,1048,None,Move,file system
1574522312.31,235,1049,None,Move,file system
1574522312.337,238,1051,None,Move,file system
1574522312.36,242,1054,None,Move,file system
1574522312.39,245,1055,None,Move,file system
1574522312.408,251,1059,None,Move,file system
1574522312.429,256,1061,None,Move,file system
1574522312.446,262,1062,None,Move,file system
1574522312.462,268,1064,None,Move,file system
1574522312.481,272,1064,None,Move,file system
1574522312.4970002,276,1064,None,Move,file system
1574522312.512,279,1065,None,Move,file system
1574522312.5270002,282,1065,None,Move,file system
1574522312.542,287,1066,None,Move,file system
1574522312.56,293,1068,None,Move,file system
1574522312.575,299,1069,None,Move,file system
1574522312.592,305,1072,None,Move,file system
1574522312.605,310,1073,None,Move,file system
1574522312.621,315,1074,None,Move,file system
1574522312.6360002,318,1074,None,Move,file system
1574522312.6520002,320,1074,None,Move,file system
1574522312.665,321,1075,None,Move,file system
1574522312.928,339,1075,None,Move,file system
1574522312.9429998,375,1071,None,Move,file system
1574522312.96,403,1069,None,Move,file system
1574522312.975,431,1067,None,Move,file system
1574522312.994,459,1067,None,Move,file system
1574522313.01,486,1067,None,Move,file system
1574522313.0229998,504,1067,None,Move,file system
1574522313.042,520,1067,None,Move,file system
1574522313.055,534,1067,None,Move,file system
1574522313.07,544,1068,None,Move,file system
1574522313.0879998,552,1069,None,Move,file system
1574522313.1020002,558,1070,None,Move,file system
1574522313.115,560,1071,None,Move,file system
1574522313.131,562,1073,None,Move,file system
1574522313.146,564,1074,None,Move,file system
1574522313.161,565,1075,None,Move,file system
1574522313.42,575,1075,None,Move,file system
1574522313.434,585,1074,None,Move,file system
1574522313.448,597,1074,None,Move,file system
1574522313.465,607,1074,None,Move,file system
1574522313.48,614,1074,None,Move,file system
1574522313.4989998,621,1075,None,Move,file system
1574522313.5129998,629,1075,None,Move,file system
1574522313.528,638,1077,None,Move,file system
1574522313.545,642,1077,None,Move,file system
1574522313.556,645,1077,None,Move,file system
1574522313.575,650,1077,None,Move,file system
1574522313.5879998,657,1078,None,Move,file system
1574522313.603,664,1080,None,Move,file system
1574522313.6160002,669,1080,None,Move,file system
1574522313.6320002,675,1080,None,Move,file system
1574522313.645,679,1080,None,Move,file system
1574522313.661,683,1080,None,Move,file system
1574522313.675,685,1082,None,Move,file system
1574522313.689,687,1081,None,Move,file system
1574522313.704,689,1080,None,Move,file system
1574522313.716,692,1080,None,Move,file system
1574522313.73,692,1079,None,Move,file system
1574522313.7429998,693,1079,None,Move,file system
1574522313.7570002,694,1079,None,Move,file system
1574522313.771,694,1081,None,Move,file system
1574522313.786,695,1079,None,Move,file system
1574522313.802,696,1079,None,Move,file system
1574522313.824,697,1079,None,Move,file system
1574522313.839,698,1079,None,Move,file system
1574522313.8620002,698,1079,None,Move,file system
1574522313.8920002,699,1079,None,Move,file system
1574522313.929,700,1079,None,Move,file system
1574522313.966,700,1078,None,Move,file system
1574522313.9829998,700,1077,None,Move,file system
1574522314.004,699,1076,None,Move,file system
1574522314.024,698,1074,None,Move,file system
1574522314.044,697,1071,None,Move,file system
1574522314.06,696,1070,None,Move,file system
1574522314.075,694,1070,None,Move,file system
1574522314.095,691,1068,None,Move,file system
1574522314.111,688,1066,None,Move,file system
1574522314.1239998,685,1064,None,Move,file system
1574522314.1360002,683,1062,None,Move,file system
1574522314.1479998,680,1061,None,Move,file system
1574522314.161,678,1059,None,Move,file system
1574522314.173,676,1058,None,Move,file system
1574522314.186,674,1058,None,Move,file system
1574522314.2,673,1058,None,Move,file system
1574522314.214,672,1058,None,Move,file system
1574522314.229,671,1058,None,Move,file system
1574522314.2429998,671,1058,None,Move,file system
1574522314.256,669,1058,None,Move,file system
1574522314.271,666,1058,None,Move,file system
1574522314.2870002,664,1057,None,Move,file system
1574522314.301,660,1057,None,Move,file system
1574522314.316,653,1057,None,Move,file system
1574522314.332,646,1057,None,Move,file system
1574522314.3479998,637,1057,None,Move,file system
1574522314.3620002,630,1056,None,Move,file system
1574522314.375,616,1056,None,Move,file system
1574522314.3860002,602,1056,None,Move,file system
1574522314.4020002,587,1055,None,Move,file system
1574522314.416,572,1054,None,Move,file system
1574522314.428,549,1053,None,Move,file system
1574522314.4420002,532,1051,None,Move,file system
1574522314.456,516,1051,None,Move,file system
1574522314.47,503,1052,None,Move,file system
1574522314.484,492,1053,None,Move,file system
1574522314.496,480,1057,None,Move,file system
1574522314.508,473,1058,None,Move,file system
1574522314.521,469,1058,None,Move,file system
1574522314.534,465,1059,None,Move,file system
1574522314.549,464,1060,None,Move,file system
1574522314.56,462,1061,None,Move,file system
1574522314.576,461,1061,None,Move,file system
1574522314.59,460,1061,None,Move,file system
1574522314.891,430,1061,None,Move,file system
1574522314.904,391,1054,None,Move,file system
1574522314.9220002,337,1042,None,Move,file system
1574522314.937,290,1031,None,Move,file system
1574522314.95,253,1023,None,Move,file system
1574522314.962,217,1016,None,Move,file system
1574522314.9770002,189,1015,None,Move,file system
1574522314.9929998,168,1015,None,Move,file system
1574522315.0089998,150,1015,None,Move,file system
1574522315.021,135,1015,None,Move,file system
1574522315.035,123,1017,None,Move,file system
1574522315.049,116,1018,None,Move,file system
1574522315.065,113,1019,None,Move,file system
1574522315.079,109,1020,None,Move,file system
1574522315.092,107,1021,None,Move,file system
1574522315.107,106,1022,None,Move,file system
1574522315.12,105,1023,None,Move,file system
1574522315.135,104,1023,None,Move,file system
1574522315.385,93,1024,None,Move,file system
1574522315.399,77,1026,None,Move,file system
1574522315.419,64,1028,None,Move,file system
1574522315.434,52,1032,None,Move,file system
1574522315.449,39,1037,None,Move,file system
1574522315.464,32,1041,None,Move,file system
1574522315.4770002,23,1045,None,Move,file system
1574522315.495,17,1049,None,Move,file system
1574522315.5070002,14,1050,None,Move,file system
1574522315.524,12,1051,None,Move,file system
1574522315.539,11,1053,None,Move,file system
1574522315.563,9,1054,None,Move,file system
1574522315.579,8,1055,None,Move,file system
1574522315.6020002,7,1056,None,Move,file system
1574522315.623,7,1057,None,Move,file system
1574522315.653,7,1058,None,Move,file system
1574522315.6829998,7,1059,None,Move,file system
1574522315.7129998,7,1059,None,Move,file system
1574522315.736,7,1060,None,Move,file system
1574522315.7570002,7,1061,None,Move,file system
1574522315.772,7,1062,None,Move,file system
1574522315.788,7,1062,None,Move,file system
1574522315.801,7,1063,None,Move,file system
1574522315.81,7,1064,None,Move,file system
1574522315.825,7,1065,None,Move,file system
1574522315.839,8,1065,None,Move,file system
1574522315.854,9,1066,None,Move,file system
1574522315.8679998,11,1067,None,Move,file system
1574522315.8820002,11,1068,None,Move,file system
1574522315.895,11,1068,None,Move,file system
1574522315.908,11,1069,None,Move,file system
1574522315.924,12,1070,None,Move,file system
1574522315.94,13,1070,None,Move,file system
1574522316.177,13,1070,Left,Pressed,file system
1574522316.391,13,1070,Left,Released,file system
1574522316.8620002,26,1054,None,Move,file system
1574522316.8879998,55,1025,None,Move,file system
1574522316.909,103,989,None,Move,file system
1574522316.93,140,967,None,Move,file system
1574522316.955,180,947,None,Move,file system
1574522316.9889998,195,940,None,Move,file system
1574522317.012,213,933,None,Move,file system
1574522317.032,222,930,None,Move,file system
1574522317.053,225,929,None,Move,file system
1574522317.071,227,928,None,Move,file system
1574522317.0879998,229,927,None,Move,file system
1574522317.359,250,912,None,Move,file system
1574522317.379,278,893,None,Move,file system
1574522317.396,332,862,None,Move,file system
1574522317.415,379,834,None,Move,file system
1574522317.428,415,817,None,Move,file system
1574522317.447,438,805,None,Move,file system
1574522317.468,458,801,None,Move,file system
1574522317.4910002,465,798,None,Move,file system
1574522317.508,469,797,None,Move,file system
1574522317.532,470,797,None,Move,file system
1574522317.553,471,797,None,Move,file system
1574522317.57,473,806,None,Move,file system
1574522317.587,473,817,None,Move,file system
1574522317.606,470,826,None,Move,file system
1574522317.623,470,830,None,Move,file system
1574522317.64,470,835,None,Move,file system
1574522317.657,470,841,None,Move,file system
1574522317.69,472,845,None,Move,file system
1574522317.708,480,853,None,Move,file system
1574522317.725,489,860,None,Move,file system
1574522317.75,501,863,None,Move,file system
1574522317.768,511,863,None,Move,file system
1574522317.78,519,863,None,Move,file system
1574522317.8,526,862,None,Move,file system
1574522317.814,530,861,None,Move,file system
1574522317.833,533,859,None,Move,file system
1574522317.8520002,535,856,None,Move,file system
1574522317.87,537,855,None,Move,file system
1574522317.8860002,538,852,None,Move,file system
1574522317.904,539,851,None,Move,file system
1574522317.918,540,850,None,Move,file system
1574522318.254,559,838,None,Move,file system
1574522318.268,586,821,None,Move,file system
1574522318.286,613,806,None,Move,file system
1574522318.299,658,786,None,Move,file system
1574522318.316,694,769,None,Move,file system
1574522318.331,726,758,None,Move,file system
1574522318.3479998,748,748,None,Move,file system
1574522318.3660002,773,735,None,Move,file system
1574522318.383,787,728,None,Move,file system
1574522318.396,799,723,None,Move,file system
1574522318.4120002,805,719,None,Move,file system
1574522318.421,810,718,None,Move,file system
1574522318.44,813,718,None,Move,file system
1574522318.456,814,718,None,Move,file system
1574522318.469,815,718,None,Move,file system
1574522318.486,817,718,None,Move,file system
1574522318.4989998,818,718,None,Move,file system
1574522319.059,804,718,None,Move,file system
1574522319.074,787,721,None,Move,file system
1574522319.0879998,763,728,None,Move,file system
1574522319.1,726,739,None,Move,file system
1574522319.115,692,749,None,Move,file system
1574522319.13,652,759,None,Move,file system
1574522319.144,620,764,None,Move,file system
1574522319.161,581,771,None,Move,file system
1574522319.178,550,771,None,Move,file system
1574522319.199,535,770,None,Move,file system
1574522319.22,528,767,None,Move,file system
1574522319.235,524,766,None,Move,file system
1574522319.25,522,766,None,Move,file system
1574522319.265,521,766,None,Move,file system
1574522319.28,520,766,None,Move,file system
1574522319.295,520,765,None,Move,file system
1574522319.31,519,765,None,Move,file system
1574522319.325,518,763,None,Move,file system
1574522319.3379998,517,763,None,Move,file system
1574522319.3520002,517,762,None,Move,file system
1574522319.3660002,516,760,None,Move,file system
1574522319.38,514,758,None,Move,file system
1574522319.3920002,509,755,None,Move,file system
1574522319.407,500,749,None,Move,file system
1574522319.421,491,748,None,Move,file system
1574522319.4320002,486,746,None,Move,file system
1574522319.449,484,744,None,Move,file system
1574522319.466,483,744,None,Move,file system
1574522319.481,482,744,None,Move,file system
1574522319.498,481,744,None,Move,file system
1574522319.514,480,744,None,Move,file system
1574522319.529,479,745,None,Move,file system
1574522319.542,478,746,None,Move,file system
1574522319.5570002,478,747,None,Move,file system
1574522319.572,478,749,None,Move,file system
1574522319.589,478,751,None,Move,file system
1574522319.6020002,481,753,None,Move,file system
1574522319.62,483,755,None,Move,file system
1574522319.637,486,757,None,Move,file system
1574522319.654,486,758,None,Move,file system
1574522319.669,487,758,None,Move,file system
1574522319.684,489,760,None,Move,file system
1574522319.907,489,760,Left,Pressed,file system
1574522320.123,489,760,Left,Released,file system
1574522325.68,499,751,None,Move,entertainment
1574522325.701,514,737,None,Move,entertainment
1574522325.72,531,724,None,Move,entertainment
1574522325.7410002,557,711,None,Move,entertainment
1574522325.756,582,702,None,Move,entertainment
1574522325.772,603,695,None,Move,entertainment
1574522325.789,623,692,None,Move,entertainment
1574522325.813,644,692,None,Move,entertainment
1574522325.83,659,693,None,Move,entertainment
1574522325.8479998,673,696,None,Move,entertainment
1574522325.8679998,682,700,None,Move,entertainment
1574522325.883,691,703,None,Move,entertainment
1574522325.9,698,707,None,Move,entertainment
1574522325.916,702,710,None,Move,entertainment
1574522325.934,705,712,None,Move,entertainment
1574522325.954,705,712,None,Move,entertainment
1574522338.3779998,702,712,None,Move,entertainment
1574522338.3920002,695,710,None,Move,entertainment
1574522338.4020002,690,707,None,Move,entertainment
1574522338.42,677,686,None,Move,entertainment
1574522338.4329998,670,671,None,Move,entertainment
1574522338.449,666,657,None,Move,entertainment
1574522338.461,662,646,None,Move,entertainment
1574522338.471,660,638,None,Move,entertainment
1574522338.485,659,629,None,Move,entertainment
1574522338.5010002,659,627,None,Move,entertainment
1574522338.516,659,620,None,Move,entertainment
1574522338.53,660,616,None,Move,entertainment
1574522338.545,663,612,None,Move,entertainment
1574522338.56,666,608,None,Move,entertainment
1574522338.573,670,604,None,Move,entertainment
1574522338.586,672,600,None,Move,entertainment
1574522338.597,675,598,None,Move,entertainment
1574522338.6079998,677,595,None,Move,entertainment
1574522338.623,679,593,None,Move,entertainment
1574522338.6320002,680,593,None,Move,entertainment
1574522338.6479998,680,593,None,Move,entertainment
1574522338.6620002,680,591,None,Move,entertainment
1574522338.675,681,591,None,Move,entertainment
1574522338.687,681,591,None,Move,entertainment
1574522338.702,682,591,None,Move,entertainment
1574522338.715,682,591,None,Move,entertainment
1574522338.728,682,591,None,Move,entertainment
1574522338.7429998,682,595,None,Move,entertainment
1574522338.75,682,597,None,Move,entertainment
1574522338.769,679,601,None,Move,entertainment
1574522338.781,677,606,None,Move,entertainment
1574522338.793,676,612,None,Move,entertainment
1574522338.805,673,619,None,Move,entertainment
1574522338.819,672,622,None,Move,entertainment
1574522338.831,670,626,None,Move,entertainment
1574522338.843,669,628,None,Move,entertainment
1574522338.855,667,630,None,Move,entertainment
1574522338.869,665,633,None,Move,entertainment
1574522338.883,664,636,None,Move,entertainment
1574522338.896,663,637,None,Move,entertainment
1574522338.908,661,640,None,Move,entertainment
1574522338.929,660,641,None,Move,entertainment
1574522338.945,656,643,None,Move,entertainment
1574522338.959,654,644,None,Move,entertainment
1574522338.978,653,644,None,Move,entertainment
1574522338.992,648,645,None,Move,entertainment
1574522339.004,643,646,None,Move,entertainment
1574522339.019,639,646,None,Move,entertainment
1574522339.033,636,646,None,Move,entertainment
1574522339.045,629,645,None,Move,entertainment
1574522339.06,625,645,None,Move,entertainment
1574522339.072,621,644,None,Move,entertainment
1574522339.085,618,643,None,Move,entertainment
1574522339.1,617,643,None,Move,entertainment
1574522339.113,616,643,None,Move,entertainment
1574522339.125,616,643,None,Move,entertainment
1574522339.14,616,642,None,Move,entertainment
1574522341.812,616,632,None,Move,entertainment
1574522341.8279998,615,617,None,Move,entertainment
1574522341.842,613,600,None,Move,entertainment
1574522341.8579998,613,592,None,Move,entertainment
1574522341.871,613,575,None,Move,entertainment
1574522341.885,613,565,None,Move,entertainment
1574522341.9,613,554,None,Move,entertainment
1574522341.914,614,547,None,Move,entertainment
1574522341.928,614,541,None,Move,entertainment
1574522341.9429998,614,534,None,Move,entertainment
1574522341.955,614,530,None,Move,entertainment
1574522341.969,613,525,None,Move,entertainment
1574522341.982,612,519,None,Move,entertainment
1574522341.9970002,611,517,None,Move,entertainment
1574522342.01,610,516,None,Move,entertainment
1574522342.022,610,516,None,Move,entertainment
1574522342.035,610,513,None,Move,entertainment
1574522342.048,609,512,None,Move,entertainment
1574522342.06,608,511,None,Move,entertainment
1574522342.074,604,508,None,Move,entertainment
1574522342.087,596,504,None,Move,entertainment
1574522342.1020002,587,502,None,Move,entertainment
1574522342.1160002,581,500,None,Move,entertainment
1574522342.1279998,573,499,None,Move,entertainment
1574522342.143,563,497,None,Move,entertainment
1574522342.157,551,496,None,Move,entertainment
1574522342.173,542,493,None,Move,entertainment
1574522342.194,537,492,None,Move,entertainment
1574522342.209,530,486,None,Move,entertainment
1574522342.226,524,484,None,Move,entertainment
1574522342.244,521,483,None,Move,entertainment
1574522342.258,519,481,None,Move,entertainment
1574522342.272,517,481,None,Move,entertainment
1574522342.288,517,480,None,Move,entertainment
1574522342.832,511,470,None,Move,entertainment
1574522342.847,498,423,None,Move,entertainment
1574522342.859,495,412,None,Move,entertainment
1574522342.8720002,487,379,None,Move,entertainment
1574522342.881,483,344,None,Move,entertainment
1574522342.899,482,329,None,Move,entertainment
1574522342.914,481,314,None,Move,entertainment
1574522342.9329998,477,290,None,Move,entertainment
1574522342.9529998,473,279,None,Move,entertainment
1574522342.975,471,273,None,Move,entertainment
1574522342.994,470,270,None,Move,entertainment
1574522343.0110002,470,269,None,Move,entertainment
1574522343.028,469,268,None,Move,entertainment
1574522343.045,469,267,None,Move,entertainment
1574522343.35,464,252,None,Move,entertainment
1574522343.375,460,235,None,Move,entertainment
1574522343.3820002,456,216,None,Move,entertainment
1574522343.39,451,199,None,Move,entertainment
1574522343.415,449,192,None,Move,entertainment
1574522343.441,448,184,None,Move,entertainment
1574522343.471,448,182,None,Move,entertainment
1574522343.504,447,181,None,Move,entertainment
1574522343.53,446,180,None,Move,entertainment
1574522343.545,446,179,None,Move,entertainment
1574522343.5570002,446,179,None,Move,entertainment
1574522343.5679998,446,179,None,Move,entertainment
1574522343.582,446,178,None,Move,entertainment
1574522343.597,446,177,None,Move,entertainment
1574522343.6339998,445,177,None,Move,entertainment
1574522343.701,445,177,None,Move,entertainment
1574522343.722,445,178,None,Move,entertainment
1574522343.93,445,178,Left,Pressed,entertainment
1574522344.15,445,178,Left,Released,entertainment
1574522347.0170002,429,195,None,Move,entertainment
1574522347.03,408,217,None,Move,entertainment
1574522347.044,399,231,None,Move,entertainment
1574522347.06,390,247,None,Move,entertainment
1574522347.075,385,255,None,Move,entertainment
1574522347.093,380,264,None,Move,entertainment
1574522347.107,378,275,None,Move,entertainment
1574522347.121,377,280,None,Move,entertainment
1574522347.137,377,283,None,Move,entertainment
1574522347.1520002,378,287,None,Move,entertainment
1574522347.168,380,294,None,Move,entertainment
1574522347.189,385,302,None,Move,entertainment
1574522347.205,387,304,None,Move,entertainment
1574522347.222,396,311,None,Move,entertainment
1574522347.24,402,314,None,Move,entertainment
1574522347.2529998,409,318,None,Move,entertainment
1574522347.2670002,418,318,None,Move,entertainment
1574522347.282,422,318,None,Move,entertainment
1574522347.298,431,316,None,Move,entertainment
1574522347.312,436,313,None,Move,entertainment
1574522347.325,438,312,None,Move,entertainment
1574522347.34,440,311,None,Move,entertainment
1574522347.3520002,442,311,None,Move,entertainment
1574522347.3620002,444,310,None,Move,entertainment
1574522347.371,446,310,None,Move,entertainment
1574522347.389,447,310,None,Move,entertainment
1574522347.4,447,310,None,Move,entertainment
1574522347.409,448,310,None,Move,entertainment
1574522347.427,449,310,None,Move,entertainment
1574522347.468,449,310,None,Move,entertainment
1574522347.476,448,309,None,Move,entertainment
1574522347.492,445,309,None,Move,entertainment
1574522347.506,441,307,None,Move,entertainment
1574522347.524,439,307,None,Move,entertainment
1574522347.543,438,307,None,Move,entertainment
1574522347.563,436,307,None,Move,entertainment
1574522347.583,436,307,None,Move,entertainment
1574522347.792,436,307,Left,Pressed,entertainment
1574522348.008,436,307,Left,Released,entertainment
1574522348.665,452,312,None,Move,entertainment
1574522348.68,484,324,None,Move,entertainment
1574522348.694,506,334,None,Move,entertainment
1574522348.71,535,348,None,Move,entertainment
1574522348.721,585,377,None,Move,entertainment
1574522348.734,611,392,None,Move,entertainment
1574522348.7510002,668,426,None,Move,entertainment
1574522348.7629998,714,464,None,Move,entertainment
1574522348.78,752,509,None,Move,entertainment
1574522348.792,796,558,None,Move,entertainment
1574522348.806,830,612,None,Move,entertainment
1574522348.823,880,683,None,Move,entertainment
1574522349.131,866,710,None,Move,entertainment
1574522349.147,852,742,None,Move,entertainment
1574522349.1620002,848,756,None,Move,entertainment
1574522349.177,840,783,None,Move,entertainment
1574522349.19,831,811,None,Move,entertainment
1574522349.205,826,826,None,Move,entertainment
1574522349.218,817,851,None,Move,entertainment
1574522349.232,814,863,None,Move,entertainment
1574522349.2470002,811,873,None,Move,entertainment
1574522349.265,810,881,None,Move,entertainment
1574522349.29,810,882,None,Move,entertainment
1574522349.305,810,883,None,Move,entertainment
1574522349.324,810,884,None,Move,entertainment
1574522349.343,810,884,None,Move,entertainment
1574522349.3579998,810,885,None,Move,entertainment
1574522349.3760002,810,886,None,Move,entertainment
1574522349.391,811,886,None,Move,entertainment
1574522349.408,812,886,None,Move,entertainment
1574522349.4220002,820,888,None,Move,entertainment
1574522349.438,821,888,None,Move,entertainment
1574522349.45,823,888,None,Move,entertainment
1574522349.471,825,887,None,Move,entertainment
1574522349.4889998,828,886,None,Move,entertainment
1574522349.5070002,831,885,None,Move,entertainment
1574522349.521,833,884,None,Move,entertainment
1574522349.529,835,884,None,Move,entertainment
1574522349.543,836,883,None,Move,entertainment
1574522349.5579998,839,883,None,Move,entertainment
1574522349.573,839,883,None,Move,entertainment
1574522349.585,840,883,None,Move,entertainment
1574522349.7970002,840,883,Left,Pressed,entertainment
1574522350.015,840,883,Left,Released,entertainment
1574522399.649,846,888,None,Move,entertainment
1574522399.666,864,903,None,Move,entertainment
1574522399.679,882,916,None,Move,entertainment
1574522399.687,905,931,None,Move,entertainment
1574522399.704,933,949,None,Move,entertainment
1574522399.716,957,966,None,Move,entertainment
1574522399.728,983,979,None,Move,entertainment
1574522399.744,1009,995,None,Move,entertainment
1574522399.7589998,1026,1005,None,Move,entertainment
1574522399.7729998,1048,1016,None,Move,entertainment
1574522399.788,1067,1026,None,Move,entertainment
1574522399.803,1082,1030,None,Move,entertainment
1574522399.821,1095,1031,None,Move,entertainment
1574522399.837,1107,1031,None,Move,entertainment
1574522399.853,1115,1031,None,Move,entertainment
1574522399.869,1122,1031,None,Move,entertainment
1574522399.881,1126,1030,None,Move,entertainment
1574522399.895,1128,1029,None,Move,entertainment
1574522399.908,1130,1028,None,Move,entertainment
1574522399.924,1132,1028,None,Move,entertainment
1574522399.941,1133,1027,None,Move,entertainment
1574522399.957,1136,1024,None,Move,entertainment
1574522399.974,1141,1020,None,Move,entertainment
1574522399.9870002,1144,1016,None,Move,entertainment
1574522400.0,1147,1012,None,Move,entertainment
1574522400.019,1149,1009,None,Move,entertainment
1574522400.03,1150,1007,None,Move,entertainment
1574522400.043,1151,1005,None,Move,entertainment
1574522400.056,1152,1002,None,Move,entertainment
1574522400.069,1152,1001,None,Move,entertainment
1574522400.082,1152,1000,None,Move,entertainment
1574522400.099,1152,999,None,Move,entertainment
1574522400.1120002,1152,999,None,Move,entertainment
1574522400.1279998,1152,996,None,Move,entertainment
1574522400.139,1152,993,None,Move,entertainment
1574522400.154,1151,989,None,Move,entertainment
1574522400.169,1150,982,None,Move,entertainment
1574522400.1820002,1149,975,None,Move,entertainment
1574522400.198,1149,970,None,Move,entertainment
1574522400.211,1149,965,None,Move,entertainment
1574522400.224,1149,958,None,Move,entertainment
1574522400.238,1149,954,None,Move,entertainment
1574522400.25,1149,951,None,Move,entertainment
1574522400.265,1149,949,None,Move,entertainment
1574522400.279,1149,948,None,Move,entertainment
1574522400.293,1149,946,None,Move,entertainment
1574522400.3070002,1149,945,None,Move,entertainment
1574522400.322,1149,944,None,Move,entertainment
1574522400.653,1149,944,Left,Pressed,entertainment
1574522400.8820002,1149,944,Left,Released,office
1574522452.525,1148,937,None,Move,office
1574522452.54,1145,924,None,Move,office
1574522452.554,1143,903,None,Move,office
1574522452.565,1141,882,None,Move,office
1574522452.582,1137,853,None,Move,office
1574522452.596,1137,833,None,Move,office
1574522452.61,1137,815,None,Move,office
1574522452.625,1137,801,None,Move,office
1574522452.639,1137,790,None,Move,office
1574522452.654,1135,781,None,Move,office
1574522452.668,1134,777,None,Move,office
1574522452.6820002,1132,773,None,Move,office
1574522452.697,1129,770,None,Move,office
1574522452.708,1126,768,None,Move,office
1574522452.722,1120,763,None,Move,office
1574522452.735,1114,760,None,Move,office
1574522452.75,1107,758,None,Move,office
1574522452.764,1101,754,None,Move,office
1574522452.7729998,1094,751,None,Move,office
1574522452.79,1090,750,None,Move,office
1574522452.803,1089,748,None,Move,office
1574522452.8179998,1088,748,None,Move,office
1574522452.831,1088,747,None,Move,office
1574522452.844,1087,746,None,Move,office
1574522452.8579998,1086,746,None,Move,office
1574522453.165,1072,743,None,Move,office
1574522453.181,1055,737,None,Move,office
1574522453.2,967,676,None,Move,office
1574522453.214,856,598,None,Move,office
1574522453.229,798,555,None,Move,office
1574522453.245,779,538,None,Move,office
1574522453.262,761,523,None,Move,office
1574522453.279,752,512,None,Move,office
1574522453.292,746,509,None,Move,office
1574522453.309,744,506,None,Move,office
1574522453.647,720,485,None,Move,office
1574522453.66,675,452,None,Move,office
1574522453.674,624,418,None,Move,office
1574522453.685,580,393,None,Move,office
1574522453.694,545,376,None,Move,office
1574522453.71,514,364,None,Move,office
1574522453.72,488,351,None,Move,office
1574522453.731,470,343,None,Move,office
1574522453.7489998,456,336,None,Move,office
1574522453.7629998,442,332,None,Move,office
1574522453.779,433,328,None,Move,office
1574522453.8070002,426,324,None,Move,office
1574522453.819,418,316,None,Move,office
1574522453.832,409,308,None,Move,office
1574522453.845,402,301,None,Move,office
1574522453.857,395,294,None,Move,office
1574522453.8679998,390,287,None,Move,office
1574522453.879,385,281,None,Move,office
1574522453.899,381,273,None,Move,office
1574522453.917,380,271,None,Move,office
1574522453.935,379,269,None,Move,office
1574522453.946,379,266,None,Move,office
1574522453.961,377,265,None,Move,office
1574522453.972,377,265,None,Move,office
1574522453.986,377,264,None,Move,office
1574522453.9989998,377,263,None,Move,office
1574522454.012,377,262,None,Move,office
1574522454.04,377,261,None,Move,office
1574522454.107,377,261,None,Move,office
1574522454.123,377,262,None,Move,office
1574522454.137,379,265,None,Move,office
1574522454.15,380,269,None,Move,office
1574522454.163,383,273,None,Move,office
1574522454.174,384,275,None,Move,office
1574522454.19,385,277,None,Move,office
1574522454.2029998,386,278,None,Move,office
1574522454.217,386,281,None,Move,office
1574522454.231,387,282,None,Move,office
1574522454.246,387,283,None,Move,office
1574522454.2629998,388,285,None,Move,office
1574522454.279,389,287,None,Move,office
1574522454.31,389,291,None,Move,office
1574522454.326,389,293,None,Move,office
1574522454.355,389,297,None,Move,office
1574522454.371,389,300,None,Move,office
1574522454.385,389,303,None,Move,office
1574522454.4,389,306,None,Move,office
1574522454.413,389,309,None,Move,office
1574522454.426,389,314,None,Move,office
1574522454.438,389,318,None,Move,office
1574522454.45,389,321,None,Move,office
1574522454.4629998,389,325,None,Move,office
1574522454.475,388,328,None,Move,office
1574522454.486,388,332,None,Move,office
1574522454.5,387,335,None,Move,office
1574522454.514,386,338,None,Move,office
1574522454.531,385,342,None,Move,office
1574522454.545,384,345,None,Move,office
1574522454.572,383,346,None,Move,office
1574522454.582,383,347,None,Move,office
1574522454.597,383,349,None,Move,office
1574522454.617,383,349,None,Move,office
1574522454.641,385,350,None,Move,office
1574522454.653,389,351,None,Move,office
1574522454.666,392,351,None,Move,office
1574522454.681,396,351,None,Move,office
1574522454.6929998,398,349,None,Move,office
1574522454.707,401,345,None,Move,office
1574522454.731,404,339,None,Move,office
1574522454.7489998,406,336,None,Move,office
1574522454.764,408,333,None,Move,office
1574522454.78,408,330,None,Move,office
1574522454.798,410,328,None,Move,office
1574522454.811,410,326,None,Move,office
1574522454.8279998,410,324,None,Move,office
1574522454.845,410,323,None,Move,office
1574522454.863,409,320,None,Move,office
1574522454.8779998,408,316,None,Move,office
1574522454.891,408,313,None,Move,office
1574522454.907,407,311,None,Move,office
1574522454.925,405,309,None,Move,office
1574522454.9429998,405,307,None,Move,office
1574522454.961,405,307,None,Move,office
1574522454.985,405,306,None,Move,office
1574522455.2470002,405,306,Left,Pressed,office
1574522455.464,405,306,Left,Released,office
1574522456.073,426,306,None,Move,office
1574522456.096,479,313,None,Move,office
1574522456.1120002,530,325,None,Move,office
1574522456.1279998,574,339,None,Move,office
1574522456.146,633,364,None,Move,office
1574522456.161,693,396,None,Move,office
1574522456.177,747,431,None,Move,office
1574522456.191,784,457,None,Move,office
1574522456.21,814,475,None,Move,office
1574522456.224,839,496,None,Move,office
1574522456.24,857,518,None,Move,office
1574522456.258,868,538,None,Move,office
1574522456.272,877,566,None,Move,office
1574522456.2870002,885,584,None,Move,office
1574522456.306,887,596,None,Move,office
1574522456.323,889,603,None,Move,office
1574522457.408,878,576,None,Move,office
1574522457.421,858,531,None,Move,office
1574522457.431,831,478,None,Move,office
1574522457.441,812,438,None,Move,office
1574522457.457,799,412,None,Move,office
1574522457.465,776,366,None,Move,office
1574522457.4770002,760,339,None,Move,office
1574522457.4929998,751,327,None,Move,office
1574522457.508,745,319,None,Move,office
1574522457.521,738,312,None,Move,office
1574522457.535,732,307,None,Move,office
1574522457.548,728,303,None,Move,office
1574522457.561,725,301,None,Move,office
1574522457.575,722,299,None,Move,office
1574522457.5879998,719,298,None,Move,office
1574522457.6020002,717,298,None,Move,office
1574522457.6160002,715,298,None,Move,office
1574522457.6279998,713,297,None,Move,office
1574522457.641,711,297,None,Move,office
1574522457.654,708,297,None,Move,office
1574522457.671,708,297,None,Move,office
1574522457.684,707,296,None,Move,office
1574522457.698,707,295,None,Move,office
1574522457.712,706,294,None,Move,office
1574522457.725,706,294,None,Move,office
1574522457.7389998,705,294,None,Move,office
1574522457.752,705,293,None,Move,office
1574522457.765,705,293,None,Move,office
1574522457.778,704,292,None,Move,office
1574522457.79,704,292,None,Move,office
1574522457.802,704,291,None,Move,office
1574522457.815,703,291,None,Move,office
1574522457.83,703,290,None,Move,office
1574522458.071,703,290,Left,Pressed,office
1574522458.288,703,290,Left,Released,office
1574522460.5979998,711,297,None,Move,office
1574522460.625,727,313,None,Move,office
1574522460.653,752,341,None,Move,office
1574522460.678,772,363,None,Move,office
1574522460.706,786,378,None,Move,office
1574522460.721,798,391,None,Move,office
1574522460.735,811,403,None,Move,office
1574522460.7470002,819,412,None,Move,office
1574522460.764,825,418,None,Move,office
1574522460.7770002,828,421,None,Move,office
1574522460.789,831,424,None,Move,office
1574522460.801,833,426,None,Move,office
1574522460.815,833,427,None,Move,office
1574522460.827,834,428,None,Move,office
1574522460.842,834,429,None,Move,office
1574522460.859,834,430,None,Move,office
1574522460.875,834,431,None,Move,office
1574522461.209,827,445,None,Move,office
1574522461.228,820,461,None,Move,office
1574522461.2410002,811,477,None,Move,office
1574522461.258,801,496,None,Move,office
1574522461.272,796,512,None,Move,office
1574522461.286,790,525,None,Move,office
1574522461.301,785,537,None,Move,office
1574522461.313,779,551,None,Move,office
1574522461.3279998,775,563,None,Move,office
1574522461.339,770,575,None,Move,office
1574522461.353,767,584,None,Move,office
1574522461.363,764,591,None,Move,office
1574522461.375,762,600,None,Move,office
1574522461.387,761,605,None,Move,office
1574522461.399,761,609,None,Move,office
1574522461.411,761,614,None,Move,office
1574522461.424,761,619,None,Move,office
1574522461.437,762,622,None,Move,office
1574522461.449,763,628,None,Move,office
1574522461.4629998,765,632,None,Move,office
1574522461.475,766,635,None,Move,office
1574522461.49,768,639,None,Move,office
1574522461.5029998,771,641,None,Move,office
1574522461.519,773,643,None,Move,office
1574522461.532,775,644,None,Move,office
1574522461.545,778,646,None,Move,office
1574522461.5579998,779,648,None,Move,office
1574522461.572,780,649,None,Move,office
1574522461.5879998,781,651,None,Move,office
1574522461.6020002,781,652,None,Move,office
1574522461.6139998,782,653,None,Move,office
1574522461.6260002,782,654,None,Move,office
1574522461.639,783,655,None,Move,office
1574522461.651,783,655,None,Move,office
1574522461.664,783,656,None,Move,office
1574522461.677,783,656,None,Move,office
1574522462.077,783,656,Left,Pressed,office
1574522462.2770002,783,656,Left,Released,office
1574522462.291,783,656,Left,Pressed,office
1574522462.494,783,656,Left,Released,office
1574522463.994,782,630,None,Move,office
1574522464.0070002,776,580,None,Move,office
1574522464.018,766,523,None,Move,office
1574522464.033,755,473,None,Move,office
1574522464.0470002,749,430,None,Move,office
1574522464.061,741,394,None,Move,office
1574522464.074,738,372,None,Move,office
1574522464.086,733,356,None,Move,office
1574522464.101,730,342,None,Move,office
1574522464.1120002,728,331,None,Move,office
1574522464.123,725,322,None,Move,office
1574522464.137,722,316,None,Move,office
1574522464.1520002,718,308,None,Move,office
1574522464.165,715,302,None,Move,office
1574522464.178,711,298,None,Move,office
1574522464.191,708,295,None,Move,office
1574522464.205,707,292,None,Move,office
1574522464.218,707,290,None,Move,office
1574522464.23,706,289,None,Move,office
1574522464.248,706,287,None,Move,office
1574522464.268,705,286,None,Move,office
1574522464.281,704,285,None,Move,office
1574522464.295,703,283,None,Move,office
1574522464.306,703,280,None,Move,office
1574522464.32,702,275,None,Move,office
1574522464.334,701,269,None,Move,office
1574522464.349,701,265,None,Move,office
1574522464.3639998,701,263,None,Move,office
1574522464.3779998,700,261,None,Move,office
1574522464.393,700,259,None,Move,office
1574522464.408,700,258,None,Move,office
1574522464.42,700,256,None,Move,office
1574522464.435,700,254,None,Move,office
1574522464.448,700,252,None,Move,office
1574522464.462,699,251,None,Move,office
1574522464.805,699,251,Left,Pressed,office
1574522464.9870002,699,251,Left,Released,office
1574522465.0,699,251,Left,Pressed,office
1574522465.209,699,251,Left,Released,office
1574522468.1279998,688,267,None,Move,file system
1574522468.144,674,287,None,Move,file system
1574522468.157,666,301,None,Move,file system
1574522468.171,657,315,None,Move,file system
1574522468.185,649,329,None,Move,file system
1574522468.198,642,343,None,Move,file system
1574522468.211,638,357,None,Move,file system
1574522468.225,632,370,None,Move,file system
1574522468.2370002,629,383,None,Move,file system
1574522468.2470002,627,395,None,Move,file system
1574522468.2629998,625,409,None,Move,file system
1574522468.276,624,421,None,Move,file system
1574522468.289,624,429,None,Move,file system
1574522468.301,624,438,None,Move,file system
1574522468.316,624,445,None,Move,file system
1574522468.325,624,453,None,Move,file system
1574522468.339,624,461,None,Move,file system
1574522468.355,626,469,None,Move,file system
1574522468.3679998,628,478,None,Move,file system
1574522468.38,631,486,None,Move,file system
1574522468.394,634,495,None,Move,file system
1574522468.408,637,502,None,Move,file system
1574522468.42,638,506,None,Move,file system
1574522468.434,639,507,None,Move,file system
1574522468.446,641,509,None,Move,file system
1574522468.462,641,509,None,Move,file system
1574522468.475,641,510,None,Move,file system
1574522468.485,642,511,None,Move,file system
1574522468.495,642,512,None,Move,file system
1574522468.512,642,512,None,Move,file system
1574522468.524,642,513,None,Move,file system
1574522468.539,642,514,None,Move,file system
1574522468.563,642,516,None,Move,file system
1574522468.585,643,518,None,Move,file system
1574522468.6,644,520,None,Move,file system
1574522468.6160002,646,522,None,Move,file system
1574522468.629,652,524,None,Move,file system
1574522468.641,657,526,None,Move,file system
1574522468.653,662,526,None,Move,file system
1574522468.667,667,526,None,Move,file system
1574522468.688,669,525,None,Move,file system
1574522469.16,663,531,None,Move,file system
1574522469.174,654,544,None,Move,file system
1574522469.187,648,555,None,Move,file system
1574522469.198,642,568,None,Move,file system
1574522469.216,639,576,None,Move,file system
1574522469.228,637,583,None,Move,file system
1574522469.2429998,635,592,None,Move,file system
1574522469.258,634,600,None,Move,file system
1574522469.271,634,609,None,Move,file system
1574522469.284,634,616,None,Move,file system
1574522469.2970002,636,622,None,Move,file system
1574522469.312,637,627,None,Move,file system
1574522469.326,638,631,None,Move,file system
1574522469.339,639,636,None,Move,file system
1574522469.353,642,641,None,Move,file system
1574522469.363,645,645,None,Move,file system
1574522469.383,651,650,None,Move,file system
1574522469.3979998,655,654,None,Move,file system
1574522469.411,659,659,None,Move,file system
1574522469.425,663,662,None,Move,file system
1574522469.437,667,664,None,Move,file system
1574522469.446,669,667,None,Move,file system
1574522469.464,672,670,None,Move,file system
1574522469.478,674,672,None,Move,file system
1574522551.958,671,674,None,Move,file system
1574522551.969,668,675,None,Move,file system
1574522551.988,668,675,None,Move,file system
1574522551.9989998,667,675,None,Move,file system
1574522552.012,667,674,None,Move,file system
1574522552.0229998,670,663,None,Move,file system
1574522552.035,689,630,None,Move,file system
1574522552.045,716,589,None,Move,file system
1574522552.0570002,752,541,None,Move,file system
1574522552.069,778,504,None,Move,file system
1574522552.08,805,463,None,Move,file system
1574522552.095,830,422,None,Move,file system
1574522552.106,851,389,None,Move,file system
1574522552.117,863,366,None,Move,file system
1574522552.1320002,868,351,None,Move,file system
1574522552.146,869,339,None,Move,file system
1574522552.16,869,331,None,Move,file system
1574522552.171,864,325,None,Move,file system
1574522552.185,856,320,None,Move,file system
1574522552.194,818,316,None,Move,file system
1574522552.212,773,317,None,Move,file system
1574522552.2229998,737,325,None,Move,file system
1574522552.2370002,690,336,None,Move,file system
1574522552.2470002,662,345,None,Move,file system
1574522552.2610002,638,354,None,Move,file system
1574522552.276,611,361,None,Move,file system
1574522552.2870002,597,365,None,Move,file system
1574522552.3,590,368,None,Move,file system
1574522552.313,586,369,None,Move,file system
1574522552.326,584,369,None,Move,file system
1574522552.339,583,369,None,Move,file system
1574522552.3520002,582,369,None,Move,file system
1574522552.36,586,369,None,Move,file system
1574522552.375,619,366,None,Move,file system
1574522552.391,661,362,None,Move,file system
1574522552.408,713,358,None,Move,file system
1574522552.419,764,355,None,Move,file system
1574522552.434,825,355,None,Move,file system
1574522552.4429998,893,356,None,Move,file system
1574522552.459,942,362,None,Move,file system
1574522552.472,998,369,None,Move,file system
1574522552.484,1042,380,None,Move,file system
1574522552.495,1073,389,None,Move,file system
1574522552.51,1110,408,None,Move,file system
1574522552.519,1137,425,None,Move,file system
1574522552.531,1156,442,None,Move,file system
1574522552.543,1175,461,None,Move,file system
1574522552.559,1193,488,None,Move,file system
1574522552.571,1202,512,None,Move,file system
1574522552.583,1207,542,None,Move,file system
1574522552.6,1207,565,None,Move,file system
1574522552.6120002,1207,581,None,Move,file system
1574522552.625,1205,604,None,Move,file system
1574522552.639,1200,626,None,Move,file system
1574522552.65,1195,639,None,Move,file system
1574522552.664,1186,653,None,Move,file system
1574522552.678,1178,662,None,Move,file system
1574522552.689,1172,668,None,Move,file system
1574522552.704,1164,677,None,Move,file system
1574522552.717,1154,685,None,Move,file system
1574522552.729,1146,691,None,Move,file system
1574522552.744,1140,694,None,Move,file system
1574522552.756,1134,698,None,Move,file system
1574522552.772,1130,700,None,Move,file system
1574522552.784,1127,702,None,Move,file system
1574522552.795,1123,704,None,Move,file system
1574522552.81,1118,707,None,Move,file system
1574522552.824,1114,711,None,Move,file system
1574522555.745,1119,704,None,Move,file system
1574522555.7589998,1127,693,None,Move,file system
1574522555.774,1136,683,None,Move,file system
1574522555.789,1145,672,None,Move,file system
1574522555.804,1154,664,None,Move,file system
1574522555.8170002,1162,656,None,Move,file system
1574522555.83,1172,649,None,Move,file system
1574522555.842,1181,644,None,Move,file system
1574522555.853,1188,639,None,Move,file system
1574522555.865,1196,634,None,Move,file system
1574522555.8779998,1206,629,None,Move,file system
1574522555.8879998,1213,624,None,Move,file system
1574522555.901,1221,622,None,Move,file system
1574522555.913,1227,619,None,Move,file system
1574522555.928,1231,615,None,Move,file system
1574522555.947,1236,610,None,Move,file system
1574522555.96,1242,599,None,Move,file system
1574522555.9729998,1250,585,None,Move,file system
1574522555.9829998,1262,563,None,Move,file system
1574522556.0,1274,534,None,Move,file system
1574522556.014,1286,502,None,Move,file system
1574522556.025,1291,479,None,Move,file system
1574522556.041,1296,455,None,Move,file system
1574522556.054,1298,440,None,Move,file system
1574522556.0670002,1300,428,None,Move,file system
1574522556.077,1301,421,None,Move,file system
1574522556.091,1303,413,None,Move,file system
1574522556.101,1304,406,None,Move,file system
1574522556.1139998,1304,399,None,Move,file system
1574522556.123,1305,394,None,Move,file system
1574522556.1379998,1306,390,None,Move,file system
1574522556.1520002,1308,386,None,Move,file system
1574522556.167,1309,384,None,Move,file system
1574522556.18,1310,383,None,Move,file system
1574522556.195,1310,382,None,Move,file system
1574522556.207,1311,381,None,Move,file system
1574522556.519,1352,338,None,Move,file system
1574522556.536,1415,275,None,Move,file system
1574522556.5470002,1472,219,None,Move,file system
1574522556.5579998,1521,178,None,Move,file system
1574522556.569,1595,122,None,Move,file system
1574522556.582,1667,72,None,Move,file system
1574522556.593,1703,51,None,Move,file system
1574522556.605,1739,34,None,Move,file system
1574522556.617,1765,23,None,Move,file system
1574522556.63,1793,9,None,Move,file system
1574522556.646,1813,3,None,Move,file system
1574522556.66,1827,2,None,Move,file system
1574522556.673,1834,1,None,Move,file system
1574522556.686,1841,1,None,Move,file system
1574522556.699,1846,1,None,Move,file system
1574522556.712,1849,1,None,Move,file system
1574522556.725,1854,1,None,Move,file system
1574522556.738,1860,1,None,Move,file system
1574522556.75,1867,1,None,Move,file system
1574522556.764,1874,1,None,Move,file system
1574522556.776,1878,0,None,Move,file system
1574522556.791,1882,0,None,Move,file system
1574522556.803,1885,0,None,Move,file system
1574522556.815,1887,0,None,Move,file system
1574522556.83,1888,0,None,Move,file system
1574522556.842,1889,0,None,Move,file system
1574522556.856,1890,0,None,Move,file system
1574522556.867,1891,0,None,Move,file system
1574522556.881,1891,0,None,Move,file system
1574522556.895,1892,0,None,Move,file system
1574522556.907,1893,0,None,Move,file system
1574522556.941,1893,0,None,Move,file system
1574522556.9529998,1890,0,None,Move,file system
1574522556.966,1883,-2,None,Move,file system
1574522556.978,1874,-1,None,Move,file system
1574522556.994,1869,0,None,Move,file system
1574522557.008,1862,0,None,Move,file system
1574522557.0170002,1856,-1,None,Move,file system
1574522557.034,1852,-1,None,Move,file system
1574522557.063,1848,0,None,Move,file system
1574522557.077,1846,0,None,Move,file system
1574522557.09,1844,0,None,Move,file system
1574522557.104,1843,0,None,Move,file system
1574522557.115,1841,0,None,Move,file system
1574522557.127,1839,0,None,Move,file system
1574522557.14,1835,0,None,Move,file system
1574522557.151,1833,0,None,Move,file system
1574522557.166,1831,0,None,Move,file system
1574522557.179,1829,0,None,Move,file system
1574522557.1920002,1825,0,None,Move,file system
1574522557.207,1822,0,None,Move,file system
1574522557.221,1818,0,None,Move,file system
1574522557.234,1815,1,None,Move,file system
1574522557.2489998,1812,2,None,Move,file system
1574522557.2610002,1809,4,None,Move,file system
1574522557.2729998,1806,5,None,Move,file system
1574522557.2870002,1803,6,None,Move,file system
1574522557.298,1802,7,None,Move,file system
1574522557.312,1800,7,None,Move,file system
1574522557.324,1798,7,None,Move,file system
1574522557.337,1797,8,None,Move,file system
1574522557.351,1796,8,None,Move,file system
1574522557.363,1796,8,None,Move,file system
1574522557.377,1795,9,None,Move,file system
1574522557.396,1795,10,None,Move,file system
1574522557.674,1795,10,Left,Pressed,file system
1574522557.889,1795,10,Left,Released,file system
1574522558.518,1770,20,None,Move,office
1574522558.531,1731,37,None,Move,office
1574522558.545,1682,60,None,Move,office
1574522558.562,1626,89,None,Move,office
1574522558.577,1559,128,None,Move,office
1574522558.593,1490,164,None,Move,office
1574522558.606,1420,206,None,Move,office
1574522558.617,1363,241,None,Move,office
1574522558.6320002,1312,275,None,Move,office
1574522558.6420002,1272,300,None,Move,office
1574522558.654,1241,323,None,Move,office
1574522558.667,1220,339,None,Move,office
1574522558.679,1202,352,None,Move,office
1574522558.691,1189,362,None,Move,office
1574522558.705,1180,371,None,Move,office
1574522558.716,1174,375,None,Move,office
1574522558.73,1171,378,None,Move,office
1574522558.7429998,1168,380,None,Move,office
1574522558.754,1167,381,None,Move,office
1574522558.7670002,1166,381,None,Move,office
1574522558.778,1165,382,None,Move,office
1574522558.791,1164,382,None,Move,office
1574522558.803,1164,382,None,Move,office
1574522558.814,1163,382,None,Move,office
1574522558.825,1163,382,None,Move,office
1574522558.877,1163,382,None,Move,office
1574522558.889,1163,381,None,Move,office
1574522610.008,1130,373,None,Move,office
1574522610.026,1070,363,None,Move,office
1574522610.038,1004,353,None,Move,office
1574522610.046,943,353,None,Move,office
1574522610.061,872,355,None,Move,office
1574522610.072,799,365,None,Move,office
1574522610.085,732,382,None,Move,office
1574522610.099,661,400,None,Move,office
1574522610.1120002,593,420,None,Move,office
1574522610.123,529,437,None,Move,office
1574522610.1360002,482,448,None,Move,office
1574522610.149,453,453,None,Move,office
1574522610.16,435,459,None,Move,office
1574522610.173,420,460,None,Move,office
1574522610.186,408,460,None,Move,office
1574522610.2,395,460,None,Move,office
1574522610.216,388,458,None,Move,office
1574522610.23,385,456,None,Move,office
1574522610.246,382,453,None,Move,office
1574522610.262,376,443,None,Move,office
1574522610.275,373,428,None,Move,office
1574522610.283,371,414,None,Move,office
1574522610.2970002,370,410,None,Move,office
1574522610.311,369,407,None,Move,office
1574522610.324,369,407,None,Move,office
1574522610.336,369,406,None,Move,office
1574522610.349,369,406,None,Move,office
1574522610.3620002,369,405,None,Move,office
1574522610.375,369,404,None,Move,office
1574522610.7389998,367,395,None,Move,office
1574522610.7529998,364,383,None,Move,office
1574522610.765,363,379,None,Move,office
1574522610.7770002,362,378,None,Move,office
1574522610.791,360,376,None,Move,office
1574522610.801,360,374,None,Move,office
1574522610.813,360,373,None,Move,office
1574522610.829,359,373,None,Move,office
1574522610.841,359,372,None,Move,office
1574522610.853,359,372,None,Move,office
1574522610.8660002,358,372,None,Move,office
1574522610.877,357,372,None,Move,office
1574522610.8879998,357,372,None,Move,office
1574522610.901,355,372,None,Move,office
1574522610.913,354,371,None,Move,office
1574522610.924,354,371,None,Move,office
1574522611.16,354,371,Left,Pressed,office
1574522611.375,354,371,Left,Released,office
1574522613.215,368,367,None,Move,office
1574522613.231,392,360,None,Move,office
1574522613.244,417,349,None,Move,office
1574522613.258,440,344,None,Move,office
1574522613.272,464,339,None,Move,office
1574522613.288,495,339,None,Move,office
1574522613.301,525,339,None,Move,office
1574522613.322,561,347,None,Move,office
1574522613.335,594,353,None,Move,office
1574522613.347,628,363,None,Move,office
1574522613.3620002,662,373,None,Move,office
1574522613.373,692,380,None,Move,office
1574522613.3839998,717,389,None,Move,office
1574522613.3979998,738,398,None,Move,office
1574522613.4120002,760,409,None,Move,office
1574522613.426,776,418,None,Move,office
1574522613.441,792,427,None,Move,office
1574522613.4529998,806,437,None,Move,office
1574522613.464,818,448,None,Move,office
1574522613.4770002,833,461,None,Move,office
1574522613.4870002,845,474,None,Move,office
1574522613.498,855,486,None,Move,office
1574522613.5110002,867,500,None,Move,office
1574522613.526,873,512,None,Move,office
1574522613.54,879,521,None,Move,office
1574522613.554,881,524,None,Move,office
1574522654.073,862,532,None,Move,office
1574522654.087,835,550,None,Move,office
1574522654.0979998,806,572,None,Move,office
1574522654.109,777,601,None,Move,office
1574522654.123,754,624,None,Move,office
1574522654.135,735,649,None,Move,office
1574522654.15,708,689,None,Move,office
1574522654.163,679,739,None,Move,office
1574522654.177,659,781,None,Move,office
1574522654.188,644,820,None,Move,office
1574522654.201,637,850,None,Move,office
1574522654.212,637,865,None,Move,office
1574522654.228,639,878,None,Move,office
1574522654.2410002,641,890,None,Move,office
1574522654.2529998,646,898,None,Move,office
1574522654.265,657,907,None,Move,office
1574522654.279,674,920,None,Move,office
1574522654.289,697,925,None,Move,office
1574522654.302,732,927,None,Move,office
1574522654.314,766,927,None,Move,office
1574522654.326,794,927,None,Move,office
1574522654.336,845,923,None,Move,office
1574522654.3479998,876,921,None,Move,office
1574522654.3620002,894,921,None,Move,office
1574522654.3760002,914,921,None,Move,office
1574522654.3879998,929,923,None,Move,office
1574522654.401,941,926,None,Move,office
1574522654.413,950,928,None,Move,office
1574522654.425,958,933,None,Move,office
1574522654.437,961,936,None,Move,office
1574522654.451,964,940,None,Move,office
1574522654.462,964,948,None,Move,office
1574522654.4729998,960,957,None,Move,office
1574522654.486,943,973,None,Move,office
1574522654.498,916,992,None,Move,office
1574522654.51,895,1006,None,Move,office
1574522654.524,873,1016,None,Move,office
1574522654.538,859,1020,None,Move,office
1574522654.551,850,1022,None,Move,office
1574522654.564,844,1021,None,Move,office
1574522654.576,839,1019,None,Move,office
1574522654.5879998,830,1006,None,Move,office
1574522654.6,819,990,None,Move,office
1574522654.6120002,817,978,None,Move,office
1574522654.6239998,814,968,None,Move,office
1574522654.637,814,964,None,Move,office
1574522654.649,814,964,None,Move,office
1574522654.6620002,814,963,None,Move,office
1574522654.675,814,962,None,Move,office
1574522654.7,814,963,None,Move,office
1574522654.7129998,815,967,None,Move,office
1574522654.726,818,980,None,Move,office
1574522654.738,825,996,None,Move,office
1574522654.75,830,1009,None,Move,office
1574522654.762,836,1021,None,Move,office
1574522654.776,845,1033,None,Move,office
1574522654.784,854,1040,None,Move,office
1574522654.8,861,1046,None,Move,office
1574522654.814,867,1051,None,Move,office
1574522654.827,872,1055,None,Move,office
1574522654.839,873,1056,None,Move,office
1574522654.853,876,1057,None,Move,office
1574522655.1220002,889,1056,None,Move,office
1574522655.14,904,1054,None,Move,office
1574522655.164,916,1054,None,Move,office
1574522655.184,923,1054,None,Move,office
1574522655.2029998,928,1054,None,Move,office
1574522655.218,931,1054,None,Move,office
1574522655.231,934,1054,None,Move,office
1574522655.245,934,1054,None,Move,office
1574522655.2570002,935,1054,None,Move,office
1574522655.269,935,1054,None,Move,office
1574522655.28,936,1054,None,Move,office
1574522655.301,936,1054,None,Move,office
1574522655.3379998,937,1054,None,Move,office
1574522655.3979998,937,1055,None,Move,office
1574522655.429,937,1055,None,Move,office
1574522655.441,937,1056,None,Move,office
1574522655.451,937,1057,None,Move,office
1574522655.4629998,937,1058,None,Move,office
1574522655.472,937,1059,None,Move,office
1574522655.484,937,1060,None,Move,office
1574522655.498,937,1060,None,Move,office
1574522655.508,937,1061,None,Move,office
1574522655.522,937,1061,None,Move,office
1574522655.531,937,1062,None,Move,office
1574522655.548,937,1063,None,Move,office
1574522655.56,938,1063,None,Move,office
1574522655.574,939,1064,None,Move,office
1574522655.584,939,1065,None,Move,office
1574522655.599,940,1066,None,Move,office
1574522655.611,940,1067,None,Move,office
1574522655.621,940,1068,None,Move,office
1574522655.635,941,1069,None,Move,office
1574522655.854,941,1069,Left,Pressed,office
1574522656.0679998,941,1069,Left,Released,office
1574522656.519,948,1037,None,Move,entertainment
1574522656.532,966,992,None,Move,entertainment
1574522656.544,986,946,None,Move,entertainment
1574522656.555,1016,886,None,Move,entertainment
1574522656.5670002,1049,819,None,Move,entertainment
1574522656.5779998,1067,789,None,Move,entertainment
1574522656.589,1084,753,None,Move,entertainment
1574522656.604,1104,722,None,Move,entertainment
1574522656.6220002,1113,708,None,Move,entertainment
1574522656.6379998,1119,697,None,Move,entertainment
1574522656.65,1122,694,None,Move,entertainment
1574522656.664,1122,693,None,Move,entertainment
1574522656.6720002,1123,690,None,Move,entertainment
1574522656.688,1123,690,None,Move,entertainment
1574522656.7,1123,689,None,Move,entertainment
1574522656.712,1122,689,None,Move,entertainment
1574522656.726,1109,688,None,Move,entertainment
1574522656.738,1092,689,None,Move,entertainment
1574522656.7470002,1075,694,None,Move,entertainment
1574522656.7629998,1059,703,None,Move,entertainment
1574522656.776,1038,717,None,Move,entertainment
1574522656.784,1021,728,None,Move,entertainment
1574522656.801,1006,742,None,Move,entertainment
1574522656.813,997,755,None,Move,entertainment
1574522656.8279998,990,764,None,Move,entertainment
1574522656.84,981,777,None,Move,entertainment
1574522656.851,977,789,None,Move,entertainment
1574522656.863,976,797,None,Move,entertainment
1574522656.879,972,809,None,Move,entertainment
1574522656.8920002,972,818,None,Move,entertainment
1574522656.909,972,826,None,Move,entertainment
1574522656.92,973,835,None,Move,entertainment
1574522656.939,975,841,None,Move,entertainment
1574522656.956,976,843,None,Move,entertainment
1574522656.974,977,845,None,Move,entertainment
1574522656.988,977,846,None,Move,entertainment
1574522656.9970002,978,848,None,Move,entertainment
1574522657.016,979,848,None,Move,entertainment
1574522657.029,979,849,None,Move,entertainment
1574522657.043,980,849,None,Move,entertainment
1574522657.0570002,980,850,None,Move,entertainment
1574522657.07,980,851,None,Move,entertainment
1574522657.084,980,851,None,Move,entertainment
1574522657.095,980,852,None,Move,entertainment
1574522657.109,980,853,None,Move,entertainment
1574522657.1220002,980,854,None,Move,entertainment
1574522657.135,979,856,None,Move,entertainment
1574522657.1520002,976,858,None,Move,entertainment
1574522657.167,969,860,None,Move,entertainment
1574522657.181,964,863,None,Move,entertainment
1574522657.197,959,864,None,Move,entertainment
1574522657.21,955,867,None,Move,entertainment
1574522657.225,948,868,None,Move,entertainment
1574522657.235,944,869,None,Move,entertainment
1574522657.2470002,937,870,None,Move,entertainment
1574522657.26,932,870,None,Move,entertainment
1574522657.272,928,870,None,Move,entertainment
1574522657.283,925,870,None,Move,entertainment
1574522657.295,922,870,None,Move,entertainment
1574522657.3070002,921,870,None,Move,entertainment
1574522657.3170002,918,870,None,Move,entertainment
1574522657.329,918,870,None,Move,entertainment
1574522657.339,917,870,None,Move,entertainment
1574522657.351,917,870,None,Move,entertainment
1574522657.716,914,872,None,Move,entertainment
1574522657.729,912,875,None,Move,entertainment
1574522657.74,909,878,None,Move,entertainment
1574522657.7470002,909,879,None,Move,entertainment
1574522657.764,908,880,None,Move,entertainment
1574522657.778,908,880,None,Move,entertainment
1574522657.786,907,881,None,Move,entertainment
1574522657.802,907,881,None,Move,entertainment
1574522657.813,907,882,None,Move,entertainment
1574522657.83,905,883,None,Move,entertainment
1574522657.843,905,883,None,Move,entertainment
1574522657.855,904,883,None,Move,entertainment
1574522657.869,904,884,None,Move,entertainment
1574522658.07,904,884,Left,Pressed,entertainment
1574522658.2870002,904,884,Left,Released,entertainment
1574522699.831,898,892,None,Move,entertainment
1574522699.8479998,889,906,None,Move,entertainment
1574522699.863,880,920,None,Move,entertainment
1574522699.8760002,872,933,None,Move,entertainment
1574522699.893,865,942,None,Move,entertainment
1574522699.906,859,954,None,Move,entertainment
1574522699.92,855,966,None,Move,entertainment
1574522699.936,854,975,None,Move,entertainment
1574522699.946,851,987,None,Move,entertainment
1574522699.959,851,996,None,Move,entertainment
1574522699.976,852,1001,None,Move,entertainment
1574522699.9910002,855,1006,None,Move,entertainment
1574522700.008,861,1013,None,Move,entertainment
1574522700.0270002,872,1021,None,Move,entertainment
1574522700.042,884,1029,None,Move,entertainment
1574522700.053,898,1035,None,Move,entertainment
1574522700.066,911,1041,None,Move,entertainment
1574522700.079,925,1043,None,Move,entertainment
1574522700.089,940,1045,None,Move,entertainment
1574522700.104,954,1049,None,Move,entertainment
1574522700.1160002,969,1050,None,Move,entertainment
1574522700.1260002,985,1051,None,Move,entertainment
1574522700.1420002,999,1051,None,Move,entertainment
1574522700.157,1009,1052,None,Move,entertainment
1574522700.171,1020,1053,None,Move,entertainment
1574522700.1829998,1032,1056,None,Move,entertainment
1574522700.195,1047,1059,None,Move,entertainment
1574522700.212,1059,1060,None,Move,entertainment
1574522700.2229998,1070,1063,None,Move,entertainment
1574522700.235,1076,1064,None,Move,entertainment
1574522700.2489998,1080,1065,None,Move,entertainment
1574522700.26,1084,1066,None,Move,entertainment
1574522700.27,1085,1067,None,Move,entertainment
1574522700.281,1087,1068,None,Move,entertainment
1574522700.294,1087,1068,None,Move,entertainment
1574522700.306,1089,1068,None,Move,entertainment
1574522700.3179998,1090,1068,None,Move,entertainment
1574522700.331,1090,1068,None,Move,entertainment
1574522700.345,1090,1069,None,Move,entertainment
1574522700.356,1090,1070,None,Move,entertainment
1574522700.3679998,1082,1073,None,Move,entertainment
1574522700.375,1070,1077,None,Move,entertainment
1574522700.39,1057,1077,None,Move,entertainment
1574522700.404,1040,1077,None,Move,entertainment
1574522700.414,1028,1077,None,Move,entertainment
1574522700.429,1014,1074,None,Move,entertainment
1574522700.441,1000,1070,None,Move,entertainment
1574522700.454,988,1064,None,Move,entertainment
1574522700.464,979,1060,None,Move,entertainment
1574522700.479,970,1058,None,Move,entertainment
1574522700.49,965,1056,None,Move,entertainment
1574522700.502,961,1052,None,Move,entertainment
1574522700.515,957,1050,None,Move,entertainment
1574522700.524,954,1048,None,Move,entertainment
1574522700.539,951,1044,None,Move,entertainment
1574522700.554,948,1038,None,Move,entertainment
1574522700.566,945,1033,None,Move,entertainment
1574522700.577,944,1028,None,Move,entertainment
1574522700.591,943,1024,None,Move,entertainment
1574522700.604,943,1019,None,Move,entertainment
1574522700.617,943,1014,None,Move,entertainment
1574522700.631,944,1008,None,Move,entertainment
1574522700.644,946,1003,None,Move,entertainment
1574522700.657,949,997,None,Move,entertainment
1574522700.671,951,995,None,Move,entertainment
1574522700.6820002,954,991,None,Move,entertainment
1574522700.691,959,986,None,Move,entertainment
1574522700.705,968,980,None,Move,entertainment
1574522700.719,976,976,None,Move,entertainment
1574522700.73,982,973,None,Move,entertainment
1574522700.745,987,972,None,Move,entertainment
1574522700.754,994,972,None,Move,entertainment
1574522700.768,1000,972,None,Move,entertainment
1574522700.781,1003,972,None,Move,entertainment
1574522700.792,1005,973,None,Move,entertainment
1574522700.804,1008,975,None,Move,entertainment
1574522700.8170002,1010,977,None,Move,entertainment
1574522700.825,1014,979,None,Move,entertainment
1574522700.84,1018,983,None,Move,entertainment
1574522700.856,1021,985,None,Move,entertainment
1574522700.8679998,1025,988,None,Move,entertainment
1574522700.881,1029,990,None,Move,entertainment
1574522700.893,1032,993,None,Move,entertainment
1574522700.905,1038,995,None,Move,entertainment
1574522700.918,1043,996,None,Move,entertainment
1574522700.929,1046,997,None,Move,entertainment
1574522700.9420002,1048,999,None,Move,entertainment
1574522700.956,1050,999,None,Move,entertainment
1574522700.967,1051,999,None,Move,entertainment
1574522701.35,1063,992,None,Move,entertainment
1574522701.3579998,1087,977,None,Move,entertainment
1574522701.3760002,1104,966,None,Move,entertainment
1574522701.387,1127,953,None,Move,entertainment
1574522701.396,1148,945,None,Move,entertainment
1574522701.4120002,1174,932,None,Move,entertainment
1574522701.4220002,1194,926,None,Move,entertainment
1574522701.437,1209,920,None,Move,entertainment
1574522701.449,1222,919,None,Move,entertainment
1574522701.46,1236,918,None,Move,entertainment
1574522701.4729998,1247,919,None,Move,entertainment
1574522701.484,1255,920,None,Move,entertainment
1574522701.498,1264,925,None,Move,entertainment
1574522701.508,1270,928,None,Move,entertainment
1574522701.519,1275,934,None,Move,entertainment
1574522701.532,1279,943,None,Move,entertainment
1574522701.538,1283,955,None,Move,entertainment
1574522701.554,1284,965,None,Move,entertainment
1574522701.566,1284,977,None,Move,entertainment
1574522701.581,1284,984,None,Move,entertainment
1574522701.591,1283,991,None,Move,entertainment
1574522701.605,1280,996,None,Move,entertainment
1574522701.6179998,1278,1002,None,Move,entertainment
1574522701.6279998,1273,1008,None,Move,entertainment
1574522701.644,1268,1011,None,Move,entertainment
1574522701.653,1263,1016,None,Move,entertainment
1574522701.665,1257,1020,None,Move,entertainment
1574522701.679,1248,1025,None,Move,entertainment
1574522701.687,1238,1028,None,Move,entertainment
1574522701.7029998,1227,1028,None,Move,entertainment
1574522701.714,1218,1028,None,Move,entertainment
1574522701.725,1211,1028,None,Move,entertainment
1574522701.74,1199,1026,None,Move,entertainment
1574522701.7510002,1185,1025,None,Move,entertainment
1574522701.7629998,1170,1021,None,Move,entertainment
1574522701.776,1155,1017,None,Move,entertainment
1574522701.789,1141,1010,None,Move,entertainment
1574522701.804,1128,1003,None,Move,entertainment
1574522701.8170002,1116,997,None,Move,entertainment
1574522701.8279998,1109,993,None,Move,entertainment
1574522701.8379998,1095,989,None,Move,entertainment
1574522701.853,1088,987,None,Move,entertainment
1574522701.8679998,1081,987,None,Move,entertainment
1574522701.8820002,1078,987,None,Move,entertainment
1574522701.895,1073,987,None,Move,entertainment
1574522701.909,1070,987,None,Move,entertainment
1574522701.9220002,1068,987,None,Move,entertainment
1574522702.304,1035,988,None,Move,entertainment
1574522702.319,971,988,None,Move,entertainment
1574522702.33,907,988,None,Move,entertainment
1574522702.343,839,990,None,Move,entertainment
1574522702.356,777,992,None,Move,entertainment
1574522702.3660002,733,994,None,Move,entertainment
1574522702.38,697,998,None,Move,entertainment
1574522702.3879998,668,1002,None,Move,entertainment
1574522702.403,651,1005,None,Move,entertainment
1574522702.416,643,1005,None,Move,entertainment
1574522702.427,636,1005,None,Move,entertainment
1574522702.438,634,1005,None,Move,entertainment
1574522702.451,632,1005,None,Move,entertainment
1574522702.464,631,1004,None,Move,entertainment
1574522702.784,607,1006,None,Move,entertainment
1574522702.792,559,1008,None,Move,entertainment
1574522702.8070002,508,1008,None,Move,entertainment
1574522702.824,449,1006,None,Move,entertainment
1574522702.837,404,1004,None,Move,entertainment
1574522702.851,369,1002,None,Move,entertainment
1574522702.8620002,345,1002,None,Move,entertainment
1574522702.875,325,1002,None,Move,entertainment
1574522702.889,310,1005,None,Move,entertainment
1574522702.9020002,293,1006,None,Move,entertainment
1574522702.913,283,1007,None,Move,entertainment
1574522702.928,270,1011,None,Move,entertainment
1574522702.936,262,1013,None,Move,entertainment
1574522702.952,255,1015,None,Move,entertainment
1574522702.962,251,1018,None,Move,entertainment
1574522702.974,245,1020,None,Move,entertainment
1574522702.988,239,1022,None,Move,entertainment
1574522703.004,232,1026,None,Move,entertainment
1574522703.016,225,1029,None,Move,entertainment
1574522703.031,219,1033,None,Move,entertainment
1574522703.039,212,1035,None,Move,entertainment
1574522703.055,203,1037,None,Move,entertainment
1574522703.07,195,1037,None,Move,entertainment
1574522703.076,182,1036,None,Move,entertainment
1574522703.087,173,1034,None,Move,entertainment
1574522703.1,166,1030,None,Move,entertainment
1574522703.1120002,159,1028,None,Move,entertainment
1574522703.123,153,1025,None,Move,entertainment
1574522703.137,150,1023,None,Move,entertainment
1574522703.144,147,1022,None,Move,entertainment
1574522703.16,146,1021,None,Move,entertainment
1574522703.175,145,1020,None,Move,entertainment
1574522703.189,145,1019,None,Move,entertainment
1574522703.199,143,1019,None,Move,entertainment
1574522703.212,143,1018,None,Move,entertainment
1574522703.2229998,143,1017,None,Move,entertainment
1574522703.248,144,1017,None,Move,entertainment
1574522703.26,144,1017,None,Move,entertainment
1574522703.275,146,1018,None,Move,entertainment
1574522703.289,151,1020,None,Move,entertainment
1574522703.3,154,1023,None,Move,entertainment
1574522703.312,157,1026,None,Move,entertainment
1574522703.325,162,1032,None,Move,entertainment
1574522703.3379998,165,1036,None,Move,entertainment
1574522703.349,167,1040,None,Move,entertainment
1574522703.3620002,169,1043,None,Move,entertainment
1574522703.3760002,171,1046,None,Move,entertainment
1574522703.39,172,1048,None,Move,entertainment
1574522703.399,173,1050,None,Move,entertainment
1574522703.418,174,1050,None,Move,entertainment
1574522703.4320002,174,1051,None,Move,entertainment
1574522703.4420002,175,1052,None,Move,entertainment
1574522703.458,175,1053,None,Move,entertainment
1574522703.4729998,175,1053,None,Move,entertainment
1574522703.484,175,1054,None,Move,entertainment
1574522703.496,174,1055,None,Move,entertainment
1574522703.508,172,1058,None,Move,entertainment
1574522703.521,168,1060,None,Move,entertainment
1574522703.5370002,164,1062,None,Move,entertainment
1574522703.5470002,162,1063,None,Move,entertainment
1574522703.562,160,1063,None,Move,entertainment
1574522703.573,160,1063,None,Move,entertainment
1574522703.5879998,159,1063,None,Move,entertainment
1574522703.6020002,158,1063,None,Move,entertainment
1574522703.615,157,1064,None,Move,entertainment
1574522703.625,156,1064,None,Move,entertainment
1574522703.641,156,1064,None,Move,entertainment
1574522703.659,156,1065,None,Move,entertainment
1574522703.671,156,1065,None,Move,entertainment
1574522703.686,156,1067,None,Move,entertainment
1574522703.6929998,156,1067,None,Move,entertainment
1574522703.709,159,1069,None,Move,entertainment
1574522703.722,163,1071,None,Move,entertainment
1574522703.734,164,1073,None,Move,entertainment
1574522703.746,166,1073,None,Move,entertainment
1574522703.76,168,1074,None,Move,entertainment
1574522703.7729998,170,1074,None,Move,entertainment
1574522703.785,171,1075,None,Move,entertainment
1574522703.795,172,1075,None,Move,entertainment
1574522703.81,173,1075,None,Move,entertainment
1574522703.823,173,1075,None,Move,entertainment
1574522703.837,174,1075,None,Move,entertainment
1574522703.8520002,175,1075,None,Move,entertainment
1574522703.8660002,175,1075,None,Move,entertainment
1574522703.8779998,176,1075,None,Move,entertainment
1574522704.535,181,1074,None,Move,entertainment
1574522704.555,187,1071,None,Move,entertainment
1574522704.572,193,1069,None,Move,entertainment
1574522704.591,196,1068,None,Move,entertainment
1574522704.606,199,1067,None,Move,entertainment
1574522704.617,200,1067,None,Move,entertainment
1574522704.6320002,201,1067,None,Move,entertainment
1574522704.643,202,1067,None,Move,entertainment
1574522704.66,203,1067,None,Move,entertainment
1574522704.679,204,1067,None,Move,entertainment
1574522704.7,204,1067,None,Move,entertainment
1574522704.7329998,205,1067,None,Move,entertainment
1574522705.056,205,1067,Left,Pressed,entertainment
1574522705.2729998,205,1067,Left,Released,entertainment
1574522705.979,202,1067,None,Move,file system
1574522705.994,197,1067,None,Move,file system
1574522706.0070002,193,1067,None,Move,file system
1574522706.018,190,1066,None,Move,file system
1574522706.03,185,1066,None,Move,file system
1574522706.046,182,1066,None,Move,file system
1574522706.059,181,1066,None,Move,file system
1574522706.072,179,1066,None,Move,file system
1574522706.083,179,1066,None,Move,file system
1574522706.093,177,1065,None,Move,file system
1574522706.105,177,1065,None,Move,file system
1574522706.1160002,176,1065,None,Move,file system
1574522706.13,175,1064,None,Move,file system
1574522706.145,175,1064,None,Move,file system
1574522706.159,174,1064,None,Move,file system
1574522706.181,174,1063,None,Move,file system
1574522706.4829998,174,1063,Left,Pressed,file system
1574522706.7,174,1063,Left,Released,file system
1574522707.379,198,1032,None,Move,browsing
1574522707.391,237,992,None,Move,browsing
1574522707.404,287,942,None,Move,browsing
1574522707.415,342,894,None,Move,browsing
1574522707.425,424,831,None,Move,browsing
1574522707.44,522,764,None,Move,browsing
1574522707.454,613,704,None,Move,browsing
1574522707.467,686,665,None,Move,browsing
1574522707.476,748,640,None,Move,browsing
1574522707.485,774,627,None,Move,browsing
1574522707.4970002,789,622,None,Move,browsing
1574522707.508,810,617,None,Move,browsing
1574522707.516,819,616,None,Move,browsing
1574522707.5270002,827,616,None,Move,browsing
1574522707.538,833,617,None,Move,browsing
1574522707.5470002,837,618,None,Move,browsing
1574522707.56,838,619,None,Move,browsing
1574522707.569,841,621,None,Move,browsing
1574522707.5779998,843,623,None,Move,browsing
1574522707.59,844,625,None,Move,browsing
1574522710.611,843,627,None,Move,browsing
1574522710.621,841,628,None,Move,browsing
1574522710.6339998,841,628,None,Move,browsing
1574522710.647,841,625,None,Move,browsing
1574522710.656,847,616,None,Move,browsing
1574522710.67,853,605,None,Move,browsing
1574522710.6820002,868,591,None,Move,browsing
1574522710.696,939,535,None,Move,browsing
1574522710.712,1020,484,None,Move,browsing
1574522710.7229998,1097,436,None,Move,browsing
1574522710.736,1152,412,None,Move,browsing
1574522710.75,1204,391,None,Move,browsing
1574522710.762,1264,377,None,Move,browsing
1574522710.776,1308,364,None,Move,browsing
1574522710.7870002,1341,356,None,Move,browsing
1574522710.795,1370,352,None,Move,browsing
1574522710.8070002,1386,349,None,Move,browsing
1574522710.823,1398,348,None,Move,browsing
1574522710.832,1406,348,None,Move,browsing
1574522710.849,1409,348,None,Move,browsing
1574522710.86,1411,348,None,Move,browsing
1574522710.873,1414,349,None,Move,browsing
1574522710.887,1415,351,None,Move,browsing
1574522710.899,1415,355,None,Move,browsing
1574522710.911,1415,360,None,Move,browsing
1574522710.9220002,1413,364,None,Move,browsing
1574522711.176,1456,338,None,Move,browsing
1574522711.197,1508,311,None,Move,browsing
1574522711.212,1546,296,None,Move,browsing
1574522711.224,1574,287,None,Move,browsing
1574522711.235,1590,281,None,Move,browsing
1574522711.246,1611,278,None,Move,browsing
1574522711.2570002,1623,277,None,Move,browsing
1574522711.2670002,1632,275,None,Move,browsing
1574522711.282,1636,275,None,Move,browsing
1574522711.296,1638,275,None,Move,browsing
1574522711.303,1639,275,None,Move,browsing
1574522711.3170002,1641,275,None,Move,browsing
1574522711.3279998,1642,275,None,Move,browsing
1574522718.7529998,1650,258,None,Move,browsing
1574522718.766,1672,222,None,Move,browsing
1574522718.775,1697,182,None,Move,browsing
1574522718.79,1721,145,None,Move,browsing
1574522718.798,1745,108,None,Move,browsing
1574522718.81,1769,67,None,Move,browsing
1574522718.8179998,1791,39,None,Move,browsing
1574522718.836,1811,11,None,Move,browsing
1574522718.844,1830,-14,None,Move,browsing
1574522718.8579998,1845,-18,None,Move,browsing
1574522718.8660002,1857,-15,None,Move,browsing
1574522718.879,1864,-11,None,Move,browsing
1574522718.89,1870,-6,None,Move,browsing
1574522718.9020002,1876,-5,None,Move,browsing
1574522718.913,1880,-3,None,Move,browsing
1574522718.924,1883,-2,None,Move,browsing
1574522718.9320002,1886,-2,None,Move,browsing
1574522718.946,1888,-1,None,Move,browsing
1574522718.955,1889,0,None,Move,browsing
1574522718.962,1890,0,None,Move,browsing
1574522719.291,1882,0,None,Move,browsing
1574522719.302,1873,2,None,Move,browsing
1574522719.312,1864,3,None,Move,browsing
1574522719.327,1851,6,None,Move,browsing
1574522719.34,1844,7,None,Move,browsing
1574522719.353,1836,8,None,Move,browsing
1574522719.36,1829,9,None,Move,browsing
1574522719.373,1823,10,None,Move,browsing
1574522719.383,1818,10,None,Move,browsing
1574522719.395,1815,11,None,Move,browsing
1574522719.405,1811,11,None,Move,browsing
1574522719.416,1808,12,None,Move,browsing
1574522719.429,1805,13,None,Move,browsing
1574522719.441,1802,13,None,Move,browsing
1574522719.456,1798,13,None,Move,browsing
1574522719.467,1796,13,None,Move,browsing
1574522719.4829998,1795,13,None,Move,browsing
1574522719.4929998,1794,13,None,Move,browsing
1574522719.504,1794,13,None,Move,browsing
1574522719.512,1793,13,None,Move,browsing
1574522719.528,1793,13,None,Move,browsing
1574522719.539,1792,13,None,Move,browsing
1574522719.548,1791,13,None,Move,browsing
1574522719.5570002,1790,13,None,Move,browsing
1574522719.572,1790,13,None,Move,browsing
1574522719.593,1789,13,None,Move,browsing
1574522719.6079998,1788,13,None,Move,browsing
1574522719.645,1787,13,None,Move,browsing
1574522719.722,1787,14,None,Move,browsing
1574522719.744,1787,14,None,Move,browsing
1574522719.7570002,1789,14,None,Move,browsing
1574522719.769,1796,14,None,Move,browsing
1574522719.783,1803,14,None,Move,browsing
1574522719.795,1810,14,None,Move,browsing
1574522719.8079998,1814,14,None,Move,browsing
1574522719.821,1818,14,None,Move,browsing
1574522719.833,1823,14,None,Move,browsing
1574522719.845,1828,14,None,Move,browsing
1574522719.856,1829,14,None,Move,browsing
1574522719.865,1831,14,None,Move,browsing
1574522719.8760002,1832,14,None,Move,browsing
1574522719.8879998,1833,14,None,Move,browsing
1574522719.899,1833,14,None,Move,browsing
1574522719.91,1834,14,None,Move,browsing
1574522719.928,1834,14,None,Move,browsing
1574522719.94,1835,14,None,Move,browsing
1574522719.97,1836,14,None,Move,browsing
1574522719.992,1837,14,None,Move,browsing
1574522720.016,1838,14,None,Move,browsing
1574522720.03,1839,14,None,Move,browsing
1574522720.339,1839,14,Left,Pressed,browsing
1574522720.5570002,1839,14,Left,Released,browsing
1574522721.0579998,1828,25,None,Move,entertainment
1574522721.081,1810,40,None,Move,entertainment
1574522721.104,1791,57,None,Move,entertainment
1574522721.131,1775,73,None,Move,entertainment
1574522721.15,1760,85,None,Move,entertainment
1574522721.163,1750,95,None,Move,entertainment
1574522721.174,1742,102,None,Move,entertainment
1574522721.1829998,1733,112,None,Move,entertainment
1574522721.194,1726,120,None,Move,entertainment
1574522721.2029998,1720,128,None,Move,entertainment
1574522721.214,1717,132,None,Move,entertainment
1574522721.225,1713,136,None,Move,entertainment
1574522721.2370002,1710,139,None,Move,entertainment
1574522721.248,1708,140,None,Move,entertainment
1574522721.26,1707,142,None,Move,entertainment
1574522721.268,1707,143,None,Move,entertainment
1574522721.284,1706,144,None,Move,entertainment
1574522721.575,1670,165,None,Move,entertainment
1574522721.585,1626,193,None,Move,entertainment
1574522721.597,1582,221,None,Move,entertainment
1574522721.613,1542,243,None,Move,entertainment
1574522721.621,1492,274,None,Move,entertainment
1574522721.6360002,1455,295,None,Move,entertainment
1574522721.6479998,1422,316,None,Move,entertainment
1574522721.657,1406,325,None,Move,entertainment
1574522721.667,1389,336,None,Move,entertainment
1574522721.675,1380,341,None,Move,entertainment
1574522721.686,1374,346,None,Move,entertainment
1574522721.698,1370,348,None,Move,entertainment
1574522721.71,1367,350,None,Move,entertainment
1574522721.722,1367,351,None,Move,entertainment
1574522722.143,1341,358,None,Move,entertainment
1574522722.167,1295,367,None,Move,entertainment
1574522722.187,1255,375,None,Move,entertainment
1574522722.199,1222,381,None,Move,entertainment
1574522722.208,1203,384,None,Move,entertainment
1574522722.219,1182,390,None,Move,entertainment
1574522722.226,1156,393,None,Move,entertainment
1574522722.2410002,1141,395,None,Move,entertainment
1574522722.252,1133,396,None,Move,entertainment
1574522722.264,1129,396,None,Move,entertainment
1574522722.2770002,1127,396,None,Move,entertainment
1574522722.286,1126,396,None,Move,entertainment
1574522722.3,1126,396,None,Move,entertainment
1574522722.861,1126,406,None,Move,entertainment
1574522722.87,1126,416,None,Move,entertainment
1574522722.885,1126,429,None,Move,entertainment
1574522722.897,1126,441,None,Move,entertainment
1574522722.906,1129,455,None,Move,entertainment
1574522722.919,1131,462,None,Move,entertainment
1574522722.931,1135,474,None,Move,entertainment
1574522722.941,1140,483,None,Move,entertainment
1574522722.949,1146,491,None,Move,entertainment
1574522722.957,1150,500,None,Move,entertainment
1574522722.967,1155,508,None,Move,entertainment
1574522722.98,1158,514,None,Move,entertainment
1574522722.988,1163,520,None,Move,entertainment
1574522723.002,1166,525,None,Move,entertainment
1574522723.012,1169,530,None,Move,entertainment
1574522723.024,1171,533,None,Move,entertainment
1574522723.034,1173,535,None,Move,entertainment
1574522723.045,1176,538,None,Move,entertainment
1574522723.056,1176,540,None,Move,entertainment
1574522723.064,1178,542,None,Move,entertainment
1574522723.077,1179,543,None,Move,entertainment
1574522723.087,1179,544,None,Move,entertainment
1574522723.099,1181,546,None,Move,entertainment
1574522724.563,1158,567,None,Move,entertainment
1574522724.571,1112,607,None,Move,entertainment
1574522724.585,1043,665,None,Move,entertainment
1574522724.597,991,710,None,Move,entertainment
1574522724.61,922,771,None,Move,entertainment
1574522724.6239998,856,826,None,Move,entertainment
1574522724.6360002,798,874,None,Move,entertainment
1574522724.649,746,913,None,Move,entertainment
1574522724.661,705,943,None,Move,entertainment
1574522724.673,674,963,None,Move,entertainment
1574522724.685,654,977,None,Move,entertainment
1574522724.696,645,982,None,Move,entertainment
1574522724.708,637,986,None,Move,entertainment
1574522724.72,630,991,None,Move,entertainment
1574522724.731,627,993,None,Move,entertainment
1574522724.7429998,624,994,None,Move,entertainment
1574522724.754,622,996,None,Move,entertainment
1574522724.766,622,997,None,Move,entertainment
1574522724.7770002,620,997,None,Move,entertainment
1574522725.087,594,1003,None,Move,entertainment
1574522725.111,547,1014,None,Move,entertainment
1574522725.135,500,1026,None,Move,entertainment
1574522725.1520002,463,1035,None,Move,entertainment
1574522725.163,417,1041,None,Move,entertainment
1574522725.1720002,392,1042,None,Move,entertainment
1574522725.19,379,1042,None,Move,entertainment
1574522725.201,371,1041,None,Move,entertainment
1574522725.214,362,1040,None,Move,entertainment
1574522725.225,359,1038,None,Move,entertainment
1574522725.231,355,1032,None,Move,entertainment
1574522725.246,354,1027,None,Move,entertainment
1574522725.254,355,1018,None,Move,entertainment
1574522725.2670002,360,1009,None,Move,entertainment
1574522725.275,364,1004,None,Move,entertainment
1574522725.6,342,1005,None,Move,entertainment
1574522725.615,297,1009,None,Move,entertainment
1574522725.6239998,259,1011,None,Move,entertainment
1574522725.6339998,228,1011,None,Move,entertainment
1574522725.647,207,1011,None,Move,entertainment
1574522725.659,183,1011,None,Move,entertainment
1574522725.667,166,1011,None,Move,entertainment
1574522725.6820002,151,1011,None,Move,entertainment
1574522725.6929998,142,1011,None,Move,entertainment
1574522725.701,134,1011,None,Move,entertainment
1574522725.714,129,1011,None,Move,entertainment
1574522725.722,126,1011,None,Move,entertainment
1574522725.735,122,1011,None,Move,entertainment
1574522725.7489998,119,1010,None,Move,entertainment
1574522725.7589998,116,1009,None,Move,entertainment
1574522725.772,114,1008,None,Move,entertainment
1574522725.782,111,1007,None,Move,entertainment
1574522725.795,108,1007,None,Move,entertainment
1574522725.8070002,106,1007,None,Move,entertainment
1574522725.822,104,1007,None,Move,entertainment
1574522725.833,102,1007,None,Move,entertainment
1574522725.845,101,1007,None,Move,entertainment
1574522725.856,100,1007,None,Move,entertainment
1574522725.867,99,1007,None,Move,entertainment
1574522725.879,98,1007,None,Move,entertainment
1574522725.887,98,1007,None,Move,entertainment
1574522725.903,97,1007,None,Move,entertainment
1574522725.914,97,1007,None,Move,entertainment
1574522725.926,96,1007,None,Move,entertainment
1574522725.937,96,1007,None,Move,entertainment
1574522725.947,97,1009,None,Move,entertainment
1574522725.956,103,1012,None,Move,entertainment
1574522725.964,110,1017,None,Move,entertainment
1574522725.969,118,1024,None,Move,entertainment
1574522725.979,124,1027,None,Move,entertainment
1574522725.988,129,1031,None,Move,entertainment
1574522725.998,133,1034,None,Move,entertainment
1574522726.0070002,137,1038,None,Move,entertainment
1574522726.0170002,142,1044,None,Move,entertainment
1574522726.022,145,1046,None,Move,entertainment
1574522726.035,151,1051,None,Move,entertainment
1574522726.045,154,1056,None,Move,entertainment
1574522726.054,157,1058,None,Move,entertainment
1574522726.0670002,161,1062,None,Move,entertainment
1574522726.08,164,1064,None,Move,entertainment
1574522726.092,168,1066,None,Move,entertainment
1574522726.104,170,1069,None,Move,entertainment
1574522726.115,171,1071,None,Move,entertainment
1574522726.129,174,1072,None,Move,entertainment
1574522726.137,176,1073,None,Move,entertainment
1574522726.153,177,1073,None,Move,entertainment
1574522726.164,179,1075,None,Move,entertainment
1574522726.177,180,1076,None,Move,entertainment
1574522726.19,181,1077,None,Move,entertainment
1574522726.202,183,1078,None,Move,entertainment
1574522726.211,183,1079,None,Move,entertainment
1574522726.222,185,1080,None,Move,entertainment
1574522726.234,186,1079,None,Move,entertainment
1574522726.246,187,1080,None,Move,entertainment
1574522726.258,188,1079,None,Move,entertainment
1574522726.27,188,1081,None,Move,entertainment
1574522726.282,188,1080,None,Move,entertainment
1574522726.294,190,1079,None,Move,entertainment
1574522726.302,190,1079,None,Move,entertainment
1574522726.323,191,1079,None,Move,entertainment
1574522726.34,191,1080,None,Move,entertainment
1574522726.385,191,1079,None,Move,entertainment
1574522726.3979998,188,1079,None,Move,entertainment
1574522726.409,185,1076,None,Move,entertainment
1574522726.4220002,181,1074,None,Move,entertainment
1574522726.4320002,178,1073,None,Move,entertainment
1574522726.447,177,1073,None,Move,entertainment
1574522726.461,176,1073,None,Move,entertainment
1574522726.47,176,1073,None,Move,entertainment
1574522726.48,175,1073,None,Move,entertainment
1574522726.492,174,1071,None,Move,entertainment
1574522726.506,173,1071,None,Move,entertainment
1574522726.514,172,1071,None,Move,entertainment
1574522726.529,171,1071,None,Move,entertainment
1574522726.543,171,1071,None,Move,entertainment
1574522726.551,171,1071,None,Move,entertainment
1574522726.873,171,1071,Left,Pressed,entertainment
1574522727.091,171,1071,Left,Released,entertainment
1574522727.839,188,1051,None,Move,browsing
1574522727.851,217,1022,None,Move,browsing
1574522727.861,257,979,None,Move,browsing
1574522727.8760002,297,940,None,Move,browsing
1574522727.8879998,333,904,None,Move,browsing
1574522727.901,369,868,None,Move,browsing
1574522727.915,388,849,None,Move,browsing
1574522727.927,415,820,None,Move,browsing
1574522727.94,447,792,None,Move,browsing
1574522727.952,486,758,None,Move,browsing
1574522727.9629998,528,723,None,Move,browsing
1574522727.972,546,708,None,Move,browsing
1574522727.9889998,560,698,None,Move,browsing
1574522728.0010002,571,690,None,Move,browsing
1574522728.0110002,577,686,None,Move,browsing
1574522728.021,578,684,None,Move,browsing
1574522728.035,580,683,None,Move,browsing
1574522728.046,581,683,None,Move,browsing
1574522728.3679998,596,659,None,Move,browsing
1574522728.379,625,612,None,Move,browsing
1574522728.394,652,571,None,Move,browsing
1574522728.405,681,530,None,Move,browsing
1574522728.414,708,493,None,Move,browsing
1574522728.4320002,734,455,None,Move,browsing
1574522728.4420002,753,431,None,Move,browsing
1574522728.452,763,418,None,Move,browsing
1574522728.467,771,408,None,Move,browsing
1574522728.48,772,406,None,Move,browsing
1574522728.49,775,404,None,Move,browsing
1574522728.948,777,386,None,Move,browsing
1574522728.957,778,354,None,Move,browsing
1574522728.969,780,319,None,Move,browsing
1574522728.979,782,278,None,Move,browsing
1574522728.992,782,247,None,Move,browsing
1574522729.005,782,213,None,Move,browsing
1574522729.018,782,193,None,Move,browsing
1574522729.029,782,162,None,Move,browsing
1574522729.04,780,141,None,Move,browsing
1574522729.051,779,128,None,Move,browsing
1574522729.06,777,118,None,Move,browsing
1574522729.069,774,108,None,Move,browsing
1574522729.083,772,104,None,Move,browsing
1574522729.0879998,769,101,None,Move,browsing
1574522729.1020002,767,99,None,Move,browsing
1574522729.4320002,755,91,None,Move,browsing
1574522729.446,738,77,None,Move,browsing
1574522729.458,723,65,None,Move,browsing
1574522729.4729998,711,57,None,Move,browsing
1574522729.485,697,50,None,Move,browsing
1574522729.495,683,43,None,Move,browsing
1574522729.5070002,667,37,None,Move,browsing
1574522729.5170002,657,34,None,Move,browsing
1574522729.529,644,31,None,Move,browsing
1574522729.542,632,30,None,Move,browsing
1574522729.551,620,30,None,Move,browsing
1574522729.5670002,611,30,None,Move,browsing
1574522729.577,603,30,None,Move,browsing
1574522729.592,594,33,None,Move,browsing
1574522729.604,585,34,None,Move,browsing
1574522729.615,577,36,None,Move,browsing
1574522729.6260002,571,38,None,Move,browsing
1574522729.637,568,41,None,Move,browsing
1574522729.649,564,43,None,Move,browsing
1574522729.661,561,45,None,Move,browsing
1574522729.6720002,558,47,None,Move,browsing
1574522729.6829998,556,48,None,Move,browsing
1574522729.697,554,50,None,Move,browsing
1574522729.708,552,53,None,Move,browsing
1574522729.72,552,53,None,Move,browsing
1574522729.7329998,551,54,None,Move,browsing
1574522729.744,550,54,None,Move,browsing
1574522729.756,549,54,None,Move,browsing
1574522729.768,549,54,None,Move,browsing
1574522729.7770002,549,54,None,Move,browsing
1574522729.795,549,49,None,Move,browsing
1574522729.8079998,551,41,None,Move,browsing
1574522729.821,553,33,None,Move,browsing
1574522729.834,557,26,None,Move,browsing
1574522729.847,561,18,None,Move,browsing
1574522729.86,563,14,None,Move,browsing
1574522729.8660002,564,11,None,Move,browsing
1574522729.879,565,10,None,Move,browsing
1574522729.8920002,566,8,None,Move,browsing
1574522729.904,566,8,None,Move,browsing
1574522729.918,566,6,None,Move,browsing
1574522729.931,567,6,None,Move,browsing
1574522729.9429998,567,5,None,Move,browsing
1574522729.964,568,5,None,Move,browsing
1574522729.979,568,4,None,Move,browsing
1574522730.0089998,568,4,None,Move,browsing
1574522730.0470002,569,4,None,Move,browsing
1574522730.092,570,4,None,Move,browsing
1574522730.165,570,4,None,Move,browsing
1574522730.184,569,6,None,Move,browsing
1574522730.202,568,9,None,Move,browsing
1574522730.217,567,12,None,Move,browsing
1574522730.229,566,14,None,Move,browsing
1574522730.238,564,15,None,Move,browsing
1574522730.2489998,562,17,None,Move,browsing
1574522730.26,561,19,None,Move,browsing
1574522730.271,560,20,None,Move,browsing
1574522730.284,559,23,None,Move,browsing
1574522730.2970002,558,25,None,Move,browsing
1574522730.312,557,28,None,Move,browsing
1574522730.324,557,29,None,Move,browsing
1574522730.337,557,31,None,Move,browsing
1574522730.349,557,33,None,Move,browsing
1574522730.36,557,34,None,Move,browsing
1574522730.371,557,35,None,Move,browsing
1574522730.38,557,36,None,Move,browsing
1574522730.393,557,37,None,Move,browsing
1574522730.407,559,39,None,Move,browsing
1574522730.419,564,42,None,Move,browsing
1574522730.4320002,570,47,None,Move,browsing
1574522730.446,577,49,None,Move,browsing
1574522730.458,586,52,None,Move,browsing
1574522730.471,594,53,None,Move,browsing
1574522730.4829998,601,55,None,Move,browsing
1574522730.496,611,56,None,Move,browsing
1574522730.5089998,623,60,None,Move,browsing
1574522730.521,635,62,None,Move,browsing
1574522730.534,645,65,None,Move,browsing
1574522730.5470002,657,69,None,Move,browsing
1574522730.5579998,668,73,None,Move,browsing
1574522730.572,677,78,None,Move,browsing
1574522730.583,685,82,None,Move,browsing
1574522730.603,691,86,None,Move,browsing
1574522730.619,695,88,None,Move,browsing
1574522730.6320002,697,90,None,Move,browsing
1574522730.644,698,93,None,Move,browsing
1574522730.656,701,95,None,Move,browsing
1574522731.911,713,89,None,Move,browsing
1574522731.949,715,89,None,Move,browsing
1574522731.959,726,83,None,Move,browsing
1574522731.966,740,76,None,Move,browsing
1574522731.98,754,69,None,Move,browsing
1574522731.9910002,768,63,None,Move,browsing
1574522732.002,781,58,None,Move,browsing
1574522732.0129998,795,57,None,Move,browsing
1574522732.026,805,57,None,Move,browsing
1574522732.035,815,57,None,Move,browsing
1574522732.045,824,58,None,Move,browsing
1574522732.0570002,838,68,None,Move,browsing
1574522732.069,855,83,None,Move,browsing
1574522732.083,877,111,None,Move,browsing
1574522732.0979998,898,148,None,Move,browsing
1574522732.1120002,912,177,None,Move,browsing
1574522732.125,921,205,None,Move,browsing
1574522732.1320002,925,220,None,Move,browsing
1574522732.146,929,237,None,Move,browsing
1574522732.16,932,250,None,Move,browsing
1574522732.174,933,262,None,Move,browsing
1574522732.187,934,271,None,Move,browsing
1574522733.695,922,266,None,Move,browsing
1574522733.706,908,261,None,Move,browsing
1574522733.72,891,250,None,Move,browsing
1574522733.728,870,235,None,Move,browsing
1574522733.742,849,220,None,Move,browsing
1574522733.754,821,198,None,Move,browsing
1574522733.766,799,178,None,Move,browsing
1574522733.7770002,767,153,None,Move,browsing
1574522733.788,745,132,None,Move,browsing
1574522733.8,731,117,None,Move,browsing
1574522733.811,722,104,None,Move,browsing
1574522733.823,713,93,None,Move,browsing
1574522733.835,706,82,None,Move,browsing
1574522733.8479998,698,71,None,Move,browsing
1574522733.8620002,693,64,None,Move,browsing
1574522733.875,685,53,None,Move,browsing
1574522733.885,680,47,None,Move,browsing
1574522733.8979998,677,43,None,Move,browsing
1574522733.908,672,35,None,Move,browsing
1574522733.923,670,31,None,Move,browsing
1574522733.935,665,26,None,Move,browsing
1574522733.948,662,22,None,Move,browsing
1574522733.962,659,18,None,Move,browsing
1574522733.975,653,15,None,Move,browsing
1574522733.984,649,11,None,Move,browsing
1574522734.0010002,645,9,None,Move,browsing
1574522734.014,641,7,None,Move,browsing
1574522734.021,635,5,None,Move,browsing
1574522734.038,629,4,None,Move,browsing
1574522734.05,626,3,None,Move,browsing
1574522734.062,620,3,None,Move,browsing
1574522734.073,616,3,None,Move,browsing
1574522734.09,614,3,None,Move,browsing
1574522734.1020002,610,3,None,Move,browsing
1574522734.117,608,3,None,Move,browsing
1574522734.127,606,3,None,Move,browsing
1574522734.143,605,3,None,Move,browsing
1574522734.156,604,3,None,Move,browsing
1574522734.168,603,4,None,Move,browsing
1574522734.1820002,602,4,None,Move,browsing
1574522734.1929998,602,6,None,Move,browsing
1574522734.205,601,7,None,Move,browsing
1574522734.219,600,7,None,Move,browsing
1574522734.2329998,600,7,None,Move,browsing
1574522734.244,599,8,None,Move,browsing
1574522734.255,598,8,None,Move,browsing
1574522734.272,598,8,None,Move,browsing
1574522734.283,598,9,None,Move,browsing
1574522734.294,598,10,None,Move,browsing
1574522734.309,597,11,None,Move,browsing
1574522734.32,596,12,None,Move,browsing
1574522734.331,595,12,None,Move,browsing
1574522734.343,595,13,None,Move,browsing
1574522734.355,595,14,None,Move,browsing
1574522734.369,595,14,None,Move,browsing
1574522734.38,595,15,None,Move,browsing
1574522734.389,595,15,None,Move,browsing
1574522734.3979998,595,16,None,Move,browsing
1574522734.4120002,595,17,None,Move,browsing
1574522734.419,595,18,None,Move,browsing
1574522734.4320002,595,19,None,Move,browsing
1574522734.4420002,595,20,None,Move,browsing
1574522734.449,595,21,None,Move,browsing
1574522734.459,595,22,None,Move,browsing
1574522734.472,595,22,None,Move,browsing
1574522734.486,595,23,None,Move,browsing
1574522734.5010002,595,24,None,Move,browsing
1574522734.51,595,24,None,Move,browsing
1574522734.526,597,26,None,Move,browsing
1574522734.54,599,27,None,Move,browsing
1574522734.555,602,29,None,Move,browsing
1574522734.5670002,607,33,None,Move,browsing
1574522734.581,611,35,None,Move,browsing
1574522734.594,614,37,None,Move,browsing
1574522734.607,617,38,None,Move,browsing
1574522734.621,620,39,None,Move,browsing
1574522734.6360002,622,40,None,Move,browsing
1574522734.65,624,41,None,Move,browsing
1574522734.661,626,42,None,Move,browsing
1574522734.674,627,44,None,Move,browsing
1574522734.6829998,628,45,None,Move,browsing
1574522734.697,628,45,None,Move,browsing
1574522734.708,629,46,None,Move,browsing
1574522734.715,630,47,None,Move,browsing
1574522734.731,631,47,None,Move,browsing
1574522734.7429998,632,49,None,Move,browsing
1574522734.7529998,632,49,None,Move,browsing
1574522734.774,633,50,None,Move,browsing
1574522734.786,637,51,None,Move,browsing
1574522734.798,640,52,None,Move,browsing
1574522734.812,643,53,None,Move,browsing
1574522734.824,647,54,None,Move,browsing
1574522734.833,650,54,None,Move,browsing
1574522734.8479998,654,54,None,Move,browsing
1574522734.8579998,656,55,None,Move,browsing
1574522734.87,660,56,None,Move,browsing
1574522734.88,662,56,None,Move,browsing
1574522734.89,663,58,None,Move,browsing
1574522734.9020002,666,59,None,Move,browsing
1574522734.91,669,60,None,Move,browsing
1574522734.9220002,672,61,None,Move,browsing
1574522734.9329998,675,62,None,Move,browsing
1574522734.945,677,65,None,Move,browsing
1574522734.955,682,67,None,Move,browsing
1574522734.967,685,69,None,Move,browsing
1574522734.976,689,72,None,Move,browsing
1574522734.9829998,692,74,None,Move,browsing
1574522734.998,695,76,None,Move,browsing
1574522735.012,697,80,None,Move,browsing
1574522735.026,700,83,None,Move,browsing
1574522735.039,703,88,None,Move,browsing
1574522735.049,706,90,None,Move,browsing
1574522735.063,709,95,None,Move,browsing
1574522735.074,711,97,None,Move,browsing
1574522735.087,714,100,None,Move,browsing
1574522735.097,715,103,None,Move,browsing
1574522735.1120002,716,105,None,Move,browsing
1574522735.127,717,107,None,Move,browsing
1574522735.139,719,108,None,Move,browsing
1574522735.149,719,109,None,Move,browsing
1574522735.157,720,110,None,Move,browsing
1574522735.17,720,110,None,Move,browsing
1574522735.181,720,111,None,Move,browsing
1574522735.191,721,111,None,Move,browsing
1574522735.4929998,679,169,None,Move,browsing
1574522735.508,615,266,None,Move,browsing
1574522735.52,560,360,None,Move,browsing
1574522735.5370002,519,446,None,Move,browsing
1574522735.549,492,511,None,Move,browsing
1574522735.562,473,559,None,Move,browsing
1574522735.5779998,464,586,None,Move,browsing
1574522735.594,462,595,None,Move,browsing
1574522735.6079998,459,601,None,Move,browsing
1574522735.62,459,603,None,Move,browsing
1574522735.6339998,459,605,None,Move,browsing
1574522735.915,423,642,None,Move,browsing
1574522735.929,372,701,None,Move,browsing
1574522735.9420002,320,767,None,Move,browsing
1574522735.952,280,821,None,Move,browsing
1574522735.965,243,873,None,Move,browsing
1574522735.9770002,217,923,None,Move,browsing
1574522735.9889998,199,950,None,Move,browsing
1574522736.0,186,975,None,Move,browsing
1574522736.012,181,988,None,Move,browsing
1574522736.024,178,995,None,Move,browsing
1574522736.0370002,177,998,None,Move,browsing
1574522736.048,176,999,None,Move,browsing
1574522736.33,177,1006,None,Move,browsing
1574522736.355,182,1013,None,Move,browsing
1574522736.3820002,186,1019,None,Move,browsing
1574522736.406,191,1025,None,Move,browsing
1574522736.4320002,191,1028,None,Move,browsing
1574522736.46,191,1029,None,Move,browsing
1574522736.48,191,1029,None,Move,browsing
1574522736.494,191,1031,None,Move,browsing
1574522736.506,191,1031,None,Move,browsing
1574522736.5170002,191,1032,None,Move,browsing
1574522736.529,191,1032,None,Move,browsing
1574522736.543,191,1033,None,Move,browsing
1574522736.551,190,1034,None,Move,browsing
1574522736.5670002,190,1037,None,Move,browsing
1574522736.5779998,190,1038,None,Move,browsing
1574522736.589,190,1039,None,Move,browsing
1574522736.6,190,1039,None,Move,browsing
1574522736.61,190,1040,None,Move,browsing
1574522736.625,190,1040,None,Move,browsing
1574522736.6379998,190,1041,None,Move,browsing
1574522736.647,191,1041,None,Move,browsing
1574522736.661,192,1042,None,Move,browsing
1574522736.674,194,1043,None,Move,browsing
1574522736.684,196,1046,None,Move,browsing
1574522736.698,198,1048,None,Move,browsing
1574522736.714,200,1053,None,Move,browsing
1574522736.7270002,202,1055,None,Move,browsing
1574522736.7389998,203,1059,None,Move,browsing
1574522736.752,204,1062,None,Move,browsing
1574522736.765,204,1064,None,Move,browsing
1574522736.7770002,204,1066,None,Move,browsing
1574522736.792,204,1067,None,Move,browsing
1574522736.805,204,1068,None,Move,browsing
1574522736.819,204,1069,None,Move,browsing
1574522736.834,204,1070,None,Move,browsing
1574522736.847,204,1071,None,Move,browsing
1574522736.863,204,1071,None,Move,browsing
1574522737.1379998,204,1071,Left,Pressed,browsing
1574522737.367,204,1071,Left,Released,browsing
1574522737.705,210,1064,None,Move,file system
1574522737.719,216,1052,None,Move,file system
1574522737.7370002,221,1041,None,Move,file system
1574522737.7510002,224,1034,None,Move,file system
1574522737.7670002,225,1030,None,Move,file system
1574522737.783,225,1028,None,Move,file system
1574522737.799,225,1028,None,Move,file system
1574522737.815,225,1028,None,Move,file system
1574522737.829,225,1026,None,Move,file system
1574522737.844,224,1024,None,Move,file system
1574522737.859,223,1023,None,Move,file system
1574522737.8720002,217,1019,None,Move,file system
1574522737.8839998,208,1015,None,Move,file system
1574522737.893,201,1012,None,Move,file system
1574522737.909,194,1008,None,Move,file system
1574522737.9220002,185,1007,None,Move,file system
1574522737.938,176,1007,None,Move,file system
1574522737.952,168,1007,None,Move,file system
1574522737.964,159,1007,None,Move,file system
1574522737.9770002,152,1008,None,Move,file system
1574522737.992,148,1009,None,Move,file system
1574522738.005,144,1009,None,Move,file system
1574522738.016,141,1011,None,Move,file system
1574522738.032,140,1011,None,Move,file system
1574522738.045,139,1012,None,Move,file system
1574522738.0579998,138,1012,None,Move,file system
1574522738.071,137,1012,None,Move,file system
1574522738.087,136,1012,None,Move,file system
1574522738.0979998,135,1012,None,Move,file system
1574522738.315,135,1012,Left,Pressed,file system
1574522738.53,135,1012,Left,Released,file system
1574522738.978,146,979,None,Move,browsing
1574522738.992,171,920,None,Move,browsing
1574522739.002,205,845,None,Move,browsing
1574522739.014,245,768,None,Move,browsing
1574522739.0270002,287,691,None,Move,browsing
1574522739.041,327,618,None,Move,browsing
1574522739.056,361,564,None,Move,browsing
1574522739.069,399,507,None,Move,browsing
1574522739.085,426,466,None,Move,browsing
1574522739.097,456,425,None,Move,browsing
1574522739.1120002,467,412,None,Move,browsing
1574522739.1260002,473,406,None,Move,browsing
1574522739.139,476,403,None,Move,browsing
1574522739.151,477,402,None,Move,browsing
1574522739.16,479,401,None,Move,browsing
1574522739.519,487,364,None,Move,browsing
1574522739.54,501,314,None,Move,browsing
1574522739.559,512,270,None,Move,browsing
1574522739.584,513,257,None,Move,browsing
1574522739.606,513,250,None,Move,browsing
1574522739.6279998,512,247,None,Move,browsing
1574522739.65,504,245,None,Move,browsing
1574522739.6720002,492,246,None,Move,browsing
1574522739.6920002,486,249,None,Move,browsing
1574522740.0,481,221,None,Move,browsing
1574522740.01,477,162,None,Move,browsing
1574522740.026,470,103,None,Move,browsing
1574522740.0470002,468,55,None,Move,browsing
1574522740.063,465,40,None,Move,browsing
1574522740.077,463,28,None,Move,browsing
1574522740.093,459,17,None,Move,browsing
1574522740.109,454,9,None,Move,browsing
1574522740.1260002,449,5,None,Move,browsing
1574522740.139,445,2,None,Move,browsing
1574522740.156,440,-3,None,Move,browsing
1574522740.171,436,-1,None,Move,browsing
1574522740.188,435,0,None,Move,browsing
1574522740.204,434,0,None,Move,browsing
1574522740.219,432,0,None,Move,browsing
1574522740.238,432,0,None,Move,browsing
1574522740.258,432,0,None,Move,browsing
1574522740.272,431,0,None,Move,browsing
1574522740.291,430,0,None,Move,browsing
1574522740.305,429,0,None,Move,browsing
1574522740.323,428,0,None,Move,browsing
1574522740.336,427,0,None,Move,browsing
1574522740.35,426,0,None,Move,browsing
1574522740.3660002,426,1,None,Move,browsing
1574522740.379,425,2,None,Move,browsing
1574522740.3920002,424,3,None,Move,browsing
1574522740.406,423,4,None,Move,browsing
1574522740.421,422,6,None,Move,browsing
1574522740.436,420,7,None,Move,browsing
1574522740.4529998,419,10,None,Move,browsing
1574522740.47,418,11,None,Move,browsing
1574522740.4829998,417,12,None,Move,browsing
1574522740.4970002,415,14,None,Move,browsing
1574522740.514,414,15,None,Move,browsing
1574522740.529,413,16,None,Move,browsing
1574522740.542,413,16,None,Move,browsing
1574522740.556,412,16,None,Move,browsing
1574522740.569,412,16,None,Move,browsing
1574522740.58,410,16,None,Move,browsing
1574522740.591,409,17,None,Move,browsing
1574522740.6079998,409,18,None,Move,browsing
1574522740.62,408,18,None,Move,browsing
1574522740.633,407,19,None,Move,browsing
1574522740.645,406,19,None,Move,browsing
1574522740.658,405,20,None,Move,browsing
1574522740.671,404,22,None,Move,browsing
1574522740.685,404,23,None,Move,browsing
1574522740.697,403,23,None,Move,browsing
1574522740.709,402,24,None,Move,browsing
1574522740.7229998,402,24,None,Move,browsing
1574522740.7389998,401,24,None,Move,browsing
1574522741.0270002,401,24,Left,Pressed,browsing
1574522741.2429998,401,24,Left,Released,browsing
1574522743.4,395,32,None,Move,browsing
1574522743.414,385,41,None,Move,browsing
1574522743.429,378,50,None,Move,browsing
1574522743.4429998,370,61,None,Move,browsing
1574522743.4529998,364,70,None,Move,browsing
1574522743.471,360,78,None,Move,browsing
1574522743.484,356,90,None,Move,browsing
1574522743.5,352,103,None,Move,browsing
1574522743.515,349,115,None,Move,browsing
1574522743.526,347,125,None,Move,browsing
1574522743.539,347,138,None,Move,browsing
1574522743.555,347,146,None,Move,browsing
1574522743.569,348,158,None,Move,browsing
1574522743.583,350,168,None,Move,browsing
1574522743.595,351,176,None,Move,browsing
1574522743.609,355,184,None,Move,browsing
1574522743.6239998,359,196,None,Move,browsing
1574522743.637,363,205,None,Move,browsing
1574522743.651,366,211,None,Move,browsing
1574522743.664,369,217,None,Move,browsing
1574522743.6820002,374,222,None,Move,browsing
1574522743.7,379,226,None,Move,browsing
1574522743.717,384,232,None,Move,browsing
1574522743.734,386,235,None,Move,browsing
1574522743.7489998,391,239,None,Move,browsing
1574522743.7629998,395,244,None,Move,browsing
1574522743.7770002,399,246,None,Move,browsing
1574522743.79,402,248,None,Move,browsing
1574522743.8,405,249,None,Move,browsing
1574522743.809,407,250,None,Move,browsing
1574522743.823,409,250,None,Move,browsing
1574522744.216,416,262,None,Move,browsing
1574522744.2229998,426,279,None,Move,browsing
1574522744.235,438,293,None,Move,browsing
1574522744.248,446,304,None,Move,browsing
1574522744.258,451,313,None,Move,browsing
1574522744.2670002,456,323,None,Move,browsing
1574522744.28,462,330,None,Move,browsing
1574522744.2870002,467,339,None,Move,browsing
1574522744.303,472,346,None,Move,browsing
1574522744.3170002,477,355,None,Move,browsing
1574522744.329,481,364,None,Move,browsing
1574522744.341,486,373,None,Move,browsing
1574522744.3520002,489,380,None,Move,browsing
1574522744.367,492,388,None,Move,browsing
1574522744.383,494,395,None,Move,browsing
1574522744.3979998,494,399,None,Move,browsing
1574522744.41,494,403,None,Move,browsing
1574522744.42,494,410,None,Move,browsing
1574522744.4320002,494,417,None,Move,browsing
1574522744.449,494,424,None,Move,browsing
1574522744.462,494,431,None,Move,browsing
1574522744.472,494,435,None,Move,browsing
1574522744.486,493,439,None,Move,browsing
1574522744.4970002,492,443,None,Move,browsing
1574522744.5110002,491,445,None,Move,browsing
1574522744.522,490,448,None,Move,browsing
1574522744.531,489,451,None,Move,browsing
1574522744.545,487,455,None,Move,browsing
1574522744.555,485,458,None,Move,browsing
1574522744.5670002,484,462,None,Move,browsing
1574522744.5779998,484,465,None,Move,browsing
1574522744.585,484,468,None,Move,browsing
1574522744.599,484,469,None,Move,browsing
1574522744.613,484,470,None,Move,browsing
1574522744.961,506,464,None,Move,browsing
1574522744.971,544,451,None,Move,browsing
1574522744.978,594,440,None,Move,browsing
1574522744.9970002,661,425,None,Move,browsing
1574522745.008,716,418,None,Move,browsing
1574522745.019,773,409,None,Move,browsing
1574522745.033,841,407,None,Move,browsing
1574522745.046,919,407,None,Move,browsing
1574522745.06,988,414,None,Move,browsing
1574522745.073,1052,426,None,Move,browsing
1574522745.086,1107,442,None,Move,browsing
1574522745.099,1136,458,None,Move,browsing
1574522745.1139998,1150,468,None,Move,browsing
1574522745.1279998,1161,477,None,Move,browsing
1574522745.14,1170,485,None,Move,browsing
1574522745.153,1174,489,None,Move,browsing
1574522745.166,1179,495,None,Move,browsing
1574522747.6139998,1197,479,None,Move,browsing
1574522747.6260002,1223,452,None,Move,browsing
1574522747.641,1271,413,None,Move,browsing
1574522747.653,1331,372,None,Move,browsing
1574522747.67,1400,335,None,Move,browsing
1574522747.684,1466,301,None,Move,browsing
1574522747.698,1524,279,None,Move,browsing
1574522747.715,1569,265,None,Move,browsing
1574522747.729,1589,258,None,Move,browsing
1574522747.7429998,1612,253,None,Move,browsing
1574522747.758,1625,250,None,Move,browsing
1574522747.77,1634,247,None,Move,browsing
1574522747.779,1640,247,None,Move,browsing
1574522747.795,1642,247,None,Move,browsing
1574522747.805,1643,247,None,Move,browsing
1574522748.12,1642,235,None,Move,browsing
1574522748.135,1635,222,None,Move,browsing
1574522748.145,1630,212,None,Move,browsing
1574522748.159,1619,204,None,Move,browsing
1574522748.168,1607,196,None,Move,browsing
1574522748.1820002,1588,189,None,Move,browsing
1574522748.195,1573,185,None,Move,browsing
1574522748.205,1557,186,None,Move,browsing
1574522748.219,1540,190,None,Move,browsing
1574522748.23,1519,199,None,Move,browsing
1574522748.24,1500,211,None,Move,browsing
1574522748.2510002,1478,226,None,Move,browsing
1574522748.2610002,1460,244,None,Move,browsing
1574522748.271,1448,257,None,Move,browsing
1574522748.284,1435,272,None,Move,browsing
1574522748.298,1428,281,None,Move,browsing
1574522748.313,1420,290,None,Move,browsing
1574522748.325,1414,296,None,Move,browsing
1574522748.3379998,1410,302,None,Move,browsing
1574522748.351,1405,309,None,Move,browsing
1574522748.365,1401,316,None,Move,browsing
1574522748.3779998,1397,324,None,Move,browsing
1574522748.39,1393,332,None,Move,browsing
1574522748.403,1391,339,None,Move,browsing
1574522748.414,1388,343,None,Move,browsing
1574522748.427,1387,349,None,Move,browsing
1574522748.439,1385,354,None,Move,browsing
1574522748.45,1383,357,None,Move,browsing
1574522748.4629998,1382,361,None,Move,browsing
1574522748.475,1381,362,None,Move,browsing
1574522748.488,1380,363,None,Move,browsing
1574522748.766,1319,369,None,Move,browsing
1574522748.781,1227,379,None,Move,browsing
1574522748.793,1114,393,None,Move,browsing
1574522748.805,998,413,None,Move,browsing
1574522748.815,875,430,None,Move,browsing
1574522748.8279998,772,446,None,Move,browsing
1574522748.843,688,467,None,Move,browsing
1574522748.859,624,487,None,Move,browsing
1574522748.873,583,499,None,Move,browsing
1574522748.8860002,568,504,None,Move,browsing
1574522748.8979998,562,505,None,Move,browsing
1574522748.909,557,505,None,Move,browsing
1574522748.916,555,505,None,Move,browsing
1574522748.93,553,504,None,Move,browsing
1574522748.941,552,504,None,Move,browsing
1574522749.206,524,500,None,Move,browsing
1574522749.22,476,496,None,Move,browsing
1574522749.235,431,491,None,Move,browsing
1574522749.2489998,386,487,None,Move,browsing
1574522749.2629998,347,482,None,Move,browsing
1574522749.283,325,479,None,Move,browsing
1574522749.2970002,313,475,None,Move,browsing
1574522749.313,306,473,None,Move,browsing
1574522749.331,303,473,None,Move,browsing
1574522749.351,301,473,None,Move,browsing
1574522749.363,300,473,None,Move,browsing
1574522749.3760002,299,473,None,Move,browsing
1574522749.3879998,298,472,None,Move,browsing
1574522753.4,340,446,None,Move,browsing
1574522753.414,417,398,None,Move,browsing
1574522753.428,510,357,None,Move,browsing
1574522753.445,612,319,None,Move,browsing
1574522753.46,723,285,None,Move,browsing
1574522753.475,824,257,None,Move,browsing
1574522753.4870002,919,230,None,Move,browsing
1574522753.498,986,217,None,Move,browsing
1574522753.512,1046,205,None,Move,browsing
1574522753.526,1082,199,None,Move,browsing
1574522753.539,1098,196,None,Move,browsing
1574522753.552,1109,196,None,Move,browsing
1574522753.5670002,1113,196,None,Move,browsing
1574522753.58,1116,196,None,Move,browsing
1574522753.594,1118,196,None,Move,browsing
1574522753.6079998,1118,197,None,Move,browsing
1574522753.62,1118,198,None,Move,browsing
1574522753.8379998,1151,186,None,Move,browsing
1574522753.853,1211,154,None,Move,browsing
1574522753.869,1264,130,None,Move,browsing
1574522753.88,1322,108,None,Move,browsing
1574522753.891,1367,90,None,Move,browsing
1574522753.905,1405,77,None,Move,browsing
1574522753.916,1438,71,None,Move,browsing
1574522753.928,1471,63,None,Move,browsing
1574522753.937,1497,57,None,Move,browsing
1574522753.952,1517,54,None,Move,browsing
1574522753.962,1532,50,None,Move,browsing
1574522753.976,1544,49,None,Move,browsing
1574522753.9910002,1552,47,None,Move,browsing
1574522754.004,1557,47,None,Move,browsing
1574522754.016,1562,47,None,Move,browsing
1574522754.03,1567,47,None,Move,browsing
1574522754.042,1569,47,None,Move,browsing
1574522754.056,1572,47,None,Move,browsing
1574522754.07,1574,47,None,Move,browsing
1574522754.081,1577,47,None,Move,browsing
1574522754.093,1580,47,None,Move,browsing
1574522754.107,1582,47,None,Move,browsing
1574522754.12,1585,47,None,Move,browsing
1574522754.135,1588,47,None,Move,browsing
1574522754.15,1588,47,None,Move,browsing
1574522754.163,1589,47,None,Move,browsing
1574522754.173,1589,47,None,Move,browsing
1574522754.188,1589,48,None,Move,browsing
1574522754.202,1589,48,None,Move,browsing
1574522754.214,1589,51,None,Move,browsing
1574522754.229,1589,56,None,Move,browsing
1574522754.2410002,1587,61,None,Move,browsing
1574522754.254,1585,65,None,Move,browsing
1574522754.2629998,1583,70,None,Move,browsing
1574522754.2770002,1583,73,None,Move,browsing
1574522754.288,1582,75,None,Move,browsing
1574522754.302,1580,75,None,Move,browsing
1574522754.316,1580,76,None,Move,browsing
1574522754.326,1580,76,None,Move,browsing
1574522754.342,1580,77,None,Move,browsing
1574522754.355,1580,78,None,Move,browsing
1574522754.3679998,1579,79,None,Move,browsing
1574522754.383,1579,80,None,Move,browsing
1574522754.3979998,1579,80,None,Move,browsing
1574522754.4120002,1579,81,None,Move,browsing
1574522754.426,1579,82,None,Move,browsing
1574522754.4420002,1578,83,None,Move,browsing
1574522754.456,1578,85,None,Move,browsing
1574522754.47,1578,87,None,Move,browsing
1574522754.4829998,1577,90,None,Move,browsing
1574522754.715,1577,90,Left,Pressed,browsing
1574522754.93,1577,90,Left,Released,browsing
1574522786.399,1556,94,None,Move,browsing
1574522786.416,1510,103,None,Move,browsing
1574522786.427,1464,110,None,Move,browsing
1574522786.4420002,1410,125,None,Move,browsing
1574522786.455,1342,145,None,Move,browsing
1574522786.466,1271,165,None,Move,browsing
1574522786.481,1200,186,None,Move,browsing
1574522786.49,1132,211,None,Move,browsing
1574522786.504,1066,242,None,Move,browsing
1574522786.514,1007,272,None,Move,browsing
1574522786.528,957,298,None,Move,browsing
1574522786.54,927,316,None,Move,browsing
1574522786.554,907,328,None,Move,browsing
1574522786.569,898,336,None,Move,browsing
1574522786.58,893,340,None,Move,browsing
1574522786.597,892,341,None,Move,browsing
1574522786.61,890,342,None,Move,browsing
1574522786.951,863,345,None,Move,browsing
1574522786.962,808,347,None,Move,browsing
1574522786.972,756,352,None,Move,browsing
1574522786.985,704,355,None,Move,browsing
1574522786.9970002,643,355,None,Move,browsing
1574522787.006,592,355,None,Move,browsing
1574522787.022,541,355,None,Move,browsing
1574522787.032,479,352,None,Move,browsing
1574522787.0470002,441,350,None,Move,browsing
1574522787.062,426,348,None,Move,browsing
1574522787.077,419,347,None,Move,browsing
1574522787.091,416,346,None,Move,browsing
1574522787.104,414,344,None,Move,browsing
1574522787.1160002,411,341,None,Move,browsing
1574522787.4910002,404,328,None,Move,browsing
1574522787.5029998,395,312,None,Move,browsing
1574522787.522,391,303,None,Move,browsing
1574522787.534,387,292,None,Move,browsing
1574522787.549,385,282,None,Move,browsing
1574522787.563,382,274,None,Move,browsing
1574522787.577,376,266,None,Move,browsing
1574522787.592,369,258,None,Move,browsing
1574522787.606,366,255,None,Move,browsing
1574522787.619,360,249,None,Move,browsing
1574522787.635,358,246,None,Move,browsing
1574522787.6479998,356,244,None,Move,browsing
1574522787.66,355,244,None,Move,browsing
1574522787.676,353,243,None,Move,browsing
1574522787.688,352,241,None,Move,browsing
1574522787.7,351,240,None,Move,browsing
1574522787.712,350,239,None,Move,browsing
1574522787.7229998,350,238,None,Move,browsing
1574522787.7370002,347,237,None,Move,browsing
1574522787.752,345,235,None,Move,browsing
1574522787.766,345,234,None,Move,browsing
1574522787.78,344,233,None,Move,browsing
1574522787.794,343,233,None,Move,browsing
1574522787.8070002,342,233,None,Move,browsing
1574522787.8179998,341,233,None,Move,browsing
1574522787.833,341,233,None,Move,browsing
1574522787.847,340,233,None,Move,browsing
1574522787.86,339,233,None,Move,browsing
1574522787.8720002,338,233,None,Move,browsing
1574522787.8860002,338,233,None,Move,browsing
1574522787.9,337,233,None,Move,browsing
1574522787.91,337,233,None,Move,browsing
1574522787.928,335,233,None,Move,browsing
1574522787.941,334,234,None,Move,browsing
1574522787.954,333,236,None,Move,browsing
1574522787.9629998,333,237,None,Move,browsing
1574522787.978,332,238,None,Move,browsing
1574522787.994,331,238,None,Move,browsing
1574522788.008,330,239,None,Move,browsing
1574522788.015,329,240,None,Move,browsing
1574522788.033,328,241,None,Move,browsing
1574522788.043,327,241,None,Move,browsing
1574522788.0570002,327,243,None,Move,browsing
1574522788.071,326,243,None,Move,browsing
1574522788.082,326,244,None,Move,browsing
1574522788.096,326,244,None,Move,browsing
1574522788.109,326,245,None,Move,browsing
1574522788.12,325,246,None,Move,browsing
1574522793.399,325,246,Left,Pressed,browsing
1574522793.6160002,325,246,Left,Released,browsing
1574522795.032,326,249,None,Move,browsing
1574522795.048,334,255,None,Move,browsing
1574522795.065,343,260,None,Move,browsing
1574522795.077,355,264,None,Move,browsing
1574522795.092,367,266,None,Move,browsing
1574522795.1020002,382,267,None,Move,browsing
1574522795.1160002,396,269,None,Move,browsing
1574522795.1339998,410,272,None,Move,browsing
1574522795.153,422,275,None,Move,browsing
1574522795.194,428,277,None,Move,browsing
1574522795.211,434,280,None,Move,browsing
1574522795.2129998,436,282,None,Move,browsing
1574522795.238,437,283,None,Move,browsing
1574522798.1339998,426,292,None,Move,browsing
1574522798.1479998,412,304,None,Move,browsing
1574522798.16,397,316,None,Move,browsing
1574522798.1720002,385,326,None,Move,browsing
1574522798.186,375,335,None,Move,browsing
1574522798.202,363,346,None,Move,browsing
1574522798.217,355,354,None,Move,browsing
1574522798.2270002,345,362,None,Move,browsing
1574522798.2389998,338,368,None,Move,browsing
1574522798.252,330,373,None,Move,browsing
1574522798.265,324,378,None,Move,browsing
1574522798.272,320,382,None,Move,browsing
1574522798.2870002,316,386,None,Move,browsing
1574522798.298,314,387,None,Move,browsing
1574522798.31,312,390,None,Move,browsing
1574522798.322,310,392,None,Move,browsing
1574522798.33,309,392,None,Move,browsing
1574522798.3479998,309,393,None,Move,browsing
1574522798.36,308,395,None,Move,browsing
1574522798.3679998,307,396,None,Move,browsing
1574522798.3860002,305,397,None,Move,browsing
1574522798.399,305,398,None,Move,browsing
1574522798.411,305,399,None,Move,browsing
1574522798.423,304,400,None,Move,browsing
1574522798.436,303,402,None,Move,browsing
1574522798.45,303,405,None,Move,browsing
1574522798.4629998,303,409,None,Move,browsing
1574522798.475,303,412,None,Move,browsing
1574522798.49,303,415,None,Move,browsing
1574522798.5029998,303,420,None,Move,browsing
1574522798.521,304,424,None,Move,browsing
1574522798.5370002,305,427,None,Move,browsing
1574522798.551,306,430,None,Move,browsing
1574522798.566,309,433,None,Move,browsing
1574522798.579,313,437,None,Move,browsing
1574522798.5879998,318,440,None,Move,browsing
1574522798.6020002,322,443,None,Move,browsing
1574522798.615,328,446,None,Move,browsing
1574522798.6279998,334,450,None,Move,browsing
1574522798.639,338,454,None,Move,browsing
1574522798.651,342,456,None,Move,browsing
1574522798.665,345,458,None,Move,browsing
1574522798.677,348,460,None,Move,browsing
1574522798.69,350,463,None,Move,browsing
1574522798.701,354,467,None,Move,browsing
1574522798.717,356,470,None,Move,browsing
1574522798.731,359,473,None,Move,browsing
1574522798.7429998,361,477,None,Move,browsing
1574522798.756,361,479,None,Move,browsing
1574522798.766,362,481,None,Move,browsing
1574522798.783,363,484,None,Move,browsing
1574522798.795,363,486,None,Move,browsing
1574522798.806,363,490,None,Move,browsing
1574522798.82,363,495,None,Move,browsing
1574522798.832,362,498,None,Move,browsing
1574522798.846,361,502,None,Move,browsing
1574522798.861,360,505,None,Move,browsing
1574522798.873,360,506,None,Move,browsing
1574522798.8839998,360,508,None,Move,browsing
1574522798.899,359,509,None,Move,browsing
1574522811.181,341,509,None,Move,browsing
1574522811.196,300,499,None,Move,browsing
1574522811.2029998,259,486,None,Move,browsing
1574522811.217,204,464,None,Move,browsing
1574522811.23,155,440,None,Move,browsing
1574522811.2410002,125,420,None,Move,browsing
1574522811.2610002,94,400,None,Move,browsing
1574522811.283,77,381,None,Move,browsing
1574522811.299,68,367,None,Move,browsing
1574522811.32,64,355,None,Move,browsing
1574522811.337,63,348,None,Move,browsing
1574522811.349,63,346,None,Move,browsing
1574522811.3620002,63,344,None,Move,browsing
1574522811.3760002,63,343,None,Move,browsing
1574522811.389,63,343,None,Move,browsing
1574522811.4,64,343,None,Move,browsing
1574522811.413,66,342,None,Move,browsing
1574522811.424,69,342,None,Move,browsing
1574522811.88,72,342,None,Move,browsing
1574522811.8920002,76,342,None,Move,browsing
1574522811.9120002,81,342,None,Move,browsing
1574522811.937,83,342,None,Move,browsing
1574522811.9529998,85,342,None,Move,browsing
1574522811.967,85,342,None,Move,browsing
1574522811.9729998,86,342,None,Move,browsing
1574522811.988,87,342,None,Move,browsing
1574522812.0,87,342,None,Move,browsing
1574522812.025,89,342,None,Move,browsing
1574522812.063,90,342,None,Move,browsing
1574522812.1079998,90,342,None,Move,browsing
1574522812.411,90,342,Left,Pressed,browsing
1574522812.631,90,342,Left,Released,browsing
1574522814.56,105,341,None,Move,browsing
1574522814.573,118,336,None,Move,browsing
1574522814.584,134,330,None,Move,browsing
1574522814.6020002,150,327,None,Move,browsing
1574522814.6179998,165,323,None,Move,browsing
1574522814.633,177,322,None,Move,browsing
1574522814.65,186,322,None,Move,browsing
1574522814.661,196,322,None,Move,browsing
1574522814.676,203,322,None,Move,browsing
1574522814.687,210,322,None,Move,browsing
1574522814.698,213,322,None,Move,browsing
1574522814.708,216,323,None,Move,browsing
1574522814.72,219,324,None,Move,browsing
1574522814.73,222,326,None,Move,browsing
1574522814.744,229,327,None,Move,browsing
1574522814.756,233,328,None,Move,browsing
1574522814.7670002,239,330,None,Move,browsing
1574522814.779,246,332,None,Move,browsing
1574522814.7870002,251,335,None,Move,browsing
1574522814.799,255,336,None,Move,browsing
1574522814.815,258,338,None,Move,browsing
1574522814.827,262,339,None,Move,browsing
1574522814.843,265,340,None,Move,browsing
1574522814.855,269,342,None,Move,browsing
1574522814.867,273,345,None,Move,browsing
1574522814.879,276,347,None,Move,browsing
1574522814.891,280,349,None,Move,browsing
1574522814.9020002,282,350,None,Move,browsing
1574522814.915,284,352,None,Move,browsing
1574522814.926,285,352,None,Move,browsing
1574522814.937,286,353,None,Move,browsing
1574522814.951,287,354,None,Move,browsing
1574522814.961,287,354,None,Move,browsing
1574522814.972,288,355,None,Move,browsing
1574522814.985,288,356,None,Move,browsing
1574522814.9970002,290,357,None,Move,browsing
1574522815.0089998,290,358,None,Move,browsing
1574522815.022,290,359,None,Move,browsing
1574522816.8170002,289,365,None,Move,browsing
1574522816.827,287,370,None,Move,browsing
1574522816.841,286,376,None,Move,browsing
1574522816.8860002,286,379,None,Move,browsing
1574522817.156,273,381,None,Move,browsing
1574522817.171,260,382,None,Move,browsing
1574522817.187,247,384,None,Move,browsing
1574522817.2,235,388,None,Move,browsing
1574522817.214,223,390,None,Move,browsing
1574522817.2270002,214,392,None,Move,browsing
1574522817.244,207,393,None,Move,browsing
1574522817.2570002,203,394,None,Move,browsing
1574522817.276,201,395,None,Move,browsing
1574522817.292,199,395,None,Move,browsing
1574522817.309,196,396,None,Move,browsing
1574522817.324,194,397,None,Move,browsing
1574522817.34,190,398,None,Move,browsing
1574522817.354,187,400,None,Move,browsing
1574522817.3679998,185,401,None,Move,browsing
1574522817.379,183,402,None,Move,browsing
1574522817.39,181,404,None,Move,browsing
1574522817.403,180,405,None,Move,browsing
1574522817.417,179,406,None,Move,browsing
1574522817.429,178,406,None,Move,browsing
1574522817.441,177,407,None,Move,browsing
1574522817.455,177,407,None,Move,browsing
1574522817.469,175,409,None,Move,browsing
1574522817.481,174,410,None,Move,browsing
1574522817.494,174,410,None,Move,browsing
1574522817.5089998,173,410,None,Move,browsing
1574522817.516,173,411,None,Move,browsing
1574522817.532,172,411,None,Move,browsing
1574522817.5470002,170,412,None,Move,browsing
1574522817.5570002,169,413,None,Move,browsing
1574522817.569,169,414,None,Move,browsing
1574522819.312,167,416,None,Move,browsing
1574522819.34,164,417,None,Move,browsing
1574522819.354,163,418,None,Move,browsing
1574522819.3720002,163,418,None,Move,browsing
1574522819.385,162,418,None,Move,browsing
1574522819.3979998,161,418,None,Move,browsing
1574522819.411,160,418,None,Move,browsing
1574522819.4220002,160,418,None,Move,browsing
1574522819.437,159,418,None,Move,browsing
1574522819.448,159,418,None,Move,browsing
1574522819.462,158,418,None,Move,browsing
1574522819.474,157,418,None,Move,browsing
1574522819.485,156,418,None,Move,browsing
1574522819.498,155,418,None,Move,browsing
1574522819.5110002,154,418,None,Move,browsing
1574522819.524,153,418,None,Move,browsing
1574522819.536,152,418,None,Move,browsing
1574522819.55,151,418,None,Move,browsing
1574522819.57,150,418,None,Move,browsing
1574522819.585,148,418,None,Move,browsing
1574522819.5979998,148,418,None,Move,browsing
1574522819.615,147,418,None,Move,browsing
1574522819.6279998,146,418,None,Move,browsing
1574522819.644,146,418,None,Move,browsing
1574522819.671,145,418,None,Move,browsing
1574522819.68,145,416,None,Move,browsing
1574522819.717,144,416,None,Move,browsing
1574522821.49,144,416,Left,Pressed,browsing
1574522821.707,144,416,Left,Released,browsing
1574522835.834,138,420,None,Move,browsing
1574522835.847,131,427,None,Move,browsing
1574522835.863,125,431,None,Move,browsing
1574522835.8860002,120,437,None,Move,browsing
1574522835.901,118,440,None,Move,browsing
1574522835.918,117,442,None,Move,browsing
1574522835.937,116,444,None,Move,browsing
1574522835.9529998,116,445,None,Move,browsing
1574522835.969,116,446,None,Move,browsing
1574522835.982,117,449,None,Move,browsing
1574522835.995,123,451,None,Move,browsing
1574522836.0070002,126,453,None,Move,browsing
1574522836.018,128,455,None,Move,browsing
1574522836.028,132,455,None,Move,browsing
1574522836.04,135,455,None,Move,browsing
1574522836.048,138,455,None,Move,browsing
1574522836.064,142,455,None,Move,browsing
1574522836.077,147,454,None,Move,browsing
1574522836.089,154,453,None,Move,browsing
1574522836.104,159,452,None,Move,browsing
1574522836.1160002,165,451,None,Move,browsing
1574522836.129,168,450,None,Move,browsing
1574522836.141,172,449,None,Move,browsing
1574522836.151,178,448,None,Move,browsing
1574522836.16,183,447,None,Move,browsing
1574522836.176,187,446,None,Move,browsing
1574522836.187,192,444,None,Move,browsing
1574522836.198,196,441,None,Move,browsing
1574522836.212,199,438,None,Move,browsing
1574522836.2229998,203,434,None,Move,browsing
1574522836.234,206,429,None,Move,browsing
1574522836.25,210,424,None,Move,browsing
1574522836.264,212,419,None,Move,browsing
1574522836.28,212,417,None,Move,browsing
1574522836.296,212,415,None,Move,browsing
1574522836.311,212,414,None,Move,browsing
1574522836.326,212,413,None,Move,browsing
1574522836.3379998,212,412,None,Move,browsing
1574522836.35,211,410,None,Move,browsing
1574522836.36,209,408,None,Move,browsing
1574522836.3679998,206,406,None,Move,browsing
1574522836.3820002,203,405,None,Move,browsing
1574522836.391,199,404,None,Move,browsing
1574522836.401,198,404,None,Move,browsing
1574522836.4120002,196,404,None,Move,browsing
1574522836.424,194,404,None,Move,browsing
1574522836.436,192,404,None,Move,browsing
1574522836.447,192,404,None,Move,browsing
1574522836.456,191,404,None,Move,browsing
1574522836.465,191,404,None,Move,browsing
1574522836.4770002,190,404,None,Move,browsing
1574522836.4889998,190,404,None,Move,browsing
1574522836.5010002,189,404,None,Move,browsing
1574522836.516,189,405,None,Move,browsing
1574522836.529,188,407,None,Move,browsing
1574522836.54,188,407,None,Move,browsing
1574522836.555,187,408,None,Move,browsing
1574522836.571,186,409,None,Move,browsing
1574522836.586,185,410,None,Move,browsing
1574522836.601,185,411,None,Move,browsing
1574522836.6139998,185,412,None,Move,browsing
1574522836.885,185,412,Left,Pressed,browsing
1574522837.1,185,412,Left,Released,browsing
1574522842.86,184,416,None,Move,browsing
1574522842.8739998,182,423,None,Move,browsing
1574522842.887,180,430,None,Move,browsing
1574522842.9020002,179,434,None,Move,browsing
1574522842.916,179,437,None,Move,browsing
1574522842.931,179,441,None,Move,browsing
1574522842.9420002,180,445,None,Move,browsing
1574522842.956,181,450,None,Move,browsing
1574522842.969,182,452,None,Move,browsing
1574522842.981,184,458,None,Move,browsing
1574522842.995,187,462,None,Move,browsing
1574522843.0089998,188,465,None,Move,browsing
1574522843.025,190,469,None,Move,browsing
1574522843.0370002,192,477,None,Move,browsing
1574522843.045,197,483,None,Move,browsing
1574522843.061,199,487,None,Move,browsing
1574522843.077,202,490,None,Move,browsing
1574522843.097,206,496,None,Move,browsing
1574522843.113,209,502,None,Move,browsing
1574522843.13,214,508,None,Move,browsing
1574522843.144,217,512,None,Move,browsing
1574522843.157,219,516,None,Move,browsing
1574522843.17,221,521,None,Move,browsing
1574522843.184,223,524,None,Move,browsing
1574522843.199,224,527,None,Move,browsing
1574522843.209,225,530,None,Move,browsing
1574522843.226,225,532,None,Move,browsing
1574522843.238,226,535,None,Move,browsing
1574522843.2529998,227,537,None,Move,browsing
1574522843.992,262,508,None,Move,browsing
1574522844.0010002,317,460,None,Move,browsing
1574522844.019,382,414,None,Move,browsing
1574522844.031,445,378,None,Move,browsing
1574522844.046,509,342,None,Move,browsing
1574522844.06,571,315,None,Move,browsing
1574522844.076,633,287,None,Move,browsing
1574522844.09,684,268,None,Move,browsing
1574522844.1020002,722,258,None,Move,browsing
1574522844.113,755,252,None,Move,browsing
1574522844.125,778,247,None,Move,browsing
1574522844.137,796,247,None,Move,browsing
1574522844.147,814,247,None,Move,browsing
1574522844.161,828,248,None,Move,browsing
1574522844.1720002,837,249,None,Move,browsing
1574522844.184,847,251,None,Move,browsing
1574522844.195,853,254,None,Move,browsing
1574522844.21,856,256,None,Move,browsing
1574522844.2229998,858,258,None,Move,browsing
1574522844.24,860,261,None,Move,browsing
1574522844.252,862,263,None,Move,browsing
1574522844.265,863,266,None,Move,browsing
1574522844.2770002,863,267,None,Move,browsing
1574522844.6,883,260,None,Move,browsing
1574522844.615,919,241,None,Move,browsing
1574522844.63,944,230,None,Move,browsing
1574522844.645,980,213,None,Move,browsing
1574522844.66,1015,199,None,Move,browsing
1574522844.675,1049,189,None,Move,browsing
1574522844.691,1072,184,None,Move,browsing
1574522844.709,1088,181,None,Move,browsing
1574522844.722,1100,181,None,Move,browsing
1574522844.74,1110,181,None,Move,browsing
1574522844.752,1117,182,None,Move,browsing
1574522844.764,1121,185,None,Move,browsing
1574522844.778,1123,186,None,Move,browsing
1574522844.789,1125,188,None,Move,browsing
1574522844.8,1127,191,None,Move,browsing
1574522844.812,1127,195,None,Move,browsing
1574522844.827,1119,203,None,Move,browsing
1574522844.836,1091,219,None,Move,browsing
1574522844.8520002,1037,234,None,Move,browsing
1574522844.8639998,968,241,None,Move,browsing
1574522844.8720002,906,246,None,Move,browsing
1574522844.887,831,251,None,Move,browsing
1574522844.895,756,254,None,Move,browsing
1574522844.909,682,257,None,Move,browsing
1574522844.926,617,259,None,Move,browsing
1574522844.937,573,259,None,Move,browsing
1574522844.95,529,259,None,Move,browsing
1574522844.96,494,255,None,Move,browsing
1574522844.972,472,254,None,Move,browsing
1574522844.984,455,250,None,Move,browsing
1574522844.9970002,440,249,None,Move,browsing
1574522845.0110002,431,248,None,Move,browsing
1574522845.022,424,247,None,Move,browsing
1574522845.035,420,246,None,Move,browsing
1574522845.0470002,417,245,None,Move,browsing
1574522845.059,415,245,None,Move,browsing
1574522845.073,414,245,None,Move,browsing
1574522845.087,413,245,None,Move,browsing
1574522845.096,412,245,None,Move,browsing
1574522845.14,412,245,None,Move,browsing
1574522845.154,412,245,None,Move,browsing
1574522845.166,412,246,None,Move,browsing
1574522845.179,413,249,None,Move,browsing
1574522845.195,413,254,None,Move,browsing
1574522845.207,413,256,None,Move,browsing
1574522845.219,413,260,None,Move,browsing
1574522845.229,413,266,None,Move,browsing
1574522845.245,412,268,None,Move,browsing
1574522845.26,410,274,None,Move,browsing
1574522845.2729998,408,281,None,Move,browsing
1574522845.285,405,287,None,Move,browsing
1574522845.3,403,290,None,Move,browsing
1574522845.313,402,292,None,Move,browsing
1574522845.326,401,293,None,Move,browsing
1574522845.341,400,294,None,Move,browsing
1574522845.353,399,295,None,Move,browsing
1574522845.369,398,296,None,Move,browsing
1574522845.383,398,297,None,Move,browsing
1574522845.418,398,297,None,Move,browsing
1574522845.734,374,301,None,Move,browsing
1574522845.746,344,307,None,Move,browsing
1574522845.76,311,315,None,Move,browsing
1574522845.775,270,328,None,Move,browsing
1574522845.789,240,334,None,Move,browsing
1574522845.802,218,342,None,Move,browsing
1574522845.813,192,348,None,Move,browsing
1574522845.826,176,354,None,Move,browsing
1574522845.8379998,167,356,None,Move,browsing
1574522845.8520002,158,360,None,Move,browsing
1574522845.8639998,153,362,None,Move,browsing
1574522845.8760002,150,363,None,Move,browsing
1574522845.8879998,147,364,None,Move,browsing
1574522845.904,146,364,None,Move,browsing
1574522845.914,146,364,None,Move,browsing
1574522845.924,145,364,None,Move,browsing
1574522845.94,144,364,None,Move,browsing
1574522845.952,143,364,None,Move,browsing
1574522845.965,142,365,None,Move,browsing
1574522845.978,140,367,None,Move,browsing
1574522845.9910002,138,369,None,Move,browsing
1574522846.0029998,137,372,None,Move,browsing
1574522846.0170002,137,376,None,Move,browsing
1574522846.0270002,137,380,None,Move,browsing
1574522846.045,139,384,None,Move,browsing
1574522846.0579998,145,389,None,Move,browsing
1574522846.072,157,393,None,Move,browsing
1574522846.083,167,395,None,Move,browsing
1574522846.099,177,395,None,Move,browsing
1574522846.109,189,392,None,Move,browsing
1574522846.123,201,388,None,Move,browsing
1574522846.1360002,215,384,None,Move,browsing
1574522846.1479998,225,380,None,Move,browsing
1574522846.163,232,377,None,Move,browsing
1574522846.1720002,236,374,None,Move,browsing
1574522846.186,240,370,None,Move,browsing
1574522846.202,245,367,None,Move,browsing
1574522846.2129998,248,364,None,Move,browsing
1574522846.228,251,362,None,Move,browsing
1574522846.2370002,255,361,None,Move,browsing
1574522846.244,257,361,None,Move,browsing
1574522846.26,258,360,None,Move,browsing
1574522846.268,261,359,None,Move,browsing
1574522846.284,262,359,None,Move,browsing
1574522846.2970002,263,359,None,Move,browsing
1574522846.3079998,264,359,None,Move,browsing
1574522846.321,265,359,None,Move,browsing
1574522848.2489998,258,364,None,Move,browsing
1574522848.258,244,374,None,Move,browsing
1574522848.272,230,382,None,Move,browsing
1574522848.283,217,388,None,Move,browsing
1574522848.294,205,393,None,Move,browsing
1574522848.309,193,399,None,Move,browsing
1574522848.321,186,401,None,Move,browsing
1574522848.334,182,404,None,Move,browsing
1574522848.345,178,406,None,Move,browsing
1574522848.36,175,407,None,Move,browsing
1574522848.3760002,174,407,None,Move,browsing
1574522848.39,173,407,None,Move,browsing
1574522848.408,171,409,None,Move,browsing
1574522848.419,171,409,None,Move,browsing
1574522848.429,170,409,None,Move,browsing
1574522848.441,169,410,None,Move,browsing
1574522848.451,168,410,None,Move,browsing
1574522848.465,167,410,None,Move,browsing
1574522848.48,167,411,None,Move,browsing
1574522848.495,166,412,None,Move,browsing
1574522848.51,164,412,None,Move,browsing
1574522848.53,164,412,None,Move,browsing
1574522848.548,163,412,None,Move,browsing
1574522848.562,162,412,None,Move,browsing
1574522848.579,162,412,None,Move,browsing
1574522848.587,161,412,None,Move,browsing
1574522848.6020002,160,412,None,Move,browsing
1574522848.615,160,412,None,Move,browsing
1574522848.6239998,159,412,None,Move,browsing
1574522848.64,158,412,None,Move,browsing
1574522848.654,158,412,None,Move,browsing
1574522848.669,157,412,None,Move,browsing
1574522848.681,156,412,None,Move,browsing
1574522848.6920002,155,412,None,Move,browsing
1574522848.706,154,412,None,Move,browsing
1574522848.789,155,412,None,Move,browsing
1574522848.799,155,412,None,Move,browsing
1574522848.815,156,412,None,Move,browsing
1574522848.826,158,412,None,Move,browsing
1574522848.841,161,412,None,Move,browsing
1574522848.853,163,412,None,Move,browsing
1574522848.865,166,412,None,Move,browsing
1574522848.879,170,412,None,Move,browsing
1574522848.8920002,175,412,None,Move,browsing
1574522848.904,185,412,None,Move,browsing
1574522848.918,192,412,None,Move,browsing
1574522848.93,201,411,None,Move,browsing
1574522848.944,209,409,None,Move,browsing
1574522848.958,219,406,None,Move,browsing
1574522848.97,228,405,None,Move,browsing
1574522848.9889998,233,405,None,Move,browsing
1574522849.0010002,236,405,None,Move,browsing
1574522849.0089998,238,405,None,Move,browsing
1574522849.022,240,405,None,Move,browsing
1574522849.033,243,405,None,Move,browsing
1574522849.04,245,405,None,Move,browsing
1574522849.054,246,405,None,Move,browsing
1574522849.0670002,248,405,None,Move,browsing
1574522849.077,249,405,None,Move,browsing
1574522849.091,249,407,None,Move,browsing
1574522849.103,250,407,None,Move,browsing
1574522849.1160002,250,407,None,Move,browsing
1574522849.1279998,251,408,None,Move,browsing
1574522849.14,252,408,None,Move,browsing
1574522849.1520002,252,408,None,Move,browsing
1574522849.512,254,419,None,Move,browsing
1574522849.522,259,434,None,Move,browsing
1574522850.426,255,448,None,Move,browsing
1574522850.439,250,458,None,Move,browsing
1574522850.454,247,466,None,Move,browsing
1574522850.47,245,473,None,Move,browsing
1574522850.482,243,485,None,Move,browsing
1574522850.4970002,243,491,None,Move,browsing
1574522850.512,243,494,None,Move,browsing
1574522850.526,243,497,None,Move,browsing
1574522850.539,243,500,None,Move,browsing
1574522850.5470002,244,503,None,Move,browsing
1574522850.562,246,506,None,Move,browsing
1574522850.573,247,509,None,Move,browsing
1574522850.585,249,513,None,Move,browsing
1574522850.592,251,516,None,Move,browsing
1574522850.606,253,520,None,Move,browsing
1574522850.617,254,523,None,Move,browsing
1574522850.6279998,256,526,None,Move,browsing
1574522850.64,257,527,None,Move,browsing
1574522850.65,258,529,None,Move,browsing
1574522850.661,258,530,None,Move,browsing
1574522850.673,259,533,None,Move,browsing
1574522850.686,260,534,None,Move,browsing
1574522850.698,261,535,None,Move,browsing
1574522852.45,261,535,Left,Pressed,browsing
1574522852.466,261,535,Left,Released,browsing
1574522852.4870002,257,535,None,Move,browsing
1574522852.4970002,248,535,None,Move,browsing
1574522852.508,244,536,None,Move,browsing
1574522852.522,240,536,None,Move,browsing
1574522852.541,237,536,None,Move,browsing
1574522852.554,232,536,None,Move,browsing
1574522852.5670002,228,536,None,Move,browsing
1574522852.584,225,536,None,Move,browsing
1574522852.595,224,536,None,Move,browsing
1574522852.609,222,536,None,Move,browsing
1574522852.623,220,536,None,Move,browsing
1574522852.637,220,536,None,Move,browsing
1574522852.647,219,536,None,Move,browsing
1574522852.6620002,219,536,None,Move,browsing
1574522852.675,218,536,None,Move,browsing
1574522852.688,218,536,None,Move,browsing
1574522852.699,216,536,None,Move,browsing
1574522852.714,215,536,None,Move,browsing
1574522852.726,215,536,None,Move,browsing
1574522852.7489998,214,536,None,Move,browsing
1574522852.7729998,214,536,None,Move,browsing
1574522852.834,214,537,None,Move,browsing
1574522852.8620002,214,538,None,Move,browsing
1574522852.885,214,539,None,Move,browsing
1574522852.916,214,539,None,Move,browsing
1574522852.927,214,539,None,Move,browsing
1574522852.945,216,540,None,Move,browsing
1574522852.9529998,219,541,None,Move,browsing
1574522852.968,224,542,None,Move,browsing
1574522852.981,228,542,None,Move,browsing
1574522852.994,233,542,None,Move,browsing
1574522853.006,243,542,None,Move,browsing
1574522853.015,254,542,None,Move,browsing
1574522853.032,267,541,None,Move,browsing
1574522853.048,279,537,None,Move,browsing
1574522853.065,290,534,None,Move,browsing
1574522853.077,302,531,None,Move,browsing
1574522853.091,313,527,None,Move,browsing
1574522853.107,321,522,None,Move,browsing
1574522853.131,327,517,None,Move,browsing
1574522853.15,330,514,None,Move,browsing
1574522853.17,333,510,None,Move,browsing
1574522853.185,335,505,None,Move,browsing
1574522853.2,336,502,None,Move,browsing
1574522853.217,336,501,None,Move,browsing
1574522853.231,336,499,None,Move,browsing
1574522853.248,336,498,None,Move,browsing
1574522853.265,335,497,None,Move,browsing
1574522853.28,333,496,None,Move,browsing
1574522853.299,332,496,None,Move,browsing
1574522853.31,331,496,None,Move,browsing
1574522853.325,330,496,None,Move,browsing
1574522853.336,329,496,None,Move,browsing
1574522853.351,328,496,None,Move,browsing
1574522853.363,328,494,None,Move,browsing
1574522853.377,327,494,None,Move,browsing
1574522853.395,327,493,None,Move,browsing
1574522853.409,326,493,None,Move,browsing
1574522853.421,325,493,None,Move,browsing
1574522853.439,324,493,None,Move,browsing
1574522853.451,323,493,None,Move,browsing
1574522853.467,322,493,None,Move,browsing
1574522853.481,321,494,None,Move,browsing
1574522855.1420002,343,481,None,Move,browsing
1574522855.159,389,461,None,Move,browsing
1574522855.1720002,434,440,None,Move,browsing
1574522855.184,480,422,None,Move,browsing
1574522855.199,531,406,None,Move,browsing
1574522855.217,574,397,None,Move,browsing
1574522855.228,606,395,None,Move,browsing
1574522855.234,621,394,None,Move,browsing
1574522855.2510002,634,394,None,Move,browsing
1574522855.262,645,396,None,Move,browsing
1574522855.275,651,400,None,Move,browsing
1574522855.2870002,656,405,None,Move,browsing
1574522855.301,661,412,None,Move,browsing
1574522855.316,666,421,None,Move,browsing
1574522855.3279998,669,435,None,Move,browsing
1574522855.341,670,448,None,Move,browsing
1574522855.353,670,459,None,Move,browsing
1574522855.363,670,468,None,Move,browsing
1574522855.3760002,668,478,None,Move,browsing
1574522855.385,664,490,None,Move,browsing
1574522855.395,661,503,None,Move,browsing
1574522855.404,658,517,None,Move,browsing
1574522855.415,653,530,None,Move,browsing
1574522855.425,650,546,None,Move,browsing
1574522855.435,644,559,None,Move,browsing
1574522855.448,640,572,None,Move,browsing
1574522855.46,634,584,None,Move,browsing
1574522855.471,630,591,None,Move,browsing
1574522855.484,625,600,None,Move,browsing
1574522855.4970002,619,610,None,Move,browsing
1574522855.512,612,618,None,Move,browsing
1574522855.5270002,607,624,None,Move,browsing
1574522855.538,602,630,None,Move,browsing
1574522855.552,597,634,None,Move,browsing
1574522855.566,595,638,None,Move,browsing
1574522855.579,595,640,None,Move,browsing
1574522855.59,594,640,None,Move,browsing
1574522857.321,599,652,None,Move,browsing
1574522857.332,611,672,None,Move,browsing
1574522857.345,617,690,None,Move,browsing
1574522857.36,619,711,None,Move,browsing
1574522857.37,623,740,None,Move,browsing
1574522857.381,623,774,None,Move,browsing
1574522857.393,623,835,None,Move,browsing
1574522857.405,619,900,None,Move,browsing
1574522857.415,615,939,None,Move,browsing
1574522857.428,605,976,None,Move,browsing
1574522857.439,594,1016,None,Move,browsing
1574522857.451,585,1041,None,Move,browsing
1574522857.465,581,1053,None,Move,browsing
1574522857.478,579,1061,None,Move,browsing
1574522857.4889998,577,1065,None,Move,browsing
1574522857.4989998,576,1069,None,Move,browsing
1574522857.512,576,1070,None,Move,browsing
1574522857.524,575,1071,None,Move,browsing
1574522857.536,575,1072,None,Move,browsing
1574522857.551,575,1072,None,Move,browsing
1574522857.563,577,1069,None,Move,browsing
1574522857.5779998,580,1065,None,Move,browsing
1574522858.043,604,1047,None,Move,browsing
1574522858.056,628,1033,None,Move,browsing
1574522858.0679998,652,1018,None,Move,browsing
1574522858.075,681,1005,None,Move,browsing
1574522858.093,701,997,None,Move,browsing
1574522858.106,720,993,None,Move,browsing
1574522858.1220002,736,990,None,Move,browsing
1574522858.139,749,988,None,Move,browsing
1574522858.154,759,985,None,Move,browsing
1574522858.168,766,984,None,Move,browsing
1574522858.1820002,770,983,None,Move,browsing
1574522858.195,773,983,None,Move,browsing
1574522858.211,776,983,None,Move,browsing
1574522858.225,779,983,None,Move,browsing
1574522858.2389998,781,983,None,Move,browsing
1574522858.252,782,983,None,Move,browsing
1574522858.2629998,784,984,None,Move,browsing
1574522858.279,785,985,None,Move,browsing
1574522858.295,786,987,None,Move,browsing
1574522858.3079998,787,989,None,Move,browsing
1574522858.322,788,992,None,Move,browsing
1574522858.333,789,995,None,Move,browsing
1574522858.343,789,998,None,Move,browsing
1574522858.357,789,1000,None,Move,browsing
1574522858.369,789,1004,None,Move,browsing
1574522858.381,789,1007,None,Move,browsing
1574522858.395,788,1013,None,Move,browsing
1574522858.408,785,1019,None,Move,browsing
1574522858.419,782,1025,None,Move,browsing
1574522858.4320002,780,1029,None,Move,browsing
1574522858.4429998,779,1033,None,Move,browsing
1574522858.4529998,776,1037,None,Move,browsing
1574522858.465,775,1041,None,Move,browsing
1574522858.48,774,1046,None,Move,browsing
1574522858.4929998,772,1050,None,Move,browsing
1574522858.504,771,1053,None,Move,browsing
1574522858.516,770,1056,None,Move,browsing
1574522858.526,770,1060,None,Move,browsing
1574522858.541,770,1062,None,Move,browsing
1574522858.55,770,1066,None,Move,browsing
1574522858.566,770,1067,None,Move,browsing
1574522858.579,770,1069,None,Move,browsing
1574522858.593,770,1070,None,Move,browsing
1574522858.606,770,1071,None,Move,browsing
1574522858.6160002,770,1072,None,Move,browsing
1574522858.631,770,1072,None,Move,browsing
1574522858.645,770,1074,None,Move,browsing
1574522858.668,770,1075,None,Move,browsing
1574522858.68,769,1075,None,Move,browsing
1574522858.6929998,769,1075,None,Move,browsing
1574522858.7029998,769,1076,None,Move,browsing
1574522858.722,768,1077,None,Move,browsing
1574522858.7489998,768,1077,None,Move,browsing
1574522858.764,767,1077,None,Move,browsing
1574522858.778,766,1077,None,Move,browsing
1574522858.792,766,1077,None,Move,browsing
1574522858.805,765,1077,None,Move,browsing
1574522858.833,764,1077,None,Move,browsing
1574522858.871,763,1077,None,Move,browsing
1574522859.217,763,1077,Left,Pressed,browsing
1574522859.436,763,1077,Left,Released,browsing
1574522860.051,772,1062,None,Move,development
1574522860.0670002,787,1036,None,Move,development
1574522860.082,798,1011,None,Move,development
1574522860.097,809,989,None,Move,development
1574522860.1120002,821,964,None,Move,development
1574522860.1279998,830,944,None,Move,development
1574522860.1420002,838,926,None,Move,development
1574522860.156,841,910,None,Move,development
1574522860.171,841,893,None,Move,development
1574522860.184,838,879,None,Move,development
1574522860.2,834,864,None,Move,development
1574522860.212,827,850,None,Move,development
1574522860.2270002,821,841,None,Move,development
1574522860.2429998,816,837,None,Move,development
1574522860.256,812,834,None,Move,development
1574522860.269,807,832,None,Move,development
1574522860.285,803,829,None,Move,development
1574522860.301,800,829,None,Move,development
1574522860.315,797,829,None,Move,development
1574522860.331,795,829,None,Move,development
1574522860.343,794,829,None,Move,development
1574522860.356,793,829,None,Move,development
1574522860.369,792,830,None,Move,development
1574522860.383,789,832,None,Move,development
1574522860.397,786,835,None,Move,development
1574522860.41,782,839,None,Move,development
1574522860.425,779,843,None,Move,development
1574522860.439,776,847,None,Move,development
1574522860.455,770,853,None,Move,development
1574522860.47,765,856,None,Move,development
1574522860.4829998,762,859,None,Move,development
1574522860.4970002,760,863,None,Move,development
1574522860.51,759,864,None,Move,development
1574522860.524,758,866,None,Move,development
1574522860.845,760,842,None,Move,development
1574522860.855,764,800,None,Move,development
1574522860.867,769,752,None,Move,development
1574522860.879,769,721,None,Move,development
1574522860.8920002,769,700,None,Move,development
1574522860.904,769,666,None,Move,development
1574522860.916,769,636,None,Move,development
1574522860.929,768,615,None,Move,development
1574522860.945,765,601,None,Move,development
1574522860.958,762,592,None,Move,development
1574522860.9729998,755,586,None,Move,development
1574522860.98,747,579,None,Move,development
1574522861.0,737,573,None,Move,development
1574522861.012,730,570,None,Move,development
1574522861.026,721,569,None,Move,development
1574522861.0370002,712,567,None,Move,development
1574522861.0470002,707,567,None,Move,development
1574522861.06,704,567,None,Move,development
1574522861.069,701,568,None,Move,development
1574522861.0779998,699,569,None,Move,development
1574522861.093,695,570,None,Move,development
1574522861.105,693,571,None,Move,development
1574522861.1179998,691,573,None,Move,development
1574522861.129,689,576,None,Move,development
1574522861.141,687,580,None,Move,development
1574522861.151,686,582,None,Move,development
1574522861.63,670,563,None,Move,development
1574522861.645,648,538,None,Move,development
1574522861.658,627,513,None,Move,development
1574522861.6720002,606,488,None,Move,development
1574522861.686,584,468,None,Move,development
1574522861.7,554,447,None,Move,development
1574522861.717,537,436,None,Move,development
1574522861.7329998,521,429,None,Move,development
1574522861.746,509,426,None,Move,development
1574522861.7610002,500,422,None,Move,development
1574522861.774,493,419,None,Move,development
1574522861.784,487,417,None,Move,development
1574522861.7970002,482,414,None,Move,development
1574522861.8079998,477,411,None,Move,development
1574522861.8179998,474,409,None,Move,development
1574522861.829,470,407,None,Move,development
1574522861.839,468,405,None,Move,development
1574522861.851,464,403,None,Move,development
1574522861.8620002,462,399,None,Move,development
1574522861.871,460,396,None,Move,development
1574522861.883,457,393,None,Move,development
1574522861.896,455,392,None,Move,development
1574522861.911,454,390,None,Move,development
1574522861.928,453,389,None,Move,development
1574522861.9420002,452,388,None,Move,development
1574522861.955,452,388,None,Move,development
1574522861.966,451,387,None,Move,development
1574522861.981,451,387,None,Move,development
1574522861.9929998,450,385,None,Move,development
1574522862.004,448,384,None,Move,development
1574522862.016,445,381,None,Move,development
1574522862.028,441,379,None,Move,development
1574522862.043,439,377,None,Move,development
1574522862.059,438,376,None,Move,development
1574522862.074,438,376,None,Move,development
1574522862.087,437,374,None,Move,development
1574522862.103,437,374,None,Move,development
1574522862.119,437,373,None,Move,development
1574522862.131,437,373,None,Move,development
1574522862.159,437,372,None,Move,development
1574522862.415,437,372,Left,Pressed,development
1574522862.63,437,372,Left,Released,development
1574522867.816,433,375,None,Move,development
1574522867.847,431,378,None,Move,development
1574522867.86,426,383,None,Move,development
1574522867.875,423,386,None,Move,development
1574522867.887,419,391,None,Move,development
1574522867.901,416,395,None,Move,development
1574522867.915,413,399,None,Move,development
1574522867.925,408,403,None,Move,development
1574522867.94,405,407,None,Move,development
1574522867.9529998,401,413,None,Move,development
1574522867.9629998,399,416,None,Move,development
1574522867.974,397,420,None,Move,development
1574522867.986,395,423,None,Move,development
1574522867.996,393,427,None,Move,development
1574522868.006,393,429,None,Move,development
1574522868.02,392,430,None,Move,development
1574522868.032,391,433,None,Move,development
1574522868.044,390,434,None,Move,development
1574522868.059,389,436,None,Move,development
1574522868.073,388,437,None,Move,development
1574522868.086,388,438,None,Move,development
1574522868.099,388,438,None,Move,development
1574522868.111,387,439,None,Move,development
1574522868.1260002,387,440,None,Move,development
1574522868.139,387,441,None,Move,development
1574522868.1520002,387,442,None,Move,development
1574522868.166,387,443,None,Move,development
1574522868.179,387,445,None,Move,development
1574522868.1929998,389,447,None,Move,development
1574522868.208,391,450,None,Move,development
1574522868.218,396,454,None,Move,development
1574522868.2329998,398,460,None,Move,development
1574522868.244,400,464,None,Move,development
1574522868.2589998,402,470,None,Move,development
1574522868.27,404,474,None,Move,development
1574522868.283,407,478,None,Move,development
1574522868.299,408,481,None,Move,development
1574522868.314,409,486,None,Move,development
1574522868.3279998,411,490,None,Move,development
1574522868.342,412,494,None,Move,development
1574522868.3579998,415,500,None,Move,development
1574522868.371,416,505,None,Move,development
1574522868.387,417,509,None,Move,development
1574522868.3979998,418,513,None,Move,development
1574522868.409,419,519,None,Move,development
1574522868.421,420,524,None,Move,development
1574522868.431,422,530,None,Move,development
1574522868.4420002,423,534,None,Move,development
1574522868.4529998,426,541,None,Move,development
1574522868.4629998,427,545,None,Move,development
1574522868.4729998,428,551,None,Move,development
1574522868.49,429,556,None,Move,development
1574522868.504,429,558,None,Move,development
1574522868.518,429,559,None,Move,development
1574522870.323,429,555,None,Move,development
1574522870.339,429,549,None,Move,development
1574522870.35,429,543,None,Move,development
1574522870.365,429,535,None,Move,development
1574522870.381,430,527,None,Move,development
1574522870.394,431,517,None,Move,development
1574522870.409,431,510,None,Move,development
1574522870.425,431,503,None,Move,development
1574522870.445,431,498,None,Move,development
1574522870.455,431,493,None,Move,development
1574522870.471,431,489,None,Move,development
1574522870.485,431,486,None,Move,development
1574522870.502,431,484,None,Move,development
1574522870.514,431,482,None,Move,development
1574522870.522,431,480,None,Move,development
1574522870.541,431,477,None,Move,development
1574522870.552,430,471,None,Move,development
1574522870.561,430,468,None,Move,development
1574522870.581,429,464,None,Move,development
1574522870.591,428,460,None,Move,development
1574522870.607,428,456,None,Move,development
1574522870.6179998,427,454,None,Move,development
1574522870.631,427,451,None,Move,development
1574522870.647,427,450,None,Move,development
1574522870.66,427,447,None,Move,development
1574522870.669,427,446,None,Move,development
1574522870.685,427,445,None,Move,development
1574522870.698,427,443,None,Move,development
1574522870.711,427,442,None,Move,development
1574522870.722,427,441,None,Move,development
1574522870.7389998,427,441,None,Move,development
1574522870.75,427,440,None,Move,development
1574522870.766,427,438,None,Move,development
1574522870.778,427,436,None,Move,development
1574522870.791,427,433,None,Move,development
1574522870.804,427,431,None,Move,development
1574522870.819,427,429,None,Move,development
1574522870.832,427,428,None,Move,development
1574522870.844,427,427,None,Move,development
1574522870.859,427,426,None,Move,development
1574522870.8720002,427,425,None,Move,development
1574522870.883,427,423,None,Move,development
1574522870.8979998,427,422,None,Move,development
1574522870.91,427,420,None,Move,development
1574522870.923,427,418,None,Move,development
1574522870.938,427,416,None,Move,development
1574522870.952,427,414,None,Move,development
1574522870.967,427,414,None,Move,development
1574522870.981,427,413,None,Move,development
1574522870.996,427,412,None,Move,development
1574522871.019,427,412,None,Move,development
1574522871.048,427,411,None,Move,development
1574522872.016,427,411,Left,Pressed,development
1574522872.235,427,411,Left,Released,development
1574522876.68,433,393,None,Move,development
1574522876.691,443,371,None,Move,development
1574522876.706,453,355,None,Move,development
1574522876.716,468,336,None,Move,development
1574522876.726,483,318,None,Move,development
1574522876.74,496,300,None,Move,development
1574522876.7510002,505,287,None,Move,development
1574522876.7589998,520,274,None,Move,development
1574522876.7729998,536,260,None,Move,development
1574522876.783,551,248,None,Move,development
1574522876.789,566,237,None,Move,development
1574522876.804,580,228,None,Move,development
1574522876.813,592,220,None,Move,development
1574522876.825,604,215,None,Move,development
1574522876.839,615,211,None,Move,development
1574522876.8520002,626,206,None,Move,development
1574522876.863,633,203,None,Move,development
1574522876.873,638,202,None,Move,development
1574522876.8860002,640,202,None,Move,development
1574522876.897,643,202,None,Move,development
1574522876.9120002,643,202,None,Move,development
1574522876.9220002,644,202,None,Move,development
1574522876.9320002,644,202,None,Move,development
1574522876.9420002,645,202,None,Move,development
1574522876.9529998,646,202,None,Move,development
1574522876.965,647,202,None,Move,development
1574522876.9770002,648,202,None,Move,development
1574522876.992,649,203,None,Move,development
1574522877.0070002,649,203,None,Move,development
1574522877.016,649,204,None,Move,development
1574522877.03,650,204,None,Move,development
1574522877.044,651,204,None,Move,development
1574522877.074,651,205,None,Move,development
1574522877.087,651,207,None,Move,development
1574522877.1,651,208,None,Move,development
1574522877.1120002,649,211,None,Move,development
1574522877.1220002,640,219,None,Move,development
1574522877.139,628,231,None,Move,development
1574522877.15,615,241,None,Move,development
1574522877.16,601,253,None,Move,development
1574522877.177,585,269,None,Move,development
1574522877.189,572,281,None,Move,development
1574522877.201,558,297,None,Move,development
1574522877.212,525,338,None,Move,development
1574522877.228,495,382,None,Move,development
1574522877.25,474,415,None,Move,development
1574522877.2629998,462,435,None,Move,development
1574522877.278,454,449,None,Move,development
1574522877.294,448,464,None,Move,development
1574522877.3070002,444,478,None,Move,development
1574522877.324,440,487,None,Move,development
1574522877.339,439,490,None,Move,development
1574522877.349,438,492,None,Move,development
1574522877.3660002,438,493,None,Move,development
1574522877.38,438,494,None,Move,development
1574522877.389,438,495,None,Move,development
1574522877.407,438,495,None,Move,development
1574522880.266,436,489,None,Move,development
1574522880.28,432,478,None,Move,development
1574522880.292,428,469,None,Move,development
1574522880.3079998,425,462,None,Move,development
1574522880.326,424,458,None,Move,development
1574522880.3379998,421,452,None,Move,development
1574522880.355,420,449,None,Move,development
1574522880.3639998,420,447,None,Move,development
1574522880.381,418,445,None,Move,development
1574522880.394,417,444,None,Move,development
1574522880.408,417,443,None,Move,development
1574522880.42,417,443,None,Move,development
1574522880.431,417,442,None,Move,development
1574522880.44,417,442,None,Move,development
1574522880.458,416,440,None,Move,development
1574522880.467,416,439,None,Move,development
1574522880.482,416,438,None,Move,development
1574522880.4970002,416,437,None,Move,development
1574522880.5089998,415,437,None,Move,development
1574522880.521,415,436,None,Move,development
1574522880.534,415,435,None,Move,development
1574522880.548,415,435,None,Move,development
1574522880.561,415,434,None,Move,development
1574522880.8079998,415,434,Left,Pressed,development
1574522881.024,415,434,Left,Released,development
1574522881.655,432,434,None,Move,development
1574522881.6620002,447,436,None,Move,development
1574522881.676,465,438,None,Move,development
1574522881.691,484,441,None,Move,development
1574522881.7029998,499,445,None,Move,development
1574522881.715,514,449,None,Move,development
1574522881.728,530,453,None,Move,development
1574522881.74,546,460,None,Move,development
1574522881.754,562,469,None,Move,development
1574522881.7670002,581,476,None,Move,development
1574522881.769,595,485,None,Move,development
1574522881.776,608,492,None,Move,development
1574522881.792,622,499,None,Move,development
1574522881.802,636,509,None,Move,development
1574522881.811,650,519,None,Move,development
1574522881.823,667,531,None,Move,development
1574522881.836,684,543,None,Move,development
1574522881.845,701,554,None,Move,development
1574522881.86,715,563,None,Move,development
1574522881.877,729,573,None,Move,development
1574522881.889,742,581,None,Move,development
1574522881.904,753,589,None,Move,development
1574522881.916,762,597,None,Move,development
1574522881.935,773,605,None,Move,development
1574522881.9420002,779,610,None,Move,development
1574522881.957,785,615,None,Move,development
1574522881.971,793,620,None,Move,development
1574522881.981,799,624,None,Move,development
1574522881.9929998,802,626,None,Move,development
1574522882.002,804,629,None,Move,development
1574522882.019,805,630,None,Move,development
1574522882.029,806,631,None,Move,development
1574522882.042,806,632,None,Move,development
1574522882.053,807,633,None,Move,development
1574522882.423,828,630,None,Move,development
1574522882.439,849,629,None,Move,development
1574522882.451,881,627,None,Move,development
1574522882.462,913,625,None,Move,development
1574522882.475,935,622,None,Move,development
1574522882.486,956,622,None,Move,development
1574522882.492,980,622,None,Move,development
1574522882.506,999,624,None,Move,development
1574522882.515,1021,627,None,Move,development
1574522882.525,1036,630,None,Move,development
1574522882.538,1048,632,None,Move,development
1574522882.551,1060,635,None,Move,development
1574522882.559,1069,637,None,Move,development
1574522882.574,1078,641,None,Move,development
1574522882.585,1083,643,None,Move,development
1574522882.595,1089,645,None,Move,development
1574522882.6079998,1092,647,None,Move,development
1574522882.6179998,1095,650,None,Move,development
1574522882.6279998,1097,652,None,Move,development
1574522882.641,1100,655,None,Move,development
1574522882.651,1101,658,None,Move,development
1574522882.658,1102,660,None,Move,development
1574522882.673,1102,662,None,Move,development
1574522882.686,1102,665,None,Move,development
1574522945.6620002,1102,665,Left,Pressed,development
1574522945.8779998,1102,665,Left,Released,development
1574522948.015,1102,660,None,Move,development
1574522948.029,1102,650,None,Move,development
1574522950.613,1096,648,None,Move,development
1574522950.63,1087,646,None,Move,development
1574522950.644,1080,645,None,Move,development
1574522950.654,1071,643,None,Move,development
1574522950.668,1059,640,None,Move,development
1574522950.68,1054,639,None,Move,development
1574522950.69,1050,638,None,Move,development
1574522950.7029998,1045,634,None,Move,development
1574522950.7129998,1043,632,None,Move,development
1574522950.72,1039,630,None,Move,development
1574522950.734,1033,624,None,Move,development
1574522950.7470002,1029,620,None,Move,development
1574522950.758,1024,614,None,Move,development
1574522950.771,1023,610,None,Move,development
1574522950.782,1022,605,None,Move,development
1574522950.795,1022,602,None,Move,development
1574522950.803,1022,598,None,Move,development
1574522950.82,1022,596,None,Move,development
1574522950.831,1022,593,None,Move,development
1574522950.841,1022,592,None,Move,development
1574522950.855,1023,590,None,Move,development
1574522950.867,1024,590,None,Move,development
1574522950.879,1025,587,None,Move,development
1574522950.8920002,1026,587,None,Move,development
1574522950.905,1027,586,None,Move,development
1574522950.92,1027,586,None,Move,development
1574522957.101,1017,596,None,Move,development
1574522957.1160002,1005,611,None,Move,development
1574522957.1279998,991,626,None,Move,development
1574522957.14,981,640,None,Move,development
1574522957.1520002,969,657,None,Move,development
1574522957.166,958,672,None,Move,development
1574522957.18,953,681,None,Move,development
1574522957.195,949,689,None,Move,development
1574522957.205,945,697,None,Move,development
1574522957.215,943,701,None,Move,development
1574522957.234,942,704,None,Move,development
1574522957.246,940,708,None,Move,development
1574522957.2570002,939,711,None,Move,development
1574522957.271,939,712,None,Move,development
1574522957.284,939,713,None,Move,development
1574522957.2970002,939,714,None,Move,development
1574522957.305,939,715,None,Move,development
1574522957.324,939,716,None,Move,development
1574522957.334,939,717,None,Move,development
1574522957.3479998,939,718,None,Move,development
1574522957.796,924,733,None,Move,development
1574522957.8070002,903,764,None,Move,development
1574522957.824,895,789,None,Move,development
1574522957.839,885,820,None,Move,development
1574522957.8520002,882,839,None,Move,development
1574522957.8660002,885,856,None,Move,development
1574522957.8779998,889,872,None,Move,development
1574522957.89,897,895,None,Move,development
1574522957.9020002,907,914,None,Move,development
1574522957.917,916,930,None,Move,development
1574522957.931,926,944,None,Move,development
1574522957.941,933,952,None,Move,development
1574522957.952,941,962,None,Move,development
1574522957.9629998,946,971,None,Move,development
1574522957.972,952,978,None,Move,development
1574522957.9829998,954,983,None,Move,development
1574522957.9910002,958,988,None,Move,development
1574522958.0089998,960,994,None,Move,development
1574522958.02,961,997,None,Move,development
1574522958.03,962,1002,None,Move,development
1574522958.041,963,1007,None,Move,development
1574522958.051,964,1010,None,Move,development
1574522958.064,965,1013,None,Move,development
1574522958.073,965,1017,None,Move,development
1574522958.084,965,1019,None,Move,development
1574522958.096,965,1022,None,Move,development
1574522958.1120002,965,1024,None,Move,development
1574522958.123,965,1028,None,Move,development
1574522958.1320002,965,1030,None,Move,development
1574522958.149,966,1036,None,Move,development
1574522958.16,967,1040,None,Move,development
1574522958.173,967,1043,None,Move,development
1574522958.1829998,967,1046,None,Move,development
1574522958.2,967,1048,None,Move,development
1574522958.521,965,1049,None,Move,development
1574522958.532,963,1050,None,Move,development
1574522958.546,962,1051,None,Move,development
1574522958.559,962,1051,None,Move,development
1574522958.574,961,1052,None,Move,development
1574522958.586,960,1053,None,Move,development
1574522958.599,959,1054,None,Move,development
1574522958.613,959,1055,None,Move,development
1574522958.623,957,1056,None,Move,development
1574522958.6360002,957,1056,None,Move,development
1574522958.65,956,1057,None,Move,development
1574522958.661,955,1057,None,Move,development
1574522958.6720002,954,1057,None,Move,development
1574522958.688,953,1058,None,Move,development
1574522958.696,952,1059,None,Move,development
1574522958.711,952,1059,None,Move,development
1574522958.725,951,1060,None,Move,development
1574522958.7370002,950,1060,None,Move,development
1574522958.748,949,1063,None,Move,development
1574522958.765,947,1064,None,Move,development
1574522958.776,947,1064,None,Move,development
1574522959.014,947,1064,Left,Pressed,development
1574522959.232,947,1064,Left,Released,development
1574522959.934,950,1049,None,Move,entertainment
1574522959.944,955,1034,None,Move,entertainment
1574522959.958,962,1013,None,Move,entertainment
1574522959.97,975,987,None,Move,entertainment
1574522959.985,987,956,None,Move,entertainment
1574522959.9970002,1005,929,None,Move,entertainment
1574522960.0110002,1017,903,None,Move,entertainment
1574522960.029,1032,876,None,Move,entertainment
1574522960.039,1043,860,None,Move,entertainment
1574522960.05,1055,842,None,Move,entertainment
1574522960.063,1062,829,None,Move,entertainment
1574522960.077,1069,818,None,Move,entertainment
1574522960.09,1076,809,None,Move,entertainment
1574522960.103,1082,801,None,Move,entertainment
1574522960.115,1084,799,None,Move,entertainment
1574522960.131,1086,798,None,Move,entertainment
1574522960.144,1088,796,None,Move,entertainment
1574522960.158,1089,795,None,Move,entertainment
1574522960.1720002,1090,794,None,Move,entertainment
1574522960.186,1091,794,None,Move,entertainment
1574522960.201,1091,793,None,Move,entertainment
1574522960.217,1091,792,None,Move,entertainment
1574522960.231,1092,792,None,Move,entertainment
1574522960.2489998,1092,792,None,Move,entertainment
1574522960.293,1092,792,None,Move,entertainment
1574522960.304,1092,792,None,Move,entertainment
1574522960.315,1092,793,None,Move,entertainment
1574522960.332,1091,793,None,Move,entertainment
1574522977.357,1088,799,None,Move,entertainment
1574522977.37,1085,808,None,Move,entertainment
1574522977.3820002,1083,816,None,Move,entertainment
1574522977.396,1082,821,None,Move,entertainment
1574522977.413,1082,826,None,Move,entertainment
1574522977.4320002,1082,830,None,Move,entertainment
1574522977.444,1082,834,None,Move,entertainment
1574522977.458,1084,837,None,Move,entertainment
1574522977.47,1084,840,None,Move,entertainment
1574522977.484,1084,841,None,Move,entertainment
1574522977.498,1085,844,None,Move,entertainment
1574522977.512,1085,845,None,Move,entertainment
1574522977.525,1087,846,None,Move,entertainment
1574522977.536,1090,848,None,Move,entertainment
1574522977.551,1091,850,None,Move,entertainment
1574522977.5670002,1095,851,None,Move,entertainment
1574522977.581,1098,851,None,Move,entertainment
1574522977.593,1103,853,None,Move,entertainment
1574522977.606,1106,854,None,Move,entertainment
1574522977.615,1112,855,None,Move,entertainment
1574522977.631,1117,855,None,Move,entertainment
1574522977.6420002,1120,855,None,Move,entertainment
1574522977.655,1125,857,None,Move,entertainment
1574522977.668,1128,857,None,Move,entertainment
1574522977.681,1131,858,None,Move,entertainment
1574522977.6920002,1133,858,None,Move,entertainment
1574522977.704,1134,858,None,Move,entertainment
1574522977.7129998,1136,858,None,Move,entertainment
1574522977.728,1138,858,None,Move,entertainment
1574522977.7389998,1141,858,None,Move,entertainment
1574522977.7510002,1143,858,None,Move,entertainment
1574522977.7589998,1145,859,None,Move,entertainment
1574522977.7770002,1148,860,None,Move,entertainment
1574522977.7870002,1149,860,None,Move,entertainment
1574522977.801,1150,861,None,Move,entertainment
1574522977.815,1152,862,None,Move,entertainment
1574522977.827,1153,863,None,Move,entertainment
1574522977.84,1154,864,None,Move,entertainment
1574522977.853,1155,865,None,Move,entertainment
1574522977.863,1156,866,None,Move,entertainment
1574522977.8779998,1157,867,None,Move,entertainment
1574522977.893,1158,868,None,Move,entertainment
1574522977.901,1159,869,None,Move,entertainment
1574522977.917,1159,870,None,Move,entertainment
1574522977.93,1160,871,None,Move,entertainment
1574522977.938,1160,872,None,Move,entertainment
1574522977.955,1160,873,None,Move,entertainment
1574522977.967,1160,873,None,Move,entertainment
1574522977.978,1160,874,None,Move,entertainment
1574522995.37,1163,877,None,Move,entertainment
1574522995.3779998,1166,878,None,Move,entertainment
1574522995.397,1170,882,None,Move,entertainment
1574522995.409,1176,887,None,Move,entertainment
1574522995.423,1183,891,None,Move,entertainment
1574522995.438,1192,895,None,Move,entertainment
1574522995.45,1200,899,None,Move,entertainment
1574522995.462,1209,904,None,Move,entertainment
1574522995.474,1216,907,None,Move,entertainment
1574522995.488,1223,912,None,Move,entertainment
1574522995.498,1232,916,None,Move,entertainment
1574522995.512,1238,920,None,Move,entertainment
1574522995.524,1242,923,None,Move,entertainment
1574522995.535,1247,926,None,Move,entertainment
1574522995.545,1253,929,None,Move,entertainment
1574522995.562,1256,931,None,Move,entertainment
1574522995.576,1260,934,None,Move,entertainment
1574522995.5879998,1264,937,None,Move,entertainment
1574522995.5979998,1267,940,None,Move,entertainment
1574522995.6139998,1271,944,None,Move,entertainment
1574522995.6260002,1274,946,None,Move,entertainment
1574522995.635,1278,949,None,Move,entertainment
1574522995.6479998,1281,952,None,Move,entertainment
1574522995.664,1283,956,None,Move,entertainment
1574522995.676,1285,957,None,Move,entertainment
1574522995.686,1287,959,None,Move,entertainment
1574522995.701,1289,960,None,Move,entertainment
1574522995.71,1289,961,None,Move,entertainment
1574522995.724,1289,962,None,Move,entertainment
1574522995.738,1290,962,None,Move,entertainment
1574522995.7510002,1291,962,None,Move,entertainment
1574522995.764,1291,962,None,Move,entertainment
1574522995.776,1292,962,None,Move,entertainment
1574522995.786,1294,961,None,Move,entertainment
1574522995.799,1296,958,None,Move,entertainment
1574522995.815,1299,953,None,Move,entertainment
1574522995.8279998,1303,946,None,Move,entertainment
1574522995.8379998,1308,938,None,Move,entertainment
1574522995.854,1312,928,None,Move,entertainment
1574522995.8620002,1317,920,None,Move,entertainment
1574522995.877,1319,908,None,Move,entertainment
1574522995.89,1320,897,None,Move,entertainment
1574522995.899,1322,888,None,Move,entertainment
1574522995.913,1323,878,None,Move,entertainment
1574522995.928,1323,872,None,Move,entertainment
1574522995.941,1323,861,None,Move,entertainment
1574522995.95,1321,856,None,Move,entertainment
1574522995.965,1316,850,None,Move,entertainment
1574522995.974,1310,842,None,Move,entertainment
1574522995.988,1299,834,None,Move,entertainment
1574522996.0029998,1283,826,None,Move,entertainment
1574522996.021,1268,823,None,Move,entertainment
1574522996.033,1256,823,None,Move,entertainment
1574522996.046,1244,823,None,Move,entertainment
1574522996.0579998,1232,823,None,Move,entertainment
1574522996.069,1225,824,None,Move,entertainment
1574522996.084,1216,825,None,Move,entertainment
1574522996.095,1212,826,None,Move,entertainment
1574522996.111,1208,828,None,Move,entertainment
1574522996.1239998,1205,828,None,Move,entertainment
1574522996.137,1201,830,None,Move,entertainment
1574522996.147,1199,833,None,Move,entertainment
1574522996.1620002,1197,835,None,Move,entertainment
1574522996.1720002,1195,838,None,Move,entertainment
1574522996.186,1193,841,None,Move,entertainment
1574522996.196,1192,843,None,Move,entertainment
1574522996.207,1190,845,None,Move,entertainment
1574522996.219,1190,847,None,Move,entertainment
1574522996.23,1190,847,None,Move,entertainment
1574522996.245,1190,848,None,Move,entertainment
1574522996.256,1190,848,None,Move,entertainment
1574522996.269,1190,849,None,Move,entertainment
1574522996.284,1192,849,None,Move,entertainment
1574522996.296,1196,849,None,Move,entertainment
1574522996.3079998,1201,849,None,Move,entertainment
1574522996.319,1206,849,None,Move,entertainment
1574522996.334,1212,848,None,Move,entertainment
1574522996.347,1215,847,None,Move,entertainment
1574522996.363,1218,846,None,Move,entertainment
1574522997.573,1207,851,None,Move,entertainment
1574522997.58,1200,855,None,Move,entertainment
1574522997.594,1188,859,None,Move,entertainment
1574522997.61,1179,861,None,Move,entertainment
1574522997.6260002,1167,864,None,Move,entertainment
1574522997.635,1152,867,None,Move,entertainment
1574522997.65,1135,868,None,Move,entertainment
1574522997.664,1118,868,None,Move,entertainment
1574522997.674,1107,868,None,Move,entertainment
1574522997.686,1095,868,None,Move,entertainment
1574522997.695,1087,868,None,Move,entertainment
1574522997.712,1081,865,None,Move,entertainment
1574522997.724,1076,864,None,Move,entertainment
1574522997.7370002,1072,863,None,Move,entertainment
1574522997.7510002,1069,862,None,Move,entertainment
1574522997.766,1066,861,None,Move,entertainment
1574522997.779,1062,860,None,Move,entertainment
1574522997.791,1060,860,None,Move,entertainment
1574522997.8070002,1058,860,None,Move,entertainment
1574522997.8170002,1056,860,None,Move,entertainment
1574522997.832,1056,860,None,Move,entertainment
1574522997.845,1055,860,None,Move,entertainment
1574522997.8579998,1055,860,None,Move,entertainment
1574522997.8720002,1054,860,None,Move,entertainment
1574522997.8839998,1053,860,None,Move,entertainment
1574522997.897,1052,860,None,Move,entertainment
1574522997.9120002,1052,860,None,Move,entertainment
1574522997.936,1051,859,None,Move,entertainment
1574522997.9729998,1050,859,None,Move,entertainment
1574522998.046,1050,859,None,Move,entertainment
1574522998.059,1050,859,None,Move,entertainment
1574522998.074,1050,860,None,Move,entertainment
1574522998.569,1044,866,None,Move,entertainment
1574522998.582,1035,874,None,Move,entertainment
1574522998.594,1028,882,None,Move,entertainment
1574522998.6079998,1023,887,None,Move,entertainment
1574522998.623,1020,890,None,Move,entertainment
1574522998.6360002,1018,892,None,Move,entertainment
1574522998.649,1017,894,None,Move,entertainment
1574522998.664,1017,894,None,Move,entertainment
1574522998.679,1016,895,None,Move,entertainment
1574522998.6920002,1014,897,None,Move,entertainment
1574522998.7029998,1014,897,None,Move,entertainment
1574522998.717,1014,897,None,Move,entertainment
1574522998.731,1013,897,None,Move,entertainment
1574522998.7470002,1013,897,None,Move,entertainment
1574522998.7570002,1013,893,None,Move,entertainment
1574522998.77,1013,890,None,Move,entertainment
1574522998.78,1013,886,None,Move,entertainment
1574522998.794,1013,884,None,Move,entertainment
1574522998.8070002,1013,882,None,Move,entertainment
1574522998.8179998,1013,879,None,Move,entertainment
1574522998.831,1012,878,None,Move,entertainment
1574522998.844,1011,876,None,Move,entertainment
1574522998.856,1010,875,None,Move,entertainment
1574522998.8679998,1008,872,None,Move,entertainment
1574522998.879,1005,872,None,Move,entertainment
1574522998.894,1002,871,None,Move,entertainment
1574522998.906,1000,871,None,Move,entertainment
1574522998.919,999,871,None,Move,entertainment
1574522998.929,998,871,None,Move,entertainment
1574522998.945,997,871,None,Move,entertainment
1574522998.958,997,871,None,Move,entertainment
1574522998.974,996,871,None,Move,entertainment
1574522998.992,995,871,None,Move,entertainment
1574522999.4320002,993,874,None,Move,entertainment
1574522999.446,992,876,None,Move,entertainment
1574522999.457,992,879,None,Move,entertainment
1574522999.468,991,881,None,Move,entertainment
1574522999.479,990,882,None,Move,entertainment
1574522999.4910002,988,884,None,Move,entertainment
1574522999.5029998,987,885,None,Move,entertainment
1574522999.516,987,885,None,Move,entertainment
1574522999.524,986,886,None,Move,entertainment
1574522999.534,986,887,None,Move,entertainment
1574522999.5370002,986,888,None,Move,entertainment
1574522999.545,986,888,None,Move,entertainment
1574522999.551,986,889,None,Move,entertainment
1574522999.561,985,891,None,Move,entertainment
1574522999.575,984,892,None,Move,entertainment
1574522999.591,984,892,None,Move,entertainment
1574522999.599,984,893,None,Move,entertainment
1574522999.611,984,894,None,Move,entertainment
1574522999.627,984,894,None,Move,entertainment
1574522999.64,984,896,None,Move,entertainment
1574522999.65,982,896,None,Move,entertainment
1574523000.4,984,890,None,Move,entertainment
1574523000.4120002,988,883,None,Move,entertainment
1574523000.423,992,879,None,Move,entertainment
1574523000.431,992,876,None,Move,entertainment
1574523000.45,993,874,None,Move,entertainment
1574523000.464,994,873,None,Move,entertainment
1574523000.4770002,994,873,None,Move,entertainment
1574523000.526,994,873,None,Move,entertainment
1574523000.5370002,993,873,None,Move,entertainment
1574523000.545,993,873,None,Move,entertainment
1574523000.56,992,873,None,Move,entertainment
1574523000.573,989,874,None,Move,entertainment
1574523000.582,987,876,None,Move,entertainment
1574523000.5979998,985,878,None,Move,entertainment
1574523000.61,983,879,None,Move,entertainment
1574523000.6220002,982,880,None,Move,entertainment
1574523000.6339998,980,882,None,Move,entertainment
1574523000.647,979,884,None,Move,entertainment
1574523000.659,978,887,None,Move,entertainment
1574523000.673,977,889,None,Move,entertainment
1574523000.684,976,890,None,Move,entertainment
1574523000.697,975,892,None,Move,entertainment
1574523000.71,975,893,None,Move,entertainment
1574523000.722,973,894,None,Move,entertainment
1574523000.735,973,894,None,Move,entertainment
1574523000.746,973,896,None,Move,entertainment
1574523000.7589998,973,897,None,Move,entertainment
1574523000.771,973,898,None,Move,entertainment
1574523000.782,972,898,None,Move,entertainment
1574523001.1260002,972,898,Left,Pressed,entertainment
1574523001.341,972,898,Left,Released,entertainment
1574523001.78,971,895,None,Move,entertainment
1574523001.789,970,892,None,Move,entertainment
1574523001.809,969,890,None,Move,entertainment
1574523001.821,968,888,None,Move,entertainment
1574523001.833,968,886,None,Move,entertainment
1574523001.85,968,886,None,Move,entertainment
1574523001.8620002,967,885,None,Move,entertainment
1574523001.875,966,884,None,Move,entertainment
1574523001.889,965,884,None,Move,entertainment
1574523001.901,964,884,None,Move,entertainment
1574523001.914,963,884,None,Move,entertainment
1574523001.927,963,884,None,Move,entertainment
1574523001.936,962,884,None,Move,entertainment
1574523001.954,961,884,None,Move,entertainment
1574523001.969,961,884,None,Move,entertainment
1574523001.9770002,960,884,None,Move,entertainment
1574523001.996,959,884,None,Move,entertainment
1574523002.0110002,958,884,None,Move,entertainment
1574523002.029,957,884,None,Move,entertainment
1574523002.306,957,884,Left,Pressed,entertainment
1574523002.5229998,957,884,Left,Released,entertainment
1574523002.7329998,971,866,None,Move,entertainment
1574523002.7470002,988,847,None,Move,entertainment
1574523002.7570002,1011,816,None,Move,entertainment
1574523002.771,1028,797,None,Move,entertainment
1574523002.782,1045,779,None,Move,entertainment
1574523002.795,1061,763,None,Move,entertainment
1574523002.805,1080,744,None,Move,entertainment
1574523002.8170002,1097,725,None,Move,entertainment
1574523002.827,1112,707,None,Move,entertainment
1574523002.84,1122,693,None,Move,entertainment
1574523002.8520002,1133,679,None,Move,entertainment
1574523002.8720002,1142,667,None,Move,entertainment
1574523002.8860002,1147,660,None,Move,entertainment
1574523002.8979998,1151,649,None,Move,entertainment
1574523002.9120002,1154,640,None,Move,entertainment
1574523002.925,1155,635,None,Move,entertainment
1574523002.9420002,1156,633,None,Move,entertainment
1574523002.956,1156,633,None,Move,entertainment
1574523002.966,1156,633,None,Move,entertainment
1574523002.981,1156,632,None,Move,entertainment
1574523002.9970002,1156,631,None,Move,entertainment
1574523003.01,1156,630,None,Move,entertainment
1574523003.07,1156,630,None,Move,entertainment
1574523003.083,1155,631,None,Move,entertainment
1574523003.096,1155,631,None,Move,entertainment
1574523003.1079998,1154,633,None,Move,entertainment
1574523003.899,1169,633,None,Move,entertainment
1574523003.916,1187,633,None,Move,entertainment
1574523003.935,1203,633,None,Move,entertainment
1574523003.946,1218,634,None,Move,entertainment
1574523003.957,1229,635,None,Move,entertainment
1574523003.982,1240,639,None,Move,entertainment
1574523004.0,1247,642,None,Move,entertainment
1574523004.0129998,1252,645,None,Move,entertainment
1574523004.0270002,1257,649,None,Move,entertainment
1574523004.039,1260,652,None,Move,entertainment
1574523004.056,1263,656,None,Move,entertainment
1574523004.0670002,1267,661,None,Move,entertainment
1574523004.081,1267,665,None,Move,entertainment
1574523004.094,1268,669,None,Move,entertainment
1574523004.1079998,1268,670,None,Move,entertainment
1574523014.62,1275,652,None,Move,entertainment
1574523014.6339998,1288,626,None,Move,entertainment
1574523014.645,1309,593,None,Move,entertainment
1574523014.657,1331,565,None,Move,entertainment
1574523014.67,1356,534,None,Move,entertainment
1574523014.6829998,1377,509,None,Move,entertainment
1574523014.7,1397,487,None,Move,entertainment
1574523014.716,1410,476,None,Move,entertainment
1574523014.735,1419,471,None,Move,entertainment
1574523014.7489998,1427,468,None,Move,entertainment
1574523014.764,1429,465,None,Move,entertainment
1574523014.779,1431,464,None,Move,entertainment
1574523014.792,1432,464,None,Move,entertainment
1574523014.8079998,1432,464,None,Move,entertainment
1574523014.823,1430,464,None,Move,entertainment
1574523014.836,1415,470,None,Move,entertainment
1574523014.85,1392,483,None,Move,entertainment
1574523014.8639998,1372,497,None,Move,entertainment
1574523014.8779998,1356,509,None,Move,entertainment
1574523014.8920002,1340,523,None,Move,entertainment
1574523014.906,1319,541,None,Move,entertainment
1574523014.9220002,1300,558,None,Move,entertainment
1574523014.936,1282,575,None,Move,entertainment
1574523014.951,1260,593,None,Move,entertainment
1574523014.964,1236,610,None,Move,entertainment
1574523014.976,1219,621,None,Move,entertainment
1574523014.9929998,1200,629,None,Move,entertainment
1574523015.005,1185,635,None,Move,entertainment
1574523015.02,1169,640,None,Move,entertainment
1574523015.032,1154,646,None,Move,entertainment
1574523015.046,1138,650,None,Move,entertainment
1574523015.061,1123,654,None,Move,entertainment
1574523015.074,1109,658,None,Move,entertainment
1574523015.087,1099,661,None,Move,entertainment
1574523015.1020002,1090,662,None,Move,entertainment
1574523015.12,1082,663,None,Move,entertainment
1574523015.135,1075,664,None,Move,entertainment
1574523015.146,1071,665,None,Move,entertainment
1574523015.16,1070,666,None,Move,entertainment
1574523015.176,1069,666,None,Move,entertainment
1574523015.191,1068,666,None,Move,entertainment
1574523015.202,1067,667,None,Move,entertainment
1574523015.216,1066,667,None,Move,entertainment
1574523015.447,1048,677,None,Move,entertainment
1574523015.459,1013,705,None,Move,entertainment
1574523015.471,971,738,None,Move,entertainment
1574523015.488,940,770,None,Move,entertainment
1574523015.5010002,917,792,None,Move,entertainment
1574523015.515,905,809,None,Move,entertainment
1574523015.53,895,822,None,Move,entertainment
1574523015.543,888,830,None,Move,entertainment
1574523015.5579998,885,833,None,Move,entertainment
1574523015.572,883,836,None,Move,entertainment
1574523015.585,882,837,None,Move,entertainment
1574523015.6020002,881,838,None,Move,entertainment
1574523015.6139998,880,839,None,Move,entertainment
1574523015.627,880,840,None,Move,entertainment
1574523015.655,880,840,None,Move,entertainment
1574523015.667,882,840,None,Move,entertainment
1574523015.68,885,839,None,Move,entertainment
1574523015.694,888,838,None,Move,entertainment
1574523015.711,891,837,None,Move,entertainment
1574523015.725,895,836,None,Move,entertainment
1574523015.738,898,836,None,Move,entertainment
1574523015.7529998,900,836,None,Move,entertainment
1574523015.766,902,836,None,Move,entertainment
1574523015.782,905,836,None,Move,entertainment
1574523015.795,906,836,None,Move,entertainment
1574523015.806,908,836,None,Move,entertainment
1574523015.8179998,912,836,None,Move,entertainment
1574523015.8279998,914,836,None,Move,entertainment
1574523015.845,917,836,None,Move,entertainment
1574523015.856,918,835,None,Move,entertainment
1574523015.869,921,835,None,Move,entertainment
1574523015.8820002,922,835,None,Move,entertainment
1574523015.895,924,835,None,Move,entertainment
1574523015.908,924,835,None,Move,entertainment
1574523015.918,926,835,None,Move,entertainment
1574523015.93,927,835,None,Move,entertainment
1574523015.945,928,835,None,Move,entertainment
1574523015.956,928,835,None,Move,entertainment
1574523015.972,929,835,None,Move,entertainment
1574523015.986,930,835,None,Move,entertainment
1574523015.9970002,930,834,None,Move,entertainment
1574523016.012,930,834,None,Move,entertainment
1574523016.0229998,931,833,None,Move,entertainment
1574523016.032,931,833,None,Move,entertainment
1574523016.05,931,832,None,Move,entertainment
1574523016.062,931,832,None,Move,entertainment
1574523016.076,932,831,None,Move,entertainment
1574523016.092,933,831,None,Move,entertainment
1574523016.1,934,830,None,Move,entertainment
1574523016.1139998,936,827,None,Move,entertainment
1574523016.131,939,826,None,Move,entertainment
1574523016.15,941,824,None,Move,entertainment
1574523016.165,941,823,None,Move,entertainment
1574523016.178,942,822,None,Move,entertainment
1574523016.1929998,942,821,None,Move,entertainment
1574523016.204,942,821,None,Move,entertainment
1574523016.218,942,820,None,Move,entertainment
1574523016.232,943,818,None,Move,entertainment
1574523016.255,943,818,None,Move,entertainment
1574523016.271,943,817,None,Move,entertainment
1574523016.284,944,817,None,Move,entertainment
1574523016.3,944,816,None,Move,entertainment
1574523016.3379998,944,815,None,Move,entertainment
1574523016.3839998,945,815,None,Move,entertainment
1574523016.428,945,814,None,Move,entertainment
1574523016.6520002,945,814,Left,Pressed,entertainment
1574523016.867,945,814,Left,Released,entertainment
1574523017.43,946,809,None,Move,entertainment
1574523017.444,949,801,None,Move,entertainment
1574523017.459,950,796,None,Move,entertainment
1574523017.468,951,793,None,Move,entertainment
1574523017.4870002,951,792,None,Move,entertainment
1574523017.498,951,792,None,Move,entertainment
1574523017.516,951,791,None,Move,entertainment
1574523017.529,950,791,None,Move,entertainment
1574523017.544,950,790,None,Move,entertainment
1574523017.556,949,790,None,Move,entertainment
1574523017.57,948,789,None,Move,entertainment
1574523017.58,945,788,None,Move,entertainment
1574523017.591,942,787,None,Move,entertainment
1574523017.604,938,787,None,Move,entertainment
1574523017.6160002,937,787,None,Move,entertainment
1574523017.6260002,935,787,None,Move,entertainment
1574523017.641,933,787,None,Move,entertainment
1574523017.653,931,787,None,Move,entertainment
1574523017.6620002,930,787,None,Move,entertainment
1574523017.678,929,787,None,Move,entertainment
1574523017.69,928,787,None,Move,entertainment
1574523017.7,928,787,None,Move,entertainment
1574523017.714,927,787,None,Move,entertainment
1574523017.726,926,787,None,Move,entertainment
1574523017.7389998,924,787,None,Move,entertainment
1574523017.75,924,787,None,Move,entertainment
1574523017.76,923,787,None,Move,entertainment
1574523017.776,923,787,None,Move,entertainment
1574523018.23,923,787,None,Move,entertainment
1574523018.245,925,786,None,Move,entertainment
1574523018.2570002,926,785,None,Move,entertainment
1574523018.268,927,785,None,Move,entertainment
1574523018.281,928,784,None,Move,entertainment
1574523018.292,929,784,None,Move,entertainment
1574523018.304,929,784,None,Move,entertainment
1574523018.3179998,930,784,None,Move,entertainment
1574523018.329,931,784,None,Move,entertainment
1574523018.341,931,783,None,Move,entertainment
1574523018.3520002,931,783,None,Move,entertainment
1574523018.373,931,782,None,Move,entertainment
1574523018.389,932,782,None,Move,entertainment
1574523018.4,934,782,None,Move,entertainment
1574523018.413,934,782,None,Move,entertainment
1574523018.426,935,781,None,Move,entertainment
1574523018.437,935,781,None,Move,entertainment
1574523018.448,937,780,None,Move,entertainment
1574523018.46,937,780,None,Move,entertainment
1574523018.472,939,780,None,Move,entertainment
1574523018.484,939,780,None,Move,entertainment
1574523018.492,940,779,None,Move,entertainment
1574523018.5070002,940,779,None,Move,entertainment
1574523019.002,940,779,Left,Pressed,entertainment
1574523019.221,940,779,Left,Released,entertainment
1574523019.707,949,766,None,Move,entertainment
1574523019.718,968,741,None,Move,entertainment
1574523019.734,987,717,None,Move,entertainment
1574523019.752,996,705,None,Move,entertainment
1574523019.7670002,1003,692,None,Move,entertainment
1574523019.784,1010,680,None,Move,entertainment
1574523019.798,1016,669,None,Move,entertainment
1574523019.813,1020,662,None,Move,entertainment
1574523019.827,1021,659,None,Move,entertainment
1574523019.84,1022,655,None,Move,entertainment
1574523019.8520002,1022,652,None,Move,entertainment
1574523019.867,1022,651,None,Move,entertainment
1574523019.88,1022,650,None,Move,entertainment
1574523019.894,1022,650,None,Move,entertainment
1574523019.906,1022,649,None,Move,entertainment
1574523019.92,1021,648,None,Move,entertainment
1574523019.935,1018,647,None,Move,entertainment
1574523019.948,1016,647,None,Move,entertainment
1574523019.957,1014,647,None,Move,entertainment
1574523019.972,1014,647,None,Move,entertainment
1574523019.98,1012,647,None,Move,entertainment
1574523020.0010002,1011,647,None,Move,entertainment
1574523020.0089998,1010,647,None,Move,entertainment
1574523020.025,1009,647,None,Move,entertainment
1574523020.039,1008,647,None,Move,entertainment
1574523020.05,1006,647,None,Move,entertainment
1574523020.063,1006,647,None,Move,entertainment
1574523020.075,1005,647,None,Move,entertainment
1574523020.086,1004,647,None,Move,entertainment
1574523020.0979998,1003,647,None,Move,entertainment
1574523020.119,1003,647,None,Move,entertainment
1574523020.131,1003,646,None,Move,entertainment
1574523020.145,1003,642,None,Move,entertainment
1574523020.156,1003,638,None,Move,entertainment
1574523020.167,1003,635,None,Move,entertainment
1574523020.18,1003,631,None,Move,entertainment
1574523020.1920002,1003,628,None,Move,entertainment
1574523020.204,1003,626,None,Move,entertainment
1574523020.218,1003,625,None,Move,entertainment
1574523020.228,1003,623,None,Move,entertainment
1574523020.2410002,1003,622,None,Move,entertainment
1574523020.2570002,1003,622,None,Move,entertainment
1574523020.265,1003,621,None,Move,entertainment
1574523020.284,1003,620,None,Move,entertainment
1574523020.294,1003,620,None,Move,entertainment
1574523020.309,1003,619,None,Move,entertainment
1574523020.35,1003,617,None,Move,entertainment
1574523020.66,1003,617,Left,Pressed,entertainment
1574523020.879,1003,617,Left,Released,entertainment
1574523036.5170002,988,619,None,Move,entertainment
1574523036.531,964,624,None,Move,entertainment
1574523036.546,936,634,None,Move,entertainment
1574523036.559,904,645,None,Move,entertainment
1574523036.571,871,661,None,Move,entertainment
1574523036.586,844,678,None,Move,entertainment
1574523036.601,816,700,None,Move,entertainment
1574523036.613,793,723,None,Move,entertainment
1574523036.631,767,749,None,Move,entertainment
1574523036.646,747,768,None,Move,entertainment
1574523036.661,730,787,None,Move,entertainment
1574523036.676,716,802,None,Move,entertainment
1574523036.69,706,810,None,Move,entertainment
1574523036.702,695,823,None,Move,entertainment
1574523036.712,687,830,None,Move,entertainment
1574523036.7270002,675,837,None,Move,entertainment
1574523036.742,663,841,None,Move,entertainment
1574523036.75,651,843,None,Move,entertainment
1574523036.765,638,842,None,Move,entertainment
1574523036.781,626,838,None,Move,entertainment
1574523036.7970002,614,831,None,Move,entertainment
1574523036.81,601,816,None,Move,entertainment
1574523036.821,587,801,None,Move,entertainment
1574523036.834,571,777,None,Move,entertainment
1574523036.846,564,762,None,Move,entertainment
1574523036.8620002,560,750,None,Move,entertainment
1574523036.8820002,558,740,None,Move,entertainment
1574523036.896,559,731,None,Move,entertainment
1574523036.911,560,729,None,Move,entertainment
1574523036.927,560,727,None,Move,entertainment
1574523036.9420002,561,726,None,Move,entertainment
1574523036.96,562,725,None,Move,entertainment
1574523036.975,563,725,None,Move,entertainment
1574523036.995,563,725,None,Move,entertainment
1574523037.01,563,735,None,Move,entertainment
1574523037.024,559,747,None,Move,entertainment
1574523037.0370002,553,762,None,Move,entertainment
1574523037.05,547,779,None,Move,entertainment
1574523037.062,541,797,None,Move,entertainment
1574523037.071,537,812,None,Move,entertainment
1574523037.089,533,826,None,Move,entertainment
1574523037.1020002,530,833,None,Move,entertainment
1574523037.115,528,841,None,Move,entertainment
1574523037.131,526,851,None,Move,entertainment
1574523037.1379998,526,863,None,Move,entertainment
1574523037.156,527,871,None,Move,entertainment
1574523037.169,529,878,None,Move,entertainment
1574523037.1829998,531,885,None,Move,entertainment
1574523037.1929998,535,894,None,Move,entertainment
1574523037.21,539,899,None,Move,entertainment
1574523037.225,543,905,None,Move,entertainment
1574523037.238,548,911,None,Move,entertainment
1574523037.25,552,915,None,Move,entertainment
1574523037.264,558,918,None,Move,entertainment
1574523037.282,563,920,None,Move,entertainment
1574523037.294,566,921,None,Move,entertainment
1574523037.3079998,568,922,None,Move,entertainment
1574523037.6220002,587,929,None,Move,entertainment
1574523037.635,638,943,None,Move,entertainment
1574523037.6479998,694,950,None,Move,entertainment
1574523037.6620002,723,954,None,Move,entertainment
1574523037.676,744,961,None,Move,entertainment
1574523037.69,774,969,None,Move,entertainment
1574523037.704,796,978,None,Move,entertainment
1574523037.715,817,986,None,Move,entertainment
1574523037.728,831,991,None,Move,entertainment
1574523037.7410002,842,997,None,Move,entertainment
1574523037.756,849,1003,None,Move,entertainment
1574523037.766,858,1012,None,Move,entertainment
1574523037.782,865,1019,None,Move,entertainment
1574523037.794,871,1029,None,Move,entertainment
1574523037.8070002,874,1035,None,Move,entertainment
1574523037.819,877,1043,None,Move,entertainment
1574523037.834,878,1047,None,Move,entertainment
1574523037.847,879,1051,None,Move,entertainment
1574523037.86,880,1054,None,Move,entertainment
1574523037.873,880,1057,None,Move,entertainment
1574523037.8860002,880,1057,None,Move,entertainment
1574523037.895,880,1058,None,Move,entertainment
1574523037.911,880,1058,None,Move,entertainment
1574523037.924,880,1060,None,Move,entertainment
1574523037.935,881,1060,None,Move,entertainment
1574523037.946,885,1063,None,Move,entertainment
1574523037.96,893,1066,None,Move,entertainment
1574523037.972,902,1069,None,Move,entertainment
1574523037.9870002,909,1070,None,Move,entertainment
1574523038.004,914,1072,None,Move,entertainment
1574523038.019,917,1072,None,Move,entertainment
1574523038.033,919,1073,None,Move,entertainment
1574523038.046,920,1073,None,Move,entertainment
1574523038.061,920,1073,None,Move,entertainment
1574523038.074,921,1073,None,Move,entertainment
1574523038.083,922,1073,None,Move,entertainment
1574523038.0979998,922,1073,None,Move,entertainment
1574523038.157,922,1073,None,Move,entertainment
1574523038.169,919,1073,None,Move,entertainment
1574523038.1820002,911,1070,None,Move,entertainment
1574523038.196,903,1067,None,Move,entertainment
1574523038.208,894,1066,None,Move,entertainment
1574523038.2229998,885,1065,None,Move,entertainment
1574523038.232,878,1064,None,Move,entertainment
1574523038.2470002,871,1063,None,Move,entertainment
1574523038.262,866,1062,None,Move,entertainment
1574523038.2729998,862,1061,None,Move,entertainment
1574523038.2870002,858,1060,None,Move,entertainment
1574523038.299,853,1057,None,Move,entertainment
1574523038.3070002,845,1055,None,Move,entertainment
1574523038.323,838,1053,None,Move,entertainment
1574523038.335,831,1051,None,Move,entertainment
1574523038.347,827,1050,None,Move,entertainment
1574523038.36,825,1049,None,Move,entertainment
1574523038.3760002,821,1049,None,Move,entertainment
1574523038.3920002,819,1049,None,Move,entertainment
1574523038.407,819,1049,None,Move,entertainment
1574523038.42,818,1049,None,Move,entertainment
1574523038.4320002,817,1049,None,Move,entertainment
1574523038.449,814,1047,None,Move,entertainment
1574523038.461,812,1047,None,Move,entertainment
1574523038.474,810,1047,None,Move,entertainment
1574523038.4889998,809,1047,None,Move,entertainment
1574523038.5,808,1047,None,Move,entertainment
1574523038.512,805,1047,None,Move,entertainment
1574523038.525,804,1047,None,Move,entertainment
1574523038.5370002,803,1047,None,Move,entertainment
1574523038.548,800,1048,None,Move,entertainment
1574523038.562,798,1049,None,Move,entertainment
1574523038.574,796,1050,None,Move,entertainment
1574523038.584,793,1050,None,Move,entertainment
1574523038.5979998,790,1051,None,Move,entertainment
1574523038.6079998,787,1052,None,Move,entertainment
1574523038.62,784,1053,None,Move,entertainment
1574523038.629,780,1055,None,Move,entertainment
1574523038.643,778,1057,None,Move,entertainment
1574523038.655,775,1058,None,Move,entertainment
1574523038.668,774,1059,None,Move,entertainment
1574523038.68,772,1060,None,Move,entertainment
1574523038.69,769,1061,None,Move,entertainment
1574523038.706,767,1062,None,Move,entertainment
1574523038.717,765,1063,None,Move,entertainment
1574523038.729,764,1063,None,Move,entertainment
1574523038.746,764,1063,None,Move,entertainment
1574523038.756,763,1063,None,Move,entertainment
1574523038.766,762,1063,None,Move,entertainment
1574523038.779,761,1063,None,Move,entertainment
1574523038.793,760,1063,None,Move,entertainment
1574523038.805,760,1063,None,Move,entertainment
1574523038.8170002,758,1063,None,Move,entertainment
1574523038.8820002,758,1064,None,Move,entertainment
1574523040.055,758,1053,None,Move,entertainment
1574523040.0679998,759,1038,None,Move,entertainment
1574523040.081,762,1023,None,Move,entertainment
1574523040.094,762,1013,None,Move,entertainment
1574523040.1079998,762,1004,None,Move,entertainment
1574523040.12,762,994,None,Move,entertainment
1574523040.1360002,762,987,None,Move,entertainment
1574523040.149,762,983,None,Move,entertainment
1574523040.163,761,981,None,Move,entertainment
1574523040.177,760,977,None,Move,entertainment
1574523040.19,759,973,None,Move,entertainment
1574523040.202,758,972,None,Move,entertainment
1574523040.217,757,970,None,Move,entertainment
1574523040.23,756,970,None,Move,entertainment
1574523040.244,755,969,None,Move,entertainment
1574523040.258,754,968,None,Move,entertainment
1574523040.271,752,967,None,Move,entertainment
1574523040.283,752,966,None,Move,entertainment
1574523040.2970002,751,965,None,Move,entertainment
1574523040.311,751,965,None,Move,entertainment
1574523040.324,750,965,None,Move,entertainment
1574523040.335,750,964,None,Move,entertainment
1574523040.347,749,964,None,Move,entertainment
1574523040.37,749,963,None,Move,entertainment
1574523040.58,749,963,Left,Pressed,entertainment
1574523040.799,749,963,Left,Released,file system
1574523041.226,751,958,None,Move,development
1574523041.236,755,945,None,Move,development
1574523041.252,760,926,None,Move,development
1574523041.264,768,904,None,Move,development
1574523041.281,782,875,None,Move,development
1574523041.292,788,854,None,Move,development
1574523041.309,795,839,None,Move,development
1574523041.314,807,816,None,Move,development
1574523041.329,812,800,None,Move,development
1574523041.339,819,784,None,Move,development
1574523041.347,830,763,None,Move,development
1574523041.363,840,741,None,Move,development
1574523041.3760002,849,727,None,Move,development
1574523041.3879998,855,713,None,Move,development
1574523041.403,862,699,None,Move,development
1574523041.414,869,685,None,Move,development
1574523041.428,875,673,None,Move,development
1574523041.44,883,662,None,Move,development
1574523041.452,890,654,None,Move,development
1574523041.4629998,895,643,None,Move,development
1574523041.476,902,634,None,Move,development
1574523041.4870002,908,628,None,Move,development
1574523041.498,912,624,None,Move,development
1574523041.514,915,621,None,Move,development
1574523041.526,917,618,None,Move,development
1574523041.54,920,616,None,Move,development
1574523041.553,922,614,None,Move,development
1574523041.564,924,612,None,Move,development
1574523041.575,925,611,None,Move,development
1574523041.586,926,610,None,Move,development
1574523041.595,927,610,None,Move,development
1574523041.609,927,610,None,Move,development
1574523041.619,928,610,None,Move,development
1574523041.6339998,928,610,None,Move,development
1574523042.685,928,612,None,Move,development
1574523042.694,929,616,None,Move,development
1574523042.709,930,620,None,Move,development
1574523045.929,912,629,None,Move,development
1574523045.94,892,642,None,Move,development
1574523045.954,862,660,None,Move,development
1574523045.966,834,679,None,Move,development
1574523045.9770002,803,702,None,Move,development
1574523045.988,781,720,None,Move,development
1574523045.9989998,752,742,None,Move,development
1574523046.012,730,764,None,Move,development
1574523046.022,712,781,None,Move,development
1574523046.036,700,794,None,Move,development
1574523046.042,692,803,None,Move,development
1574523046.054,684,812,None,Move,development
1574523046.066,679,820,None,Move,development
1574523046.075,677,829,None,Move,development
1574523046.083,677,836,None,Move,development
1574523046.099,678,848,None,Move,development
1574523046.109,684,857,None,Move,development
1574523046.121,693,866,None,Move,development
1574523046.131,706,879,None,Move,development
1574523046.143,731,890,None,Move,development
1574523046.156,755,899,None,Move,development
1574523046.169,797,905,None,Move,development
1574523046.18,845,907,None,Move,development
1574523046.189,893,909,None,Move,development
1574523046.204,947,909,None,Move,development
1574523046.215,1009,905,None,Move,development
1574523046.225,1075,898,None,Move,development
1574523046.2389998,1147,890,None,Move,development
1574523046.248,1220,880,None,Move,development
1574523046.2570002,1292,872,None,Move,development
1574523046.27,1347,870,None,Move,development
1574523046.28,1402,867,None,Move,development
1574523046.29,1436,867,None,Move,development
1574523046.301,1463,873,None,Move,development
1574523046.312,1480,883,None,Move,development
1574523046.323,1497,894,None,Move,development
1574523046.336,1506,902,None,Move,development
1574523046.831,1465,846,None,Move,development
1574523046.84,1418,775,None,Move,development
1574523046.855,1375,718,None,Move,development
1574523046.869,1338,678,None,Move,development
1574523046.8839998,1297,644,None,Move,development
1574523046.8979998,1268,619,None,Move,development
1574523046.909,1226,587,None,Move,development
1574523046.924,1194,557,None,Move,development
1574523046.936,1159,529,None,Move,development
1574523046.9529998,1130,502,None,Move,development
1574523046.97,1114,486,None,Move,development
1574523046.985,1105,477,None,Move,development
1574523046.998,1097,473,None,Move,development
1574523047.01,1095,471,None,Move,development
1574523047.021,1093,469,None,Move,development
1574523047.032,1091,467,None,Move,development
1574523047.042,1090,466,None,Move,development
1574523047.055,1089,466,None,Move,development
1574523047.066,1088,465,None,Move,development
1574523047.409,1077,460,None,Move,development
1574523047.421,1058,451,None,Move,development
1574523047.435,1042,444,None,Move,development
1574523047.449,1027,439,None,Move,development
1574523047.462,1011,435,None,Move,development
1574523047.474,996,429,None,Move,development
1574523047.488,982,425,None,Move,development
1574523047.5,970,423,None,Move,development
1574523047.515,962,420,None,Move,development
1574523047.528,954,418,None,Move,development
1574523047.54,948,417,None,Move,development
1574523047.552,943,416,None,Move,development
1574523047.566,939,415,None,Move,development
1574523047.579,935,415,None,Move,development
1574523047.592,933,414,None,Move,development
1574523047.6020002,930,414,None,Move,development
1574523047.617,929,414,None,Move,development
1574523047.631,929,414,None,Move,development
1574523047.643,928,414,None,Move,development
1574523047.654,928,414,None,Move,development
1574523047.665,926,414,None,Move,development
1574523047.675,925,414,None,Move,development
1574523047.691,925,414,None,Move,development
1574523047.699,924,414,None,Move,development
1574523047.714,923,414,None,Move,development
1574523047.731,922,414,None,Move,development
1574523047.7429998,922,414,None,Move,development
1574523047.7529998,921,414,None,Move,development
1574523047.764,920,414,None,Move,development
1574523047.775,919,413,None,Move,development
1574523047.793,919,413,None,Move,development
1574523047.806,918,412,None,Move,development
1574523047.82,917,412,None,Move,development
1574523047.836,917,412,None,Move,development
1574523047.85,917,411,None,Move,development
1574523047.8620002,916,411,None,Move,development
1574523047.875,916,410,None,Move,development
1574523048.187,916,410,Left,Pressed,development
1574523048.4020002,916,410,Left,Released,development
1574523054.286,895,395,None,Move,browsing
1574523054.301,874,379,None,Move,browsing
1574523054.315,848,364,None,Move,browsing
1574523054.332,808,342,None,Move,browsing
1574523054.349,764,314,None,Move,browsing
1574523054.365,710,274,None,Move,browsing
1574523054.3839998,656,240,None,Move,browsing
1574523054.401,616,213,None,Move,browsing
1574523054.417,595,197,None,Move,browsing
1574523054.4320002,586,191,None,Move,browsing
1574523054.444,577,184,None,Move,browsing
1574523054.46,569,179,None,Move,browsing
1574523054.47,563,172,None,Move,browsing
1574523054.4829998,557,166,None,Move,browsing
1574523054.495,549,159,None,Move,browsing
1574523054.5070002,541,153,None,Move,browsing
1574523054.52,535,148,None,Move,browsing
1574523054.532,529,140,None,Move,browsing
1574523054.544,524,134,None,Move,browsing
1574523054.5579998,520,130,None,Move,browsing
1574523054.573,516,127,None,Move,browsing
1574523054.589,514,124,None,Move,browsing
1574523054.601,511,123,None,Move,browsing
1574523054.617,510,122,None,Move,browsing
1574523054.641,509,121,None,Move,browsing
1574523054.98,498,117,None,Move,browsing
1574523054.9989998,482,110,None,Move,browsing
1574523055.0129998,466,103,None,Move,browsing
1574523055.026,454,96,None,Move,browsing
1574523055.038,446,91,None,Move,browsing
1574523055.052,437,86,None,Move,browsing
1574523055.065,428,81,None,Move,browsing
1574523055.0779998,421,79,None,Move,browsing
1574523055.093,416,76,None,Move,browsing
1574523055.107,413,74,None,Move,browsing
1574523055.1220002,411,73,None,Move,browsing
1574523055.135,408,70,None,Move,browsing
1574523055.149,406,69,None,Move,browsing
1574523055.1620002,404,68,None,Move,browsing
1574523055.175,401,67,None,Move,browsing
1574523055.194,401,66,None,Move,browsing
1574523055.212,401,66,None,Move,browsing
1574523055.228,400,65,None,Move,browsing
1574523055.2410002,399,65,None,Move,browsing
1574523055.255,398,64,None,Move,browsing
1574523055.271,398,64,None,Move,browsing
1574523055.285,398,64,None,Move,browsing
1574523055.2970002,397,64,None,Move,browsing
1574523055.311,396,64,None,Move,browsing
1574523055.325,396,63,None,Move,browsing
1574523055.343,395,63,None,Move,browsing
1574523055.357,394,61,None,Move,browsing
1574523055.369,393,60,None,Move,browsing
1574523055.3920002,393,59,None,Move,browsing
1574523055.4120002,392,57,None,Move,browsing
1574523055.428,391,57,None,Move,browsing
1574523055.4429998,390,56,None,Move,browsing
1574523055.458,389,56,None,Move,browsing
1574523055.7470002,389,56,Left,Pressed,browsing
1574523055.966,389,56,Left,Released,browsing
1574523059.042,394,60,None,Move,browsing
1574523059.055,404,68,None,Move,browsing
1574523059.07,414,76,None,Move,browsing
1574523059.085,424,84,None,Move,browsing
1574523059.1020002,435,94,None,Move,browsing
1574523059.1260002,447,104,None,Move,browsing
1574523059.145,464,114,None,Move,browsing
1574523059.164,490,125,None,Move,browsing
1574523059.181,506,136,None,Move,browsing
1574523059.194,523,147,None,Move,browsing
1574523059.208,537,157,None,Move,browsing
1574523059.2229998,551,165,None,Move,browsing
1574523059.236,564,175,None,Move,browsing
1574523059.248,578,185,None,Move,browsing
1574523059.262,592,197,None,Move,browsing
1574523059.275,606,208,None,Move,browsing
1574523059.294,622,224,None,Move,browsing
1574523059.3070002,638,239,None,Move,browsing
1574523059.323,652,257,None,Move,browsing
1574523059.335,667,275,None,Move,browsing
1574523059.35,682,293,None,Move,browsing
1574523059.367,693,308,None,Move,browsing
1574523059.3879998,708,326,None,Move,browsing
1574523059.401,724,348,None,Move,browsing
1574523059.414,737,366,None,Move,browsing
1574523059.429,751,390,None,Move,browsing
1574523059.441,761,404,None,Move,browsing
1574523059.455,767,414,None,Move,browsing
1574523059.47,771,421,None,Move,browsing
1574523060.02,785,431,None,Move,browsing
1574523060.0370002,800,443,None,Move,browsing
1574523060.056,817,455,None,Move,browsing
1574523060.07,831,465,None,Move,browsing
1574523060.0879998,846,477,None,Move,browsing
1574523060.1020002,856,485,None,Move,browsing
1574523060.1160002,869,498,None,Move,browsing
1574523060.129,880,507,None,Move,browsing
1574523060.143,891,518,None,Move,browsing
1574523060.1520002,902,532,None,Move,browsing
1574523060.17,912,543,None,Move,browsing
1574523060.184,918,555,None,Move,browsing
1574523060.198,925,567,None,Move,browsing
1574523060.21,932,581,None,Move,browsing
1574523060.2229998,937,590,None,Move,browsing
1574523060.2370002,940,602,None,Move,browsing
1574523060.252,943,611,None,Move,browsing
1574523060.266,947,623,None,Move,browsing
1574523060.2770002,951,635,None,Move,browsing
1574523060.289,954,642,None,Move,browsing
1574523060.3,956,647,None,Move,browsing
1574523060.309,959,653,None,Move,browsing
1574523060.322,960,657,None,Move,browsing
1574523060.336,961,659,None,Move,browsing
1574523060.35,961,660,None,Move,browsing
1574523060.363,961,661,None,Move,browsing
1574523078.0089998,942,669,None,Move,browsing
1574523078.024,900,687,None,Move,browsing
1574523078.039,858,705,None,Move,browsing
1574523078.054,818,727,None,Move,browsing
1574523078.071,778,749,None,Move,browsing
1574523078.0879998,745,770,None,Move,browsing
1574523078.1020002,723,790,None,Move,browsing
1574523078.1160002,710,802,None,Move,browsing
1574523078.1279998,697,817,None,Move,browsing
1574523078.139,688,829,None,Move,browsing
1574523078.153,686,833,None,Move,browsing
1574523078.165,681,841,None,Move,browsing
1574523078.175,680,848,None,Move,browsing
1574523078.186,680,853,None,Move,browsing
1574523078.198,683,862,None,Move,browsing
1574523078.215,690,872,None,Move,browsing
1574523078.228,707,887,None,Move,browsing
1574523078.242,732,898,None,Move,browsing
1574523078.256,755,910,None,Move,browsing
1574523078.27,771,918,None,Move,browsing
1574523078.281,787,925,None,Move,browsing
1574523078.296,802,932,None,Move,browsing
1574523078.3079998,816,937,None,Move,browsing
1574523078.32,830,944,None,Move,browsing
1574523078.336,844,951,None,Move,browsing
1574523078.3479998,856,955,None,Move,browsing
1574523078.363,866,959,None,Move,browsing
1574523078.377,874,963,None,Move,browsing
1574523078.3920002,881,964,None,Move,browsing
1574523078.409,887,965,None,Move,browsing
1574523078.425,891,966,None,Move,browsing
1574523078.438,894,967,None,Move,browsing
1574523078.452,897,969,None,Move,browsing
1574523078.466,899,970,None,Move,browsing
1574523078.481,902,971,None,Move,browsing
1574523078.4929998,906,973,None,Move,browsing
1574523078.506,908,976,None,Move,browsing
1574523078.52,910,983,None,Move,browsing
1574523078.532,913,988,None,Move,browsing
1574523078.546,913,994,None,Move,browsing
1574523078.56,912,1002,None,Move,browsing
1574523078.575,909,1011,None,Move,browsing
1574523078.59,905,1018,None,Move,browsing
1574523078.604,903,1027,None,Move,browsing
1574523078.6160002,902,1036,None,Move,browsing
1574523078.63,902,1041,None,Move,browsing
1574523078.641,902,1045,None,Move,browsing
1574523078.656,902,1047,None,Move,browsing
1574523078.668,902,1050,None,Move,browsing
1574523078.681,902,1051,None,Move,browsing
1574523078.694,903,1052,None,Move,browsing
1574523078.708,903,1052,None,Move,browsing
1574523078.7229998,906,1053,None,Move,browsing
1574523078.735,909,1054,None,Move,browsing
1574523078.7489998,913,1055,None,Move,browsing
1574523078.762,919,1056,None,Move,browsing
1574523078.778,922,1057,None,Move,browsing
1574523078.789,924,1057,None,Move,browsing
1574523078.8,925,1058,None,Move,browsing
1574523078.812,927,1059,None,Move,browsing
1574523078.825,928,1059,None,Move,browsing
1574523078.8379998,929,1060,None,Move,browsing
1574523078.854,930,1060,None,Move,browsing
1574523078.867,931,1060,None,Move,browsing
1574523078.88,932,1060,None,Move,browsing
1574523078.895,932,1060,None,Move,browsing
1574523078.91,933,1060,None,Move,browsing
1574523078.9220002,933,1060,None,Move,browsing
1574523078.936,934,1060,None,Move,browsing
1574523078.949,935,1061,None,Move,browsing
1574523078.96,936,1061,None,Move,browsing
1574523078.971,938,1061,None,Move,browsing
1574523078.986,939,1061,None,Move,browsing
1574523079.002,940,1061,None,Move,browsing
1574523079.015,942,1061,None,Move,browsing
1574523079.029,942,1061,None,Move,browsing
1574523079.046,943,1061,None,Move,browsing
1574523079.344,943,1061,Left,Pressed,browsing
1574523079.565,943,1061,Left,Released,browsing
1574523079.9320002,948,1046,None,Move,entertainment
1574523079.944,952,1026,None,Move,entertainment
1574523079.957,959,1005,None,Move,entertainment
1574523079.97,964,972,None,Move,entertainment
1574523079.988,964,948,None,Move,entertainment
1574523080.004,964,934,None,Move,entertainment
1574523080.018,962,919,None,Move,entertainment
1574523080.036,957,903,None,Move,entertainment
1574523080.05,953,890,None,Move,entertainment
1574523080.064,949,878,None,Move,entertainment
1574523080.0779998,945,868,None,Move,entertainment
1574523080.089,940,859,None,Move,entertainment
1574523080.1,935,852,None,Move,entertainment
1574523080.1120002,929,846,None,Move,entertainment
1574523080.1239998,920,841,None,Move,entertainment
1574523080.135,909,836,None,Move,entertainment
1574523080.145,901,834,None,Move,entertainment
1574523080.16,894,831,None,Move,entertainment
1574523080.1720002,885,830,None,Move,entertainment
1574523080.185,876,830,None,Move,entertainment
1574523080.199,869,831,None,Move,entertainment
1574523080.211,860,835,None,Move,entertainment
1574523080.219,856,838,None,Move,entertainment
1574523080.236,848,846,None,Move,entertainment
1574523080.2470002,843,855,None,Move,entertainment
1574523080.262,839,864,None,Move,entertainment
1574523080.271,837,872,None,Move,entertainment
1574523080.285,834,884,None,Move,entertainment
1574523080.295,833,891,None,Move,entertainment
1574523080.3079998,833,899,None,Move,entertainment
1574523080.323,833,903,None,Move,entertainment
1574523080.337,833,905,None,Move,entertainment
1574523080.3520002,833,907,None,Move,entertainment
1574523080.3639998,833,908,None,Move,entertainment
1574523080.3739998,833,909,None,Move,entertainment
1574523080.389,834,912,None,Move,entertainment
1574523080.409,839,914,None,Move,entertainment
1574523080.423,848,918,None,Move,entertainment
1574523080.439,857,920,None,Move,entertainment
1574523080.4529998,866,920,None,Move,entertainment
1574523080.466,873,920,None,Move,entertainment
1574523080.4770002,878,920,None,Move,entertainment
1574523080.4929998,881,919,None,Move,entertainment
1574523080.502,883,918,None,Move,entertainment
1574523080.5170002,885,917,None,Move,entertainment
1574523080.529,888,915,None,Move,entertainment
1574523080.542,889,913,None,Move,entertainment
1574523080.555,892,909,None,Move,entertainment
1574523080.569,893,908,None,Move,entertainment
1574523080.579,893,907,None,Move,entertainment
1574523080.593,893,906,None,Move,entertainment
1574523080.607,893,905,None,Move,entertainment
1574523080.621,893,903,None,Move,entertainment
1574523080.6339998,892,902,None,Move,entertainment
1574523080.647,891,900,None,Move,entertainment
1574523080.661,888,899,None,Move,entertainment
1574523080.669,884,898,None,Move,entertainment
1574523080.6829998,882,897,None,Move,entertainment
1574523080.696,878,896,None,Move,entertainment
1574523080.707,874,896,None,Move,entertainment
1574523080.721,871,896,None,Move,entertainment
1574523080.732,867,896,None,Move,entertainment
1574523080.745,865,896,None,Move,entertainment
1574523080.7570002,862,896,None,Move,entertainment
1574523080.771,861,897,None,Move,entertainment
1574523080.784,859,899,None,Move,entertainment
1574523080.7970002,857,899,None,Move,entertainment
1574523080.81,857,899,None,Move,entertainment
1574523080.821,856,899,None,Move,entertainment
1574523081.214,856,899,Left,Pressed,entertainment
1574523081.4320002,856,899,Left,Released,entertainment
1574523081.9420002,856,895,None,Move,entertainment
1574523081.951,855,888,None,Move,entertainment
1574523081.967,854,885,None,Move,entertainment
1574523081.979,853,883,None,Move,entertainment
1574523081.992,851,881,None,Move,entertainment
1574523082.005,850,879,None,Move,entertainment
1574523082.02,848,878,None,Move,entertainment
1574523082.031,846,877,None,Move,entertainment
1574523082.04,844,876,None,Move,entertainment
1574523082.055,842,876,None,Move,entertainment
1574523082.065,841,876,None,Move,entertainment
1574523082.079,841,876,None,Move,entertainment
1574523082.089,839,876,None,Move,entertainment
1574523082.1,839,876,None,Move,entertainment
1574523082.11,837,876,None,Move,entertainment
1574523082.1239998,836,877,None,Move,entertainment
1574523082.1320002,834,877,None,Move,entertainment
1574523082.1479998,833,879,None,Move,entertainment
1574523082.161,831,881,None,Move,entertainment
1574523082.173,830,883,None,Move,entertainment
1574523082.189,829,885,None,Move,entertainment
1574523082.2,828,886,None,Move,entertainment
1574523082.212,825,887,None,Move,entertainment
1574523082.226,825,887,None,Move,entertainment
1574523082.24,823,888,None,Move,entertainment
1574523082.2529998,822,889,None,Move,entertainment
1574523082.266,821,889,None,Move,entertainment
1574523082.529,821,889,Left,Pressed,entertainment
1574523082.745,821,889,Left,Released,entertainment
1574523082.94,832,866,None,Move,entertainment
1574523082.952,851,827,None,Move,entertainment
1574523082.964,877,789,None,Move,entertainment
1574523082.9770002,902,749,None,Move,entertainment
1574523082.9929998,921,724,None,Move,entertainment
1574523083.006,931,712,None,Move,entertainment
1574523083.0170002,938,702,None,Move,entertainment
1574523083.033,941,697,None,Move,entertainment
1574523083.045,946,694,None,Move,entertainment
1574523083.059,949,692,None,Move,entertainment
1574523083.073,953,689,None,Move,entertainment
1574523133.82,976,667,None,Move,entertainment
1574523133.837,1015,630,None,Move,entertainment
1574523133.855,1056,603,None,Move,entertainment
1574523133.869,1097,579,None,Move,entertainment
1574523133.883,1137,554,None,Move,entertainment
1574523133.897,1169,540,None,Move,entertainment
1574523133.908,1222,516,None,Move,entertainment
1574523133.926,1275,492,None,Move,entertainment
1574523133.94,1313,479,None,Move,entertainment
1574523133.954,1341,467,None,Move,entertainment
1574523133.969,1391,456,None,Move,entertainment
1574523133.984,1410,453,None,Move,entertainment
1574523134.0010002,1428,452,None,Move,entertainment
1574523134.014,1441,452,None,Move,entertainment
1574523134.0270002,1450,452,None,Move,entertainment
1574523134.039,1457,452,None,Move,entertainment
1574523134.051,1461,453,None,Move,entertainment
1574523134.06,1464,454,None,Move,entertainment
1574523134.076,1466,456,None,Move,entertainment
1574523134.0879998,1468,458,None,Move,entertainment
1574523134.1,1471,464,None,Move,entertainment
1574523134.1139998,1474,473,None,Move,entertainment
1574523134.127,1476,485,None,Move,entertainment
1574523134.14,1476,493,None,Move,entertainment
1574523134.1520002,1476,500,None,Move,entertainment
1574523134.167,1476,503,None,Move,entertainment
1574523134.184,1476,506,None,Move,entertainment
1574523134.195,1478,508,None,Move,entertainment
1574523134.21,1490,517,None,Move,entertainment
1574523134.221,1506,526,None,Move,entertainment
1574523134.236,1537,534,None,Move,entertainment
1574523134.2470002,1569,540,None,Move,entertainment
1574523134.2589998,1589,543,None,Move,entertainment
1574523134.272,1608,547,None,Move,entertainment
1574523134.285,1620,550,None,Move,entertainment
1574523134.2970002,1629,552,None,Move,entertainment
1574523134.31,1634,553,None,Move,entertainment
1574523134.322,1637,555,None,Move,entertainment
1574523134.3379998,1640,556,None,Move,entertainment
1574523134.353,1641,557,None,Move,entertainment
1574523134.365,1641,557,None,Move,entertainment
1574523134.379,1641,557,None,Move,entertainment
1574523134.391,1642,557,None,Move,entertainment
1574523134.401,1643,558,None,Move,entertainment
1574523134.423,1643,559,None,Move,entertainment
1574523134.439,1644,559,None,Move,entertainment
1574523134.455,1645,559,None,Move,entertainment
1574523134.466,1645,559,None,Move,entertainment
1574523134.479,1646,559,None,Move,entertainment
1574523134.494,1649,559,None,Move,entertainment
1574523134.5070002,1649,559,None,Move,entertainment
1574523134.5229998,1650,560,None,Move,entertainment
1574523134.539,1652,560,None,Move,entertainment
1574523134.552,1654,560,None,Move,entertainment
1574523134.566,1656,560,None,Move,entertainment
1574523134.579,1660,560,None,Move,entertainment
1574523134.589,1662,560,None,Move,entertainment
1574523134.607,1665,560,None,Move,entertainment
1574523134.6220002,1669,560,None,Move,entertainment
1574523134.637,1672,560,None,Move,entertainment
1574523134.659,1675,558,None,Move,entertainment
1574523134.674,1676,557,None,Move,entertainment
1574523134.687,1678,557,None,Move,entertainment
1574523134.699,1678,557,None,Move,entertainment
1574523134.71,1679,557,None,Move,entertainment
1574523134.724,1680,557,None,Move,entertainment
1574523134.7389998,1680,557,None,Move,entertainment
1574523134.76,1681,557,None,Move,entertainment
1574523134.781,1682,557,None,Move,entertainment
1574523134.812,1683,557,None,Move,entertainment
1574523135.046,1673,562,None,Move,entertainment
1574523135.06,1664,567,None,Move,entertainment
1574523135.071,1652,574,None,Move,entertainment
1574523135.087,1636,581,None,Move,entertainment
1574523135.101,1610,594,None,Move,entertainment
1574523135.115,1578,606,None,Move,entertainment
1574523135.13,1536,621,None,Move,entertainment
1574523135.146,1489,635,None,Move,entertainment
1574523135.161,1447,650,None,Move,entertainment
1574523135.178,1410,661,None,Move,entertainment
1574523135.19,1362,680,None,Move,entertainment
1574523135.197,1308,694,None,Move,entertainment
1574523135.216,1257,710,None,Move,entertainment
1574523135.228,1216,723,None,Move,entertainment
1574523135.242,1189,730,None,Move,entertainment
1574523135.2510002,1159,736,None,Move,entertainment
1574523135.266,1142,742,None,Move,entertainment
1574523135.283,1129,744,None,Move,entertainment
1574523135.296,1119,748,None,Move,entertainment
1574523135.311,1110,750,None,Move,entertainment
1574523135.324,1101,752,None,Move,entertainment
1574523135.3379998,1094,755,None,Move,entertainment
1574523135.351,1086,757,None,Move,entertainment
1574523135.365,1080,759,None,Move,entertainment
1574523135.3779998,1075,762,None,Move,entertainment
1574523135.391,1073,764,None,Move,entertainment
1574523135.408,1070,767,None,Move,entertainment
1574523135.4220002,1065,774,None,Move,entertainment
1574523135.437,1063,780,None,Move,entertainment
1574523135.454,1062,783,None,Move,entertainment
1574523135.469,1062,785,None,Move,entertainment
1574523135.485,1062,787,None,Move,entertainment
1574523135.498,1062,788,None,Move,entertainment
1574523135.941,1082,779,None,Move,entertainment
1574523135.9529998,1098,772,None,Move,entertainment
1574523135.966,1120,763,None,Move,entertainment
1574523135.974,1153,757,None,Move,entertainment
1574523135.988,1186,749,None,Move,entertainment
1574523136.0029998,1219,743,None,Move,entertainment
1574523136.015,1245,738,None,Move,entertainment
1574523136.025,1271,735,None,Move,entertainment
1574523136.0370002,1289,733,None,Move,entertainment
1574523136.048,1304,732,None,Move,entertainment
1574523136.061,1315,732,None,Move,entertainment
1574523136.072,1327,732,None,Move,entertainment
1574523136.0879998,1339,732,None,Move,entertainment
1574523136.1020002,1352,732,None,Move,entertainment
1574523136.1139998,1364,732,None,Move,entertainment
1574523136.1239998,1369,732,None,Move,entertainment
1574523136.141,1370,732,None,Move,entertainment
1574523136.149,1372,733,None,Move,entertainment
1574523136.164,1374,734,None,Move,entertainment
1574523136.176,1375,736,None,Move,entertainment
1574523136.189,1376,739,None,Move,entertainment
1574523136.199,1376,748,None,Move,entertainment
1574523136.2129998,1374,759,None,Move,entertainment
1574523136.226,1370,771,None,Move,entertainment
1574523136.236,1364,784,None,Move,entertainment
1574523136.254,1358,793,None,Move,entertainment
1574523136.268,1353,802,None,Move,entertainment
1574523136.282,1348,810,None,Move,entertainment
1574523136.304,1346,817,None,Move,entertainment
1574523136.322,1345,824,None,Move,entertainment
1574523136.339,1342,829,None,Move,entertainment
1574523136.349,1342,833,None,Move,entertainment
1574523136.365,1342,836,None,Move,entertainment
1574523136.379,1342,839,None,Move,entertainment
1574523136.387,1342,840,None,Move,entertainment
1574523144.231,1329,845,None,Move,entertainment
1574523144.246,1312,849,None,Move,entertainment
1574523144.2610002,1296,856,None,Move,entertainment
1574523144.276,1271,864,None,Move,entertainment
1574523144.2870002,1253,872,None,Move,entertainment
1574523144.303,1232,880,None,Move,entertainment
1574523144.316,1218,884,None,Move,entertainment
1574523144.33,1210,885,None,Move,entertainment
1574523144.346,1201,887,None,Move,entertainment
1574523144.356,1194,888,None,Move,entertainment
1574523144.373,1192,888,None,Move,entertainment
1574523144.3839998,1189,888,None,Move,entertainment
1574523144.397,1188,888,None,Move,entertainment
1574523144.415,1185,881,None,Move,entertainment
1574523144.428,1182,873,None,Move,entertainment
1574523144.441,1180,865,None,Move,entertainment
1574523144.458,1176,858,None,Move,entertainment
1574523144.469,1173,852,None,Move,entertainment
1574523144.4770002,1167,845,None,Move,entertainment
1574523144.4889998,1161,841,None,Move,entertainment
1574523144.4970002,1154,836,None,Move,entertainment
1574523144.5129998,1148,832,None,Move,entertainment
1574523144.526,1141,830,None,Move,entertainment
1574523144.54,1133,830,None,Move,entertainment
1574523144.55,1126,830,None,Move,entertainment
1574523144.566,1118,832,None,Move,entertainment
1574523144.582,1109,839,None,Move,entertainment
1574523144.5979998,1103,844,None,Move,entertainment
1574523144.611,1097,852,None,Move,entertainment
1574523144.6260002,1090,858,None,Move,entertainment
1574523144.639,1086,864,None,Move,entertainment
1574523144.651,1081,867,None,Move,entertainment
1574523144.668,1078,872,None,Move,entertainment
1574523144.679,1075,873,None,Move,entertainment
1574523144.696,1074,874,None,Move,entertainment
1574523144.707,1073,875,None,Move,entertainment
1574523144.722,1072,876,None,Move,entertainment
1574523144.742,1071,877,None,Move,entertainment
1574523144.7510002,1070,878,None,Move,entertainment
1574523144.7670002,1070,878,None,Move,entertainment
1574523144.795,1069,879,None,Move,entertainment
1574523144.81,1069,880,None,Move,entertainment
1574523144.824,1069,881,None,Move,entertainment
1574523144.839,1069,881,None,Move,entertainment
1574523144.847,1069,883,None,Move,entertainment
1574523145.1179998,1069,883,Left,Pressed,entertainment
1574523145.3379998,1069,883,Left,Released,entertainment
1574523145.408,1056,880,None,Move,entertainment
1574523145.421,1040,875,None,Move,entertainment
1574523145.437,1027,869,None,Move,entertainment
1574523145.452,1013,864,None,Move,entertainment
1574523145.462,999,858,None,Move,entertainment
1574523145.478,985,851,None,Move,entertainment
1574523145.492,973,844,None,Move,entertainment
1574523145.506,965,840,None,Move,entertainment
1574523145.519,956,835,None,Move,entertainment
1574523145.534,952,833,None,Move,entertainment
1574523145.543,947,829,None,Move,entertainment
1574523145.556,941,823,None,Move,entertainment
1574523145.574,935,817,None,Move,entertainment
1574523145.587,928,809,None,Move,entertainment
1574523145.601,923,802,None,Move,entertainment
1574523145.6120002,918,792,None,Move,entertainment
1574523145.627,915,785,None,Move,entertainment
1574523145.6420002,913,780,None,Move,entertainment
1574523145.656,912,776,None,Move,entertainment
1574523145.671,912,774,None,Move,entertainment
1574523145.6829998,912,770,None,Move,entertainment
1574523145.696,912,768,None,Move,entertainment
1574523145.711,912,766,None,Move,entertainment
1574523145.724,912,764,None,Move,entertainment
1574523145.7370002,912,763,None,Move,entertainment
1574523145.746,912,761,None,Move,entertainment
1574523145.762,914,759,None,Move,entertainment
1574523145.775,917,755,None,Move,entertainment
1574523145.794,921,753,None,Move,entertainment
1574523145.811,926,751,None,Move,entertainment
1574523145.829,933,750,None,Move,entertainment
1574523145.845,941,748,None,Move,entertainment
1574523145.855,946,748,None,Move,entertainment
1574523145.8660002,953,748,None,Move,entertainment
1574523145.8820002,958,749,None,Move,entertainment
1574523145.896,963,753,None,Move,entertainment
1574523145.91,968,761,None,Move,entertainment
1574523145.925,971,773,None,Move,entertainment
1574523145.939,972,785,None,Move,entertainment
1574523145.958,971,798,None,Move,entertainment
1574523145.972,967,808,None,Move,entertainment
1574523145.99,963,820,None,Move,entertainment
1574523146.004,956,834,None,Move,entertainment
1574523146.015,953,842,None,Move,entertainment
1574523146.033,949,848,None,Move,entertainment
1574523146.045,944,854,None,Move,entertainment
1574523146.056,940,861,None,Move,entertainment
1574523146.072,934,870,None,Move,entertainment
1574523146.083,932,875,None,Move,entertainment
1574523146.096,931,879,None,Move,entertainment
1574523146.111,931,882,None,Move,entertainment
1574523146.1220002,931,885,None,Move,entertainment
1574523146.1339998,931,887,None,Move,entertainment
1574523146.1479998,931,889,None,Move,entertainment
1574523146.159,931,890,None,Move,entertainment
1574523146.17,931,892,None,Move,entertainment
1574523146.1820002,931,893,None,Move,entertainment
1574523146.197,931,894,None,Move,entertainment
1574523146.21,931,894,None,Move,entertainment
1574523146.232,931,895,None,Move,entertainment
1574523146.778,930,894,None,Move,entertainment
1574523146.791,929,891,None,Move,entertainment
1574523146.806,928,888,None,Move,entertainment
1574523146.821,928,887,None,Move,entertainment
1574523146.834,927,887,None,Move,entertainment
1574523146.847,926,886,None,Move,entertainment
1574523146.8620002,926,885,None,Move,entertainment
1574523146.8739998,925,885,None,Move,entertainment
1574523146.889,924,885,None,Move,entertainment
1574523146.903,924,885,None,Move,entertainment
1574523146.914,923,885,None,Move,entertainment
1574523147.1360002,923,885,Left,Pressed,entertainment
1574523147.353,923,885,Left,Released,entertainment
1574523253.0129998,956,873,None,Move,entertainment
1574523253.038,1025,848,None,Move,entertainment
1574523253.05,1094,819,None,Move,entertainment
1574523253.065,1169,793,None,Move,entertainment
1574523253.076,1253,769,None,Move,entertainment
1574523253.09,1337,748,None,Move,entertainment
1574523253.105,1414,730,None,Move,entertainment
1574523253.1220002,1470,720,None,Move,entertainment
1574523253.133,1508,710,None,Move,entertainment
1574523253.15,1543,707,None,Move,entertainment
1574523253.1620002,1566,702,None,Move,entertainment
1574523253.176,1584,700,None,Move,entertainment
1574523253.191,1599,699,None,Move,entertainment
1574523253.207,1611,699,None,Move,entertainment
1574523253.22,1620,698,None,Move,entertainment
1574523253.23,1623,698,None,Move,entertainment
1574523253.2429998,1626,698,None,Move,entertainment
1574523253.255,1627,698,None,Move,entertainment
1574523253.266,1628,698,None,Move,entertainment
1574523253.279,1628,698,None,Move,entertainment
1574523253.295,1629,698,None,Move,entertainment
1574523253.312,1630,698,None,Move,entertainment
1574523253.327,1630,697,None,Move,entertainment
1574523253.344,1632,693,None,Move,entertainment
1574523253.357,1630,683,None,Move,entertainment
1574523253.371,1628,674,None,Move,entertainment
1574523253.387,1627,665,None,Move,entertainment
1574523253.4,1627,659,None,Move,entertainment
1574523253.416,1627,651,None,Move,entertainment
1574523253.427,1628,645,None,Move,entertainment
1574523253.445,1628,642,None,Move,entertainment
1574523253.462,1629,640,None,Move,entertainment
1574523253.474,1631,634,None,Move,entertainment
1574523253.486,1635,629,None,Move,entertainment
1574523253.498,1638,625,None,Move,entertainment
1574523253.506,1644,620,None,Move,entertainment
1574523253.522,1650,616,None,Move,entertainment
1574523253.536,1655,614,None,Move,entertainment
1574523253.549,1659,612,None,Move,entertainment
1574523253.561,1661,611,None,Move,entertainment
1574523253.576,1662,611,None,Move,entertainment
1574523253.587,1663,611,None,Move,entertainment
1574523253.6020002,1663,611,None,Move,entertainment
1574523253.939,1663,611,Left,Pressed,entertainment
1574523254.154,1663,611,Left,Released,browsing
1574523254.658,1640,614,None,Move,browsing
1574523254.666,1602,616,None,Move,browsing
1574523254.6829998,1557,621,None,Move,browsing
1574523254.697,1518,625,None,Move,browsing
1574523254.709,1479,629,None,Move,browsing
1574523254.72,1453,632,None,Move,browsing
1574523254.7329998,1430,637,None,Move,browsing
1574523254.745,1415,640,None,Move,browsing
1574523254.758,1401,642,None,Move,browsing
1574523254.772,1392,644,None,Move,browsing
1574523254.786,1383,645,None,Move,browsing
1574523254.796,1379,646,None,Move,browsing
1574523254.811,1376,647,None,Move,browsing
1574523254.822,1372,648,None,Move,browsing
1574523254.831,1370,650,None,Move,browsing
1574523254.845,1365,654,None,Move,browsing
1574523254.856,1362,663,None,Move,browsing
1574523254.871,1362,678,None,Move,browsing
1574523254.883,1368,708,None,Move,browsing
1574523254.8920002,1374,741,None,Move,browsing
1574523254.907,1382,771,None,Move,browsing
1574523254.923,1390,789,None,Move,browsing
1574523254.936,1396,807,None,Move,browsing
1574523254.947,1403,821,None,Move,browsing
1574523254.961,1409,833,None,Move,browsing
1574523254.9729998,1413,842,None,Move,browsing
1574523254.986,1418,848,None,Move,browsing
1574523254.998,1420,851,None,Move,browsing
1574523255.0110002,1421,853,None,Move,browsing
1574523255.0229998,1421,854,None,Move,browsing
1574523255.036,1423,854,None,Move,browsing
1574523257.111,1409,865,None,Move,browsing
1574523257.125,1382,882,None,Move,browsing
1574523257.139,1344,897,None,Move,browsing
1574523257.15,1296,911,None,Move,browsing
1574523257.159,1230,923,None,Move,browsing
1574523257.174,1162,943,None,Move,browsing
1574523257.187,1094,963,None,Move,browsing
1574523257.207,1020,983,None,Move,browsing
1574523257.219,946,1001,None,Move,browsing
1574523257.23,879,1013,None,Move,browsing
1574523257.244,813,1023,None,Move,browsing
1574523257.256,768,1025,None,Move,browsing
1574523257.27,737,1024,None,Move,browsing
1574523257.284,707,1019,None,Move,browsing
1574523257.293,690,1016,None,Move,browsing
1574523257.309,678,1012,None,Move,browsing
1574523257.322,673,1010,None,Move,browsing
1574523257.334,670,1010,None,Move,browsing
1574523257.344,668,1010,None,Move,browsing
1574523257.361,667,1010,None,Move,browsing
1574523257.7129998,628,997,None,Move,browsing
1574523257.722,559,972,None,Move,browsing
1574523257.738,491,950,None,Move,browsing
1574523257.754,427,930,None,Move,browsing
1574523257.762,363,915,None,Move,browsing
1574523257.774,303,901,None,Move,browsing
1574523257.786,257,895,None,Move,browsing
1574523257.796,211,900,None,Move,browsing
1574523257.805,164,911,None,Move,browsing
1574523257.82,133,923,None,Move,browsing
1574523257.832,103,939,None,Move,browsing
1574523257.847,86,951,None,Move,browsing
1574523257.8620002,75,964,None,Move,browsing
1574523257.8739998,69,971,None,Move,browsing
1574523257.887,63,978,None,Move,browsing
1574523257.899,59,983,None,Move,browsing
1574523257.9120002,56,988,None,Move,browsing
1574523257.924,52,994,None,Move,browsing
1574523257.94,50,998,None,Move,browsing
1574523257.949,47,1001,None,Move,browsing
1574523257.964,45,1007,None,Move,browsing
1574523257.976,44,1009,None,Move,browsing
1574523257.9889998,43,1011,None,Move,browsing
1574523258.004,42,1013,None,Move,browsing
1574523258.019,41,1014,None,Move,browsing
1574523258.032,39,1015,None,Move,browsing
1574523258.04,38,1016,None,Move,browsing
1574523258.054,35,1018,None,Move,browsing
1574523258.064,34,1022,None,Move,browsing
1574523258.076,34,1029,None,Move,browsing
1574523258.086,34,1034,None,Move,browsing
1574523258.099,37,1040,None,Move,browsing
1574523258.107,40,1047,None,Move,browsing
1574523258.12,47,1055,None,Move,browsing
1574523258.1360002,58,1061,None,Move,browsing
1574523258.149,69,1065,None,Move,browsing
1574523258.158,76,1066,None,Move,browsing
1574523258.175,86,1069,None,Move,browsing
1574523258.187,97,1070,None,Move,browsing
1574523258.201,107,1071,None,Move,browsing
1574523258.215,112,1071,None,Move,browsing
1574523258.2270002,115,1071,None,Move,browsing
1574523258.2389998,119,1071,None,Move,browsing
1574523258.2529998,120,1071,None,Move,browsing
1574523258.264,123,1071,None,Move,browsing
1574523258.2770002,123,1071,None,Move,browsing
1574523258.29,124,1071,None,Move,browsing
1574523258.302,125,1071,None,Move,browsing
1574523258.314,125,1071,None,Move,browsing
1574523258.324,126,1071,None,Move,browsing
1574523258.353,127,1071,None,Move,browsing
1574523258.472,127,1071,None,Move,browsing
1574523258.4870002,127,1071,None,Move,browsing
1574523258.4989998,127,1070,None,Move,browsing
1574523258.516,127,1069,None,Move,browsing
1574523258.539,127,1069,None,Move,browsing
1574523258.551,127,1069,None,Move,browsing
1574523258.576,127,1067,None,Move,browsing
1574523258.59,126,1067,None,Move,browsing
1574523258.824,126,1067,Left,Pressed,browsing
1574523259.045,126,1067,Left,Released,browsing
1574523259.3839998,126,1054,None,Move,file system
1574523259.396,125,1035,None,Move,file system
1574523259.41,122,1019,None,Move,file system
1574523259.421,119,1005,None,Move,file system
1574523259.4320002,115,993,None,Move,file system
1574523259.4529998,114,986,None,Move,file system
1574523259.466,113,983,None,Move,file system
1574523259.48,112,982,None,Move,file system
1574523259.4929998,112,980,None,Move,file system
1574523259.502,111,980,None,Move,file system
1574523259.5170002,111,979,None,Move,file system
1574523259.532,110,977,None,Move,file system
1574523259.543,110,975,None,Move,file system
1574523259.555,110,974,None,Move,file system
1574523259.569,110,973,None,Move,file system
1574523259.581,110,972,None,Move,file system
1574523259.597,110,972,None,Move,file system
1574523259.613,110,971,None,Move,file system
1574523259.6279998,110,970,None,Move,file system
1574523259.7029998,110,970,None,Move,file system
1574523259.716,111,971,None,Move,file system
1574523259.729,113,973,None,Move,file system
1574523259.745,116,975,None,Move,file system
1574523259.758,118,977,None,Move,file system
1574523259.771,122,981,None,Move,file system
1574523259.786,126,983,None,Move,file system
1574523259.796,128,983,None,Move,file system
1574523259.811,131,984,None,Move,file system
1574523259.823,133,985,None,Move,file system
1574523259.832,135,986,None,Move,file system
1574523259.8479998,137,987,None,Move,file system
1574523259.861,138,987,None,Move,file system
1574523260.062,138,987,Left,Pressed,file system
1574523260.285,138,987,Left,Released,file system
1574523260.81,163,945,None,Move,office
1574523260.831,218,897,None,Move,office
1574523260.8520002,263,877,None,Move,office
1574523260.871,294,869,None,Move,office
1574523260.889,322,867,None,Move,office
1574523260.905,340,868,None,Move,office
1574523260.9220002,355,872,None,Move,office
1574523260.94,368,879,None,Move,office
1574523260.957,379,884,None,Move,office
1574523260.974,387,891,None,Move,office
1574523260.9929998,395,904,None,Move,office
1574523261.012,401,917,None,Move,office
1574523261.029,400,932,None,Move,office
1574523261.045,399,939,None,Move,office
1574523261.062,396,948,None,Move,office
1574523261.319,409,907,None,Move,office
1574523261.34,427,855,None,Move,office
1574523261.3660002,436,805,None,Move,office
1574523261.387,438,767,None,Move,office
1574523261.414,432,734,None,Move,office
1574523261.4429998,425,720,None,Move,office
1574523261.469,409,711,None,Move,office
1574523261.485,394,707,None,Move,office
1574523261.5,377,707,None,Move,office
1574523261.515,362,713,None,Move,office
1574523261.528,351,720,None,Move,office
1574523261.541,338,728,None,Move,office
1574523261.551,330,736,None,Move,office
1574523261.562,324,743,None,Move,office
1574523261.576,321,748,None,Move,office
1574523261.925,340,701,None,Move,office
1574523261.94,374,625,None,Move,office
1574523261.954,416,552,None,Move,office
1574523261.966,454,492,None,Move,office
1574523261.982,483,439,None,Move,office
1574523262.0010002,504,405,None,Move,office
1574523262.015,523,380,None,Move,office
1574523262.029,538,362,None,Move,office
1574523262.044,548,349,None,Move,office
1574523262.0579998,557,339,None,Move,office
1574523262.073,568,331,None,Move,office
1574523262.092,580,323,None,Move,office
1574523262.106,601,312,None,Move,office
1574523262.1220002,625,307,None,Move,office
1574523262.1360002,646,306,None,Move,office
1574523262.15,680,306,None,Move,office
1574523262.1620002,708,306,None,Move,office
1574523262.175,733,306,None,Move,office
1574523262.187,750,308,None,Move,office
1574523262.201,765,313,None,Move,office
1574523262.214,779,316,None,Move,office
1574523262.225,791,320,None,Move,office
1574523262.24,802,326,None,Move,office
1574523262.254,811,331,None,Move,office
1574523262.265,817,337,None,Move,office
1574523262.2770002,825,344,None,Move,office
1574523262.289,832,353,None,Move,office
1574523262.3,839,362,None,Move,office
1574523262.312,843,374,None,Move,office
1574523262.324,847,387,None,Move,office
1574523262.333,849,394,None,Move,office
1574523262.35,849,403,None,Move,office
1574523262.3620002,849,406,None,Move,office
1574523262.824,874,401,None,Move,office
1574523262.8379998,945,383,None,Move,office
1574523262.8479998,980,381,None,Move,office
1574523262.86,1011,381,None,Move,office
1574523262.8720002,1075,383,None,Move,office
1574523262.883,1124,392,None,Move,office
1574523262.894,1168,403,None,Move,office
1574523262.907,1205,413,None,Move,office
1574523262.918,1236,425,None,Move,office
1574523262.928,1271,437,None,Move,office
1574523262.94,1300,448,None,Move,office
1574523262.9529998,1322,458,None,Move,office
1574523262.965,1342,467,None,Move,office
1574523262.9770002,1356,475,None,Move,office
1574523262.9929998,1368,482,None,Move,office
1574523263.005,1379,489,None,Move,office
1574523263.018,1388,493,None,Move,office
1574523263.032,1397,500,None,Move,office
1574523263.043,1405,506,None,Move,office
1574523263.056,1410,513,None,Move,office
1574523263.0670002,1414,521,None,Move,office
1574523263.08,1417,525,None,Move,office
1574523263.093,1419,529,None,Move,office
1574523263.4420002,1431,502,None,Move,office
1574523263.454,1450,472,None,Move,office
1574523263.469,1471,435,None,Move,office
1574523263.4829998,1493,395,None,Move,office
1574523263.498,1511,368,None,Move,office
1574523263.5129998,1525,336,None,Move,office
1574523263.528,1534,308,None,Move,office
1574523263.541,1538,282,None,Move,office
1574523263.552,1539,261,None,Move,office
1574523263.5670002,1539,241,None,Move,office
1574523263.581,1539,227,None,Move,office
1574523263.596,1537,218,None,Move,office
1574523263.6139998,1533,210,None,Move,office
1574523263.625,1530,207,None,Move,office
1574523263.639,1524,204,None,Move,office
1574523263.6520002,1517,202,None,Move,office
1574523263.668,1511,201,None,Move,office
1574523263.681,1504,201,None,Move,office
1574523263.695,1496,201,None,Move,office
1574523263.708,1491,201,None,Move,office
1574523263.724,1487,201,None,Move,office
1574523263.74,1483,201,None,Move,office
1574523263.7529998,1481,201,None,Move,office
1574523263.77,1480,201,None,Move,office
1574523263.782,1479,202,None,Move,office
1574523263.796,1478,202,None,Move,office
1574523263.81,1477,203,None,Move,office
1574523263.823,1477,203,None,Move,office
1574523263.836,1476,204,None,Move,office
1574523263.847,1475,205,None,Move,office
1574523263.859,1473,208,None,Move,office
1574523263.869,1471,212,None,Move,office
1574523263.877,1467,220,None,Move,office
1574523263.894,1464,226,None,Move,office
1574523263.905,1463,228,None,Move,office
1574523263.917,1462,231,None,Move,office
1574523263.931,1461,232,None,Move,office
1574523263.9420002,1461,233,None,Move,office
1574523263.955,1461,234,None,Move,office
1574523263.968,1461,236,None,Move,office
1574523263.98,1461,237,None,Move,office
1574523263.995,1461,237,None,Move,office
1574523264.255,1461,237,Left,Pressed,office
1574523264.471,1461,237,Left,Released,office
1574523265.0229998,1455,251,None,Move,office
1574523265.038,1448,266,None,Move,office
1574523265.049,1435,285,None,Move,office
1574523265.061,1426,301,None,Move,office
1574523265.076,1419,315,None,Move,office
1574523265.087,1410,328,None,Move,office
1574523265.104,1407,337,None,Move,office
1574523265.1220002,1403,344,None,Move,office
1574523265.135,1399,353,None,Move,office
1574523265.149,1397,362,None,Move,office
1574523265.1620002,1396,371,None,Move,office
1574523265.176,1396,379,None,Move,office
1574523265.19,1396,384,None,Move,office
1574523265.207,1398,390,None,Move,office
1574523265.222,1402,396,None,Move,office
1574523265.235,1406,402,None,Move,office
1574523265.2470002,1411,407,None,Move,office
1574523265.26,1414,412,None,Move,office
1574523265.271,1420,418,None,Move,office
1574523265.284,1426,423,None,Move,office
1574523265.299,1432,427,None,Move,office
1574523265.313,1436,431,None,Move,office
1574523265.327,1439,434,None,Move,office
1574523265.342,1443,437,None,Move,office
1574523265.356,1446,442,None,Move,office
1574523265.371,1449,445,None,Move,office
1574523265.383,1451,447,None,Move,office
1574523266.9120002,1448,453,None,Move,office
1574523266.929,1441,466,None,Move,office
1574523266.947,1435,475,None,Move,office
1574523266.964,1428,484,None,Move,office
1574523266.978,1420,493,None,Move,office
1574523266.9929998,1416,498,None,Move,office
1574523267.006,1413,501,None,Move,office
1574523267.019,1410,503,None,Move,office
1574523267.03,1409,505,None,Move,office
1574523267.043,1409,506,None,Move,office
1574523267.056,1408,506,None,Move,office
1574523267.0679998,1407,507,None,Move,office
1574523267.082,1407,507,None,Move,office
1574523267.096,1408,509,None,Move,office
1574523267.11,1414,512,None,Move,office
1574523267.125,1417,514,None,Move,office
1574523276.367,1397,542,None,Move,office
1574523276.379,1369,586,None,Move,office
1574523276.396,1349,634,None,Move,office
1574523276.408,1331,682,None,Move,office
1574523276.4220002,1315,730,None,Move,office
1574523276.437,1309,766,None,Move,office
1574523276.451,1309,797,None,Move,office
1574523276.464,1309,821,None,Move,office
1574523276.478,1315,839,None,Move,office
1574523276.4889998,1319,853,None,Move,office
1574523276.4989998,1328,867,None,Move,office
1574523276.5089998,1333,877,None,Move,office
1574523276.521,1344,886,None,Move,office
1574523276.532,1358,895,None,Move,office
1574523276.545,1370,905,None,Move,office
1574523276.556,1384,912,None,Move,office
1574523276.5679998,1393,918,None,Move,office
1574523276.582,1398,920,None,Move,office
1574523276.595,1401,922,None,Move,office
1574523276.607,1402,923,None,Move,office
1574523276.621,1404,924,None,Move,office
1574523276.633,1405,924,None,Move,office
1574523276.647,1407,926,None,Move,office
1574523276.661,1408,926,None,Move,office
1574523276.676,1408,927,None,Move,office
1574523276.691,1408,927,None,Move,office
1574523276.705,1408,928,None,Move,office
1574523276.721,1408,928,None,Move,office
1574523276.7329998,1409,929,None,Move,office
1574523276.746,1409,930,None,Move,office
1574523276.995,1386,940,None,Move,office
1574523277.01,1347,955,None,Move,office
1574523277.028,1314,971,None,Move,office
1574523277.045,1289,982,None,Move,office
1574523277.061,1260,996,None,Move,office
1574523277.076,1234,1007,None,Move,office
1574523277.09,1208,1020,None,Move,office
1574523277.107,1190,1029,None,Move,office
1574523277.1220002,1176,1036,None,Move,office
1574523277.14,1168,1039,None,Move,office
1574523277.154,1159,1041,None,Move,office
1574523277.167,1155,1042,None,Move,office
1574523277.177,1150,1042,None,Move,office
1574523277.188,1148,1042,None,Move,office
1574523277.2,1145,1042,None,Move,office
1574523277.21,1144,1042,None,Move,office
1574523277.222,1141,1042,None,Move,office
1574523277.232,1138,1042,None,Move,office
1574523277.244,1137,1041,None,Move,office
1574523277.258,1134,1040,None,Move,office
1574523277.271,1132,1037,None,Move,office
1574523277.282,1130,1035,None,Move,office
1574523277.296,1128,1034,None,Move,office
1574523277.3079998,1126,1033,None,Move,office
1574523277.319,1124,1032,None,Move,office
1574523277.33,1120,1031,None,Move,office
1574523277.341,1117,1030,None,Move,office
1574523277.353,1111,1030,None,Move,office
1574523277.3660002,1105,1030,None,Move,office
1574523277.3779998,1096,1030,None,Move,office
1574523277.389,1091,1030,None,Move,office
1574523277.403,1084,1030,None,Move,office
1574523277.416,1077,1030,None,Move,office
1574523277.428,1075,1030,None,Move,office
1574523277.854,1061,1031,None,Move,office
1574523277.867,1046,1033,None,Move,office
1574523277.8779998,1031,1036,None,Move,office
1574523277.8839998,1016,1039,None,Move,office
1574523277.897,1000,1046,None,Move,office
1574523277.907,985,1050,None,Move,office
1574523277.919,971,1057,None,Move,office
1574523277.93,958,1062,None,Move,office
1574523277.941,949,1066,None,Move,office
1574523277.954,940,1071,None,Move,office
1574523277.965,936,1073,None,Move,office
1574523277.978,932,1075,None,Move,office
1574523277.9929998,928,1076,None,Move,office
1574523278.006,924,1076,None,Move,office
1574523278.022,922,1076,None,Move,office
1574523278.031,920,1076,None,Move,office
1574523278.046,919,1077,None,Move,office
1574523278.0579998,919,1077,None,Move,office
1574523278.072,917,1077,None,Move,office
1574523278.085,916,1077,None,Move,office
1574523278.0979998,916,1078,None,Move,office
1574523278.1120002,915,1078,None,Move,office
1574523278.12,914,1078,None,Move,office
1574523278.137,913,1078,None,Move,office
1574523278.15,913,1078,None,Move,office
1574523278.165,912,1078,None,Move,office
1574523278.181,912,1078,None,Move,office
1574523278.1920002,911,1078,None,Move,office
1574523278.262,911,1078,None,Move,office
1574523278.275,912,1078,None,Move,office
1574523278.286,915,1078,None,Move,office
1574523278.3,920,1078,None,Move,office
1574523278.315,924,1078,None,Move,office
1574523278.326,928,1077,None,Move,office
1574523278.339,934,1076,None,Move,office
1574523278.3520002,936,1075,None,Move,office
1574523278.365,941,1074,None,Move,office
1574523278.377,945,1073,None,Move,office
1574523278.39,947,1073,None,Move,office
1574523278.399,949,1072,None,Move,office
1574523278.416,951,1070,None,Move,office
1574523278.431,952,1069,None,Move,office
1574523278.4420002,952,1069,None,Move,office
1574523278.456,954,1069,None,Move,office
1574523278.469,955,1069,None,Move,office
1574523278.484,955,1069,None,Move,office
1574523278.835,955,1069,Left,Pressed,office
1574523279.055,955,1069,Left,Released,office
1574523283.494,955,1069,Left,Pressed,entertainment
1574523283.712,955,1069,Left,Released,entertainment
1574523283.89,970,1045,None,Move,office
1574523283.908,999,988,None,Move,office
1574523283.927,1023,948,None,Move,office
1574523283.946,1050,910,None,Move,office
1574523283.96,1076,872,None,Move,office
1574523283.978,1105,834,None,Move,office
1574523283.992,1142,795,None,Move,office
1574523284.008,1174,765,None,Move,office
1574523284.019,1203,738,None,Move,office
1574523284.035,1225,720,None,Move,office
1574523284.049,1237,710,None,Move,office
1574523284.061,1244,703,None,Move,office
1574523284.072,1252,700,None,Move,office
1574523284.086,1256,697,None,Move,office
1574523284.1,1258,695,None,Move,office
1574523284.113,1259,695,None,Move,office
1574523284.127,1260,695,None,Move,office
1574523284.1420002,1261,694,None,Move,office
1574523284.154,1262,694,None,Move,office
1574523284.169,1263,694,None,Move,office
1574523284.1829998,1266,693,None,Move,office
1574523284.196,1271,693,None,Move,office
1574523284.212,1274,692,None,Move,office
1574523284.2270002,1277,690,None,Move,office
1574523284.242,1280,689,None,Move,office
1574523284.254,1281,689,None,Move,office
1574523284.2670002,1282,688,None,Move,office
1574523284.279,1283,688,None,Move,office
1574523284.299,1283,688,None,Move,office
1574523284.31,1281,688,None,Move,office
1574523284.327,1266,689,None,Move,office
1574523284.345,1242,694,None,Move,office
1574523284.363,1219,697,None,Move,office
1574523284.3760002,1193,702,None,Move,office
1574523284.39,1167,705,None,Move,office
1574523284.406,1141,711,None,Move,office
1574523284.418,1115,714,None,Move,office
1574523284.43,1094,721,None,Move,office
1574523284.444,1080,725,None,Move,office
1574523284.464,1071,730,None,Move,office
1574523284.48,1063,736,None,Move,office
1574523284.495,1060,739,None,Move,office
1574523284.51,1057,743,None,Move,office
1574523284.754,1050,717,None,Move,office
1574523284.766,1039,689,None,Move,office
1574523284.779,1025,654,None,Move,office
1574523284.792,1005,618,None,Move,office
1574523284.805,991,583,None,Move,office
1574523284.819,978,561,None,Move,office
1574523284.835,961,534,None,Move,office
1574523284.846,945,518,None,Move,office
1574523284.86,923,500,None,Move,office
1574523284.87,896,482,None,Move,office
1574523284.881,873,469,None,Move,office
1574523284.894,858,465,None,Move,office
1574523284.907,845,462,None,Move,office
1574523284.923,838,461,None,Move,office
1574523284.939,834,461,None,Move,office
1574523284.9529998,832,461,None,Move,office
1574523284.969,832,461,None,Move,office
1574523284.981,830,461,None,Move,office
1574523284.994,829,461,None,Move,office
1574523285.006,828,461,None,Move,office
1574523285.044,828,460,None,Move,office
1574523285.061,828,459,None,Move,office
1574523285.075,828,458,None,Move,office
1574523285.089,828,458,None,Move,office
1574523285.1020002,828,457,None,Move,office
1574523285.1179998,828,456,None,Move,office
1574523285.1360002,828,454,None,Move,office
1574523285.155,828,452,None,Move,office
1574523285.17,828,449,None,Move,office
1574523285.186,828,445,None,Move,office
1574523285.201,828,440,None,Move,office
1574523285.217,828,436,None,Move,office
1574523285.232,828,434,None,Move,office
1574523285.245,828,431,None,Move,office
1574523285.256,830,429,None,Move,office
1574523285.271,831,427,None,Move,office
1574523285.285,834,424,None,Move,office
1574523285.296,837,423,None,Move,office
1574523285.3070002,840,423,None,Move,office
1574523285.3179998,843,423,None,Move,office
1574523285.623,832,419,None,Move,office
1574523285.6320002,816,413,None,Move,office
1574523285.647,801,408,None,Move,office
1574523285.6620002,787,402,None,Move,office
1574523285.674,772,398,None,Move,office
1574523285.686,758,394,None,Move,office
1574523285.698,745,393,None,Move,office
1574523285.711,733,391,None,Move,office
1574523285.722,723,390,None,Move,office
1574523285.7329998,711,388,None,Move,office
1574523285.745,702,388,None,Move,office
1574523285.7570002,694,387,None,Move,office
1574523285.77,688,386,None,Move,office
1574523285.782,684,385,None,Move,office
1574523285.794,681,384,None,Move,office
1574523285.8079998,675,381,None,Move,office
1574523285.82,668,378,None,Move,office
1574523285.834,664,376,None,Move,office
1574523285.847,660,373,None,Move,office
1574523285.861,657,372,None,Move,office
1574523285.8739998,654,371,None,Move,office
1574523285.887,652,370,None,Move,office
1574523285.899,651,370,None,Move,office
1574523285.913,650,369,None,Move,office
1574523285.925,649,369,None,Move,office
1574523285.938,649,369,None,Move,office
1574523285.952,648,369,None,Move,office
1574523285.966,648,369,None,Move,office
1574523285.98,647,369,None,Move,office
1574523285.995,647,367,None,Move,office
1574523286.0170002,646,367,None,Move,office
1574523286.146,646,368,None,Move,office
1574523286.161,646,368,None,Move,office
1574523286.173,646,369,None,Move,office
1574523286.187,646,370,None,Move,office
1574523286.2,646,371,None,Move,office
1574523286.212,646,372,None,Move,office
1574523286.228,646,374,None,Move,office
1574523286.242,646,375,None,Move,office
1574523286.256,646,376,None,Move,office
1574523286.266,646,376,None,Move,office
1574523286.5129998,646,376,Left,Pressed,office
1574523286.731,646,376,Left,Released,office
1574523287.0470002,662,376,None,Move,office
1574523287.06,680,376,None,Move,office
1574523287.074,699,376,None,Move,office
1574523287.086,719,376,None,Move,office
1574523287.096,734,376,None,Move,office
1574523287.1079998,749,377,None,Move,office
1574523287.12,769,379,None,Move,office
1574523287.131,784,382,None,Move,office
1574523287.145,797,383,None,Move,office
1574523287.158,810,386,None,Move,office
1574523287.17,817,387,None,Move,office
1574523287.1829998,821,388,None,Move,office
1574523287.194,825,389,None,Move,office
1574523291.708,825,389,Left,Pressed,office
1574523291.925,825,389,Left,Released,office
1574523322.776,812,389,None,Move,office
1574523322.789,802,389,None,Move,office
1574523322.801,793,387,None,Move,office
1574523322.812,786,387,None,Move,office
1574523322.825,778,386,None,Move,office
1574523322.836,771,384,None,Move,office
1574523322.847,764,383,None,Move,office
1574523322.86,760,382,None,Move,office
1574523322.8720002,757,381,None,Move,office
1574523322.883,754,381,None,Move,office
1574523322.897,752,381,None,Move,office
1574523322.91,751,380,None,Move,office
1574523322.9220002,748,380,None,Move,office
1574523322.935,747,379,None,Move,office
1574523322.948,747,378,None,Move,office
1574523322.956,745,378,None,Move,office
1574523322.9729998,744,376,None,Move,office
1574523322.986,741,374,None,Move,office
1574523323.0,738,372,None,Move,office
1574523323.0110002,736,370,None,Move,office
1574523323.025,732,369,None,Move,office
1574523323.043,729,368,None,Move,office
1574523323.056,726,366,None,Move,office
1574523323.069,725,366,None,Move,office
1574523323.082,724,366,None,Move,office
1574523323.097,724,366,None,Move,office
1574523323.109,723,366,None,Move,office
1574523323.12,723,366,None,Move,office
1574523323.133,722,366,None,Move,office
1574523323.147,721,366,None,Move,office
1574523323.161,720,366,None,Move,office
1574523323.173,720,366,None,Move,office
1574523323.39,720,366,Left,Pressed,office
1574523323.6079998,720,366,Left,Released,office
1574523323.954,719,366,None,Move,office
1574523323.966,717,368,None,Move,office
1574523323.979,715,369,None,Move,office
1574523323.992,713,372,None,Move,office
1574523324.0029998,711,373,None,Move,office
1574523324.016,711,373,None,Move,office
1574523324.026,710,374,None,Move,office
1574523324.036,709,375,None,Move,office
1574523324.0470002,707,376,None,Move,office
1574523324.06,706,377,None,Move,office
1574523324.072,706,377,None,Move,office
1574523324.087,705,378,None,Move,office
1574523324.097,705,378,None,Move,office
1574523324.109,704,378,None,Move,office
1574523324.1220002,703,378,None,Move,office
1574523324.141,702,378,None,Move,office
1574523324.164,701,378,None,Move,office
1574523324.195,700,378,None,Move,office
1574523324.441,700,378,Left,Pressed,office
1574523324.658,700,378,Left,Released,office
1574523325.262,711,380,None,Move,office
1574523325.283,726,381,None,Move,office
1574523325.303,747,383,None,Move,office
1574523325.314,766,387,None,Move,office
1574523325.329,779,390,None,Move,office
1574523325.34,792,396,None,Move,office
1574523325.351,808,401,None,Move,office
1574523325.365,822,405,None,Move,office
1574523325.3739998,840,413,None,Move,office
1574523325.389,853,420,None,Move,office
1574523325.404,866,428,None,Move,office
1574523325.416,877,435,None,Move,office
1574523325.4329998,887,444,None,Move,office
1574523325.46,889,447,None,Move,office
1574523325.4729998,891,448,None,Move,office
1574523433.092,864,455,None,Move,office
1574523433.106,798,467,None,Move,office
1574523433.121,730,490,None,Move,office
1574523433.135,664,520,None,Move,office
1574523433.146,600,556,None,Move,office
1574523433.157,533,600,None,Move,office
1574523433.173,468,646,None,Move,office
1574523433.184,411,686,None,Move,office
1574523433.201,367,716,None,Move,office
1574523433.214,333,740,None,Move,office
1574523433.224,299,763,None,Move,office
1574523433.236,277,781,None,Move,office
1574523433.2489998,257,795,None,Move,office
1574523433.264,244,804,None,Move,office
1574523433.28,234,810,None,Move,office
1574523433.295,225,818,None,Move,office
1574523433.309,219,822,None,Move,office
1574523433.324,216,825,None,Move,office
1574523433.336,213,827,None,Move,office
1574523433.347,213,829,None,Move,office
1574523433.3639998,213,830,None,Move,office
1574523433.3760002,214,832,None,Move,office
1574523433.3879998,219,834,None,Move,office
1574523433.407,232,834,None,Move,office
1574523433.419,246,834,None,Move,office
1574523433.434,257,833,None,Move,office
1574523433.445,269,830,None,Move,office
1574523433.46,271,829,None,Move,office
1574523433.4770002,274,829,None,Move,office
1574523433.877,275,832,None,Move,office
1574523433.887,278,836,None,Move,office
1574523433.8979998,285,843,None,Move,office
1574523433.9120002,295,850,None,Move,office
1574523433.923,307,858,None,Move,office
1574523433.934,318,865,None,Move,office
1574523433.948,331,871,None,Move,office
1574523433.959,343,875,None,Move,office
1574523433.9729998,357,881,None,Move,office
1574523433.9870002,368,885,None,Move,office
1574523433.9989998,378,889,None,Move,office
1574523434.0110002,387,894,None,Move,office
1574523434.026,396,896,None,Move,office
1574523434.038,401,901,None,Move,office
1574523434.05,406,905,None,Move,office
1574523434.061,410,907,None,Move,office
1574523434.073,412,910,None,Move,office
1574523434.087,415,915,None,Move,office
1574523434.0979998,417,921,None,Move,office
1574523434.113,417,926,None,Move,office
1574523434.1279998,417,929,None,Move,office
1574523434.143,415,934,None,Move,office
1574523434.154,413,939,None,Move,office
1574523434.167,412,946,None,Move,office
1574523434.179,411,951,None,Move,office
1574523434.191,411,956,None,Move,office
1574523434.204,411,959,None,Move,office
1574523434.217,411,963,None,Move,office
1574523434.231,411,966,None,Move,office
1574523434.246,411,969,None,Move,office
1574523434.258,411,971,None,Move,office
1574523434.274,411,972,None,Move,office
1574523434.289,411,972,None,Move,office
1574523434.304,411,974,None,Move,office
1574523436.646,390,979,None,Move,office
1574523436.66,353,987,None,Move,office
1574523436.673,327,991,None,Move,office
1574523436.684,306,992,None,Move,office
1574523436.698,289,992,None,Move,office
1574523436.715,279,992,None,Move,office
1574523436.728,270,992,None,Move,office
1574523436.7410002,267,992,None,Move,office
1574523436.755,263,994,None,Move,office
1574523436.768,261,994,None,Move,office
1574523436.782,260,995,None,Move,office
1574523436.794,259,996,None,Move,office
1574523436.8070002,257,996,None,Move,office
1574523436.821,257,997,None,Move,office
1574523436.833,257,1000,None,Move,office
1574523436.846,257,1001,None,Move,office
1574523436.86,257,1003,None,Move,office
1574523436.871,262,1007,None,Move,office
1574523436.8860002,270,1013,None,Move,office
1574523436.899,279,1018,None,Move,office
1574523436.911,287,1023,None,Move,office
1574523436.926,295,1028,None,Move,office
1574523436.938,302,1032,None,Move,office
1574523436.952,308,1036,None,Move,office
1574523436.965,315,1037,None,Move,office
1574523436.978,322,1038,None,Move,office
1574523436.995,329,1039,None,Move,office
1574523437.006,335,1039,None,Move,office
1574523437.02,342,1039,None,Move,office
1574523437.033,350,1039,None,Move,office
1574523437.045,357,1039,None,Move,office
1574523437.0570002,369,1037,None,Move,office
1574523437.066,379,1036,None,Move,office
1574523437.083,386,1036,None,Move,office
1574523437.095,393,1036,None,Move,office
1574523437.109,397,1036,None,Move,office
1574523437.121,400,1036,None,Move,office
1574523437.131,405,1036,None,Move,office
1574523437.144,410,1036,None,Move,office
1574523437.154,413,1036,None,Move,office
1574523437.165,417,1036,None,Move,office
1574523437.179,421,1036,None,Move,office
1574523437.191,424,1037,None,Move,office
1574523437.2029998,429,1037,None,Move,office
1574523437.214,432,1038,None,Move,office
1574523437.226,436,1040,None,Move,office
1574523437.2389998,440,1041,None,Move,office
1574523437.252,444,1042,None,Move,office
1574523437.264,448,1043,None,Move,office
1574523437.276,450,1046,None,Move,office
1574523437.29,453,1048,None,Move,office
1574523437.302,454,1050,None,Move,office
1574523437.315,456,1053,None,Move,office
1574523437.3279998,458,1055,None,Move,office
1574523437.342,461,1058,None,Move,office
1574523437.354,464,1060,None,Move,office
1574523437.3679998,470,1064,None,Move,office
1574523437.3839998,477,1066,None,Move,office
1574523437.396,483,1067,None,Move,office
1574523437.41,488,1068,None,Move,office
1574523437.423,492,1069,None,Move,office
1574523437.436,496,1072,None,Move,office
1574523437.45,503,1073,None,Move,office
1574523437.462,510,1074,None,Move,office
1574523437.475,516,1075,None,Move,office
1574523437.49,522,1076,None,Move,office
1574523437.504,527,1077,None,Move,office
1574523437.518,531,1078,None,Move,office
1574523437.532,534,1079,None,Move,office
1574523437.544,538,1080,None,Move,office
1574523437.5570002,540,1080,None,Move,office
1574523437.5670002,541,1080,None,Move,office
1574523438.171,550,1076,None,Move,office
1574523438.184,568,1065,None,Move,office
1574523438.202,584,1059,None,Move,office
1574523438.216,598,1055,None,Move,office
1574523438.238,609,1054,None,Move,office
1574523438.242,621,1052,None,Move,office
1574523438.26,633,1050,None,Move,office
1574523438.275,643,1050,None,Move,office
1574523438.29,653,1050,None,Move,office
1574523438.302,660,1050,None,Move,office
1574523438.316,668,1050,None,Move,office
1574523438.33,674,1050,None,Move,office
1574523438.343,677,1050,None,Move,office
1574523438.354,680,1050,None,Move,office
1574523438.367,682,1050,None,Move,office
1574523438.3820002,684,1050,None,Move,office
1574523438.393,687,1050,None,Move,office
1574523438.409,689,1050,None,Move,office
1574523438.437,692,1050,None,Move,office
1574523438.454,696,1051,None,Move,office
1574523438.467,702,1052,None,Move,office
1574523438.488,707,1053,None,Move,office
1574523438.5,711,1054,None,Move,office
1574523438.5129998,715,1055,None,Move,office
1574523438.53,719,1056,None,Move,office
1574523438.542,723,1057,None,Move,office
1574523438.556,726,1058,None,Move,office
1574523438.571,729,1059,None,Move,office
1574523438.586,731,1060,None,Move,office
1574523438.6020002,732,1060,None,Move,office
1574523438.617,734,1060,None,Move,office
1574523438.6320002,735,1061,None,Move,office
1574523438.649,736,1062,None,Move,office
1574523438.663,737,1063,None,Move,office
1574523438.677,738,1063,None,Move,office
1574523438.6929998,739,1065,None,Move,office
1574523438.707,740,1066,None,Move,office
1574523438.72,740,1067,None,Move,office
1574523438.7429998,741,1068,None,Move,office
1574523438.7589998,742,1068,None,Move,office
1574523438.774,744,1069,None,Move,office
1574523438.79,745,1069,None,Move,office
1574523438.806,746,1070,None,Move,office
1574523438.823,747,1070,None,Move,office
1574523438.8379998,749,1071,None,Move,office
1574523438.851,750,1071,None,Move,office
1574523438.865,751,1071,None,Move,office
1574523438.877,753,1071,None,Move,office
1574523438.8920002,753,1071,None,Move,office
1574523438.905,755,1071,None,Move,office
1574523438.92,755,1071,None,Move,office
1574523438.935,756,1071,None,Move,office
1574523438.95,758,1070,None,Move,office
1574523438.966,760,1069,None,Move,office
1574523438.985,764,1068,None,Move,office
1574523439.0,770,1067,None,Move,office
1574523439.016,773,1066,None,Move,office
1574523439.032,777,1066,None,Move,office
1574523439.048,780,1065,None,Move,office
1574523439.062,781,1065,None,Move,office
1574523439.0779998,782,1065,None,Move,office
1574523439.092,783,1065,None,Move,office
1574523439.11,784,1065,None,Move,office
1574523439.1260002,784,1065,None,Move,office
1574523439.144,785,1065,None,Move,office
1574523439.159,786,1065,None,Move,office
1574523439.173,787,1065,None,Move,office
1574523439.184,788,1065,None,Move,office
1574523439.202,789,1065,None,Move,office
1574523439.225,790,1065,None,Move,office
1574523439.75,779,1064,None,Move,office
1574523439.766,762,1061,None,Move,office
1574523439.778,741,1058,None,Move,office
1574523439.794,724,1056,None,Move,office
1574523439.806,711,1053,None,Move,office
1574523439.8179998,696,1052,None,Move,office
1574523439.833,680,1051,None,Move,office
1574523439.85,667,1051,None,Move,office
1574523439.8639998,656,1050,None,Move,office
1574523439.875,648,1050,None,Move,office
1574523439.887,641,1050,None,Move,office
1574523439.9,633,1050,None,Move,office
1574523439.91,626,1050,None,Move,office
1574523439.921,623,1050,None,Move,office
1574523439.934,620,1050,None,Move,office
1574523439.944,618,1050,None,Move,office
1574523439.957,616,1050,None,Move,office
1574523439.971,615,1050,None,Move,office
1574523439.984,614,1050,None,Move,office
1574523439.9970002,613,1050,None,Move,office
1574523440.0110002,613,1050,None,Move,office
1574523440.0229998,612,1050,None,Move,office
1574523440.034,612,1050,None,Move,office
1574523440.046,611,1050,None,Move,office
1574523440.06,610,1050,None,Move,office
1574523440.074,609,1051,None,Move,office
1574523440.087,608,1051,None,Move,office
1574523440.101,605,1052,None,Move,office
1574523440.1139998,603,1053,None,Move,office
1574523440.1260002,601,1053,None,Move,office
1574523440.139,599,1054,None,Move,office
1574523440.151,597,1056,None,Move,office
1574523440.164,595,1058,None,Move,office
1574523440.177,593,1060,None,Move,office
1574523440.191,592,1062,None,Move,office
1574523440.205,591,1063,None,Move,office
1574523440.218,591,1065,None,Move,office
1574523440.232,591,1067,None,Move,office
1574523440.244,591,1069,None,Move,office
1574523440.2570002,593,1073,None,Move,office
1574523440.27,597,1075,None,Move,office
1574523440.282,604,1077,None,Move,office
1574523440.295,613,1079,None,Move,office
1574523440.3079998,620,1080,None,Move,office
1574523440.321,626,1079,None,Move,office
1574523440.34,629,1079,None,Move,office
1574523440.355,632,1079,None,Move,office
1574523440.375,641,1077,None,Move,office
1574523440.389,647,1077,None,Move,office
1574523440.403,654,1077,None,Move,office
1574523440.418,663,1075,None,Move,office
1574523440.4329998,671,1075,None,Move,office
1574523440.45,678,1075,None,Move,office
1574523440.465,685,1075,None,Move,office
1574523440.482,692,1076,None,Move,office
1574523440.5010002,699,1077,None,Move,office
1574523440.5229998,708,1079,None,Move,office
1574523440.5370002,717,1081,None,Move,office
1574523440.553,724,1080,None,Move,office
1574523440.573,731,1080,None,Move,office
1574523440.5879998,737,1080,None,Move,office
1574523440.603,741,1080,None,Move,office
1574523440.619,744,1079,None,Move,office
1574523440.6320002,745,1079,None,Move,office
1574523440.645,746,1079,None,Move,office
1574523440.665,746,1079,None,Move,office
1574523441.163,750,1077,None,Move,office
1574523441.177,754,1074,None,Move,office
1574523441.19,757,1071,None,Move,office
1574523441.202,759,1069,None,Move,office
1574523441.216,760,1068,None,Move,office
1574523441.2270002,762,1067,None,Move,office
1574523441.2389998,765,1065,None,Move,office
1574523441.2510002,766,1064,None,Move,office
1574523441.262,768,1062,None,Move,office
1574523441.274,769,1062,None,Move,office
1574523441.286,771,1061,None,Move,office
1574523441.2970002,772,1061,None,Move,office
1574523441.311,773,1060,None,Move,office
1574523441.324,774,1060,None,Move,office
1574523441.337,774,1059,None,Move,office
1574523441.365,775,1059,None,Move,office
1574523441.394,776,1059,None,Move,office
1574523441.403,776,1059,None,Move,office
1574523441.42,778,1059,None,Move,office
1574523441.434,779,1062,None,Move,office
1574523441.447,779,1063,None,Move,office
1574523441.461,780,1064,None,Move,office
1574523441.472,780,1065,None,Move,office
1574523441.486,781,1066,None,Move,office
1574523441.5010002,781,1067,None,Move,office
1574523441.516,782,1068,None,Move,office
1574523441.53,782,1068,None,Move,office
1574523441.546,782,1069,None,Move,office
1574523441.5570002,783,1069,None,Move,office
1574523441.571,785,1069,None,Move,office
1574523441.587,785,1069,None,Move,office
1574523441.601,786,1069,None,Move,office
1574523441.613,786,1069,None,Move,office
1574523441.6279998,787,1069,None,Move,office
1574523441.645,788,1069,None,Move,office
1574523441.701,788,1069,None,Move,office
1574523441.718,787,1069,None,Move,office
1574523441.7329998,783,1067,None,Move,office
1574523441.746,781,1066,None,Move,office
1574523441.762,778,1066,None,Move,office
1574523441.781,777,1066,None,Move,office
1574523441.791,777,1066,None,Move,office
1574523441.8079998,776,1066,None,Move,office
1574523441.822,775,1066,None,Move,office
1574523441.8379998,774,1066,None,Move,office
1574523441.854,774,1066,None,Move,office
1574523441.869,773,1066,None,Move,office
1574523441.903,772,1066,None,Move,office
1574523442.141,773,1066,None,Move,office
1574523442.16,773,1066,None,Move,office
1574523442.174,773,1066,None,Move,office
1574523442.26,773,1066,None,Move,office
1574523442.276,772,1066,None,Move,office
1574523442.29,772,1066,None,Move,office
1574523442.306,772,1066,None,Move,office
1574523442.322,771,1066,None,Move,office
1574523442.339,770,1066,None,Move,office
1574523442.3579998,769,1066,None,Move,office
1574523442.379,769,1065,None,Move,office
1574523442.397,768,1065,None,Move,office
1574523442.425,767,1065,None,Move,office
1574523442.791,767,1065,Left,Pressed,office
1574523443.005,767,1065,Left,Released,office
1574523458.813,767,1058,None,Move,development
1574523458.821,770,1048,None,Move,development
1574523458.8379998,772,1038,None,Move,development
1574523458.85,775,1029,None,Move,development
1574523458.861,781,1018,None,Move,development
1574523458.877,786,1006,None,Move,development
1574523458.889,793,996,None,Move,development
1574523458.9020002,801,982,None,Move,development
1574523458.913,810,969,None,Move,development
1574523458.928,818,957,None,Move,development
1574523458.94,825,946,None,Move,development
1574523458.9529998,834,938,None,Move,development
1574523458.968,843,930,None,Move,development
1574523458.98,851,922,None,Move,development
1574523458.996,857,917,None,Move,development
1574523459.0089998,862,913,None,Move,development
1574523459.022,867,910,None,Move,development
1574523459.031,870,907,None,Move,development
1574523459.044,873,905,None,Move,development
1574523459.06,875,902,None,Move,development
1574523459.071,877,901,None,Move,development
1574523459.079,878,899,None,Move,development
1574523459.094,880,897,None,Move,development
1574523459.105,880,897,None,Move,development
1574523459.1179998,881,896,None,Move,development
1574523459.13,882,896,None,Move,development
1574523459.147,882,896,None,Move,development
1574523459.502,897,871,None,Move,development
1574523459.5110002,913,836,None,Move,development
1574523459.5229998,933,808,None,Move,development
1574523459.5370002,952,783,None,Move,development
1574523459.5470002,973,758,None,Move,development
1574523459.561,1001,726,None,Move,development
1574523459.574,1040,687,None,Move,development
1574523459.584,1081,657,None,Move,development
1574523459.595,1122,630,None,Move,development
1574523459.607,1158,613,None,Move,development
1574523459.6179998,1194,594,None,Move,development
1574523459.629,1227,578,None,Move,development
1574523459.639,1251,571,None,Move,development
1574523459.656,1273,567,None,Move,development
1574523459.669,1287,566,None,Move,development
1574523459.681,1297,565,None,Move,development
1574523459.6929998,1306,563,None,Move,development
1574523459.707,1313,563,None,Move,development
1574523459.72,1316,563,None,Move,development
1574523459.732,1318,563,None,Move,development
1574523459.748,1320,563,None,Move,development
1574523459.7610002,1321,563,None,Move,development
1574523460.266,1323,549,None,Move,development
1574523460.282,1329,533,None,Move,development
1574523460.293,1334,518,None,Move,development
1574523460.306,1339,504,None,Move,development
1574523460.3170002,1343,490,None,Move,development
1574523460.3279998,1350,474,None,Move,development
1574523460.34,1356,457,None,Move,development
1574523460.35,1360,444,None,Move,development
1574523460.363,1363,436,None,Move,development
1574523460.375,1364,432,None,Move,development
1574523460.387,1365,429,None,Move,development
1574523460.4,1366,425,None,Move,development
1574523460.4120002,1366,422,None,Move,development
1574523460.425,1366,421,None,Move,development
1574523460.436,1366,418,None,Move,development
1574523460.449,1365,417,None,Move,development
1574523460.461,1364,415,None,Move,development
1574523460.47,1361,412,None,Move,development
1574523460.486,1358,411,None,Move,development
1574523460.5,1357,409,None,Move,development
1574523460.5129998,1355,408,None,Move,development
1574523460.526,1353,407,None,Move,development
1574523460.538,1352,407,None,Move,development
1574523460.553,1352,407,None,Move,development
1574523460.566,1351,407,None,Move,development
1574523460.582,1351,407,None,Move,development
1574523460.593,1349,407,None,Move,development
1574523460.605,1348,407,None,Move,development
1574523460.621,1346,407,None,Move,development
1574523460.6320002,1345,408,None,Move,development
1574523460.645,1344,408,None,Move,development
1574523460.865,1344,408,Left,Pressed,development
1574523461.081,1344,408,Left,Released,office
1574523461.459,1332,413,None,Move,office
1574523461.474,1316,420,None,Move,office
1574523461.488,1301,426,None,Move,office
1574523461.5010002,1284,432,None,Move,office
1574523461.521,1256,439,None,Move,office
1574523461.535,1240,443,None,Move,office
1574523461.549,1223,447,None,Move,office
1574523461.563,1205,455,None,Move,office
1574523461.576,1190,459,None,Move,office
1574523461.589,1176,463,None,Move,office
1574523461.596,1164,466,None,Move,office
1574523461.61,1155,470,None,Move,office
1574523461.621,1150,471,None,Move,office
1574523461.6320002,1144,472,None,Move,office
1574523461.644,1141,473,None,Move,office
1574523461.657,1139,473,None,Move,office
1574523461.669,1137,474,None,Move,office
1574523461.6820002,1136,474,None,Move,office
1574523461.695,1135,476,None,Move,office
1574523461.708,1134,476,None,Move,office
1574523461.721,1133,476,None,Move,office
1574523461.731,1132,476,None,Move,office
1574523461.7470002,1132,476,None,Move,office
1574523462.426,1141,470,None,Move,office
1574523462.4420002,1152,461,None,Move,office
1574523462.457,1166,451,None,Move,office
1574523462.476,1178,445,None,Move,office
1574523462.4910002,1190,438,None,Move,office
1574523462.504,1199,433,None,Move,office
1574523462.5170002,1210,429,None,Move,office
1574523462.529,1219,424,None,Move,office
1574523462.541,1227,422,None,Move,office
1574523462.553,1230,421,None,Move,office
1574523462.563,1234,419,None,Move,office
1574523462.58,1239,415,None,Move,office
1574523462.593,1247,407,None,Move,office
1574523462.606,1256,396,None,Move,office
1574523462.6160002,1264,385,None,Move,office
1574523462.6320002,1273,373,None,Move,office
1574523462.644,1276,368,None,Move,office
1574523462.657,1280,360,None,Move,office
1574523462.669,1281,358,None,Move,office
1574523462.6820002,1281,356,None,Move,office
1574523462.69,1281,356,None,Move,office
1574523462.706,1281,355,None,Move,office
1574523462.728,1281,355,None,Move,office
1574523462.7429998,1277,355,None,Move,office
1574523462.756,1272,356,None,Move,office
1574523462.758,1264,361,None,Move,office
1574523462.771,1259,365,None,Move,office
1574523462.785,1255,369,None,Move,office
1574523462.799,1250,376,None,Move,office
1574523462.81,1245,384,None,Move,office
1574523462.822,1240,390,None,Move,office
1574523462.835,1235,398,None,Move,office
1574523462.849,1232,406,None,Move,office
1574523462.86,1230,413,None,Move,office
1574523462.875,1229,419,None,Move,office
1574523462.887,1229,424,None,Move,office
1574523462.899,1229,429,None,Move,office
1574523462.913,1229,432,None,Move,office
1574523462.929,1229,434,None,Move,office
1574523462.9429998,1229,437,None,Move,office
1574523462.955,1229,438,None,Move,office
1574523462.968,1229,439,None,Move,office
1574523462.978,1229,439,None,Move,office
1574523462.994,1231,439,None,Move,office
1574523463.008,1234,439,None,Move,office
1574523463.02,1238,439,None,Move,office
1574523463.035,1244,438,None,Move,office
1574523463.049,1249,435,None,Move,office
1574523463.061,1257,432,None,Move,office
1574523463.076,1263,430,None,Move,office
1574523463.087,1269,426,None,Move,office
1574523463.1,1273,424,None,Move,office
1574523463.1139998,1276,423,None,Move,office
1574523463.1260002,1279,420,None,Move,office
1574523463.1379998,1280,419,None,Move,office
1574523463.153,1283,417,None,Move,office
1574523463.163,1285,415,None,Move,office
1574523463.178,1286,415,None,Move,office
1574523463.1920002,1287,414,None,Move,office
1574523463.204,1287,414,None,Move,office
1574523463.217,1289,413,None,Move,office
1574523463.23,1290,412,None,Move,office
1574523463.242,1290,411,None,Move,office
1574523463.965,1287,411,None,Move,office
1574523463.9770002,1281,411,None,Move,office
1574523463.99,1272,410,None,Move,office
1574523464.002,1265,409,None,Move,office
1574523464.015,1253,407,None,Move,office
1574523464.028,1241,406,None,Move,office
1574523464.04,1235,406,None,Move,office
1574523464.05,1231,406,None,Move,office
1574523464.061,1226,405,None,Move,office
1574523464.075,1224,405,None,Move,office
1574523464.087,1221,405,None,Move,office
1574523464.099,1220,405,None,Move,office
1574523464.1120002,1218,405,None,Move,office
1574523464.125,1217,405,None,Move,office
1574523464.137,1216,405,None,Move,office
1574523464.151,1215,405,None,Move,office
1574523464.164,1214,405,None,Move,office
1574523464.23,1214,405,None,Move,office
1574523464.242,1216,404,None,Move,office
1574523464.255,1220,403,None,Move,office
1574523464.269,1223,402,None,Move,office
1574523464.282,1227,401,None,Move,office
1574523464.296,1230,401,None,Move,office
1574523464.309,1233,400,None,Move,office
1574523464.322,1235,399,None,Move,office
1574523464.334,1239,399,None,Move,office
1574523464.347,1240,399,None,Move,office
1574523464.357,1242,399,None,Move,office
1574523464.367,1243,399,None,Move,office
1574523464.379,1245,399,None,Move,office
1574523464.391,1245,399,None,Move,office
1574523464.403,1246,399,None,Move,office
1574523464.416,1247,399,None,Move,office
1574523464.426,1248,399,None,Move,office
1574523464.441,1249,399,None,Move,office
1574523464.454,1250,399,None,Move,office
1574523464.466,1250,399,None,Move,office
1574523464.479,1251,399,None,Move,office
1574523464.7489998,1251,399,Left,Pressed,office
1574523464.968,1251,399,Left,Released,office
1574523465.201,1237,412,None,Move,office
1574523465.225,1211,435,None,Move,office
1574523465.248,1168,473,None,Move,office
1574523465.272,1125,514,None,Move,office
1574523465.296,1097,546,None,Move,office
1574523465.32,1083,562,None,Move,office
1574523465.347,1079,567,None,Move,office
1574523465.3720002,1076,574,None,Move,office
1574523465.391,1074,579,None,Move,office
1574523465.424,1074,592,None,Move,office
1574523465.445,1075,605,None,Move,office
1574523465.4629998,1078,618,None,Move,office
1574523465.481,1079,625,None,Move,office
1574523465.4970002,1079,628,None,Move,office
1574523465.7570002,1050,650,None,Move,office
1574523465.769,1016,676,None,Move,office
1574523465.783,987,703,None,Move,office
1574523465.795,960,732,None,Move,office
1574523465.8070002,943,751,None,Move,office
1574523465.821,929,767,None,Move,office
1574523465.833,922,780,None,Move,office
1574523465.846,917,789,None,Move,office
1574523465.859,911,799,None,Move,office
1574523465.8720002,909,802,None,Move,office
1574523465.885,907,805,None,Move,office
1574523465.899,907,808,None,Move,office
1574523465.9120002,908,812,None,Move,office
1574523465.927,909,815,None,Move,office
1574523465.9429998,910,817,None,Move,office
1574523465.958,911,818,None,Move,office
1574523465.972,912,819,None,Move,office
1574523465.986,913,820,None,Move,office
1574523466.0,916,823,None,Move,office
1574523466.012,918,824,None,Move,office
1574523466.025,920,825,None,Move,office
1574523466.036,922,826,None,Move,office
1574523466.046,924,827,None,Move,office
1574523466.0570002,928,828,None,Move,office
1574523466.069,930,829,None,Move,office
1574523466.082,934,831,None,Move,office
1574523466.095,937,834,None,Move,office
1574523466.107,942,840,None,Move,office
1574523466.119,947,847,None,Move,office
1574523466.131,950,861,None,Move,office
1574523466.145,954,876,None,Move,office
1574523466.157,957,891,None,Move,office
1574523466.1720002,957,907,None,Move,office
1574523466.184,957,920,None,Move,office
1574523466.196,957,934,None,Move,office
1574523466.206,957,941,None,Move,office
1574523466.222,957,945,None,Move,office
1574523466.236,957,946,None,Move,office
1574523466.2470002,955,948,None,Move,office
1574523466.482,951,961,None,Move,office
1574523466.496,942,979,None,Move,office
1574523466.5089998,938,994,None,Move,office
1574523466.525,934,1006,None,Move,office
1574523466.539,932,1013,None,Move,office
1574523466.554,932,1021,None,Move,office
1574523466.569,932,1029,None,Move,office
1574523466.585,932,1034,None,Move,office
1574523466.5979998,932,1038,None,Move,office
1574523466.6139998,932,1040,None,Move,office
1574523466.6279998,932,1040,None,Move,office
1574523466.643,932,1041,None,Move,office
1574523466.655,932,1042,None,Move,office
1574523466.667,933,1043,None,Move,office
1574523466.681,933,1044,None,Move,office
1574523466.694,933,1045,None,Move,office
1574523466.709,935,1045,None,Move,office
1574523466.732,936,1046,None,Move,office
1574523466.748,936,1046,None,Move,office
1574523466.7629998,937,1046,None,Move,office
1574523466.775,938,1046,None,Move,office
1574523466.789,938,1046,None,Move,office
1574523466.801,939,1046,None,Move,office
1574523466.813,941,1046,None,Move,office
1574523466.826,943,1048,None,Move,office
1574523466.835,944,1050,None,Move,office
1574523466.853,947,1052,None,Move,office
1574523466.8660002,949,1055,None,Move,office
1574523466.877,950,1057,None,Move,office
1574523466.8879998,951,1059,None,Move,office
1574523466.9,952,1062,None,Move,office
1574523466.914,952,1063,None,Move,office
1574523466.923,952,1064,None,Move,office
1574523466.935,952,1066,None,Move,office
1574523466.948,952,1066,None,Move,office
1574523466.958,952,1067,None,Move,office
1574523466.969,952,1068,None,Move,office
1574523466.984,952,1069,None,Move,office
1574523466.9970002,952,1070,None,Move,office
1574523467.0089998,952,1071,None,Move,office
1574523467.022,952,1072,None,Move,office
1574523467.25,952,1072,Left,Pressed,office
1574523467.469,952,1072,Left,Released,office
1574523470.8979998,961,1044,None,Move,entertainment
1574523470.914,983,989,None,Move,entertainment
1574523470.931,1009,936,None,Move,entertainment
1574523470.947,1038,883,None,Move,entertainment
1574523470.965,1085,812,None,Move,entertainment
1574523470.985,1131,750,None,Move,entertainment
1574523471.016,1160,723,None,Move,entertainment
1574523471.036,1173,711,None,Move,entertainment
1574523471.046,1184,703,None,Move,entertainment
1574523471.059,1187,700,None,Move,entertainment
1574523471.0779998,1189,698,None,Move,entertainment
1574523471.093,1190,697,None,Move,entertainment
1574523471.107,1190,697,None,Move,entertainment
1574523471.1160002,1191,697,None,Move,entertainment
1574523471.1320002,1192,697,None,Move,entertainment
1574523471.145,1193,697,None,Move,entertainment
1574523471.16,1193,696,None,Move,entertainment
1574523471.173,1194,696,None,Move,entertainment
1574523471.1829998,1195,696,None,Move,entertainment
1574523471.211,1195,696,None,Move,entertainment
1574523476.635,1209,714,None,Move,entertainment
1574523476.6479998,1234,757,None,Move,entertainment
1574523476.66,1248,777,None,Move,entertainment
1574523476.673,1265,813,None,Move,entertainment
1574523476.687,1279,837,None,Move,entertainment
1574523476.699,1292,857,None,Move,entertainment
1574523476.71,1302,871,None,Move,entertainment
1574523476.721,1312,885,None,Move,entertainment
1574523476.735,1321,893,None,Move,entertainment
1574523476.7489998,1340,906,None,Move,entertainment
1574523476.762,1354,914,None,Move,entertainment
1574523476.7729998,1363,919,None,Move,entertainment
1574523476.786,1372,923,None,Move,entertainment
1574523476.801,1381,927,None,Move,entertainment
1574523476.812,1390,932,None,Move,entertainment
1574523476.822,1394,934,None,Move,entertainment
1574523476.837,1399,936,None,Move,entertainment
1574523476.8520002,1401,937,None,Move,entertainment
1574523476.865,1405,938,None,Move,entertainment
1574523476.877,1409,938,None,Move,entertainment
1574523476.889,1414,938,None,Move,entertainment
1574523476.9,1422,938,None,Move,entertainment
1574523476.914,1428,938,None,Move,entertainment
1574523476.926,1432,939,None,Move,entertainment
1574523476.94,1438,939,None,Move,entertainment
1574523476.948,1441,939,None,Move,entertainment
1574523476.9629998,1444,939,None,Move,entertainment
1574523476.974,1445,939,None,Move,entertainment
1574523476.988,1446,939,None,Move,entertainment
1574523477.002,1447,939,None,Move,entertainment
1574523477.0170002,1447,939,None,Move,entertainment
1574523477.032,1450,938,None,Move,entertainment
1574523477.046,1452,936,None,Move,entertainment
1574523477.059,1453,935,None,Move,entertainment
1574523477.069,1455,932,None,Move,entertainment
1574523477.084,1455,931,None,Move,entertainment
1574523477.097,1455,931,None,Move,entertainment
1574523477.1139998,1456,930,None,Move,entertainment
1574523477.1260002,1456,930,None,Move,entertainment
1574523477.1360002,1456,928,None,Move,entertainment
1574523477.15,1456,928,None,Move,entertainment
1574523477.164,1457,928,None,Move,entertainment
1574523477.178,1457,927,None,Move,entertainment
1574523477.1929998,1458,927,None,Move,entertainment
1574523477.21,1458,926,None,Move,entertainment
1574523477.226,1458,926,None,Move,entertainment
1574523477.24,1458,925,None,Move,entertainment
1574523477.565,1458,925,Left,Pressed,entertainment
1574523477.782,1458,925,Left,Released,office
1574523478.38,1446,921,None,Move,office
1574523478.395,1425,905,None,Move,office
1574523478.408,1384,875,None,Move,office
1574523478.419,1343,830,None,Move,office
1574523478.434,1303,776,None,Move,office
1574523478.449,1267,728,None,Move,office
1574523478.462,1244,700,None,Move,office
1574523478.481,1231,683,None,Move,office
1574523478.496,1223,674,None,Move,office
1574523478.5110002,1218,669,None,Move,office
1574523478.526,1216,667,None,Move,office
1574523478.54,1215,666,None,Move,office
1574523478.861,1214,630,None,Move,office
1574523478.8739998,1214,582,None,Move,office
1574523478.885,1214,528,None,Move,office
1574523478.8979998,1221,472,None,Move,office
1574523478.911,1230,423,None,Move,office
1574523478.923,1241,379,None,Move,office
1574523478.936,1246,353,None,Move,office
1574523478.95,1253,332,None,Move,office
1574523478.9770002,1256,319,None,Move,office
1574523478.992,1257,309,None,Move,office
1574523479.0070002,1258,305,None,Move,office
1574523479.021,1259,302,None,Move,office
1574523479.036,1259,301,None,Move,office
1574523479.052,1259,300,None,Move,office
1574523479.066,1259,299,None,Move,office
1574523479.081,1259,298,None,Move,office
1574523479.096,1255,298,None,Move,office
1574523479.113,1246,300,None,Move,office
1574523479.127,1232,314,None,Move,office
1574523479.1420002,1209,345,None,Move,office
1574523479.154,1182,385,None,Move,office
1574523479.166,1161,421,None,Move,office
1574523479.18,1136,465,None,Move,office
1574523479.195,1103,531,None,Move,office
1574523479.205,1071,588,None,Move,office
1574523479.22,1038,654,None,Move,office
1574523479.232,1009,710,None,Move,office
1574523479.244,988,753,None,Move,office
1574523479.2570002,976,785,None,Move,office
1574523479.2670002,967,804,None,Move,office
1574523479.28,963,818,None,Move,office
1574523479.293,961,827,None,Move,office
1574523479.325,959,830,None,Move,office
1574523479.553,937,854,None,Move,office
1574523479.565,911,888,None,Move,office
1574523479.579,891,916,None,Move,office
1574523479.594,877,940,None,Move,office
1574523479.609,868,953,None,Move,office
1574523479.6220002,862,965,None,Move,office
1574523479.6379998,861,971,None,Move,office
1574523479.6520002,861,974,None,Move,office
1574523479.663,861,981,None,Move,office
1574523479.677,863,988,None,Move,office
1574523479.691,866,996,None,Move,office
1574523479.705,872,1002,None,Move,office
1574523479.717,876,1008,None,Move,office
1574523479.732,879,1011,None,Move,office
1574523479.744,881,1014,None,Move,office
1574523479.758,883,1018,None,Move,office
1574523479.7670002,885,1021,None,Move,office
1574523479.78,888,1023,None,Move,office
1574523479.793,888,1024,None,Move,office
1574523479.804,889,1025,None,Move,office
1574523479.8179998,889,1025,None,Move,office
1574523479.832,890,1026,None,Move,office
1574523479.844,890,1027,None,Move,office
1574523479.857,891,1029,None,Move,office
1574523479.8679998,892,1030,None,Move,office
1574523479.88,893,1032,None,Move,office
1574523479.895,897,1034,None,Move,office
1574523479.907,901,1037,None,Move,office
1574523479.916,907,1040,None,Move,office
1574523479.935,914,1042,None,Move,office
1574523479.948,921,1044,None,Move,office
1574523479.967,925,1045,None,Move,office
1574523479.978,928,1048,None,Move,office
1574523479.998,931,1049,None,Move,office
1574523480.016,933,1051,None,Move,office
1574523480.034,934,1053,None,Move,office
1574523480.053,935,1055,None,Move,office
1574523480.0670002,935,1057,None,Move,office
1574523480.081,935,1058,None,Move,office
1574523480.095,935,1058,None,Move,office
1574523480.109,935,1059,None,Move,office
1574523480.1220002,935,1059,None,Move,office
1574523480.133,935,1060,None,Move,office
1574523480.146,935,1061,None,Move,office
1574523480.159,935,1062,None,Move,office
1574523480.17,935,1063,None,Move,office
1574523480.1829998,936,1064,None,Move,office
1574523480.1929998,936,1065,None,Move,office
1574523480.207,937,1066,None,Move,office
1574523480.221,938,1067,None,Move,office
1574523480.2329998,939,1067,None,Move,office
1574523480.4929998,939,1067,Left,Pressed,office
1574523480.71,939,1067,Left,Released,office
1574523485.1079998,939,1067,Left,Pressed,entertainment
1574523485.324,939,1067,Left,Released,entertainment
1574523485.822,951,1031,None,Move,office
1574523485.8379998,974,956,None,Move,office
1574523485.854,1000,874,None,Move,office
1574523485.867,1027,786,None,Move,office
1574523485.877,1059,697,None,Move,office
1574523485.889,1088,612,None,Move,office
1574523485.9020002,1117,534,None,Move,office
1574523485.9120002,1138,479,None,Move,office
1574523485.92,1158,436,None,Move,office
1574523485.934,1172,413,None,Move,office
1574523485.944,1181,399,None,Move,office
1574523485.957,1187,390,None,Move,office
1574523485.97,1190,386,None,Move,office
1574523485.9829998,1193,384,None,Move,office
1574523485.998,1193,384,None,Move,office
1574523486.012,1194,383,None,Move,office
1574523486.025,1195,383,None,Move,office
1574523486.337,1198,383,None,Move,office
1574523486.351,1205,384,None,Move,office
1574523486.3620002,1210,387,None,Move,office
1574523486.373,1216,392,None,Move,office
1574523486.389,1222,397,None,Move,office
1574523486.407,1227,405,None,Move,office
1574523486.421,1232,412,None,Move,office
1574523486.431,1235,417,None,Move,office
1574523486.446,1239,420,None,Move,office
1574523486.457,1243,424,None,Move,office
1574523486.467,1246,426,None,Move,office
1574523486.488,1248,427,None,Move,office
1574523486.5029998,1250,427,None,Move,office
1574523486.514,1251,427,None,Move,office
1574523486.5270002,1253,427,None,Move,office
1574523486.538,1254,427,None,Move,office
1574523486.549,1257,425,None,Move,office
1574523486.562,1260,422,None,Move,office
1574523486.574,1262,419,None,Move,office
1574523486.587,1264,415,None,Move,office
1574523486.6,1265,414,None,Move,office
1574523486.611,1267,412,None,Move,office
1574523486.623,1268,410,None,Move,office
1574523486.637,1269,410,None,Move,office
1574523486.6479998,1270,409,None,Move,office
1574523486.6620002,1270,409,None,Move,office
1574523486.675,1271,408,None,Move,office
1574523486.687,1271,407,None,Move,office
1574523486.701,1271,406,None,Move,office
1574523486.935,1271,406,Left,Pressed,office
1574523487.154,1271,406,Left,Released,office
1574523489.771,1232,426,None,Move,office
1574523489.784,1169,461,None,Move,office
1574523489.795,1111,504,None,Move,office
1574523489.8079998,1049,552,None,Move,office
1574523489.823,997,600,None,Move,office
1574523489.835,952,641,None,Move,office
1574523489.85,911,686,None,Move,office
1574523489.8620002,882,724,None,Move,office
1574523489.8739998,863,748,None,Move,office
1574523489.8879998,849,769,None,Move,office
1574523489.9,842,787,None,Move,office
1574523489.909,836,803,None,Move,office
1574523489.9220002,836,818,None,Move,office
1574523489.935,836,831,None,Move,office
1574523489.949,838,846,None,Move,office
1574523489.96,842,858,None,Move,office
1574523489.9729998,847,870,None,Move,office
1574523489.99,851,877,None,Move,office
1574523490.0029998,853,880,None,Move,office
1574523490.0129998,855,883,None,Move,office
1574523490.029,858,885,None,Move,office
1574523490.294,838,897,None,Move,office
1574523490.31,811,916,None,Move,office
1574523490.324,782,941,None,Move,office
1574523490.334,758,960,None,Move,office
1574523490.345,730,980,None,Move,office
1574523490.357,715,994,None,Move,office
1574523490.3679998,703,1002,None,Move,office
1574523490.381,699,1005,None,Move,office
1574523490.3920002,696,1009,None,Move,office
1574523490.409,694,1010,None,Move,office
1574523490.4220002,693,1011,None,Move,office
1574523490.44,692,1012,None,Move,office
1574523490.4529998,692,1013,None,Move,office
1574523490.476,692,1013,None,Move,office
1574523490.49,697,1013,None,Move,office
1574523490.5029998,706,1009,None,Move,office
1574523490.516,717,1008,None,Move,office
1574523490.5270002,724,1007,None,Move,office
1574523490.539,731,1006,None,Move,office
1574523490.55,735,1005,None,Move,office
1574523490.563,739,1005,None,Move,office
1574523490.575,744,1005,None,Move,office
1574523490.584,750,1005,None,Move,office
1574523490.597,754,1006,None,Move,office
1574523490.6079998,756,1007,None,Move,office
1574523490.621,758,1007,None,Move,office
1574523490.6339998,760,1008,None,Move,office
1574523490.646,762,1009,None,Move,office
1574523490.66,763,1010,None,Move,office
1574523490.673,764,1012,None,Move,office
1574523490.685,767,1014,None,Move,office
1574523490.698,770,1018,None,Move,office
1574523490.71,773,1023,None,Move,office
1574523490.721,775,1026,None,Move,office
1574523490.73,776,1029,None,Move,office
1574523490.744,777,1031,None,Move,office
1574523490.756,778,1032,None,Move,office
1574523490.768,778,1032,None,Move,office
1574523490.781,778,1033,None,Move,office
1574523490.793,778,1034,None,Move,office
1574523490.845,778,1035,None,Move,office
1574523490.867,777,1036,None,Move,office
1574523490.881,776,1036,None,Move,office
1574523490.893,775,1037,None,Move,office
1574523490.905,775,1038,None,Move,office
1574523490.919,774,1039,None,Move,office
1574523490.9320002,773,1040,None,Move,office
1574523490.946,772,1041,None,Move,office
1574523490.958,772,1042,None,Move,office
1574523490.971,771,1043,None,Move,office
1574523490.985,771,1044,None,Move,office
1574523491.0010002,771,1044,None,Move,office
1574523491.0110002,771,1045,None,Move,office
1574523491.024,770,1045,None,Move,office
1574523491.039,770,1046,None,Move,office
1574523491.056,770,1048,None,Move,office
1574523491.075,769,1049,None,Move,office
1574523491.09,769,1050,None,Move,office
1574523491.107,769,1051,None,Move,office
1574523491.1220002,768,1052,None,Move,office
1574523491.1339998,768,1053,None,Move,office
1574523491.147,767,1054,None,Move,office
1574523491.1620002,765,1055,None,Move,office
1574523491.176,764,1055,None,Move,office
1574523491.188,762,1056,None,Move,office
1574523491.201,760,1057,None,Move,office
1574523491.2129998,759,1057,None,Move,office
1574523491.2270002,759,1057,None,Move,office
1574523491.244,757,1057,None,Move,office
1574523491.255,755,1058,None,Move,office
1574523491.269,754,1058,None,Move,office
1574523491.283,751,1060,None,Move,office
1574523491.294,751,1060,None,Move,office
1574523491.311,750,1060,None,Move,office
1574523491.325,749,1060,None,Move,office
1574523491.337,748,1060,None,Move,office
1574523491.351,747,1060,None,Move,office
1574523491.3639998,747,1061,None,Move,office
1574523491.3820002,747,1061,None,Move,office
1574523491.397,747,1062,None,Move,office
1574523491.4120002,747,1063,None,Move,office
1574523491.428,748,1063,None,Move,office
1574523491.44,748,1063,None,Move,office
1574523491.4529998,748,1064,None,Move,office
1574523491.466,749,1064,None,Move,office
1574523491.481,749,1064,None,Move,office
1574523491.695,749,1064,Left,Pressed,office
1574523491.9120002,749,1064,Left,Released,office
1574523492.322,756,1053,None,Move,development
1574523492.351,772,1029,None,Move,development
1574523492.363,791,1004,None,Move,development
1574523492.3720002,821,963,None,Move,development
1574523492.3879998,855,924,None,Move,development
1574523492.4,886,889,None,Move,development
1574523492.415,910,863,None,Move,development
1574523492.429,929,844,None,Move,development
1574523492.4420002,944,830,None,Move,development
1574523492.456,956,817,None,Move,development
1574523492.467,967,805,None,Move,development
1574523492.48,975,794,None,Move,development
1574523492.495,982,785,None,Move,development
1574523492.506,987,776,None,Move,development
1574523492.52,991,768,None,Move,development
1574523492.533,993,763,None,Move,development
1574523492.545,997,757,None,Move,development
1574523492.556,999,753,None,Move,development
1574523492.571,1001,748,None,Move,development
1574523492.584,1002,744,None,Move,development
1574523492.5979998,1002,741,None,Move,development
1574523492.613,1002,737,None,Move,development
1574523492.6339998,1000,736,None,Move,development
1574523492.647,997,732,None,Move,development
1574523492.659,994,730,None,Move,development
1574523492.676,987,727,None,Move,development
1574523492.691,984,727,None,Move,development
1574523492.698,980,727,None,Move,development
1574523492.7129998,977,727,None,Move,development
1574523492.9929998,971,709,None,Move,development
1574523493.015,960,692,None,Move,development
1574523493.044,953,681,None,Move,development
1574523493.0679998,946,674,None,Move,development
1574523493.0979998,941,668,None,Move,development
1574523493.1220002,937,665,None,Move,development
1574523493.1479998,935,663,None,Move,development
1574523493.1720002,933,660,None,Move,development
1574523493.198,932,658,None,Move,development
1574523493.226,929,657,None,Move,development
1574523493.245,926,654,None,Move,development
1574523493.2610002,924,651,None,Move,development
1574523493.276,923,648,None,Move,development
1574523493.29,920,642,None,Move,development
1574523493.305,919,636,None,Move,development
1574523493.316,919,631,None,Move,development
1574523493.33,919,626,None,Move,development
1574523493.343,919,622,None,Move,development
1574523493.354,919,617,None,Move,development
1574523493.3660002,919,614,None,Move,development
1574523493.383,921,611,None,Move,development
1574523493.396,922,609,None,Move,development
1574523493.4120002,922,607,None,Move,development
1574523493.424,923,605,None,Move,development
1574523493.439,923,602,None,Move,development
1574523493.452,923,598,None,Move,development
1574523493.464,923,596,None,Move,development
1574523493.478,923,593,None,Move,development
1574523493.4910002,923,590,None,Move,development
1574523493.506,923,587,None,Move,development
1574523493.522,924,585,None,Move,development
1574523493.531,924,583,None,Move,development
1574523493.5470002,924,581,None,Move,development
1574523493.5579998,924,579,None,Move,development
1574523493.569,924,578,None,Move,development
1574523493.579,924,577,None,Move,development
1574523493.593,924,576,None,Move,development
1574523493.603,924,575,None,Move,development
1574523493.6179998,924,574,None,Move,development
1574523493.641,924,574,None,Move,development
1574523493.664,924,573,None,Move,development
1574523493.701,924,572,None,Move,development
1574523493.769,924,571,None,Move,development
1574523494.408,914,571,None,Move,development
1574523494.416,899,572,None,Move,development
1574523494.431,884,573,None,Move,development
1574523494.4429998,869,575,None,Move,development
1574523494.457,855,576,None,Move,development
1574523494.467,842,576,None,Move,development
1574523494.485,830,576,None,Move,development
1574523494.4989998,824,576,None,Move,development
1574523494.514,818,576,None,Move,development
1574523494.5270002,809,576,None,Move,development
1574523494.5370002,802,576,None,Move,development
1574523494.553,797,575,None,Move,development
1574523494.566,790,575,None,Move,development
1574523494.5779998,783,574,None,Move,development
1574523494.591,780,573,None,Move,development
1574523494.604,777,573,None,Move,development
1574523494.617,776,573,None,Move,development
1574523494.627,774,573,None,Move,development
1574523494.644,772,573,None,Move,development
1574523494.658,772,573,None,Move,development
1574523494.6720002,771,573,None,Move,development
1574523494.684,770,573,None,Move,development
1574523494.696,769,573,None,Move,development
1574523494.712,768,573,None,Move,development
1574523494.726,767,573,None,Move,development
1574523494.7410002,767,573,None,Move,development
1574523494.755,766,573,None,Move,development
1574523494.7670002,765,573,None,Move,development
1574523494.837,765,572,None,Move,development
1574523494.845,765,572,None,Move,development
1574523494.861,766,572,None,Move,development
1574523494.8739998,767,572,None,Move,development
1574523494.8879998,767,572,None,Move,development
1574523494.901,768,571,None,Move,development
1574523494.911,769,571,None,Move,development
1574523494.926,770,571,None,Move,development
1574523494.941,771,571,None,Move,development
1574523494.957,771,571,None,Move,development
1574523494.971,772,571,None,Move,development
1574523494.985,773,571,None,Move,development
1574523495.0029998,774,571,None,Move,development
1574523495.039,774,571,None,Move,development
1574523495.084,775,571,None,Move,development
1574523495.1279998,777,571,None,Move,development
1574523495.184,777,571,None,Move,development
1574523495.873,777,571,None,Move,development
1574523496.322,777,571,None,Move,development
1574523496.389,777,571,None,Move,development
1574523496.434,777,572,None,Move,development
1574523496.4729998,777,573,None,Move,development
1574523496.494,776,573,None,Move,development
1574523496.5089998,776,574,None,Move,development
1574523496.538,775,574,None,Move,development
1574523496.576,775,574,None,Move,development
1574523496.6139998,773,574,None,Move,development
1574523496.651,772,574,None,Move,development
1574523496.68,772,574,None,Move,development
1574523496.718,772,574,None,Move,development
1574523496.7629998,772,575,None,Move,development
1574523496.8,772,576,None,Move,development
1574523496.8379998,772,576,None,Move,development
1574523496.8760002,772,577,None,Move,development
1574523497.0110002,772,577,Left,Pressed,development
1574523497.281,775,577,None,Drag,development
1574523497.293,782,577,None,Drag,development
1574523497.305,791,576,None,Drag,development
1574523497.32,800,574,None,Drag,development
1574523497.332,808,574,None,Drag,development
1574523497.345,813,574,None,Drag,development
1574523497.356,820,574,None,Drag,development
1574523497.37,825,574,None,Drag,development
1574523497.3820002,831,574,None,Drag,development
1574523497.395,838,574,None,Drag,development
1574523497.406,845,575,None,Drag,development
1574523497.418,850,576,None,Drag,development
1574523497.434,853,576,None,Drag,development
1574523497.448,854,576,None,Drag,development
1574523497.4629998,856,577,None,Drag,development
1574523497.478,858,578,None,Drag,development
1574523497.494,861,579,None,Drag,development
1574523497.5110002,865,580,None,Drag,development
1574523497.525,869,581,None,Drag,development
1574523497.536,874,582,None,Drag,development
1574523497.553,878,583,None,Drag,development
1574523497.562,881,584,None,Drag,development
1574523497.574,883,584,None,Drag,development
1574523497.586,886,584,None,Drag,development
1574523497.597,888,584,None,Drag,development
1574523497.61,891,584,None,Drag,development
1574523497.6239998,896,584,None,Drag,development
1574523497.637,899,584,None,Drag,development
1574523497.649,903,584,None,Drag,development
1574523497.664,905,584,None,Drag,development
1574523497.678,906,585,None,Drag,development
1574523497.6920002,908,585,None,Drag,development
1574523497.708,909,585,None,Drag,development
1574523497.721,910,585,None,Drag,development
1574523497.736,911,585,None,Drag,development
1574523497.748,912,585,None,Drag,development
1574523497.7610002,913,585,None,Drag,development
1574523497.772,914,585,None,Drag,development
1574523497.7870002,914,585,None,Drag,development
1574523497.799,915,585,None,Drag,development
1574523497.809,916,585,None,Drag,development
1574523498.095,924,584,None,Drag,development
1574523498.11,936,584,None,Drag,development
1574523498.125,944,582,None,Drag,development
1574523498.14,948,582,None,Drag,development
1574523498.149,953,582,None,Drag,development
1574523498.17,955,582,None,Drag,development
1574523498.1829998,957,582,None,Drag,development
1574523498.2,957,582,None,Drag,development
1574523498.215,959,582,None,Drag,development
1574523498.225,962,582,None,Drag,development
1574523498.24,962,582,None,Drag,development
1574523498.2529998,964,582,None,Drag,development
1574523498.266,965,582,None,Drag,development
1574523498.281,965,582,None,Drag,development
1574523498.296,966,582,None,Drag,development
1574523498.3079998,967,582,None,Drag,development
1574523498.319,968,582,None,Drag,development
1574523498.333,969,582,None,Drag,development
1574523498.347,971,582,None,Drag,development
1574523498.3620002,971,582,None,Drag,development
1574523498.375,972,582,None,Drag,development
1574523498.3879998,972,582,None,Drag,development
1574523498.3979998,973,582,None,Drag,development
1574523498.4120002,974,582,None,Drag,development
1574523498.427,975,581,None,Drag,development
1574523498.441,976,581,None,Drag,development
1574523498.456,977,581,None,Drag,development
1574523498.466,977,581,None,Drag,development
1574523498.4829998,978,579,None,Drag,development
1574523498.496,978,579,None,Drag,development
1574523498.5110002,979,579,None,Drag,development
1574523498.525,980,579,None,Drag,development
1574523498.539,981,579,None,Drag,development
1574523498.551,982,579,None,Drag,development
1574523498.563,983,579,None,Drag,development
1574523498.577,983,579,None,Drag,development
1574523498.592,984,579,None,Drag,development
1574523498.607,985,579,None,Drag,development
1574523498.629,986,579,None,Drag,development
1574523498.651,986,579,None,Drag,development
1574523498.665,987,579,None,Drag,development
1574523498.689,988,579,None,Drag,development
1574523498.718,989,579,None,Drag,development
1574523498.755,990,579,None,Drag,development
1574523499.325,990,578,None,Drag,development
1574523499.34,990,578,None,Drag,development
1574523499.363,990,577,None,Drag,development
1574523499.377,990,577,None,Drag,development
1574523499.406,989,577,None,Drag,development
1574523499.459,989,576,None,Drag,development
1574523499.564,988,576,None,Drag,development
1574523499.579,988,575,None,Drag,development
1574523499.65,987,575,None,Drag,development
1574523499.664,987,574,None,Drag,development
1574523499.694,987,574,None,Drag,development
1574523499.702,987,574,None,Drag,development
1574523499.7229998,986,574,None,Drag,development
1574523499.7470002,984,573,None,Drag,development
1574523499.764,984,573,None,Drag,development
1574523499.791,984,572,None,Drag,development
1574523499.8070002,983,572,None,Drag,development
1574523499.8520002,982,572,None,Drag,development
1574523501.2329998,982,572,None,Drag,development
1574523501.255,982,572,None,Drag,development
1574523501.269,983,572,None,Drag,development
1574523501.3,983,573,None,Drag,development
1574523501.8579998,983,573,Left,Released,development
1574523503.336,1006,567,None,Move,development
1574523503.349,1051,554,None,Move,development
1574523503.36,1112,539,None,Move,development
1574523503.375,1170,522,None,Move,development
1574523503.39,1237,508,None,Move,development
1574523503.404,1307,495,None,Move,development
1574523503.419,1363,488,None,Move,development
1574523503.451,1396,483,None,Move,development
1574523503.466,1413,480,None,Move,development
1574523503.481,1423,477,None,Move,development
1574523503.496,1432,473,None,Move,development
1574523503.5129998,1441,469,None,Move,development
1574523503.529,1445,467,None,Move,development
1574523503.544,1449,465,None,Move,development
1574523503.559,1452,464,None,Move,development
1574523503.577,1454,463,None,Move,development
1574523503.6120002,1456,462,None,Move,development
1574523503.6320002,1458,461,None,Move,development
1574523503.645,1460,461,None,Move,development
1574523503.661,1460,460,None,Move,development
1574523503.678,1461,460,None,Move,development
1574523503.691,1461,459,None,Move,development
1574523503.705,1461,459,None,Move,development
1574523503.719,1461,457,None,Move,development
1574523503.7329998,1459,456,None,Move,development
1574523503.7429998,1456,454,None,Move,development
1574523503.752,1453,450,None,Move,development
1574523503.768,1451,449,None,Move,development
1574523503.781,1450,448,None,Move,development
1574523503.793,1449,447,None,Move,development
1574523503.804,1448,446,None,Move,development
1574523503.816,1447,445,None,Move,development
1574523504.0170002,1447,445,Left,Pressed,development
1574523504.234,1447,445,Left,Released,office
1574523504.444,1423,442,None,Move,office
1574523504.457,1397,438,None,Move,office
1574523504.471,1374,433,None,Move,office
1574523504.4870002,1348,428,None,Move,office
1574523504.5010002,1333,423,None,Move,office
1574523504.5170002,1324,419,None,Move,office
1574523504.53,1316,417,None,Move,office
1574523504.541,1312,416,None,Move,office
1574523504.556,1310,414,None,Move,office
1574523504.571,1309,413,None,Move,office
1574523504.587,1307,411,None,Move,office
1574523504.6020002,1306,409,None,Move,office
1574523504.619,1305,407,None,Move,office
1574523504.6360002,1305,406,None,Move,office
1574523504.657,1305,405,None,Move,office
1574523504.673,1305,405,None,Move,office
1574523504.6920002,1305,404,None,Move,office
1574523504.82,1305,403,None,Move,office
1574523504.863,1305,403,None,Move,office
1574523504.879,1303,403,None,Move,office
1574523504.895,1302,403,None,Move,office
1574523505.091,1302,403,Left,Pressed,office
1574523505.306,1302,403,Left,Released,office
1574523507.671,1312,403,None,Move,office
1574523507.684,1327,403,None,Move,office
1574523507.694,1340,402,None,Move,office
1574523507.706,1355,400,None,Move,office
1574523507.719,1368,399,None,Move,office
1574523507.732,1382,399,None,Move,office
1574523507.746,1395,399,None,Move,office
1574523507.758,1407,400,None,Move,office
1574523507.771,1421,403,None,Move,office
1574523507.784,1434,405,None,Move,office
1574523507.796,1446,407,None,Move,office
1574523507.8079998,1456,408,None,Move,office
1574523507.821,1468,411,None,Move,office
1574523507.833,1478,411,None,Move,office
1574523507.8479998,1485,411,None,Move,office
1574523507.8620002,1488,411,None,Move,office
1574523507.875,1490,411,None,Move,office
1574523507.89,1492,411,None,Move,office
1574523507.9020002,1492,411,None,Move,office
1574523507.914,1493,411,None,Move,office
1574523507.927,1494,411,None,Move,office
1574523507.9420002,1495,411,None,Move,office
1574523508.031,1494,411,None,Move,office
1574523508.043,1494,411,None,Move,office
1574523508.059,1493,411,None,Move,office
1574523508.072,1492,411,None,Move,office
1574523508.091,1492,411,None,Move,office
1574523508.145,1492,412,None,Move,office
1574523508.159,1492,413,None,Move,office
1574523508.175,1492,413,None,Move,office
1574523508.19,1492,414,None,Move,office
1574523508.205,1492,415,None,Move,office
1574523508.22,1492,415,None,Move,office
1574523508.2329998,1492,416,None,Move,office
1574523508.244,1492,418,None,Move,office
1574523508.256,1492,419,None,Move,office
1574523508.265,1492,420,None,Move,office
1574523508.505,1492,420,Left,Pressed,office
1574523508.725,1492,420,Left,Released,office
1574523508.905,1496,426,None,Move,office
1574523508.918,1505,434,None,Move,office
1574523508.929,1511,440,None,Move,office
1574523508.9429998,1517,444,None,Move,office
1574523508.956,1521,448,None,Move,office
1574523508.967,1525,450,None,Move,office
1574523508.98,1529,454,None,Move,office
1574523508.994,1534,456,None,Move,office
1574523509.0029998,1540,461,None,Move,office
1574523509.018,1544,466,None,Move,office
1574523509.029,1551,474,None,Move,office
1574523509.04,1554,475,None,Move,office
1574523509.052,1556,475,None,Move,office
1574523509.062,1558,475,None,Move,office
1574523509.073,1559,474,None,Move,office
1574523509.086,1560,474,None,Move,office
1574523509.0979998,1560,474,None,Move,office
1574523509.111,1561,474,None,Move,office
1574523509.1260002,1562,474,None,Move,office
1574523509.141,1563,474,None,Move,office
1574523509.176,1563,474,None,Move,office
1574523509.208,1563,474,None,Move,office
1574523509.2229998,1563,475,None,Move,office
1574523509.238,1563,476,None,Move,office
1574523509.2510002,1563,478,None,Move,office
1574523509.264,1563,480,None,Move,office
1574523509.278,1563,481,None,Move,office
1574523509.289,1563,481,None,Move,office
1574523509.303,1563,482,None,Move,office
1574523509.315,1563,482,None,Move,office
1574523509.329,1563,483,None,Move,office
1574523509.34,1563,483,None,Move,office
1574523509.353,1564,484,None,Move,office
1574523509.3820002,1564,485,None,Move,office
1574523509.394,1565,485,None,Move,office
1574523509.435,1566,485,None,Move,office
1574523509.475,1566,485,None,Move,office
1574523509.805,1566,485,Left,Pressed,office
1574523510.0270002,1566,485,Left,Released,office
1574523510.798,1548,479,None,Move,office
1574523510.814,1510,464,None,Move,office
1574523510.826,1481,452,None,Move,office
1574523510.8379998,1457,443,None,Move,office
1574523510.85,1430,438,None,Move,office
1574523510.865,1403,431,None,Move,office
1574523510.879,1373,424,None,Move,office
1574523510.895,1356,419,None,Move,office
1574523510.907,1339,414,None,Move,office
1574523510.919,1325,410,None,Move,office
1574523510.934,1312,406,None,Move,office
1574523510.946,1298,402,None,Move,office
1574523510.958,1290,399,None,Move,office
1574523510.97,1282,396,None,Move,office
1574523510.981,1278,395,None,Move,office
1574523511.0,1275,394,None,Move,office
1574523511.0110002,1273,394,None,Move,office
1574523511.0270002,1272,394,None,Move,office
1574523511.04,1272,394,None,Move,office
1574523511.053,1271,393,None,Move,office
1574523511.066,1271,393,None,Move,office
1574523511.079,1271,392,None,Move,office
1574523511.091,1270,392,None,Move,office
1574523511.104,1270,392,None,Move,office
1574523511.117,1269,392,None,Move,office
1574523511.13,1268,390,None,Move,office
1574523511.1420002,1267,390,None,Move,office
1574523511.155,1264,389,None,Move,office
1574523511.167,1260,387,None,Move,office
1574523511.1820002,1257,385,None,Move,office
1574523511.195,1254,384,None,Move,office
1574523511.208,1251,383,None,Move,office
1574523511.218,1250,383,None,Move,office
1574523511.231,1249,383,None,Move,office
1574523511.244,1248,383,None,Move,office
1574523511.2570002,1247,383,None,Move,office
1574523511.2729998,1246,383,None,Move,office
1574523511.286,1246,383,None,Move,office
1574523511.301,1245,384,None,Move,office
1574523511.3179998,1244,386,None,Move,office
1574523511.332,1244,386,None,Move,office
1574523511.345,1243,387,None,Move,office
1574523511.3579998,1243,388,None,Move,office
1574523511.3739998,1242,388,None,Move,office
1574523511.387,1242,389,None,Move,office
1574523511.4020002,1242,390,None,Move,office
1574523511.417,1242,390,None,Move,office
1574523511.44,1242,391,None,Move,office
1574523511.452,1241,391,None,Move,office
1574523511.471,1240,391,None,Move,office
1574523511.485,1240,391,None,Move,office
1574523511.5,1240,391,None,Move,office
1574523511.5110002,1239,393,None,Move,office
1574523511.5229998,1237,393,None,Move,office
1574523511.536,1237,394,None,Move,office
1574523511.548,1237,394,None,Move,office
1574523511.561,1237,394,None,Move,office
1574523511.581,1236,395,None,Move,office
1574523511.822,1236,395,Left,Pressed,office
1574523512.039,1236,395,Left,Released,office
1574523512.222,1242,399,None,Move,office
1574523512.2370002,1255,408,None,Move,office
1574523512.25,1269,416,None,Move,office
1574523512.262,1280,423,None,Move,office
1574523512.274,1289,431,None,Move,office
1574523512.29,1300,441,None,Move,office
1574523512.301,1310,449,None,Move,office
1574523512.311,1320,458,None,Move,office
1574523512.323,1329,463,None,Move,office
1574523512.335,1337,468,None,Move,office
1574523512.346,1344,476,None,Move,office
1574523512.357,1352,482,None,Move,office
1574523512.3839998,1355,485,None,Move,office
1574523514.121,1329,508,None,Move,office
1574523514.137,1287,548,None,Move,office
1574523514.151,1243,594,None,Move,office
1574523514.166,1191,642,None,Move,office
1574523514.1820002,1133,690,None,Move,office
1574523514.198,1079,729,None,Move,office
1574523514.214,1038,762,None,Move,office
1574523514.234,1016,780,None,Move,office
1574523514.2429998,999,791,None,Move,office
1574523514.26,990,797,None,Move,office
1574523514.272,986,800,None,Move,office
1574523514.284,984,802,None,Move,office
1574523514.2970002,983,804,None,Move,office
1574523514.314,982,806,None,Move,office
1574523514.326,982,808,None,Move,office
1574523514.604,959,827,None,Move,office
1574523514.6160002,918,857,None,Move,office
1574523514.63,892,880,None,Move,office
1574523514.64,870,901,None,Move,office
1574523514.651,853,920,None,Move,office
1574523514.6620002,839,935,None,Move,office
1574523514.673,830,947,None,Move,office
1574523514.684,825,957,None,Move,office
1574523514.695,821,965,None,Move,office
1574523514.71,818,969,None,Move,office
1574523514.722,816,972,None,Move,office
1574523514.736,815,974,None,Move,office
1574523514.7489998,814,976,None,Move,office
1574523514.7610002,814,977,None,Move,office
1574523514.7729998,812,980,None,Move,office
1574523514.7870002,811,982,None,Move,office
1574523514.798,809,984,None,Move,office
1574523514.811,806,986,None,Move,office
1574523514.825,804,988,None,Move,office
1574523514.837,800,992,None,Move,office
1574523514.851,796,995,None,Move,office
1574523514.8660002,787,999,None,Move,office
1574523514.8760002,779,1003,None,Move,office
1574523514.8920002,772,1005,None,Move,office
1574523514.904,768,1006,None,Move,office
1574523514.916,765,1007,None,Move,office
1574523514.929,763,1008,None,Move,office
1574523514.9420002,763,1008,None,Move,office
1574523514.955,762,1008,None,Move,office
1574523514.967,762,1010,None,Move,office
1574523514.98,759,1011,None,Move,office
1574523514.995,757,1013,None,Move,office
1574523515.008,756,1015,None,Move,office
1574523515.021,755,1017,None,Move,office
1574523515.033,755,1018,None,Move,office
1574523515.044,755,1018,None,Move,office
1574523515.436,762,1020,None,Move,office
1574523515.452,776,1023,None,Move,office
1574523515.469,797,1023,None,Move,office
1574523515.486,822,1023,None,Move,office
1574523515.4970002,844,1023,None,Move,office
1574523515.512,866,1021,None,Move,office
1574523515.525,888,1018,None,Move,office
1574523515.536,903,1016,None,Move,office
1574523515.548,918,1016,None,Move,office
1574523515.561,929,1016,None,Move,office
1574523515.571,938,1016,None,Move,office
1574523515.585,942,1016,None,Move,office
1574523515.5979998,945,1016,None,Move,office
1574523515.61,947,1016,None,Move,office
1574523515.6179998,947,1016,None,Move,office
1574523515.631,948,1017,None,Move,office
1574523515.644,949,1018,None,Move,office
1574523515.657,951,1019,None,Move,office
1574523515.668,952,1020,None,Move,office
1574523515.678,953,1022,None,Move,office
1574523515.6920002,953,1023,None,Move,office
1574523515.704,953,1026,None,Move,office
1574523515.717,953,1027,None,Move,office
1574523515.726,953,1029,None,Move,office
1574523515.74,953,1029,None,Move,office
1574523515.7510002,952,1030,None,Move,office
1574523515.764,951,1030,None,Move,office
1574523515.774,950,1031,None,Move,office
1574523515.789,949,1031,None,Move,office
1574523515.799,949,1032,None,Move,office
1574523515.814,948,1032,None,Move,office
1574523515.8279998,948,1033,None,Move,office
1574523515.84,948,1033,None,Move,office
1574523515.8520002,948,1034,None,Move,office
1574523515.865,948,1035,None,Move,office
1574523515.8779998,948,1036,None,Move,office
1574523515.89,948,1039,None,Move,office
1574523515.904,947,1041,None,Move,office
1574523515.915,947,1044,None,Move,office
1574523515.929,947,1046,None,Move,office
1574523515.9429998,947,1050,None,Move,office
1574523515.954,947,1053,None,Move,office
1574523515.968,947,1056,None,Move,office
1574523515.98,947,1057,None,Move,office
1574523515.996,946,1060,None,Move,office
1574523516.01,946,1061,None,Move,office
1574523516.0270002,946,1061,None,Move,office
1574523516.04,946,1062,None,Move,office
1574523516.052,946,1062,None,Move,office
1574523516.064,946,1063,None,Move,office
1574523516.0779998,946,1064,None,Move,office
1574523516.09,946,1065,None,Move,office
1574523516.337,946,1065,Left,Pressed,office
1574523516.555,946,1065,Left,Released,office
1574523517.0570002,946,1051,None,Move,entertainment
1574523517.07,946,1016,None,Move,entertainment
1574523517.082,950,984,None,Move,entertainment
1574523517.097,956,954,None,Move,entertainment
1574523517.11,962,921,None,Move,entertainment
1574523517.125,965,899,None,Move,entertainment
1574523517.133,969,883,None,Move,entertainment
1574523517.1520002,970,873,None,Move,entertainment
1574523517.167,971,862,None,Move,entertainment
1574523517.178,971,858,None,Move,entertainment
1574523517.194,971,855,None,Move,entertainment
1574523517.207,971,852,None,Move,entertainment
1574523517.215,971,851,None,Move,entertainment
1574523517.23,971,849,None,Move,entertainment
1574523517.245,970,848,None,Move,entertainment
1574523517.256,969,846,None,Move,entertainment
1574523517.2670002,966,845,None,Move,entertainment
1574523517.281,962,843,None,Move,entertainment
1574523517.288,957,842,None,Move,entertainment
1574523517.305,953,842,None,Move,entertainment
1574523517.314,946,842,None,Move,entertainment
1574523517.331,937,847,None,Move,entertainment
1574523517.344,930,853,None,Move,entertainment
1574523517.356,917,860,None,Move,entertainment
1574523517.3679998,911,864,None,Move,entertainment
1574523517.3820002,908,865,None,Move,entertainment
1574523517.391,905,866,None,Move,entertainment
1574523517.408,904,867,None,Move,entertainment
1574523517.421,903,867,None,Move,entertainment
1574523517.4329998,902,868,None,Move,entertainment
1574523517.447,901,869,None,Move,entertainment
1574523517.457,900,869,None,Move,entertainment
1574523517.472,900,870,None,Move,entertainment
1574523517.485,899,870,None,Move,entertainment
1574523517.4970002,898,870,None,Move,entertainment
1574523517.5089998,897,872,None,Move,entertainment
1574523517.5229998,896,873,None,Move,entertainment
1574523517.531,895,874,None,Move,entertainment
1574523517.546,895,874,None,Move,entertainment
1574523517.5579998,894,875,None,Move,entertainment
1574523517.571,893,877,None,Move,entertainment
1574523517.584,893,879,None,Move,entertainment
1574523517.5979998,893,880,None,Move,entertainment
1574523517.6120002,893,880,None,Move,entertainment
1574523517.847,893,880,Left,Pressed,entertainment
1574523518.061,893,880,Left,Released,entertainment
1574523540.418,910,851,None,Move,entertainment
1574523540.427,946,784,None,Move,entertainment
1574523540.4420002,988,711,None,Move,entertainment
1574523540.458,1029,644,None,Move,entertainment
1574523540.471,1079,576,None,Move,entertainment
1574523540.4910002,1137,507,None,Move,entertainment
1574523540.506,1195,441,None,Move,entertainment
1574523540.5229998,1232,401,None,Move,entertainment
1574523540.535,1282,352,None,Move,entertainment
1574523540.546,1321,315,None,Move,entertainment
1574523540.564,1343,295,None,Move,entertainment
1574523540.577,1355,284,None,Move,entertainment
1574523540.596,1363,278,None,Move,entertainment
1574523540.61,1368,274,None,Move,entertainment
1574523540.62,1371,273,None,Move,entertainment
1574523540.63,1372,272,None,Move,entertainment
1574523540.644,1373,272,None,Move,entertainment
1574523540.656,1374,272,None,Move,entertainment
1574523540.6720002,1375,275,None,Move,entertainment
1574523540.685,1375,284,None,Move,entertainment
1574523540.695,1374,291,None,Move,entertainment
1574523540.982,1385,246,None,Move,entertainment
1574523541.019,1391,231,None,Move,entertainment
1574523541.033,1396,222,None,Move,entertainment
1574523541.048,1397,220,None,Move,entertainment
1574523541.06,1398,217,None,Move,entertainment
1574523541.079,1400,217,None,Move,entertainment
1574523541.093,1400,216,None,Move,entertainment
1574523541.106,1400,215,None,Move,entertainment
1574523541.1220002,1400,215,None,Move,entertainment
1574523541.137,1400,214,None,Move,entertainment
1574523541.151,1400,213,None,Move,entertainment
1574523541.1720002,1400,213,None,Move,entertainment
1574523541.187,1400,211,None,Move,entertainment
1574523541.2,1400,210,None,Move,entertainment
1574523541.212,1400,210,None,Move,entertainment
1574523541.226,1400,209,None,Move,entertainment
1574523541.234,1400,208,None,Move,entertainment
1574523541.2489998,1400,208,None,Move,entertainment
1574523541.2629998,1400,207,None,Move,entertainment
1574523541.275,1401,206,None,Move,entertainment
1574523541.288,1402,204,None,Move,entertainment
1574523541.299,1404,200,None,Move,entertainment
1574523541.313,1410,195,None,Move,entertainment
1574523541.324,1419,187,None,Move,entertainment
1574523541.342,1432,177,None,Move,entertainment
1574523541.3579998,1441,169,None,Move,entertainment
1574523541.369,1450,162,None,Move,entertainment
1574523541.387,1459,155,None,Move,entertainment
1574523541.406,1468,147,None,Move,entertainment
1574523541.424,1475,141,None,Move,entertainment
1574523541.438,1482,137,None,Move,entertainment
1574523541.45,1485,135,None,Move,entertainment
1574523541.462,1487,133,None,Move,entertainment
1574523541.479,1488,132,None,Move,entertainment
1574523541.496,1490,131,None,Move,entertainment
1574523541.827,1493,119,None,Move,entertainment
1574523541.84,1497,107,None,Move,entertainment
1574523541.851,1502,98,None,Move,entertainment
1574523541.863,1506,90,None,Move,entertainment
1574523541.875,1510,86,None,Move,entertainment
1574523541.887,1513,82,None,Move,entertainment
1574523541.901,1515,78,None,Move,entertainment
1574523541.911,1517,75,None,Move,entertainment
1574523541.925,1518,72,None,Move,entertainment
1574523541.936,1519,71,None,Move,entertainment
1574523541.954,1520,70,None,Move,entertainment
1574523541.968,1520,69,None,Move,entertainment
1574523541.979,1520,69,None,Move,entertainment
1574523542.0,1521,68,None,Move,entertainment
1574523542.0129998,1521,67,None,Move,entertainment
1574523542.028,1521,66,None,Move,entertainment
1574523542.039,1521,65,None,Move,entertainment
1574523542.059,1522,65,None,Move,entertainment
1574523542.076,1522,65,None,Move,entertainment
1574523542.09,1522,64,None,Move,entertainment
1574523542.106,1523,64,None,Move,entertainment
1574523542.119,1523,64,None,Move,entertainment
1574523542.131,1524,64,None,Move,entertainment
1574523542.143,1525,64,None,Move,entertainment
1574523542.159,1525,64,None,Move,entertainment
1574523542.173,1526,64,None,Move,entertainment
1574523542.184,1527,63,None,Move,entertainment
1574523542.202,1528,63,None,Move,entertainment
1574523542.225,1528,63,None,Move,entertainment
1574523542.24,1528,63,None,Move,entertainment
1574523542.252,1528,63,None,Move,entertainment
1574523542.2610002,1528,64,None,Move,entertainment
1574523542.278,1528,66,None,Move,entertainment
1574523542.291,1528,67,None,Move,entertainment
1574523542.301,1528,69,None,Move,entertainment
1574523542.3170002,1528,71,None,Move,entertainment
1574523542.335,1526,72,None,Move,entertainment
1574523542.3479998,1525,74,None,Move,entertainment
1574523542.361,1524,78,None,Move,entertainment
1574523542.373,1523,80,None,Move,entertainment
1574523542.3879998,1522,83,None,Move,entertainment
1574523542.41,1522,84,None,Move,entertainment
1574523542.425,1521,85,None,Move,entertainment
1574523542.436,1521,86,None,Move,entertainment
1574523542.452,1521,87,None,Move,entertainment
1574523542.465,1521,88,None,Move,entertainment
1574523542.482,1520,88,None,Move,entertainment
1574523542.496,1520,88,None,Move,entertainment
1574523542.5110002,1520,89,None,Move,entertainment
1574523542.526,1520,89,None,Move,entertainment
1574523542.55,1520,90,None,Move,entertainment
1574523543.904,1520,90,Left,Pressed,entertainment
1574523544.12,1520,90,Left,Released,entertainment
1574523544.429,1499,105,None,Move,office
1574523544.444,1467,131,None,Move,office
1574523544.457,1436,153,None,Move,office
1574523544.472,1406,183,None,Move,office
1574523544.488,1376,216,None,Move,office
1574523544.502,1354,238,None,Move,office
1574523544.516,1331,263,None,Move,office
1574523544.531,1314,282,None,Move,office
1574523544.544,1294,301,None,Move,office
1574523544.5570002,1279,315,None,Move,office
1574523544.571,1266,328,None,Move,office
1574523544.587,1258,336,None,Move,office
1574523544.6020002,1253,339,None,Move,office
1574523544.617,1250,342,None,Move,office
1574523544.631,1247,344,None,Move,office
1574523544.649,1246,346,None,Move,office
1574523544.663,1245,346,None,Move,office
1574523544.676,1244,346,None,Move,office
1574523544.689,1243,347,None,Move,office
1574523544.702,1243,347,None,Move,office
1574523544.715,1243,348,None,Move,office
1574523544.726,1242,351,None,Move,office
1574523544.738,1241,358,None,Move,office
1574523544.752,1237,367,None,Move,office
1574523544.765,1234,374,None,Move,office
1574523544.7770002,1230,382,None,Move,office
1574523544.79,1226,391,None,Move,office
1574523544.805,1221,397,None,Move,office
1574523544.8179998,1217,404,None,Move,office
1574523544.831,1215,410,None,Move,office
1574523544.842,1213,413,None,Move,office
1574523544.855,1211,417,None,Move,office
1574523544.8679998,1210,420,None,Move,office
1574523544.88,1210,424,None,Move,office
1574523544.893,1210,429,None,Move,office
1574523544.908,1210,435,None,Move,office
1574523544.919,1212,438,None,Move,office
1574523544.925,1219,444,None,Move,office
1574523544.935,1226,447,None,Move,office
1574523544.946,1237,451,None,Move,office
1574523544.958,1249,453,None,Move,office
1574523544.97,1262,453,None,Move,office
1574523544.982,1277,452,None,Move,office
1574523545.002,1301,449,None,Move,office
1574523545.014,1316,446,None,Move,office
1574523545.0270002,1331,443,None,Move,office
1574523545.038,1346,440,None,Move,office
1574523545.05,1361,439,None,Move,office
1574523545.065,1374,436,None,Move,office
1574523545.077,1384,436,None,Move,office
1574523545.0879998,1391,436,None,Move,office
1574523545.097,1396,436,None,Move,office
1574523545.1120002,1399,436,None,Move,office
1574523545.123,1404,436,None,Move,office
1574523545.1379998,1407,436,None,Move,office
1574523545.151,1410,436,None,Move,office
1574523545.161,1412,436,None,Move,office
1574523545.4970002,1426,426,None,Move,office
1574523545.51,1443,415,None,Move,office
1574523545.521,1454,410,None,Move,office
1574523545.531,1464,406,None,Move,office
1574523545.544,1474,400,None,Move,office
1574523545.555,1481,398,None,Move,office
1574523545.566,1485,396,None,Move,office
1574523545.579,1489,393,None,Move,office
1574523545.591,1493,392,None,Move,office
1574523545.6020002,1494,391,None,Move,office
1574523545.6139998,1496,390,None,Move,office
1574523545.625,1499,389,None,Move,office
1574523545.6379998,1500,388,None,Move,office
1574523545.6520002,1500,388,None,Move,office
1574523545.664,1501,386,None,Move,office
1574523545.684,1502,386,None,Move,office
1574523545.698,1503,386,None,Move,office
1574523545.717,1503,385,None,Move,office
1574523546.066,1503,385,Left,Pressed,office
1574523546.28,1503,385,Left,Released,office
1574523546.65,1498,390,None,Move,office
1574523546.664,1489,398,None,Move,office
1574523546.678,1483,404,None,Move,office
1574523546.691,1478,412,None,Move,office
1574523546.706,1474,416,None,Move,office
1574523546.717,1468,422,None,Move,office
1574523546.729,1460,427,None,Move,office
1574523546.7429998,1457,431,None,Move,office
1574523546.7570002,1455,432,None,Move,office
1574523546.768,1454,433,None,Move,office
1574523546.783,1452,433,None,Move,office
1574523546.795,1451,434,None,Move,office
1574523546.8079998,1450,434,None,Move,office
1574523546.822,1449,435,None,Move,office
1574523546.836,1448,435,None,Move,office
1574523546.851,1448,435,None,Move,office
1574523546.863,1448,436,None,Move,office
1574523546.877,1448,437,None,Move,office
1574523546.89,1450,438,None,Move,office
1574523546.9020002,1456,439,None,Move,office
1574523546.911,1462,440,None,Move,office
1574523546.927,1465,440,None,Move,office
1574523546.939,1468,441,None,Move,office
1574523546.951,1470,441,None,Move,office
1574523546.9629998,1472,441,None,Move,office
1574523546.975,1474,441,None,Move,office
1574523546.9910002,1476,441,None,Move,office
1574523547.005,1479,440,None,Move,office
1574523547.016,1481,438,None,Move,office
1574523547.028,1485,434,None,Move,office
1574523547.039,1488,429,None,Move,office
1574523547.05,1491,425,None,Move,office
1574523547.061,1492,422,None,Move,office
1574523547.072,1493,421,None,Move,office
1574523547.083,1494,419,None,Move,office
1574523547.095,1494,419,None,Move,office
1574523547.107,1494,417,None,Move,office
1574523547.121,1494,417,None,Move,office
1574523547.13,1494,416,None,Move,office
1574523547.145,1494,416,None,Move,office
1574523547.157,1494,415,None,Move,office
1574523547.17,1494,414,None,Move,office
1574523547.1820002,1491,412,None,Move,office
1574523547.194,1490,411,None,Move,office
1574523547.205,1488,410,None,Move,office
1574523547.22,1488,410,None,Move,office
1574523547.235,1487,409,None,Move,office
1574523547.2470002,1487,409,None,Move,office
1574523547.26,1486,409,None,Move,office
1574523547.274,1486,409,None,Move,office
1574523547.29,1484,408,None,Move,office
1574523547.302,1483,408,None,Move,office
1574523547.3179998,1483,408,None,Move,office
1574523547.331,1483,408,None,Move,office
1574523547.631,1483,408,Left,Pressed,office
1574523547.85,1483,408,Left,Released,office
1574523548.27,1482,405,None,Move,office
1574523548.2870002,1481,404,None,Move,office
1574523548.302,1480,402,None,Move,office
1574523548.3170002,1477,401,None,Move,office
1574523548.333,1475,400,None,Move,office
1574523548.347,1472,399,None,Move,office
1574523548.363,1471,399,None,Move,office
1574523548.377,1471,399,None,Move,office
1574523548.393,1470,399,None,Move,office
1574523548.406,1470,399,None,Move,office
1574523548.418,1469,399,None,Move,office
1574523548.435,1468,399,None,Move,office
1574523548.45,1467,399,None,Move,office
1574523548.6820002,1467,399,Left,Pressed,office
1574523548.903,1467,399,Left,Released,office
1574523577.831,1442,418,None,Move,office
1574523577.846,1402,460,None,Move,office
1574523577.86,1371,496,None,Move,office
1574523577.8720002,1339,537,None,Move,office
1574523577.8860002,1311,581,None,Move,office
1574523577.9,1284,621,None,Move,office
1574523577.914,1264,661,None,Move,office
1574523577.925,1253,686,None,Move,office
1574523577.935,1244,711,None,Move,office
1574523577.948,1240,727,None,Move,office
1574523577.96,1240,742,None,Move,office
1574523577.972,1240,757,None,Move,office
1574523577.9870002,1241,770,None,Move,office
1574523578.002,1246,782,None,Move,office
1574523578.014,1253,794,None,Move,office
1574523578.028,1264,809,None,Move,office
1574523578.041,1274,822,None,Move,office
1574523578.055,1282,829,None,Move,office
1574523578.0679998,1289,838,None,Move,office
1574523578.08,1293,847,None,Move,office
1574523578.091,1295,855,None,Move,office
1574523578.103,1295,864,None,Move,office
1574523578.115,1295,872,None,Move,office
1574523578.1279998,1293,881,None,Move,office
1574523578.14,1286,893,None,Move,office
1574523578.15,1280,904,None,Move,office
1574523578.165,1270,917,None,Move,office
1574523578.176,1261,926,None,Move,office
1574523578.189,1254,934,None,Move,office
1574523578.204,1250,940,None,Move,office
1574523578.216,1247,943,None,Move,office
1574523578.228,1244,945,None,Move,office
1574523578.242,1243,947,None,Move,office
1574523578.474,1215,953,None,Move,office
1574523578.4829998,1164,969,None,Move,office
1574523578.5010002,1122,985,None,Move,office
1574523578.516,1080,1005,None,Move,office
1574523578.5270002,1048,1021,None,Move,office
1574523578.539,1017,1039,None,Move,office
1574523578.555,996,1053,None,Move,office
1574523578.5670002,984,1061,None,Move,office
1574523578.5779998,971,1069,None,Move,office
1574523578.594,965,1073,None,Move,office
1574523578.6079998,959,1076,None,Move,office
1574523578.623,955,1077,None,Move,office
1574523578.6379998,954,1079,None,Move,office
1574523578.6520002,953,1079,None,Move,office
1574523578.665,952,1079,None,Move,office
1574523578.677,951,1079,None,Move,office
1574523578.69,950,1079,None,Move,office
1574523578.704,949,1079,None,Move,office
1574523578.721,949,1079,None,Move,office
1574523578.742,948,1079,None,Move,office
1574523578.758,947,1079,None,Move,office
1574523578.7729998,947,1079,None,Move,office
1574523578.7870002,946,1079,None,Move,office
1574523578.809,945,1079,None,Move,office
1574523578.826,944,1079,None,Move,office
1574523578.854,943,1079,None,Move,office
1574523578.891,942,1079,None,Move,office
1574523578.914,942,1078,None,Move,office
1574523578.928,942,1077,None,Move,office
1574523578.938,942,1077,None,Move,office
1574523578.952,942,1076,None,Move,office
1574523578.967,942,1075,None,Move,office
1574523578.981,942,1075,None,Move,office
1574523578.995,942,1074,None,Move,office
1574523579.019,942,1073,None,Move,office
1574523579.034,942,1072,None,Move,office
1574523579.046,942,1071,None,Move,office
1574523579.056,942,1070,None,Move,office
1574523579.072,942,1070,None,Move,office
1574523579.084,942,1069,None,Move,office
1574523579.096,943,1068,None,Move,office
1574523579.1079998,944,1068,None,Move,office
1574523579.1220002,944,1067,None,Move,office
1574523579.1339998,946,1065,None,Move,office
1574523579.146,949,1065,None,Move,office
1574523579.161,950,1065,None,Move,office
1574523579.175,951,1064,None,Move,office
1574523579.188,951,1064,None,Move,office
1574523579.202,952,1064,None,Move,office
1574523579.219,953,1064,None,Move,office
1574523579.486,953,1064,Left,Pressed,office
1574523579.705,953,1064,Left,Released,office
1574523581.998,953,1064,Left,Pressed,entertainment
1574523582.214,953,1064,Left,Released,entertainment
1574523582.539,966,1031,None,Move,office
1574523582.552,987,988,None,Move,office
1574523582.563,1013,936,None,Move,office
1574523582.576,1032,899,None,Move,office
1574523582.587,1056,862,None,Move,office
1574523582.6,1083,824,None,Move,office
1574523582.615,1102,797,None,Move,office
1574523582.627,1121,773,None,Move,office
1574523582.639,1143,745,None,Move,office
1574523582.6520002,1160,726,None,Move,office
1574523582.665,1175,708,None,Move,office
1574523582.677,1186,696,None,Move,office
1574523582.685,1194,683,None,Move,office
1574523582.702,1201,672,None,Move,office
1574523582.714,1206,661,None,Move,office
1574523582.7270002,1211,655,None,Move,office
1574523582.7389998,1212,652,None,Move,office
1574523582.7529998,1213,650,None,Move,office
1574523582.765,1214,649,None,Move,office
1574523582.778,1214,648,None,Move,office
1574523583.0570002,1216,637,None,Move,office
1574523583.071,1210,611,None,Move,office
1574523583.084,1201,580,None,Move,office
1574523583.0979998,1174,542,None,Move,office
1574523583.109,1142,503,None,Move,office
1574523583.121,1114,479,None,Move,office
1574523583.1339998,1081,458,None,Move,office
1574523583.145,1037,433,None,Move,office
1574523583.156,998,416,None,Move,office
1574523583.167,967,406,None,Move,office
1574523583.179,945,403,None,Move,office
1574523583.186,926,400,None,Move,office
1574523583.201,909,400,None,Move,office
1574523583.2129998,896,401,None,Move,office
1574523583.225,884,404,None,Move,office
1574523583.238,878,406,None,Move,office
1574523583.25,873,409,None,Move,office
1574523583.26,870,414,None,Move,office
1574523583.271,866,416,None,Move,office
1574523583.285,864,417,None,Move,office
1574523583.917,864,417,Left,Pressed,office
1574523584.137,864,417,Left,Released,office
1574523584.467,882,420,None,Move,office
1574523584.479,897,421,None,Move,office
1574523584.492,912,423,None,Move,office
1574523584.5029998,928,425,None,Move,office
1574523584.519,938,427,None,Move,office
1574523584.529,950,429,None,Move,office
1574523584.542,959,430,None,Move,office
1574523584.552,963,431,None,Move,office
1574523584.565,967,432,None,Move,office
1574523584.575,973,435,None,Move,office
1574523584.587,977,438,None,Move,office
1574523584.597,981,440,None,Move,office
1574523584.609,983,442,None,Move,office
1574523618.175,973,459,None,Move,office
1574523618.188,955,489,None,Move,office
1574523618.201,944,515,None,Move,office
1574523618.215,934,549,None,Move,office
1574523618.226,927,576,None,Move,office
1574523618.2389998,922,605,None,Move,office
1574523618.2510002,920,621,None,Move,office
1574523618.2610002,920,642,None,Move,office
1574523618.275,920,656,None,Move,office
1574523618.286,923,665,None,Move,office
1574523618.299,928,673,None,Move,office
1574523618.313,942,680,None,Move,office
1574523618.324,965,683,None,Move,office
1574523618.335,992,683,None,Move,office
1574523618.349,1022,678,None,Move,office
1574523618.36,1059,668,None,Move,office
1574523618.373,1097,656,None,Move,office
1574523618.385,1135,643,None,Move,office
1574523618.396,1173,631,None,Move,office
1574523618.399,1207,621,None,Move,office
1574523618.411,1236,607,None,Move,office
1574523618.4220002,1261,596,None,Move,office
1574523618.435,1277,589,None,Move,office
1574523618.447,1289,584,None,Move,office
1574523618.46,1301,578,None,Move,office
1574523618.472,1311,571,None,Move,office
1574523618.486,1317,566,None,Move,office
1574523618.498,1318,565,None,Move,office
1574523618.5110002,1320,564,None,Move,office
1574523618.524,1321,563,None,Move,office
1574523618.536,1322,563,None,Move,office
1574523618.551,1320,568,None,Move,office
1574523618.5679998,1302,597,None,Move,office
1574523618.586,1273,638,None,Move,office
1574523618.6020002,1244,673,None,Move,office
1574523618.6160002,1226,694,None,Move,office
1574523618.631,1218,707,None,Move,office
1574523618.646,1213,715,None,Move,office
1574523618.657,1211,721,None,Move,office
1574523618.674,1209,724,None,Move,office
1574523618.687,1208,727,None,Move,office
1574523618.7029998,1208,729,None,Move,office
1574523618.715,1208,730,None,Move,office
1574523618.729,1208,731,None,Move,office
1574523618.7429998,1208,732,None,Move,office
1574523618.755,1208,732,None,Move,office
1574523618.77,1208,732,None,Move,office
1574523618.783,1209,732,None,Move,office
1574523618.798,1210,732,None,Move,office
1574523619.119,1183,725,None,Move,office
1574523619.131,1112,702,None,Move,office
1574523619.144,1043,669,None,Move,office
1574523619.159,969,627,None,Move,office
1574523619.171,902,589,None,Move,office
1574523619.184,838,548,None,Move,office
1574523619.197,788,514,None,Move,office
1574523619.21,747,487,None,Move,office
1574523619.2229998,704,462,None,Move,office
1574523619.234,665,442,None,Move,office
1574523619.246,645,431,None,Move,office
1574523619.2610002,631,423,None,Move,office
1574523619.2729998,620,418,None,Move,office
1574523619.286,614,414,None,Move,office
1574523619.299,611,413,None,Move,office
1574523619.311,609,412,None,Move,office
1574523619.322,609,411,None,Move,office
1574523619.336,608,410,None,Move,office
1574523619.696,596,402,None,Move,office
1574523619.705,579,390,None,Move,office
1574523619.721,560,376,None,Move,office
1574523619.732,548,367,None,Move,office
1574523619.744,540,358,None,Move,office
1574523619.7589998,528,350,None,Move,office
1574523619.7729998,516,342,None,Move,office
1574523619.7870002,510,337,None,Move,office
1574523619.799,502,333,None,Move,office
1574523619.814,498,330,None,Move,office
1574523619.826,492,327,None,Move,office
1574523619.84,487,324,None,Move,office
1574523619.854,484,320,None,Move,office
1574523619.867,480,317,None,Move,office
1574523619.881,477,315,None,Move,office
1574523619.8920002,476,314,None,Move,office
1574523619.907,475,313,None,Move,office
1574523619.92,475,312,None,Move,office
1574523619.934,474,312,None,Move,office
1574523619.949,474,311,None,Move,office
1574523619.961,472,310,None,Move,office
1574523619.9770002,472,309,None,Move,office
1574523619.992,471,307,None,Move,office
1574523620.005,471,307,None,Move,office
1574523620.0129998,471,304,None,Move,office
1574523620.025,471,304,None,Move,office
1574523620.035,471,303,None,Move,office
1574523620.045,471,302,None,Move,office
1574523620.0570002,471,302,None,Move,office
1574523620.07,471,302,None,Move,office
1574523620.086,471,300,None,Move,office
1574523620.097,472,299,None,Move,office
1574523620.111,473,299,None,Move,office
1574523620.125,473,298,None,Move,office
1574523620.1360002,474,298,None,Move,office
1574523620.149,474,298,None,Move,office
1574523620.169,475,298,None,Move,office
1574523621.331,482,322,None,Move,office
1574523621.345,495,370,None,Move,office
1574523621.357,510,412,None,Move,office
1574523621.371,533,455,None,Move,office
1574523621.3820002,558,499,None,Move,office
1574523621.3920002,583,542,None,Move,office
1574523621.407,610,585,None,Move,office
1574523621.42,646,630,None,Move,office
1574523621.434,666,658,None,Move,office
1574523621.447,683,676,None,Move,office
1574523621.459,699,692,None,Move,office
1574523621.468,715,708,None,Move,office
1574523621.481,737,731,None,Move,office
1574523621.494,749,746,None,Move,office
1574523621.506,760,757,None,Move,office
1574523621.518,765,763,None,Move,office
1574523621.756,775,788,None,Move,office
1574523621.768,794,821,None,Move,office
1574523621.781,813,860,None,Move,office
1574523621.792,831,899,None,Move,office
1574523621.805,849,938,None,Move,office
1574523621.8179998,864,967,None,Move,office
1574523621.831,872,983,None,Move,office
1574523621.843,876,996,None,Move,office
1574523621.854,878,1003,None,Move,office
1574523621.867,880,1012,None,Move,office
1574523621.879,880,1018,None,Move,office
1574523621.8920002,877,1025,None,Move,office
1574523621.904,874,1034,None,Move,office
1574523621.916,869,1041,None,Move,office
1574523621.929,866,1050,None,Move,office
1574523621.9420002,864,1055,None,Move,office
1574523621.95,863,1058,None,Move,office
1574523621.966,862,1064,None,Move,office
1574523621.982,862,1067,None,Move,office
1574523622.0,862,1069,None,Move,office
1574523622.012,862,1072,None,Move,office
1574523622.028,862,1073,None,Move,office
1574523622.327,866,1073,None,Move,office
1574523622.339,872,1073,None,Move,office
1574523622.3520002,878,1073,None,Move,office
1574523622.3639998,882,1073,None,Move,office
1574523622.379,886,1073,None,Move,office
1574523622.391,887,1072,None,Move,office
1574523622.405,890,1072,None,Move,office
1574523622.418,892,1072,None,Move,office
1574523622.431,892,1071,None,Move,office
1574523622.4429998,893,1071,None,Move,office
1574523622.4529998,894,1071,None,Move,office
1574523622.468,895,1071,None,Move,office
1574523622.4770002,896,1071,None,Move,office
1574523622.4910002,896,1070,None,Move,office
1574523622.505,896,1070,None,Move,office
1574523622.518,897,1070,None,Move,office
1574523622.531,898,1070,None,Move,office
1574523622.546,898,1070,None,Move,office
1574523622.562,899,1069,None,Move,office
1574523622.576,901,1069,None,Move,office
1574523622.592,902,1069,None,Move,office
1574523622.604,903,1069,None,Move,office
1574523622.619,903,1069,None,Move,office
1574523622.63,904,1069,None,Move,office
1574523622.6479998,905,1069,None,Move,office
1574523622.873,905,1069,Left,Pressed,office
1574523623.091,905,1069,Left,Released,office
1574523623.315,913,1062,None,Move,file system
1574523623.335,924,1051,None,Move,file system
1574523623.3479998,931,1043,None,Move,file system
1574523623.359,942,1034,None,Move,file system
1574523623.3739998,953,1026,None,Move,file system
1574523623.395,960,1019,None,Move,file system
1574523623.407,966,1014,None,Move,file system
1574523623.423,972,1011,None,Move,file system
1574523623.436,976,1006,None,Move,file system
1574523623.452,978,1005,None,Move,file system
1574523623.464,981,1003,None,Move,file system
1574523623.476,983,1001,None,Move,file system
1574523623.486,984,1000,None,Move,file system
1574523623.5,988,999,None,Move,file system
1574523623.5129998,989,998,None,Move,file system
1574523623.525,991,996,None,Move,file system
1574523623.539,992,995,None,Move,file system
1574523623.555,993,995,None,Move,file system
1574523623.566,993,995,None,Move,file system
1574523623.581,994,995,None,Move,file system
1574523623.601,994,994,None,Move,file system
1574523623.6320002,995,994,None,Move,file system
1574523623.923,995,994,Left,Pressed,file system
1574523624.143,995,994,Left,Released,file system
1574523624.502,976,971,None,Move,file system
1574523624.5170002,947,933,None,Move,file system
1574523624.532,923,907,None,Move,file system
1574523624.551,910,892,None,Move,file system
1574523624.58,897,882,None,Move,file system
1574523624.599,885,874,None,Move,file system
1574523624.6120002,872,864,None,Move,file system
1574523624.623,863,857,None,Move,file system
1574523624.6360002,855,849,None,Move,file system
1574523624.649,847,841,None,Move,file system
1574523624.667,841,835,None,Move,file system
1574523624.68,838,832,None,Move,file system
1574523624.6920002,835,830,None,Move,file system
1574523624.702,835,829,None,Move,file system
1574523624.7129998,835,827,None,Move,file system
1574523624.729,835,827,None,Move,file system
1574523626.845,848,804,None,Move,file system
1574523626.86,880,750,None,Move,file system
1574523626.869,907,710,None,Move,file system
1574523626.8760002,954,642,None,Move,file system
1574523626.893,1010,567,None,Move,file system
1574523626.901,1052,519,None,Move,file system
1574523626.907,1112,456,None,Move,file system
1574523626.92,1185,389,None,Move,file system
1574523626.929,1240,346,None,Move,file system
1574523626.9429998,1301,306,None,Move,file system
1574523626.951,1377,263,None,Move,file system
1574523626.962,1447,232,None,Move,file system
1574523626.974,1516,207,None,Move,file system
1574523626.985,1560,193,None,Move,file system
1574523627.0,1598,182,None,Move,file system
1574523627.0110002,1631,178,None,Move,file system
1574523627.022,1647,177,None,Move,file system
1574523627.031,1662,177,None,Move,file system
1574523627.044,1674,177,None,Move,file system
1574523627.055,1677,177,None,Move,file system
1574523627.065,1679,177,None,Move,file system
1574523627.873,1689,167,None,Move,file system
1574523627.8820002,1703,154,None,Move,file system
1574523627.8979998,1718,142,None,Move,file system
1574523627.91,1736,127,None,Move,file system
1574523627.919,1750,117,None,Move,file system
1574523627.928,1764,106,None,Move,file system
1574523627.94,1779,94,None,Move,file system
1574523627.948,1793,84,None,Move,file system
1574523627.96,1805,76,None,Move,file system
1574523627.968,1816,69,None,Move,file system
1574523627.979,1822,64,None,Move,file system
1574523627.988,1828,60,None,Move,file system
1574523628.005,1834,54,None,Move,file system
1574523628.016,1838,50,None,Move,file system
1574523628.024,1839,48,None,Move,file system
1574523628.036,1843,44,None,Move,file system
1574523628.0470002,1845,42,None,Move,file system
1574523628.053,1846,40,None,Move,file system
1574523628.064,1848,39,None,Move,file system
1574523628.077,1849,37,None,Move,file system
1574523628.0879998,1850,36,None,Move,file system
1574523628.096,1851,36,None,Move,file system
1574523628.111,1852,36,None,Move,file system
1574523628.1239998,1853,35,None,Move,file system
1574523628.133,1853,35,None,Move,file system
1574523628.141,1854,35,None,Move,file system
1574523628.15,1854,34,None,Move,file system
1574523628.166,1854,33,None,Move,file system
1574523628.1820002,1854,33,None,Move,file system
1574523628.195,1853,32,None,Move,file system
1574523628.207,1853,32,None,Move,file system
1574523628.216,1852,31,None,Move,file system
1574523628.226,1851,30,None,Move,file system
1574523628.2389998,1850,30,None,Move,file system
1574523628.25,1850,30,None,Move,file system
1574523628.2629998,1848,29,None,Move,file system
1574523628.271,1847,27,None,Move,file system
1574523628.28,1844,24,None,Move,file system
1574523628.293,1842,22,None,Move,file system
1574523628.305,1840,20,None,Move,file system
1574523628.3179998,1837,18,None,Move,file system
1574523628.333,1837,17,None,Move,file system
1574523628.339,1836,17,None,Move,file system
1574523628.351,1836,16,None,Move,file system
1574523628.3620002,1833,15,None,Move,file system
1574523628.3739998,1833,15,None,Move,file system
1574523628.3820002,1831,14,None,Move,file system
1574523628.3920002,1829,13,None,Move,file system
1574523628.404,1827,12,None,Move,file system
1574523628.414,1824,12,None,Move,file system
1574523628.42,1820,10,None,Move,file system
1574523628.434,1818,9,None,Move,file system
1574523628.447,1816,9,None,Move,file system
1574523628.459,1816,9,None,Move,file system
1574523628.471,1815,9,None,Move,file system
1574523628.482,1815,9,None,Move,file system
1574523628.4910002,1814,9,None,Move,file system
1574523628.5010002,1813,9,None,Move,file system
1574523628.5129998,1812,9,None,Move,file system
1574523628.908,1812,9,Left,Pressed,file system
1574523629.123,1812,9,Left,Released,file system
1574523629.285,1793,23,None,Move,office
1574523629.298,1749,58,None,Move,office
1574523629.341,1704,94,None,Move,office
1574523629.3639998,1638,121,None,Move,office
1574523629.377,1583,143,None,Move,office
1574523629.3920002,1548,156,None,Move,office
1574523629.407,1531,162,None,Move,office
1574523629.4220002,1516,168,None,Move,office
1574523629.437,1503,171,None,Move,office
1574523629.45,1494,174,None,Move,office
1574523629.461,1489,175,None,Move,office
1574523629.469,1486,176,None,Move,office
1574523629.481,1482,176,None,Move,office
1574523629.495,1480,177,None,Move,office
1574523629.5070002,1476,178,None,Move,office
1574523629.518,1473,180,None,Move,office
1574523629.53,1470,181,None,Move,office
1574523629.546,1465,182,None,Move,office
1574523629.559,1459,184,None,Move,office
1574523629.572,1453,186,None,Move,office
1574523629.585,1449,188,None,Move,office
1574523629.599,1444,191,None,Move,office
1574523629.607,1435,196,None,Move,office
1574523629.619,1423,203,None,Move,office
1574523629.63,1411,209,None,Move,office
1574523629.6420002,1401,217,None,Move,office
1574523629.656,1392,225,None,Move,office
1574523629.668,1383,235,None,Move,office
1574523629.679,1376,245,None,Move,office
1574523629.695,1368,255,None,Move,office
1574523629.708,1361,267,None,Move,office
1574523629.72,1357,279,None,Move,office
1574523629.734,1354,286,None,Move,office
1574523629.746,1353,289,None,Move,office
1574523629.7610002,1353,292,None,Move,office
1574523630.096,1316,329,None,Move,office
1574523630.11,1276,372,None,Move,office
1574523630.1239998,1231,427,None,Move,office
1574523630.139,1194,478,None,Move,office
1574523630.1520002,1168,512,None,Move,office
1574523630.163,1148,543,None,Move,office
1574523630.176,1140,557,None,Move,office
1574523630.188,1132,569,None,Move,office
1574523630.202,1128,575,None,Move,office
1574523630.214,1125,582,None,Move,office
1574523630.229,1124,586,None,Move,office
1574523630.2410002,1124,590,None,Move,office
1574523630.25,1124,594,None,Move,office
1574523630.2629998,1125,596,None,Move,office
1574523630.274,1128,599,None,Move,office
1574523630.286,1132,604,None,Move,office
1574523630.299,1140,611,None,Move,office
1574523630.309,1148,618,None,Move,office
1574523630.315,1156,622,None,Move,office
1574523630.329,1163,627,None,Move,office
1574523630.34,1169,631,None,Move,office
1574523630.354,1174,634,None,Move,office
1574523630.3660002,1181,639,None,Move,office
1574523630.379,1187,642,None,Move,office
1574523630.391,1193,646,None,Move,office
1574523630.403,1200,648,None,Move,office
1574523630.417,1204,650,None,Move,office
1574523630.427,1207,652,None,Move,office
1574523630.444,1210,655,None,Move,office
1574523631.7029998,1196,654,None,Move,office
1574523631.715,1179,652,None,Move,office
1574523631.7270002,1158,644,None,Move,office
1574523631.7410002,1130,632,None,Move,office
1574523631.756,1088,612,None,Move,office
1574523631.7670002,1056,600,None,Move,office
1574523631.779,1027,584,None,Move,office
1574523631.791,984,562,None,Move,office
1574523631.8,951,541,None,Move,office
1574523631.81,910,516,None,Move,office
1574523631.823,877,495,None,Move,office
1574523631.835,856,480,None,Move,office
1574523631.847,838,466,None,Move,office
1574523631.86,827,455,None,Move,office
1574523631.87,819,449,None,Move,office
1574523631.88,813,443,None,Move,office
1574523631.891,809,441,None,Move,office
1574523631.9020002,807,438,None,Move,office
1574523631.913,807,438,None,Move,office
1574523631.925,806,437,None,Move,office
1574523632.363,790,438,None,Move,office
1574523632.375,767,441,None,Move,office
1574523632.387,745,442,None,Move,office
1574523632.4,730,446,None,Move,office
1574523632.411,717,448,None,Move,office
1574523632.4220002,702,450,None,Move,office
1574523632.436,690,452,None,Move,office
1574523632.447,683,453,None,Move,office
1574523632.458,676,455,None,Move,office
1574523632.47,673,455,None,Move,office
1574523632.481,670,455,None,Move,office
1574523632.4929998,669,455,None,Move,office
1574523632.506,668,455,None,Move,office
1574523632.5170002,667,455,None,Move,office
1574523632.531,666,455,None,Move,office
1574523632.544,666,456,None,Move,office
1574523632.5570002,666,457,None,Move,office
1574523632.57,666,457,None,Move,office
1574523632.587,666,459,None,Move,office
1574523632.6,666,460,None,Move,office
1574523632.613,667,461,None,Move,office
1574523632.625,667,461,None,Move,office
1574523632.639,668,462,None,Move,office
1574523632.6520002,671,464,None,Move,office
1574523632.663,673,465,None,Move,office
1574523632.677,678,466,None,Move,office
1574523632.689,681,467,None,Move,office
1574523632.7,685,467,None,Move,office
1574523632.712,686,467,None,Move,office
1574523632.7229998,686,467,None,Move,office
1574523632.734,688,467,None,Move,office
1574523632.748,689,467,None,Move,office
1574523632.764,689,467,None,Move,office
1574523632.794,690,467,None,Move,office
1574523633.2129998,690,467,Left,Pressed,office
1574523633.431,690,467,Left,Released,office
1574523633.856,685,465,None,Move,office
1574523633.8679998,677,463,None,Move,office
1574523633.88,672,459,None,Move,office
1574523633.8920002,667,457,None,Move,office
1574523633.9020002,665,456,None,Move,office
1574523633.914,663,455,None,Move,office
1574523633.925,663,455,None,Move,office
1574523633.937,662,455,None,Move,office
1574523633.947,661,455,None,Move,office
1574523633.958,660,454,None,Move,office
1574523633.97,660,454,None,Move,office
1574523633.98,659,453,None,Move,office
1574523633.992,658,453,None,Move,office
1574523634.006,658,452,None,Move,office
1574523634.021,657,452,None,Move,office
1574523634.029,655,451,None,Move,office
1574523634.046,655,451,None,Move,office
1574523634.0579998,654,451,None,Move,office
1574523634.072,654,450,None,Move,office
1574523634.312,654,450,Left,Pressed,office
1574523634.53,654,450,Left,Released,office
1574523634.8779998,667,452,None,Move,office
1574523634.893,682,454,None,Move,office
1574523634.909,693,456,None,Move,office
1574523634.9220002,708,460,None,Move,office
1574523634.939,737,467,None,Move,office
1574523634.951,752,471,None,Move,office
1574523634.966,774,477,None,Move,office
1574523634.9770002,788,481,None,Move,office
1574523634.9910002,802,485,None,Move,office
1574523635.006,815,489,None,Move,office
1574523635.018,827,493,None,Move,office
1574523635.032,837,496,None,Move,office
1574523635.045,848,501,None,Move,office
1574523635.0579998,857,503,None,Move,office
1574523635.074,863,506,None,Move,office
1574523635.0879998,867,508,None,Move,office
1574523635.105,871,510,None,Move,office
1574523635.1179998,877,515,None,Move,office
1574523635.1320002,885,519,None,Move,office
1574523635.146,887,520,None,Move,office
1574523635.159,890,521,None,Move,office
1574523666.927,884,521,None,Move,office
1574523666.94,871,518,None,Move,office
1574523666.955,858,515,None,Move,office
1574523666.969,838,509,None,Move,office
1574523666.981,823,503,None,Move,office
1574523666.998,807,499,None,Move,office
1574523667.0089998,792,492,None,Move,office
1574523667.0229998,776,485,None,Move,office
1574523667.039,764,481,None,Move,office
1574523667.053,755,477,None,Move,office
1574523667.065,746,471,None,Move,office
1574523667.079,739,462,None,Move,office
1574523667.091,733,454,None,Move,office
1574523667.104,730,444,None,Move,office
1574523667.1179998,729,435,None,Move,office
1574523667.131,729,427,None,Move,office
1574523667.145,729,422,None,Move,office
1574523667.157,729,421,None,Move,office
1574523667.169,729,419,None,Move,office
1574523667.184,729,417,None,Move,office
1574523667.196,729,416,None,Move,office
1574523667.21,729,415,None,Move,office
1574523667.222,729,414,None,Move,office
1574523667.234,731,414,None,Move,office
1574523667.2470002,736,413,None,Move,office
1574523667.258,749,411,None,Move,office
1574523667.27,764,411,None,Move,office
1574523667.281,782,412,None,Move,office
1574523667.292,801,415,None,Move,office
1574523667.301,823,417,None,Move,office
1574523667.313,854,419,None,Move,office
1574523667.325,886,423,None,Move,office
1574523667.336,907,425,None,Move,office
1574523667.347,928,427,None,Move,office
1574523667.357,950,430,None,Move,office
1574523667.37,972,433,None,Move,office
1574523667.3820002,986,436,None,Move,office
1574523667.395,1000,438,None,Move,office
1574523667.407,1012,442,None,Move,office
1574523667.42,1025,448,None,Move,office
1574523667.4329998,1033,450,None,Move,office
1574523667.444,1042,454,None,Move,office
1574523667.4529998,1047,455,None,Move,office
1574523667.468,1051,456,None,Move,office
1574523667.48,1053,457,None,Move,office
1574523667.492,1055,458,None,Move,office
1574523667.502,1057,458,None,Move,office
1574523667.514,1060,459,None,Move,office
1574523667.528,1060,459,None,Move,office
1574523667.54,1061,459,None,Move,office
1574523667.551,1061,459,None,Move,office
1574523667.561,1063,459,None,Move,office
1574523667.572,1065,459,None,Move,office
1574523667.59,1068,459,None,Move,office
1574523667.6020002,1070,459,None,Move,office
1574523667.617,1072,459,None,Move,office
1574523667.629,1073,459,None,Move,office
1574523667.641,1074,459,None,Move,office
1574523667.653,1074,459,None,Move,office
1574523667.663,1075,459,None,Move,office
1574523667.7229998,1075,458,None,Move,office
1574523667.7389998,1075,457,None,Move,office
1574523667.7529998,1075,457,None,Move,office
1574523667.765,1075,456,None,Move,office
1574523667.779,1074,454,None,Move,office
1574523667.795,1073,453,None,Move,office
1574523667.809,1072,453,None,Move,office
1574523667.821,1072,452,None,Move,office
1574523667.834,1071,452,None,Move,office
1574523667.837,1070,452,None,Move,office
1574523667.849,1069,451,None,Move,office
1574523667.861,1068,450,None,Move,office
1574523667.8739998,1067,449,None,Move,office
1574523667.8879998,1066,449,None,Move,office
1574523667.9020002,1066,448,None,Move,office
1574523667.914,1066,447,None,Move,office
1574523667.927,1065,446,None,Move,office
1574523667.939,1064,446,None,Move,office
1574523667.952,1063,446,None,Move,office
1574523667.965,1061,446,None,Move,office
1574523667.9770002,1060,446,None,Move,office
1574523667.9910002,1060,445,None,Move,office
1574523668.5129998,1060,445,None,Move,office
1574523668.525,1060,445,None,Move,office
1574523668.538,1061,445,None,Move,office
1574523668.548,1061,445,None,Move,office
1574523668.562,1062,445,None,Move,office
1574523668.575,1062,445,None,Move,office
1574523668.5879998,1064,445,None,Move,office
1574523668.611,1065,445,None,Move,office
1574523668.6420002,1065,445,None,Move,office
1574523668.671,1066,445,None,Move,office
1574523668.6829998,1066,445,None,Move,office
1574523668.696,1067,445,None,Move,office
1574523668.71,1067,446,None,Move,office
1574523668.725,1067,447,None,Move,office
1574523668.74,1067,448,None,Move,office
1574523669.0679998,1067,448,Left,Pressed,office
1574523669.284,1067,448,Left,Released,office
1574523669.424,1087,449,None,Move,office
1574523669.436,1112,450,None,Move,office
1574523669.448,1132,453,None,Move,office
1574523669.461,1145,454,None,Move,office
1574523669.4729998,1159,457,None,Move,office
1574523669.486,1170,460,None,Move,office
1574523669.4989998,1180,463,None,Move,office
1574523669.512,1185,464,None,Move,office
1574523669.5229998,1190,466,None,Move,office
1574523669.534,1197,468,None,Move,office
1574523669.546,1199,469,None,Move,office
1574523678.117,1219,460,None,Move,office
1574523678.13,1245,447,None,Move,office
1574523678.14,1270,436,None,Move,office
1574523678.154,1293,422,None,Move,office
1574523678.164,1320,407,None,Move,office
1574523678.179,1337,396,None,Move,office
1574523678.1929998,1351,388,None,Move,office
1574523678.207,1360,382,None,Move,office
1574523678.218,1368,375,None,Move,office
1574523678.228,1372,373,None,Move,office
1574523678.2410002,1377,369,None,Move,office
1574523678.255,1379,368,None,Move,office
1574523678.2670002,1380,367,None,Move,office
1574523678.305,1380,367,None,Move,office
1574523678.3170002,1379,368,None,Move,office
1574523678.33,1374,372,None,Move,office
1574523678.342,1369,376,None,Move,office
1574523678.354,1366,379,None,Move,office
1574523678.3660002,1362,383,None,Move,office
1574523678.38,1360,385,None,Move,office
1574523678.3879998,1359,388,None,Move,office
1574523678.41,1358,394,None,Move,office
1574523678.423,1358,402,None,Move,office
1574523678.435,1358,408,None,Move,office
1574523678.448,1358,412,None,Move,office
1574523678.464,1358,414,None,Move,office
1574523678.476,1358,417,None,Move,office
1574523678.49,1358,418,None,Move,office
1574523678.5010002,1358,419,None,Move,office
1574523678.512,1358,420,None,Move,office
1574523678.525,1358,421,None,Move,office
1574523678.531,1358,422,None,Move,office
1574523678.544,1358,424,None,Move,office
1574523678.5570002,1358,425,None,Move,office
1574523678.57,1359,427,None,Move,office
1574523678.583,1361,428,None,Move,office
1574523678.597,1362,429,None,Move,office
1574523678.607,1363,430,None,Move,office
1574523678.62,1364,431,None,Move,office
1574523678.635,1364,431,None,Move,office
1574523678.6479998,1365,431,None,Move,office
1574523678.66,1366,431,None,Move,office
1574523678.674,1366,431,None,Move,office
1574523678.687,1367,433,None,Move,office
1574523678.699,1369,433,None,Move,office
1574523678.711,1370,436,None,Move,office
1574523678.722,1371,439,None,Move,office
1574523678.7329998,1372,442,None,Move,office
1574523678.748,1373,447,None,Move,office
1574523678.756,1373,450,None,Move,office
1574523678.77,1373,453,None,Move,office
1574523678.784,1373,455,None,Move,office
1574523678.795,1372,458,None,Move,office
1574523678.8079998,1372,460,None,Move,office
1574523679.4629998,1344,479,None,Move,office
1574523679.4729998,1303,509,None,Move,office
1574523679.4889998,1260,549,None,Move,office
1574523679.5010002,1212,601,None,Move,office
1574523679.5110002,1175,643,None,Move,office
1574523679.526,1145,676,None,Move,office
1574523679.536,1107,721,None,Move,office
1574523679.546,1066,766,None,Move,office
1574523679.559,1028,811,None,Move,office
1574523679.572,1000,843,None,Move,office
1574523679.586,985,861,None,Move,office
1574523679.605,974,873,None,Move,office
1574523679.615,968,880,None,Move,office
1574523679.627,963,885,None,Move,office
1574523679.64,962,887,None,Move,office
1574523679.651,961,888,None,Move,office
1574523679.663,959,889,None,Move,office
1574523679.676,959,890,None,Move,office
1574523680.041,924,899,None,Move,office
1574523680.054,876,913,None,Move,office
1574523680.0679998,828,926,None,Move,office
1574523680.082,787,939,None,Move,office
1574523680.095,746,954,None,Move,office
1574523680.109,708,968,None,Move,office
1574523680.1220002,681,984,None,Move,office
1574523680.137,660,998,None,Move,office
1574523680.1520002,643,1008,None,Move,office
1574523680.164,628,1020,None,Move,office
1574523680.179,616,1030,None,Move,office
1574523680.191,610,1036,None,Move,office
1574523680.202,608,1039,None,Move,office
1574523680.215,605,1042,None,Move,office
1574523680.224,605,1044,None,Move,office
1574523680.238,604,1045,None,Move,office
1574523680.252,603,1046,None,Move,office
1574523680.269,603,1047,None,Move,office
1574523680.284,615,1051,None,Move,office
1574523680.296,629,1051,None,Move,office
1574523680.3070002,649,1047,None,Move,office
1574523680.319,668,1044,None,Move,office
1574523680.331,681,1043,None,Move,office
1574523680.342,696,1042,None,Move,office
1574523680.355,720,1040,None,Move,office
1574523680.3660002,734,1040,None,Move,office
1574523680.381,747,1040,None,Move,office
1574523680.3920002,759,1040,None,Move,office
1574523680.404,768,1040,None,Move,office
1574523680.417,773,1040,None,Move,office
1574523680.429,779,1041,None,Move,office
1574523680.44,783,1042,None,Move,office
1574523680.452,784,1043,None,Move,office
1574523680.4629998,786,1044,None,Move,office
1574523680.479,788,1045,None,Move,office
1574523680.492,790,1046,None,Move,office
1574523680.5029998,794,1047,None,Move,office
1574523680.5110002,798,1049,None,Move,office
1574523680.5270002,803,1050,None,Move,office
1574523680.5370002,810,1052,None,Move,office
1574523680.548,818,1052,None,Move,office
1574523680.562,825,1052,None,Move,office
1574523680.574,835,1052,None,Move,office
1574523680.589,842,1051,None,Move,office
1574523680.606,849,1051,None,Move,office
1574523680.619,855,1050,None,Move,office
1574523680.6320002,860,1050,None,Move,office
1574523680.644,862,1050,None,Move,office
1574523680.657,865,1050,None,Move,office
1574523680.668,867,1049,None,Move,office
1574523680.681,868,1049,None,Move,office
1574523680.694,868,1049,None,Move,office
1574523680.71,869,1049,None,Move,office
1574523680.7229998,871,1049,None,Move,office
1574523680.7410002,873,1049,None,Move,office
1574523680.755,875,1049,None,Move,office
1574523680.768,880,1049,None,Move,office
1574523680.78,884,1049,None,Move,office
1574523680.796,885,1049,None,Move,office
1574523680.8079998,886,1049,None,Move,office
1574523680.821,889,1049,None,Move,office
1574523680.836,890,1050,None,Move,office
1574523680.849,891,1051,None,Move,office
1574523680.8620002,892,1051,None,Move,office
1574523680.8739998,894,1051,None,Move,office
1574523680.8879998,895,1053,None,Move,office
1574523680.899,896,1054,None,Move,office
1574523680.9120002,897,1054,None,Move,office
1574523681.593,901,1054,None,Move,office
1574523681.611,906,1055,None,Move,office
1574523681.6239998,909,1055,None,Move,office
1574523681.639,911,1055,None,Move,office
1574523681.65,912,1055,None,Move,office
1574523681.664,914,1055,None,Move,office
1574523681.676,915,1055,None,Move,office
1574523681.691,915,1056,None,Move,office
1574523681.706,916,1056,None,Move,office
1574523681.74,916,1056,None,Move,office
1574523681.7529998,915,1056,None,Move,office
1574523681.7670002,908,1053,None,Move,office
1574523681.782,895,1050,None,Move,office
1574523681.795,883,1049,None,Move,office
1574523681.811,868,1047,None,Move,office
1574523681.825,856,1046,None,Move,office
1574523681.839,847,1045,None,Move,office
1574523681.8520002,840,1044,None,Move,office
1574523681.867,832,1044,None,Move,office
1574523681.879,820,1044,None,Move,office
1574523681.8920002,812,1044,None,Move,office
1574523681.906,804,1044,None,Move,office
1574523681.917,797,1044,None,Move,office
1574523681.93,790,1044,None,Move,office
1574523681.944,783,1044,None,Move,office
1574523681.958,779,1044,None,Move,office
1574523681.969,778,1044,None,Move,office
1574523681.981,776,1044,None,Move,office
1574523681.995,776,1044,None,Move,office
1574523682.006,775,1044,None,Move,office
1574523682.019,774,1044,None,Move,office
1574523682.034,773,1044,None,Move,office
1574523682.045,773,1044,None,Move,office
1574523682.059,772,1044,None,Move,office
1574523682.071,772,1045,None,Move,office
1574523682.085,771,1045,None,Move,office
1574523682.097,771,1046,None,Move,office
1574523682.109,770,1048,None,Move,office
1574523682.1239998,769,1049,None,Move,office
1574523682.1339998,768,1050,None,Move,office
1574523682.15,767,1051,None,Move,office
1574523682.163,767,1053,None,Move,office
1574523682.175,766,1053,None,Move,office
1574523682.189,766,1054,None,Move,office
1574523682.2,765,1054,None,Move,office
1574523682.212,763,1056,None,Move,office
1574523682.224,763,1056,None,Move,office
1574523682.238,763,1057,None,Move,office
1574523682.2510002,763,1057,None,Move,office
1574523682.266,763,1058,None,Move,office
1574523682.278,763,1059,None,Move,office
1574523682.292,763,1059,None,Move,office
1574523682.305,763,1061,None,Move,office
1574523682.49,763,1061,Left,Pressed,office
1574523682.706,763,1061,Left,Released,office
1574523686.077,763,1061,Left,Pressed,development
1574523686.293,763,1061,Left,Released,development
1574523686.561,771,1044,None,Move,office
1574523686.576,786,1017,None,Move,office
1574523686.592,808,981,None,Move,office
1574523686.605,832,943,None,Move,office
1574523686.621,862,902,None,Move,office
1574523686.633,896,848,None,Move,office
1574523686.647,942,786,None,Move,office
1574523686.66,990,730,None,Move,office
1574523686.6720002,1017,698,None,Move,office
1574523686.685,1049,668,None,Move,office
1574523686.696,1098,626,None,Move,office
1574523686.708,1139,596,None,Move,office
1574523686.718,1167,577,None,Move,office
1574523686.729,1191,563,None,Move,office
1574523686.744,1217,550,None,Move,office
1574523686.7570002,1237,545,None,Move,office
1574523686.772,1253,543,None,Move,office
1574523686.784,1268,543,None,Move,office
1574523686.793,1281,543,None,Move,office
1574523686.806,1292,544,None,Move,office
1574523686.821,1301,546,None,Move,office
1574523686.833,1310,550,None,Move,office
1574523686.846,1319,555,None,Move,office
1574523686.856,1325,558,None,Move,office
1574523686.871,1330,562,None,Move,office
1574523686.883,1336,571,None,Move,office
1574523686.894,1339,580,None,Move,office
1574523686.906,1340,588,None,Move,office
1574523686.919,1340,593,None,Move,office
1574523687.231,1357,572,None,Move,office
1574523687.248,1374,547,None,Move,office
1574523687.264,1391,520,None,Move,office
1574523687.281,1403,497,None,Move,office
1574523687.295,1415,475,None,Move,office
1574523687.313,1418,464,None,Move,office
1574523687.339,1419,456,None,Move,office
1574523687.369,1417,451,None,Move,office
1574523687.419,1414,445,None,Move,office
1574523687.429,1400,443,None,Move,office
1574523687.4429998,1387,441,None,Move,office
1574523687.4629998,1374,441,None,Move,office
1574523687.482,1365,442,None,Move,office
1574523687.498,1357,444,None,Move,office
1574523687.515,1354,447,None,Move,office
1574523687.532,1350,449,None,Move,office
1574523687.543,1347,451,None,Move,office
1574523687.5579998,1345,455,None,Move,office
1574523687.571,1343,457,None,Move,office
1574523687.587,1341,460,None,Move,office
1574523687.601,1340,464,None,Move,office
1574523687.674,1338,467,None,Move,office
1574523687.691,1338,468,None,Move,office
1574523687.7129998,1338,469,None,Move,office
1574523687.748,1338,469,None,Move,office
1574523687.7629998,1340,466,None,Move,office
1574523687.781,1344,461,None,Move,office
1574523687.803,1348,456,None,Move,office
1574523687.8170002,1350,453,None,Move,office
1574523687.833,1352,450,None,Move,office
1574523687.847,1353,449,None,Move,office
1574523687.853,1353,448,None,Move,office
1574523687.8660002,1354,447,None,Move,office
1574523687.881,1355,447,None,Move,office
1574523687.891,1355,447,None,Move,office
1574523687.908,1355,446,None,Move,office
1574523687.9220002,1356,446,None,Move,office
1574523687.944,1356,444,None,Move,office
1574523687.958,1357,444,None,Move,office
1574523688.1920002,1357,444,Left,Pressed,office
1574523688.411,1357,444,Left,Released,office
1574523688.81,1365,448,None,Move,office
1574523688.819,1379,452,None,Move,office
1574523688.8379998,1394,453,None,Move,office
1574523688.851,1409,454,None,Move,office
1574523688.8660002,1430,454,None,Move,office
1574523688.88,1448,454,None,Move,office
1574523688.891,1462,455,None,Move,office
1574523688.905,1473,458,None,Move,office
1574523688.918,1478,459,None,Move,office
1574523688.928,1485,460,None,Move,office
1574523688.939,1490,461,None,Move,office
1574523688.952,1493,462,None,Move,office
1574523688.962,1495,463,None,Move,office
1574523688.976,1496,465,None,Move,office
1574523688.9889998,1497,465,None,Move,office
1574523691.351,1455,457,None,Move,office
1574523691.363,1385,444,None,Move,office
1574523691.3739998,1313,437,None,Move,office
1574523691.387,1240,427,None,Move,office
1574523691.399,1172,422,None,Move,office
1574523691.413,1114,420,None,Move,office
1574523691.425,1053,418,None,Move,office
1574523691.437,1009,418,None,Move,office
1574523691.451,975,418,None,Move,office
1574523691.465,948,418,None,Move,office
1574523691.4770002,924,418,None,Move,office
1574523691.492,907,418,None,Move,office
1574523691.505,898,421,None,Move,office
1574523691.5170002,895,422,None,Move,office
1574523691.525,893,422,None,Move,office
1574523691.539,892,422,None,Move,office
1574523691.55,891,422,None,Move,office
1574523691.564,890,422,None,Move,office
1574523691.58,891,423,None,Move,office
1574523691.593,899,423,None,Move,office
1574523691.609,909,423,None,Move,office
1574523691.62,918,424,None,Move,office
1574523691.631,923,425,None,Move,office
1574523691.644,926,425,None,Move,office
1574523691.658,930,425,None,Move,office
1574523691.67,932,427,None,Move,office
1574523691.6820002,934,427,None,Move,office
1574523691.697,935,428,None,Move,office
1574523691.709,937,428,None,Move,office
1574523691.722,937,428,None,Move,office
1574523691.736,939,428,None,Move,office
1574523691.748,940,429,None,Move,office
1574523691.7610002,941,429,None,Move,office
1574523691.7729998,944,430,None,Move,office
1574523691.7870002,950,431,None,Move,office
1574523691.799,958,431,None,Move,office
1574523691.812,968,431,None,Move,office
1574523691.825,979,430,None,Move,office
1574523691.8379998,990,430,None,Move,office
1574523691.849,1001,429,None,Move,office
1574523691.8620002,1008,429,None,Move,office
1574523691.875,1012,429,None,Move,office
1574523691.8860002,1018,429,None,Move,office
1574523691.899,1023,429,None,Move,office
1574523691.913,1027,429,None,Move,office
1574523691.925,1029,429,None,Move,office
1574523691.939,1030,429,None,Move,office
1574523691.951,1032,429,None,Move,office
1574523691.9629998,1033,429,None,Move,office
1574523691.976,1034,429,None,Move,office
1574523691.988,1034,429,None,Move,office
1574523692.0010002,1035,429,None,Move,office
1574523692.015,1036,429,None,Move,office
1574523692.0370002,1037,429,None,Move,office
1574523692.049,1037,429,None,Move,office
1574523692.063,1039,430,None,Move,office
1574523692.077,1039,431,None,Move,office
1574523692.094,1041,431,None,Move,office
1574523692.105,1044,432,None,Move,office
1574523692.1179998,1045,434,None,Move,office
1574523692.133,1047,435,None,Move,office
1574523692.1420002,1048,435,None,Move,office
1574523692.156,1049,436,None,Move,office
1574523692.169,1050,436,None,Move,office
1574523692.181,1050,436,None,Move,office
1574523692.195,1050,437,None,Move,office
1574523692.212,1051,437,None,Move,office
1574523692.226,1051,438,None,Move,office
1574523692.2410002,1051,439,None,Move,office
1574523692.2570002,1051,439,None,Move,office
1574523692.268,1051,440,None,Move,office
1574523692.28,1051,441,None,Move,office
1574523692.294,1049,442,None,Move,office
1574523692.303,1042,445,None,Move,office
1574523692.319,1035,447,None,Move,office
1574523692.332,1031,448,None,Move,office
1574523692.343,1026,449,None,Move,office
1574523692.353,1023,450,None,Move,office
1574523692.3660002,1019,450,None,Move,office
1574523692.379,1016,451,None,Move,office
1574523692.391,1013,451,None,Move,office
1574523692.403,1012,451,None,Move,office
1574523692.418,1012,451,None,Move,office
1574523692.4320002,1011,451,None,Move,office
1574523692.445,1010,451,None,Move,office
1574523692.481,1010,451,None,Move,office
1574523692.494,1012,451,None,Move,office
1574523692.508,1016,451,None,Move,office
1574523692.52,1020,452,None,Move,office
1574523692.534,1022,452,None,Move,office
1574523692.5470002,1026,452,None,Move,office
1574523692.559,1028,452,None,Move,office
1574523692.573,1032,452,None,Move,office
1574523692.587,1034,452,None,Move,office
1574523693.357,1037,452,None,Move,office
1574523693.367,1039,452,None,Move,office
1574523693.379,1041,452,None,Move,office
1574523693.3920002,1042,451,None,Move,office
1574523693.404,1044,451,None,Move,office
1574523693.416,1047,451,None,Move,office
1574523693.43,1049,451,None,Move,office
1574523693.4420002,1053,451,None,Move,office
1574523693.455,1055,451,None,Move,office
1574523693.469,1058,451,None,Move,office
1574523693.482,1059,451,None,Move,office
1574523693.496,1060,451,None,Move,office
1574523693.508,1062,451,None,Move,office
1574523693.522,1064,451,None,Move,office
1574523693.535,1065,451,None,Move,office
1574523693.549,1066,451,None,Move,office
1574523693.562,1068,451,None,Move,office
1574523693.58,1068,451,None,Move,office
1574523693.596,1069,451,None,Move,office
1574523693.627,1070,451,None,Move,office
1574523693.715,1070,451,None,Move,office
1574523693.728,1069,451,None,Move,office
1574523693.7389998,1066,451,None,Move,office
1574523693.7510002,1065,451,None,Move,office
1574523693.764,1063,451,None,Move,office
1574523693.7770002,1061,451,None,Move,office
1574523693.789,1061,451,None,Move,office
1574523693.803,1060,451,None,Move,office
1574523693.814,1060,451,None,Move,office
1574523693.8279998,1058,451,None,Move,office
1574523693.839,1058,451,None,Move,office
1574523693.85,1057,451,None,Move,office
1574523693.863,1056,451,None,Move,office
1574523693.8860002,1056,451,None,Move,office
1574523694.292,1056,451,Left,Pressed,office
1574523694.5110002,1056,451,Left,Released,office
1574523694.842,1067,457,None,Move,office
1574523694.901,1078,462,None,Move,office
1574523694.952,1088,466,None,Move,office
1574523694.9910002,1091,468,None,Move,office
1574523695.0070002,1095,471,None,Move,office
1574523695.019,1097,473,None,Move,office
1574523695.0370002,1099,474,None,Move,office
1574523695.054,1100,474,None,Move,office
1574523703.857,1126,453,None,Move,office
1574523703.871,1166,429,None,Move,office
1574523703.887,1236,387,None,Move,office
1574523703.9,1309,351,None,Move,office
1574523703.914,1378,323,None,Move,office
1574523703.9320002,1435,308,None,Move,office
1574523703.946,1494,299,None,Move,office
1574523703.958,1536,292,None,Move,office
1574523703.9729998,1559,292,None,Move,office
1574523703.99,1572,292,None,Move,office
1574523704.008,1577,292,None,Move,office
1574523704.021,1580,293,None,Move,office
1574523704.038,1582,294,None,Move,office
1574523704.052,1583,295,None,Move,office
1574523704.065,1584,299,None,Move,office
1574523704.081,1582,305,None,Move,office
1574523704.093,1574,315,None,Move,office
1574523704.107,1566,324,None,Move,office
1574523704.121,1556,332,None,Move,office
1574523704.133,1550,340,None,Move,office
1574523704.146,1544,345,None,Move,office
1574523704.16,1539,351,None,Move,office
1574523704.174,1536,355,None,Move,office
1574523704.186,1531,363,None,Move,office
1574523704.199,1527,371,None,Move,office
1574523704.211,1523,379,None,Move,office
1574523704.2229998,1519,385,None,Move,office
1574523704.235,1515,392,None,Move,office
1574523704.248,1511,396,None,Move,office
1574523704.26,1508,400,None,Move,office
1574523704.272,1502,403,None,Move,office
1574523704.29,1493,407,None,Move,office
1574523704.302,1486,409,None,Move,office
1574523704.3170002,1474,409,None,Move,office
1574523704.329,1470,409,None,Move,office
1574523704.342,1467,409,None,Move,office
1574523704.353,1464,409,None,Move,office
1574523704.369,1463,409,None,Move,office
1574523704.38,1462,409,None,Move,office
1574523704.3920002,1462,409,None,Move,office
1574523704.407,1461,410,None,Move,office
1574523704.419,1460,410,None,Move,office
1574523704.4320002,1459,410,None,Move,office
1574523704.445,1459,410,None,Move,office
1574523704.457,1459,411,None,Move,office
1574523704.47,1459,412,None,Move,office
1574523704.482,1459,415,None,Move,office
1574523704.495,1459,418,None,Move,office
1574523704.5070002,1459,420,None,Move,office
1574523704.518,1459,421,None,Move,office
1574523704.529,1459,421,None,Move,office
1574523704.538,1459,422,None,Move,office
1574523704.556,1459,423,None,Move,office
1574523704.915,1458,426,None,Move,office
1574523704.929,1457,431,None,Move,office
1574523704.94,1457,434,None,Move,office
1574523704.952,1456,437,None,Move,office
1574523704.964,1455,439,None,Move,office
1574523704.978,1455,439,None,Move,office
1574523704.988,1455,440,None,Move,office
1574523705.0029998,1455,441,None,Move,office
1574523705.014,1454,442,None,Move,office
1574523705.025,1454,443,None,Move,office
1574523705.043,1454,443,None,Move,office
1574523705.072,1454,443,None,Move,office
1574523705.334,1454,443,Left,Pressed,office
1574523705.552,1454,443,Left,Released,office
1574523737.53,1468,422,None,Move,office
1574523737.545,1503,380,None,Move,office
1574523737.556,1540,338,None,Move,office
1574523737.569,1583,298,None,Move,office
1574523737.581,1620,272,None,Move,office
1574523737.594,1648,252,None,Move,office
1574523737.6120002,1663,245,None,Move,office
1574523737.6339998,1675,238,None,Move,office
1574523737.649,1684,234,None,Move,office
1574523737.663,1690,230,None,Move,office
1574523737.677,1691,230,None,Move,office
1574523737.689,1692,230,None,Move,office
1574523737.698,1692,230,None,Move,office
1574523737.71,1691,236,None,Move,office
1574523737.7229998,1687,245,None,Move,office
1574523737.736,1677,259,None,Move,office
1574523737.748,1668,271,None,Move,office
1574523737.762,1659,281,None,Move,office
1574523737.774,1650,290,None,Move,office
1574523737.786,1642,297,None,Move,office
1574523737.799,1637,305,None,Move,office
1574523737.81,1632,312,None,Move,office
1574523737.823,1628,318,None,Move,office
1574523737.835,1622,327,None,Move,office
1574523737.847,1619,335,None,Move,office
1574523737.861,1615,344,None,Move,office
1574523737.873,1607,357,None,Move,office
1574523737.8860002,1597,367,None,Move,office
1574523737.899,1570,385,None,Move,office
1574523737.909,1541,398,None,Move,office
1574523737.921,1500,411,None,Move,office
1574523737.937,1455,415,None,Move,office
1574523737.949,1411,415,None,Move,office
1574523737.961,1372,412,None,Move,office
1574523737.9729998,1339,409,None,Move,office
1574523737.988,1290,402,None,Move,office
1574523738.0029998,1256,400,None,Move,office
1574523738.016,1241,400,None,Move,office
1574523738.03,1232,401,None,Move,office
1574523738.042,1223,403,None,Move,office
1574523738.055,1216,404,None,Move,office
1574523738.0670002,1213,405,None,Move,office
1574523738.082,1211,405,None,Move,office
1574523738.395,1196,412,None,Move,office
1574523738.407,1180,419,None,Move,office
1574523738.418,1165,425,None,Move,office
1574523738.4329998,1151,429,None,Move,office
1574523738.4420002,1142,432,None,Move,office
1574523738.454,1135,435,None,Move,office
1574523738.467,1131,437,None,Move,office
1574523738.48,1128,438,None,Move,office
1574523738.49,1127,439,None,Move,office
1574523738.504,1126,439,None,Move,office
1574523738.515,1126,439,None,Move,office
1574523738.53,1125,439,None,Move,office
1574523738.541,1124,439,None,Move,office
1574523738.555,1123,439,None,Move,office
1574523738.569,1122,441,None,Move,office
1574523738.584,1121,441,None,Move,office
1574523738.606,1120,442,None,Move,office
1574523738.621,1119,442,None,Move,office
1574523738.637,1118,442,None,Move,office
1574523738.65,1117,443,None,Move,office
1574523738.6620002,1114,443,None,Move,office
1574523738.679,1113,444,None,Move,office
1574523738.6929998,1109,444,None,Move,office
1574523738.706,1107,445,None,Move,office
1574523738.721,1101,448,None,Move,office
1574523738.734,1095,450,None,Move,office
1574523738.7470002,1088,452,None,Move,office
1574523738.7589998,1080,456,None,Move,office
1574523738.774,1077,457,None,Move,office
1574523738.7870002,1073,458,None,Move,office
1574523738.8,1072,459,None,Move,office
1574523738.813,1071,459,None,Move,office
1574523738.826,1070,459,None,Move,office
1574523738.842,1069,459,None,Move,office
1574523738.856,1068,459,None,Move,office
1574523738.87,1067,460,None,Move,office
1574523738.8820002,1066,460,None,Move,office
1574523738.895,1066,461,None,Move,office
1574523738.91,1065,462,None,Move,office
1574523738.925,1064,463,None,Move,office
1574523738.939,1064,463,None,Move,office
1574523738.951,1063,464,None,Move,office
1574523738.964,1062,465,None,Move,office
1574523738.974,1062,465,None,Move,office
1574523738.988,1060,467,None,Move,office
1574523739.002,1059,468,None,Move,office
1574523739.015,1059,468,None,Move,office
1574523739.029,1059,469,None,Move,office
1574523739.041,1058,469,None,Move,office
1574523739.053,1057,469,None,Move,office
1574523739.353,1057,469,Left,Pressed,office
1574523739.57,1057,469,Left,Released,office
1574523739.826,1065,473,None,Move,office
1574523739.84,1078,478,None,Move,office
1574523739.851,1087,482,None,Move,office
1574523739.861,1095,488,None,Move,office
1574523739.875,1105,495,None,Move,office
1574523739.8839998,1114,500,None,Move,office
1574523739.8979998,1123,505,None,Move,office
1574523739.91,1129,510,None,Move,office
1574523739.917,1135,514,None,Move,office
1574523739.9320002,1142,519,None,Move,office
1574523739.944,1148,524,None,Move,office
1574523739.954,1157,526,None,Move,office
1574523739.967,1164,530,None,Move,office
1574523739.978,1170,530,None,Move,office
1574523739.9910002,1175,530,None,Move,office
1574523743.7589998,1148,530,None,Move,office
1574523743.769,1119,526,None,Move,office
1574523743.783,1093,523,None,Move,office
1574523743.7970002,1058,521,None,Move,office
1574523743.81,1026,517,None,Move,office
1574523743.821,989,517,None,Move,office
1574523743.834,955,517,None,Move,office
1574523743.845,931,517,None,Move,office
1574523743.856,915,518,None,Move,office
1574523743.8679998,884,524,None,Move,office
1574523743.879,860,529,None,Move,office
1574523743.891,837,532,None,Move,office
1574523743.904,813,539,None,Move,office
1574523743.915,802,543,None,Move,office
1574523743.926,794,547,None,Move,office
1574523743.939,786,551,None,Move,office
1574523743.949,779,553,None,Move,office
1574523743.961,776,555,None,Move,office
1574523743.9729998,775,556,None,Move,office
1574523743.986,774,557,None,Move,office
1574523743.9970002,773,559,None,Move,office
1574523744.0110002,772,559,None,Move,office
1574523744.022,771,559,None,Move,office
1574523744.034,770,559,None,Move,office
1574523744.046,769,559,None,Move,office
1574523744.06,769,558,None,Move,office
1574523744.071,768,557,None,Move,office
1574523744.083,767,555,None,Move,office
1574523744.097,765,553,None,Move,office
1574523744.109,763,550,None,Move,office
1574523744.121,761,548,None,Move,office
1574523744.1320002,760,547,None,Move,office
1574523744.144,757,544,None,Move,office
1574523744.157,754,541,None,Move,office
1574523744.168,751,539,None,Move,office
1574523744.179,749,536,None,Move,office
1574523744.1920002,745,533,None,Move,office
1574523744.202,742,530,None,Move,office
1574523744.214,739,528,None,Move,office
1574523744.226,737,525,None,Move,office
1574523744.236,735,522,None,Move,office
1574523744.248,734,521,None,Move,office
1574523744.26,732,519,None,Move,office
1574523744.271,732,518,None,Move,office
1574523744.754,726,515,None,Move,office
1574523744.776,721,512,None,Move,office
1574523744.802,718,511,None,Move,office
1574523744.825,717,510,None,Move,office
1574523744.853,716,508,None,Move,office
1574523745.214,711,506,None,Move,office
1574523745.225,705,504,None,Move,office
1574523745.24,702,503,None,Move,office
1574523745.25,701,501,None,Move,office
1574523745.262,699,501,None,Move,office
1574523745.276,698,501,None,Move,office
1574523745.597,698,501,Left,Pressed,office
1574523745.812,698,501,Left,Released,office
1574523748.2389998,691,484,None,Move,office
1574523748.256,677,452,None,Move,office
1574523748.271,665,429,None,Move,office
1574523748.283,655,407,None,Move,office
1574523748.2970002,643,384,None,Move,office
1574523748.309,635,370,None,Move,office
1574523748.322,627,358,None,Move,office
1574523748.335,618,344,None,Move,office
1574523748.347,609,333,None,Move,office
1574523748.359,602,325,None,Move,office
1574523748.3720002,597,318,None,Move,office
1574523748.3839998,592,310,None,Move,office
1574523748.396,585,302,None,Move,office
1574523748.41,581,298,None,Move,office
1574523748.4220002,577,293,None,Move,office
1574523748.4329998,574,288,None,Move,office
1574523748.447,571,283,None,Move,office
1574523748.459,567,278,None,Move,office
1574523748.474,563,272,None,Move,office
1574523748.488,560,264,None,Move,office
1574523748.502,558,257,None,Move,office
1574523748.514,556,252,None,Move,office
1574523748.528,555,248,None,Move,office
1574523748.541,555,244,None,Move,office
1574523748.556,555,242,None,Move,office
1574523748.5679998,555,240,None,Move,office
1574523748.581,555,238,None,Move,office
1574523748.606,564,234,None,Move,office
1574523748.619,571,232,None,Move,office
1574523748.63,579,230,None,Move,office
1574523748.646,589,230,None,Move,office
1574523748.659,595,230,None,Move,office
1574523748.6720002,604,230,None,Move,office
1574523748.686,608,230,None,Move,office
1574523748.7029998,610,230,None,Move,office
1574523748.717,611,230,None,Move,office
1574523748.729,612,230,None,Move,office
1574523748.742,613,230,None,Move,office
1574523748.754,614,230,None,Move,office
1574523748.765,615,230,None,Move,office
1574523748.778,616,230,None,Move,office
1574523748.789,617,230,None,Move,office
1574523748.804,617,230,None,Move,office
1574523748.816,618,230,None,Move,office
1574523748.826,619,230,None,Move,office
1574523748.839,620,230,None,Move,office
1574523748.851,621,230,None,Move,office
1574523748.865,622,231,None,Move,office
1574523748.879,624,231,None,Move,office
1574523748.891,625,232,None,Move,office
1574523748.907,626,232,None,Move,office
1574523749.416,628,233,None,Move,office
1574523749.441,630,233,None,Move,office
1574523749.544,632,234,None,Move,office
1574523749.562,633,234,None,Move,office
1574523749.7489998,633,234,Left,Pressed,office
1574523749.966,633,234,Left,Released,office
1574523751.6820002,604,237,None,Move,office
1574523751.696,552,241,None,Move,office
1574523751.711,487,244,None,Move,office
1574523751.725,423,244,None,Move,office
1574523751.74,345,244,None,Move,office
1574523751.7529998,277,247,None,Move,office
1574523751.768,225,252,None,Move,office
1574523751.784,187,254,None,Move,office
1574523751.796,162,256,None,Move,office
1574523751.809,147,256,None,Move,office
1574523751.824,141,256,None,Move,office
1574523751.839,137,256,None,Move,office
1574523751.85,135,256,None,Move,office
1574523752.2529998,126,256,None,Move,office
1574523752.265,115,256,None,Move,office
1574523752.2770002,107,256,None,Move,office
1574523752.289,99,256,None,Move,office
1574523752.303,86,256,None,Move,office
1574523752.315,78,256,None,Move,office
1574523752.33,73,257,None,Move,office
1574523752.343,70,257,None,Move,office
1574523752.357,69,257,None,Move,office
1574523752.371,67,257,None,Move,office
1574523752.3839998,67,257,None,Move,office
1574523752.397,66,257,None,Move,office
1574523752.411,65,258,None,Move,office
1574523752.43,65,259,None,Move,office
1574523752.447,66,260,None,Move,office
1574523752.458,68,261,None,Move,office
1574523752.471,74,261,None,Move,office
1574523752.484,79,261,None,Move,office
1574523752.494,83,261,None,Move,office
1574523752.508,87,260,None,Move,office
1574523752.522,91,259,None,Move,office
1574523752.536,95,257,None,Move,office
1574523752.548,97,256,None,Move,office
1574523752.56,99,255,None,Move,office
1574523752.572,101,254,None,Move,office
1574523752.586,102,252,None,Move,office
1574523752.6020002,102,252,None,Move,office
1574523752.6160002,103,251,None,Move,office
1574523752.629,103,251,None,Move,office
1574523752.641,104,251,None,Move,office
1574523752.657,104,250,None,Move,office
1574523752.67,105,250,None,Move,office
1574523752.6929998,105,249,None,Move,office
1574523752.731,105,249,None,Move,office
1574523752.752,105,249,None,Move,office
1574523752.7670002,105,248,None,Move,office
1574523752.821,106,247,None,Move,office
1574523753.135,106,247,Left,Pressed,office
1574523753.351,106,247,Left,Released,office
1574523756.783,118,249,None,Move,office
1574523756.796,133,251,None,Move,office
1574523756.81,147,252,None,Move,office
1574523756.821,163,254,None,Move,office
1574523756.833,176,257,None,Move,office
1574523756.847,190,260,None,Move,office
1574523756.8579998,202,264,None,Move,office
1574523756.873,214,268,None,Move,office
1574523756.887,227,272,None,Move,office
1574523756.903,238,277,None,Move,office
1574523756.919,248,281,None,Move,office
1574523756.934,254,284,None,Move,office
1574523756.95,262,290,None,Move,office
1574523756.965,273,299,None,Move,office
1574523756.98,279,307,None,Move,office
1574523756.995,283,313,None,Move,office
1574523757.0089998,286,317,None,Move,office
1574523757.021,290,321,None,Move,office
1574523757.033,290,324,None,Move,office
1574523757.044,291,327,None,Move,office
1574523757.0579998,291,329,None,Move,office
1574523757.07,291,330,None,Move,office
1574523757.083,291,331,None,Move,office
1574523757.097,291,332,None,Move,office
1574523757.11,291,332,None,Move,office
1574523757.1260002,291,334,None,Move,office
1574523757.14,292,337,None,Move,office
1574523757.156,293,338,None,Move,office
1574523757.1720002,294,339,None,Move,office
1574523757.185,294,339,None,Move,office
1574523770.639,275,349,None,Move,office
1574523770.6479998,233,366,None,Move,office
1574523770.6620002,171,391,None,Move,office
1574523770.679,104,411,None,Move,office
1574523770.6929998,38,439,None,Move,office
1574523770.711,-31,469,None,Move,office
1574523770.724,-50,498,None,Move,office
1574523770.74,-38,522,None,Move,office
1574523770.755,-34,546,None,Move,office
1574523770.768,-16,560,None,Move,office
1574523770.778,-12,568,None,Move,office
1574523770.793,-6,573,None,Move,office
1574523770.803,-2,575,None,Move,office
1574523770.815,-3,576,None,Move,office
1574523770.8279998,0,576,None,Move,office
1574523770.836,-1,576,None,Move,office
1574523770.851,2,568,None,Move,office
1574523770.8639998,12,554,None,Move,office
1574523770.8720002,33,529,None,Move,office
1574523770.8879998,58,507,None,Move,office
1574523770.903,98,480,None,Move,office
1574523770.915,152,448,None,Move,office
1574523770.929,222,410,None,Move,office
1574523770.946,281,383,None,Move,office
1574523770.96,319,368,None,Move,office
1574523770.976,354,353,None,Move,office
1574523770.9929998,375,344,None,Move,office
1574523771.004,397,341,None,Move,office
1574523771.016,412,341,None,Move,office
1574523771.028,427,344,None,Move,office
1574523771.041,441,351,None,Move,office
1574523771.05,455,357,None,Move,office
1574523771.062,468,370,None,Move,office
1574523771.076,482,389,None,Move,office
1574523771.089,496,410,None,Move,office
1574523771.1,504,428,None,Move,office
1574523771.113,510,446,None,Move,office
1574523771.127,513,470,None,Move,office
1574523771.1420002,515,488,None,Move,office
1574523771.155,519,502,None,Move,office
1574523771.171,521,509,None,Move,office
1574523771.184,525,518,None,Move,office
1574523771.196,528,525,None,Move,office
1574523771.212,533,533,None,Move,office
1574523771.224,537,539,None,Move,office
1574523771.2370002,542,546,None,Move,office
1574523771.248,543,549,None,Move,office
1574523771.584,565,564,None,Move,office
1574523771.593,605,591,None,Move,office
1574523771.607,650,609,None,Move,office
1574523771.62,703,635,None,Move,office
1574523771.6339998,755,661,None,Move,office
1574523771.646,788,677,None,Move,office
1574523771.66,814,692,None,Move,office
1574523771.676,841,710,None,Move,office
1574523771.689,864,722,None,Move,office
1574523771.705,877,731,None,Move,office
1574523771.719,888,739,None,Move,office
1574523771.729,897,744,None,Move,office
1574523771.7429998,906,749,None,Move,office
1574523771.7570002,911,753,None,Move,office
1574523771.769,916,756,None,Move,office
1574523771.78,919,759,None,Move,office
1574523771.794,925,764,None,Move,office
1574523771.8070002,928,768,None,Move,office
1574523771.823,929,771,None,Move,office
1574523771.836,931,775,None,Move,office
1574523771.851,932,777,None,Move,office
1574523772.196,912,752,None,Move,office
1574523772.21,884,720,None,Move,office
1574523772.224,858,674,None,Move,office
1574523772.2410002,834,616,None,Move,office
1574523772.2510002,817,556,None,Move,office
1574523772.264,803,506,None,Move,office
1574523772.272,798,479,None,Move,office
1574523772.29,796,454,None,Move,office
1574523772.303,796,434,None,Move,office
1574523772.316,796,422,None,Move,office
1574523772.3279998,797,407,None,Move,office
1574523772.343,799,397,None,Move,office
1574523772.36,801,391,None,Move,office
1574523772.3739998,802,389,None,Move,office
1574523772.3879998,803,387,None,Move,office
1574523772.4020002,804,386,None,Move,office
1574523772.415,804,384,None,Move,office
1574523772.426,804,384,None,Move,office
1574523772.438,804,383,None,Move,office
1574523772.7429998,783,383,None,Move,office
1574523772.7570002,744,387,None,Move,office
1574523772.775,697,398,None,Move,office
1574523772.788,650,411,None,Move,office
1574523772.802,609,427,None,Move,office
1574523772.813,581,436,None,Move,office
1574523772.827,539,454,None,Move,office
1574523772.843,523,463,None,Move,office
1574523772.86,508,470,None,Move,office
1574523772.873,498,475,None,Move,office
1574523772.887,491,479,None,Move,office
1574523772.905,487,483,None,Move,office
1574523772.917,486,484,None,Move,office
1574523772.93,485,485,None,Move,office
1574523772.9429998,485,485,None,Move,office
1574523772.959,484,485,None,Move,office
1574523775.195,489,491,None,Move,office
1574523775.206,500,500,None,Move,office
1574523775.218,512,508,None,Move,office
1574523775.229,523,515,None,Move,office
1574523775.244,531,518,None,Move,office
1574523775.2570002,537,521,None,Move,office
1574523775.272,540,521,None,Move,office
1574523775.283,544,523,None,Move,office
1574523775.299,547,525,None,Move,office
1574523775.316,549,527,None,Move,office
1574523775.3279998,552,528,None,Move,office
1574523775.339,555,530,None,Move,office
1574523775.3520002,557,532,None,Move,office
1574523775.3660002,559,534,None,Move,office
1574523775.3779998,561,536,None,Move,office
1574523775.391,562,538,None,Move,office
1574523775.406,563,539,None,Move,office
1574523775.416,565,540,None,Move,office
1574523775.428,566,544,None,Move,office
1574523775.44,567,546,None,Move,office
1574523775.452,567,547,None,Move,office
1574523775.465,567,547,None,Move,office
1574523775.4770002,568,548,None,Move,office
1574523775.49,568,548,None,Move,office
1574523775.502,568,549,None,Move,office
1574523775.519,568,550,None,Move,office
1574523775.534,568,550,None,Move,office
1574523775.546,568,551,None,Move,office
1574523775.559,568,551,None,Move,office
1574523775.573,568,552,None,Move,office
1574523775.585,568,553,None,Move,office
1574523775.595,568,556,None,Move,office
1574523775.609,569,558,None,Move,office
1574523775.621,570,560,None,Move,office
1574523775.6320002,571,563,None,Move,office
1574523775.647,573,565,None,Move,office
1574523775.659,576,567,None,Move,office
1574523775.6720002,578,570,None,Move,office
1574523775.686,578,570,None,Move,office
1574523775.702,579,571,None,Move,office
1574523775.716,580,571,None,Move,office
1574523775.726,581,572,None,Move,office
1574523775.738,581,572,None,Move,office
1574523775.748,582,573,None,Move,office
1574523775.7610002,583,574,None,Move,office
1574523775.772,584,575,None,Move,office
1574523775.784,585,575,None,Move,office
1574523775.799,586,576,None,Move,office
1574523775.811,586,577,None,Move,office
1574523775.821,586,577,None,Move,office
1574523775.835,588,580,None,Move,office
1574523775.847,589,583,None,Move,office
1574523775.86,589,585,None,Move,office
1574523775.8720002,589,586,None,Move,office
1574523775.881,589,587,None,Move,office
1574523775.897,590,587,None,Move,office
1574523775.91,591,587,None,Move,office
1574523775.926,592,588,None,Move,office
1574523775.948,593,588,None,Move,office
1574523775.972,594,588,None,Move,office
1574523775.985,594,588,None,Move,office
1574523776.0010002,594,588,None,Move,office
1574523776.049,595,588,None,Move,office
1574523776.085,596,588,None,Move,office
1574523776.13,596,588,None,Move,office
1574523776.228,583,598,None,Move,office
1574523776.24,439,677,None,Move,office
1574523776.254,26,907,None,Move,office
1574523776.266,-390,1134,None,Move,office
1574523776.279,-272,1229,None,Move,office
1574523776.291,-43,1101,None,Move,office
1574523776.303,-1,1079,None,Move,office
1574523776.334,0,1079,Left,Pressed,office
1574523776.691,0,1079,None,Drag,file system
1574523776.704,0,1079,None,Drag,file system
1574523776.716,0,1078,None,Drag,file system
1574523776.729,0,1077,None,Drag,file system
1574523776.744,-1,1077,None,Drag,file system
1574523776.768,0,1076,None,Drag,file system
1574523776.785,0,1075,None,Drag,file system
1574523776.816,0,1075,None,Drag,file system
1574523776.841,0,1073,None,Drag,file system
1574523776.863,0,1072,None,Drag,file system
1574523776.8739998,0,1072,None,Drag,file system
1574523776.887,0,1070,None,Drag,file system
1574523776.899,1,1068,None,Drag,file system
1574523776.9120002,4,1062,None,Drag,file system
1574523776.925,8,1056,None,Drag,file system
1574523776.94,13,1050,None,Drag,file system
1574523776.952,18,1043,None,Drag,file system
1574523776.9629998,22,1036,None,Drag,file system
1574523776.9770002,26,1030,None,Drag,file system
1574523776.992,31,1022,None,Drag,file system
1574523777.004,36,1015,None,Drag,file system
1574523777.0170002,40,1008,None,Drag,file system
1574523777.029,43,1002,None,Drag,file system
1574523777.038,45,998,None,Drag,file system
1574523777.054,47,996,None,Drag,file system
1574523777.065,49,993,None,Drag,file system
1574523777.08,51,990,None,Drag,file system
1574523777.092,53,986,None,Drag,file system
1574523777.104,56,982,None,Drag,file system
1574523777.1160002,60,976,None,Drag,file system
1574523777.129,64,969,None,Drag,file system
1574523777.141,69,965,None,Drag,file system
1574523777.153,72,959,None,Drag,file system
1574523777.166,76,952,None,Drag,file system
1574523777.174,81,946,None,Drag,file system
1574523777.1920002,86,940,None,Drag,file system
1574523777.2029998,90,934,None,Drag,file system
1574523777.216,97,926,None,Drag,file system
1574523777.23,105,916,None,Drag,file system
1574523777.242,114,903,None,Drag,file system
1574523777.255,125,888,None,Drag,file system
1574523777.2629998,133,879,None,Drag,file system
1574523777.278,142,868,None,Drag,file system
1574523777.29,148,863,None,Drag,file system
1574523777.3,152,859,None,Drag,file system
1574523777.3170002,153,856,None,Drag,file system
1574523777.33,156,854,None,Drag,file system
1574523777.339,158,853,None,Drag,file system
1574523777.353,159,852,None,Drag,file system
1574523777.3660002,160,851,None,Drag,file system
1574523777.38,161,851,None,Drag,file system
1574523777.709,168,846,None,Drag,file system
1574523777.7229998,185,832,None,Drag,file system
1574523777.734,213,810,None,Drag,file system
1574523777.748,241,790,None,Drag,file system
1574523777.758,268,773,None,Drag,file system
1574523777.769,285,761,None,Drag,file system
1574523777.782,308,748,None,Drag,file system
1574523777.795,324,736,None,Drag,file system
1574523777.8079998,338,726,None,Drag,file system
1574523777.823,348,719,None,Drag,file system
1574523777.8379998,348,719,Left,Released,file system
1574523777.853,356,714,None,Move,file system
1574523777.865,365,710,None,Move,file system
1574523777.88,372,706,None,Move,file system
1574523777.893,381,700,None,Move,file system
1574523777.907,390,695,None,Move,file system
1574523777.919,399,690,None,Move,file system
1574523777.928,411,683,None,Move,file system
1574523777.9429998,422,676,None,Move,file system
1574523777.956,433,673,None,Move,file system
1574523777.97,442,666,None,Move,file system
1574523777.98,450,661,None,Move,file system
1574523777.998,458,656,None,Move,file system
1574523778.0110002,465,652,None,Move,file system
1574523778.025,471,648,None,Move,file system
1574523778.0370002,472,647,None,Move,file system
1574523778.05,475,644,None,Move,file system
1574523778.064,486,637,None,Move,file system
1574523778.076,496,629,None,Move,file system
1574523778.086,504,624,None,Move,file system
1574523778.101,508,622,None,Move,file system
1574523778.113,510,621,None,Move,file system
1574523778.1279998,511,621,None,Move,file system
1574523778.137,514,620,None,Move,file system
1574523778.155,516,618,None,Move,file system
1574523778.168,520,617,None,Move,file system
1574523778.18,525,613,None,Move,file system
1574523778.19,528,612,None,Move,file system
1574523778.207,529,611,None,Move,file system
1574523778.218,532,610,None,Move,file system
1574523778.504,546,603,None,Move,file system
1574523778.516,560,596,None,Move,file system
1574523778.528,569,593,None,Move,file system
1574523778.541,578,589,None,Move,file system
1574523778.55,585,588,None,Move,file system
1574523778.565,592,587,None,Move,file system
1574523778.5779998,596,586,None,Move,file system
1574523778.587,599,586,None,Move,file system
1574523778.601,600,585,None,Move,file system
1574523778.609,603,584,None,Move,file system
1574523778.625,603,584,None,Move,file system
1574523778.6360002,604,584,None,Move,file system
1574523778.649,605,584,None,Move,file system
1574523778.663,605,584,None,Move,file system
1574523778.671,606,584,None,Move,file system
1574523778.687,608,584,None,Move,file system
1574523778.721,608,584,None,Move,file system
1574523778.7429998,609,584,None,Move,file system
1574523778.789,610,584,None,Move,file system
1574523778.877,610,584,None,Move,file system
1574523778.887,609,584,None,Move,file system
1574523778.904,606,585,None,Move,file system
1574523778.916,605,585,None,Move,file system
1574523778.93,604,585,None,Move,file system
1574523778.939,604,585,None,Move,file system
1574523778.951,603,585,None,Move,file system
1574523778.9629998,602,585,None,Move,file system
1574523778.976,601,585,None,Move,file system
1574523778.9889998,600,585,None,Move,file system
1574523779.002,599,585,None,Move,file system
1574523779.015,598,585,None,Move,file system
1574523779.029,597,585,None,Move,file system
1574523779.051,597,585,None,Move,file system
1574523779.0879998,596,585,None,Move,file system
1574523779.1260002,595,585,None,Move,file system
1574523779.164,595,585,None,Move,file system
1574523779.179,595,585,None,Move,file system
1574523779.2,594,585,None,Move,file system
1574523779.445,594,585,Left,Pressed,file system
1574523779.788,593,581,None,Drag,office
1574523779.803,590,552,None,Drag,office
1574523779.819,587,516,None,Drag,office
1574523779.836,585,495,None,Drag,office
1574523779.8520002,584,477,None,Drag,office
1574523779.871,583,460,None,Drag,office
1574523779.887,583,445,None,Drag,office
1574523779.903,583,431,None,Drag,office
1574523779.916,583,418,None,Drag,office
1574523779.929,583,404,None,Drag,office
1574523779.9420002,583,393,None,Drag,office
1574523779.958,585,381,None,Drag,office
1574523779.971,586,371,None,Drag,office
1574523779.985,588,363,None,Drag,office
1574523780.0010002,588,356,None,Drag,office
1574523780.018,588,351,None,Drag,office
1574523780.033,588,348,None,Drag,office
1574523780.051,588,345,None,Drag,office
1574523780.0679998,588,344,None,Drag,office
1574523780.086,588,343,None,Drag,office
1574523780.106,588,343,None,Drag,office
1574523780.1239998,588,342,None,Drag,office
1574523780.144,588,340,None,Drag,office
1574523780.161,588,338,None,Drag,office
1574523780.181,588,335,None,Drag,office
1574523780.2,588,333,None,Drag,office
1574523780.465,587,326,None,Drag,office
1574523780.478,584,307,None,Drag,office
1574523780.526,582,275,None,Drag,office
1574523780.544,582,262,None,Drag,office
1574523780.565,582,252,None,Drag,office
1574523780.584,582,247,None,Drag,office
1574523780.603,582,243,None,Drag,office
1574523780.6220002,582,242,None,Drag,office
1574523780.637,582,239,None,Drag,office
1574523780.65,582,238,None,Drag,office
1574523780.665,582,238,None,Drag,office
1574523780.6829998,582,237,None,Drag,office
1574523780.699,582,236,None,Drag,office
1574523780.714,582,235,None,Drag,office
1574523780.736,582,234,None,Drag,office
1574523780.782,582,233,None,Drag,office
1574523780.826,582,233,None,Drag,office
1574523780.894,582,232,None,Drag,office
1574523781.1260002,582,232,Left,Released,office
1574523781.748,574,239,None,Move,office
1574523781.771,559,253,None,Move,office
1574523781.7870002,546,265,None,Move,office
1574523781.8,535,276,None,Move,office
1574523781.816,525,289,None,Move,office
1574523781.832,516,297,None,Move,office
1574523781.854,512,302,None,Move,office
1574523781.869,509,304,None,Move,office
1574523781.8820002,504,309,None,Move,office
1574523781.899,503,311,None,Move,office
1574523781.915,502,313,None,Move,office
1574523781.931,500,315,None,Move,office
1574523781.946,500,317,None,Move,office
1574523781.96,501,319,None,Move,office
1574523781.974,505,324,None,Move,office
1574523781.985,513,327,None,Move,office
1574523781.998,519,331,None,Move,office
1574523782.0110002,525,334,None,Move,office
1574523782.026,529,337,None,Move,office
1574523782.04,536,339,None,Move,office
1574523782.053,543,341,None,Move,office
1574523782.061,549,343,None,Move,office
1574523782.076,555,346,None,Move,office
1574523782.086,559,349,None,Move,office
1574523782.1,561,350,None,Move,office
1574523782.113,562,351,None,Move,office
1574523782.1260002,564,352,None,Move,office
1574523782.137,564,352,None,Move,office
1574523782.146,565,353,None,Move,office
1574523782.16,566,353,None,Move,office
1574523782.189,566,353,None,Move,office
1574523782.202,566,352,None,Move,office
1574523782.215,559,344,None,Move,office
1574523782.228,551,335,None,Move,office
1574523782.242,543,325,None,Move,office
1574523782.25,536,318,None,Move,office
1574523782.266,527,311,None,Move,office
1574523782.281,521,307,None,Move,office
1574523782.293,514,303,None,Move,office
1574523782.305,509,301,None,Move,office
1574523782.316,506,300,None,Move,office
1574523782.329,502,298,None,Move,office
1574523782.342,501,298,None,Move,office
1574523782.353,499,297,None,Move,office
1574523782.3660002,498,296,None,Move,office
1574523782.379,497,295,None,Move,office
1574523782.391,496,294,None,Move,office
1574523782.401,495,293,None,Move,office
1574523782.414,494,292,None,Move,office
1574523782.426,493,291,None,Move,office
1574523782.438,492,291,None,Move,office
1574523782.452,492,290,None,Move,office
1574523782.4629998,491,289,None,Move,office
1574523782.4770002,491,289,None,Move,office
1574523782.4889998,491,288,None,Move,office
1574523783.145,467,320,None,Move,office
1574523783.157,428,371,None,Move,office
1574523783.173,386,423,None,Move,office
1574523783.188,357,461,None,Move,office
1574523783.202,325,502,None,Move,office
1574523783.218,290,547,None,Move,office
1574523783.236,268,578,None,Move,office
1574523783.25,255,595,None,Move,office
1574523783.2629998,246,612,None,Move,office
1574523783.2770002,240,624,None,Move,office
1574523783.291,238,630,None,Move,office
1574523783.3070002,237,634,None,Move,office
1574523783.321,237,635,None,Move,office
1574523783.334,237,635,None,Move,office
1574523783.3479998,238,635,None,Move,office
1574523783.3579998,240,635,None,Move,office
1574523783.375,241,635,None,Move,office
1574523783.646,274,626,None,Move,office
1574523783.669,310,620,None,Move,office
1574523783.699,352,616,None,Move,office
1574523783.7429998,387,612,None,Move,office
1574523783.775,402,613,None,Move,office
1574523783.803,407,615,None,Move,office
1574523783.84,407,625,None,Move,office
1574523783.871,363,653,None,Move,office
1574523783.8860002,314,679,None,Move,office
1574523783.8979998,254,711,None,Move,office
1574523783.9120002,211,734,None,Move,office
1574523783.921,172,754,None,Move,office
1574523783.936,145,770,None,Move,office
1574523783.948,112,788,None,Move,office
1574523783.958,96,795,None,Move,office
1574523783.97,79,801,None,Move,office
1574523783.982,68,806,None,Move,office
1574523783.996,61,807,None,Move,office
1574523784.01,54,807,None,Move,office
1574523784.021,50,807,None,Move,office
1574523784.034,47,807,None,Move,office
1574523784.045,44,807,None,Move,office
1574523784.0579998,43,807,None,Move,office
1574523784.072,42,807,None,Move,office
1574523784.083,41,807,None,Move,office
1574523784.1279998,41,807,None,Move,office
1574523784.141,41,807,None,Move,office
1574523784.174,40,807,None,Move,office
1574523784.188,39,807,None,Move,office
1574523784.201,38,807,None,Move,office
1574523784.215,36,809,None,Move,office
1574523784.2270002,32,821,None,Move,office
1574523784.2410002,29,835,None,Move,office
1574523784.2529998,29,847,None,Move,office
1574523784.265,29,860,None,Move,office
1574523784.278,29,873,None,Move,office
1574523784.291,30,888,None,Move,office
1574523784.304,31,903,None,Move,office
1574523784.3170002,32,916,None,Move,office
1574523784.329,36,924,None,Move,office
1574523784.342,37,933,None,Move,office
1574523784.356,38,935,None,Move,office
1574523784.369,38,939,None,Move,office
1574523784.6020002,29,959,None,Move,office
1574523784.6120002,20,976,None,Move,office
1574523784.627,13,990,None,Move,office
1574523784.64,9,1002,None,Move,office
1574523784.6520002,6,1009,None,Move,office
1574523784.664,5,1016,None,Move,office
1574523784.679,4,1023,None,Move,office
1574523784.69,3,1028,None,Move,office
1574523784.7029998,3,1032,None,Move,office
1574523784.721,3,1035,None,Move,office
1574523784.7329998,4,1038,None,Move,office
1574523784.746,4,1042,None,Move,office
1574523784.76,5,1044,None,Move,office
1574523784.779,7,1046,None,Move,office
1574523784.792,9,1049,None,Move,office
1574523784.8070002,9,1050,None,Move,office
1574523784.82,10,1052,None,Move,office
1574523784.846,10,1052,None,Move,office
1574523784.859,11,1054,None,Move,office
1574523784.87,11,1054,None,Move,office
1574523784.8820002,11,1055,None,Move,office
1574523784.896,11,1055,None,Move,office
1574523784.917,12,1055,None,Move,office
1574523784.955,13,1055,None,Move,office
1574523784.9910002,13,1055,None,Move,office
1574523785.006,14,1055,None,Move,office
1574523785.022,15,1055,None,Move,office
1574523785.043,16,1055,None,Move,office
1574523785.059,17,1055,None,Move,office
1574523785.071,18,1055,None,Move,office
1574523785.081,18,1056,None,Move,office
1574523785.096,19,1057,None,Move,office
1574523785.357,19,1057,Left,Pressed,office
1574523785.577,19,1057,Left,Released,file system
1574523786.144,24,1050,None,Move,file system
1574523786.161,29,1040,None,Move,file system
1574523786.177,33,1033,None,Move,file system
1574523786.1920002,38,1027,None,Move,file system
1574523786.209,40,1023,None,Move,file system
1574523786.254,41,1019,None,Move,file system
1574523786.2670002,41,1019,None,Move,file system
1574523786.2870002,41,1018,None,Move,file system
1574523786.3079998,41,1018,None,Move,file system
1574523786.329,38,1018,None,Move,file system
1574523786.347,37,1018,None,Move,file system
1574523786.3639998,36,1018,None,Move,file system
1574523786.3779998,34,1018,None,Move,file system
1574523786.396,33,1018,None,Move,file system
1574523786.4120002,33,1018,None,Move,file system
1574523786.426,32,1018,None,Move,file system
1574523786.439,31,1018,None,Move,file system
1574523786.452,30,1018,None,Move,file system
1574523786.464,30,1018,None,Move,file system
1574523786.478,29,1020,None,Move,file system
1574523786.4870002,27,1024,None,Move,file system
1574523786.5070002,26,1026,None,Move,file system
1574523786.5229998,25,1028,None,Move,file system
1574523786.54,25,1029,None,Move,file system
1574523786.555,25,1030,None,Move,file system
1574523786.5679998,25,1030,None,Move,file system
1574523786.58,25,1031,None,Move,file system
1574523786.591,25,1032,None,Move,file system
1574523786.609,25,1033,None,Move,file system
1574523786.62,25,1033,None,Move,file system
1574523786.6339998,26,1033,None,Move,file system
1574523786.647,26,1033,None,Move,file system
1574523786.665,27,1033,None,Move,file system
1574523786.6829998,28,1033,None,Move,file system
1574523786.712,28,1033,None,Move,file system
1574523786.974,28,1033,Left,Pressed,file system
1574523787.191,28,1033,Left,Released,file system
1574523787.82,41,1017,None,Move,file system
1574523787.834,61,990,None,Move,file system
1574523787.8520002,71,976,None,Move,file system
1574523787.8660002,78,965,None,Move,file system
1574523787.88,81,956,None,Move,file system
1574523787.896,83,950,None,Move,file system
1574523787.909,87,946,None,Move,file system
1574523787.926,88,941,None,Move,file system
1574523787.94,88,937,None,Move,file system
1574523787.954,88,934,None,Move,file system
1574523787.967,87,928,None,Move,file system
1574523787.979,86,926,None,Move,file system
1574523788.002,84,924,None,Move,file system
1574523788.0170002,79,921,None,Move,file system
1574523788.03,77,920,None,Move,file system
1574523788.044,75,918,None,Move,file system
1574523788.0570002,73,917,None,Move,file system
1574523788.071,72,917,None,Move,file system
1574523788.086,72,917,None,Move,file system
1574523788.103,71,917,None,Move,file system
1574523788.1139998,70,917,None,Move,file system
1574523788.1260002,70,917,None,Move,file system
1574523788.144,69,918,None,Move,file system
1574523788.156,69,918,None,Move,file system
1574523788.168,68,918,None,Move,file system
1574523788.181,67,919,None,Move,file system
1574523788.196,66,919,None,Move,file system
1574523788.21,66,919,None,Move,file system
1574523788.22,66,919,None,Move,file system
1574523788.2329998,66,920,None,Move,file system
1574523788.418,66,920,Left,Pressed,file system
1574523788.6360002,66,920,Left,Released,file system
